/home/crackedcookie53/Project/ns-3/bindings/python/wscript:333: SyntaxWarning: invalid escape sequence '\d'
  m = re.match( "^castxml version (\d\.\d)(-)?(\w+)?", castxml_version_line)
+60.000000000s 17 ndn.AlertConsumer:StartApplication(): [DEBUG] StartApplication()
+60.000000000s 18 ndn.AlertConsumer:StartApplication(): [DEBUG] StartApplication()
+60.000000000s 19 ndn.AlertConsumer:StartApplication(): [DEBUG] StartApplication()
+60.000000000s 20 ndn.AlertConsumer:StartApplication(): [DEBUG] StartApplication()
+60.000000000s 21 ndn.AlertConsumer:StartApplication(): [DEBUG] StartApplication()
+60.000000000s 22 ndn.AlertConsumer:StartApplication(): [DEBUG] StartApplication()
+60.000000000s 23 ndn.AlertConsumer:StartApplication(): [DEBUG] StartApplication()
+60.000000000s 24 ndn.AlertConsumer:StartApplication(): [DEBUG] StartApplication()
+60.000000000s 25 ndn.AlertConsumer:StartApplication(): [DEBUG] StartApplication()
+60.000000000s 26 ndn.AlertConsumer:StartApplication(): [DEBUG] StartApplication()
+60.000000000s 27 ndn.AlertConsumer:StartApplication(): [DEBUG] StartApplication()
+60.000000000s 28 ndn.AlertConsumer:StartApplication(): [DEBUG] StartApplication()
+60.000000000s 29 ndn.AlertConsumer:StartApplication(): [DEBUG] StartApplication()
+60.000000000s 30 ndn.AlertConsumer:StartApplication(): [DEBUG] StartApplication()
+60.000000000s 31 ndn.AlertConsumer:StartApplication(): [DEBUG] StartApplication()
+60.000000000s 32 ndn.AlertConsumer:StartApplication(): [DEBUG] StartApplication()
+60.000000000s 33 ndn.AlertConsumer:StartApplication(): [DEBUG] StartApplication()
+60.000000000s 34 ndn.AlertConsumer:StartApplication(): [DEBUG] StartApplication()
+60.000000000s 35 ndn.AlertConsumer:StartApplication(): [DEBUG] StartApplication()
+60.000000000s 36 ndn.AlertConsumer:StartApplication(): [DEBUG] StartApplication()
+60.000000000s 37 ndn.AlertConsumer:StartApplication(): [DEBUG] StartApplication()
+60.000000000s 38 ndn.AlertConsumer:StartApplication(): [DEBUG] StartApplication()
+60.000000000s 39 ndn.AlertConsumer:StartApplication(): [DEBUG] StartApplication()
+60.000000000s 40 ndn.AlertConsumer:StartApplication(): [DEBUG] StartApplication()
+60.000000000s 41 ndn.AlertConsumer:StartApplication(): [DEBUG] StartApplication()
+60.000000000s 42 ndn.AlertConsumer:StartApplication(): [DEBUG] StartApplication()
+60.000000000s 43 ndn.AlertConsumer:StartApplication(): [DEBUG] StartApplication()
+60.000000000s 44 ndn.AlertConsumer:StartApplication(): [DEBUG] StartApplication()
+60.000000000s 45 ndn.AlertConsumer:StartApplication(): [DEBUG] StartApplication()
+60.000000000s 46 ndn.AlertConsumer:StartApplication(): [DEBUG] StartApplication()
+60.000000000s 47 ndn.AlertConsumer:StartApplication(): [DEBUG] StartApplication()
+60.000000000s 48 ndn.AlertConsumer:StartApplication(): [DEBUG] StartApplication()
+60.000000000s 49 ndn.AlertConsumer:StartApplication(): [DEBUG] StartApplication()
+60.000000000s 50 ndn.AlertConsumer:StartApplication(): [DEBUG] StartApplication()
+60.000000000s 51 ndn.AlertConsumer:StartApplication(): [DEBUG] StartApplication()
+60.000000000s 52 ndn.AlertConsumer:StartApplication(): [DEBUG] StartApplication()
+60.000000000s 53 ndn.AlertConsumer:StartApplication(): [DEBUG] StartApplication()
+60.000000000s 54 ndn.AlertConsumer:StartApplication(): [DEBUG] StartApplication()
+60.000000000s 55 ndn.AlertConsumer:StartApplication(): [DEBUG] StartApplication()
+60.000000000s 56 ndn.AlertConsumer:StartApplication(): [DEBUG] StartApplication()
+60.000000000s 57 ndn.AlertConsumer:StartApplication(): [DEBUG] StartApplication()
+60.000000000s 58 ndn.AlertConsumer:StartApplication(): [DEBUG] StartApplication()
+60.000000000s 59 ndn.AlertConsumer:StartApplication(): [DEBUG] StartApplication()
+60.000000000s 60 ndn.AlertConsumer:StartApplication(): [DEBUG] StartApplication()
+60.000000000s 61 ndn.AlertConsumer:StartApplication(): [DEBUG] StartApplication()
+60.000000000s 62 ndn.AlertConsumer:StartApplication(): [DEBUG] StartApplication()
+60.000000000s 63 ndn.AlertConsumer:StartApplication(): [DEBUG] StartApplication()
+60.000000000s 64 ndn.AlertConsumer:StartApplication(): [DEBUG] StartApplication()
+60.000000000s 65 ndn.AlertConsumer:StartApplication(): [DEBUG] StartApplication()
+60.000000000s 66 ndn.AlertConsumer:StartApplication(): [DEBUG] StartApplication()
+60.000000000s 67 ndn.AlertConsumer:StartApplication(): [DEBUG] StartApplication()
+60.000000000s 68 ndn.AlertConsumer:StartApplication(): [DEBUG] StartApplication()
+60.000000000s 69 ndn.AlertConsumer:StartApplication(): [DEBUG] StartApplication()
+60.000000000s 70 ndn.AlertConsumer:StartApplication(): [DEBUG] StartApplication()
+60.000000000s 71 ndn.AlertConsumer:StartApplication(): [DEBUG] StartApplication()
+60.000000000s 72 ndn.AlertConsumer:StartApplication(): [DEBUG] StartApplication()
+60.000000000s 73 ndn.AlertConsumer:StartApplication(): [DEBUG] StartApplication()
+60.000000000s 74 ndn.AlertConsumer:StartApplication(): [DEBUG] StartApplication()
+60.000000000s 75 ndn.AlertConsumer:StartApplication(): [DEBUG] StartApplication()
+60.000000000s 76 ndn.AlertConsumer:StartApplication(): [DEBUG] StartApplication()
+60.000000000s 77 ndn.AlertConsumer:StartApplication(): [DEBUG] StartApplication()
+60.000000000s 78 ndn.AlertConsumer:StartApplication(): [DEBUG] StartApplication()
+60.000000000s 79 ndn.AlertConsumer:StartApplication(): [DEBUG] StartApplication()
+60.000000000s 80 ndn.AlertConsumer:StartApplication(): [DEBUG] StartApplication()
+60.000000000s 81 ndn.AlertConsumer:StartApplication(): [DEBUG] StartApplication()
+60.000000000s 82 ndn.AlertConsumer:StartApplication(): [DEBUG] StartApplication()
+60.000000000s 83 ndn.AlertConsumer:StartApplication(): [DEBUG] StartApplication()
+60.000000000s 84 ndn.AlertConsumer:StartApplication(): [DEBUG] StartApplication()
+60.000000000s 85 ndn.AlertConsumer:StartApplication(): [DEBUG] StartApplication()
+60.000000000s 86 ndn.AlertConsumer:StartApplication(): [DEBUG] StartApplication()
+60.000000000s 87 ndn.AlertConsumer:StartApplication(): [DEBUG] StartApplication()
+60.000000000s 88 ndn.AlertConsumer:StartApplication(): [DEBUG] StartApplication()
+60.000000000s 89 ndn.AlertConsumer:StartApplication(): [DEBUG] StartApplication()
+60.000000000s 90 ndn.AlertConsumer:StartApplication(): [DEBUG] StartApplication()
+60.000000000s 91 ndn.AlertConsumer:StartApplication(): [DEBUG] StartApplication()
+60.000000000s 92 ndn.AlertConsumer:StartApplication(): [DEBUG] StartApplication()
+60.000000000s 93 ndn.AlertConsumer:StartApplication(): [DEBUG] StartApplication()
+60.000000000s 94 ndn.AlertConsumer:StartApplication(): [DEBUG] StartApplication()
+60.000000000s 95 ndn.AlertConsumer:StartApplication(): [DEBUG] StartApplication()
+60.000000000s 96 ndn.AlertConsumer:StartApplication(): [DEBUG] StartApplication()
+60.000000000s 97 ndn.AlertConsumer:StartApplication(): [DEBUG] StartApplication()
+60.000000000s 98 ndn.AlertConsumer:StartApplication(): [DEBUG] StartApplication()
+60.000000000s 99 ndn.AlertConsumer:StartApplication(): [DEBUG] StartApplication()
+60.000000000s 100 ndn.AlertConsumer:StartApplication(): [DEBUG] StartApplication()
+60.000000000s 101 ndn.AlertConsumer:StartApplication(): [DEBUG] StartApplication()
+60.000000000s 102 ndn.AlertConsumer:StartApplication(): [DEBUG] StartApplication()
+60.000000000s 103 ndn.AlertConsumer:StartApplication(): [DEBUG] StartApplication()
+60.000000000s 104 ndn.AlertConsumer:StartApplication(): [DEBUG] StartApplication()
+60.000000000s 105 ndn.AlertConsumer:StartApplication(): [DEBUG] StartApplication()
+60.000000000s 106 ndn.AlertConsumer:StartApplication(): [DEBUG] StartApplication()
+60.000000000s 107 ndn.AlertConsumer:StartApplication(): [DEBUG] StartApplication()
+60.000000000s 108 ndn.AlertConsumer:StartApplication(): [DEBUG] StartApplication()
+60.000000000s 109 ndn.AlertConsumer:StartApplication(): [DEBUG] StartApplication()
+60.000000000s 110 ndn.AlertConsumer:StartApplication(): [DEBUG] StartApplication()
+60.000000000s 111 ndn.AlertConsumer:StartApplication(): [DEBUG] StartApplication()
+60.000000000s 112 ndn.AlertConsumer:StartApplication(): [DEBUG] StartApplication()
+60.000000000s 113 ndn.AlertConsumer:StartApplication(): [DEBUG] StartApplication()
+60.000000000s 114 ndn.AlertConsumer:StartApplication(): [DEBUG] StartApplication()
+60.000000000s 115 ndn.AlertConsumer:StartApplication(): [DEBUG] StartApplication()
+60.000000000s 116 ndn.AlertConsumer:StartApplication(): [DEBUG] StartApplication()
+60.000000000s 117 ndn.AlertConsumer:StartApplication(): [DEBUG] StartApplication()
+60.000000000s 118 ndn.AlertConsumer:StartApplication(): [DEBUG] StartApplication()
+60.000000000s 119 ndn.AlertConsumer:StartApplication(): [DEBUG] StartApplication()
+60.000000000s 120 ndn.AlertConsumer:StartApplication(): [DEBUG] StartApplication()
+60.000000000s 121 ndn.AlertConsumer:StartApplication(): [DEBUG] StartApplication()
+60.000000000s 122 ndn.AlertConsumer:StartApplication(): [DEBUG] StartApplication()
+60.000000000s 123 ndn.AlertConsumer:StartApplication(): [DEBUG] StartApplication()
+60.000000000s 124 ndn.AlertConsumer:StartApplication(): [DEBUG] StartApplication()
+60.000000000s 125 ndn.AlertConsumer:StartApplication(): [DEBUG] StartApplication()
+60.000000000s 126 ndn.AlertConsumer:StartApplication(): [DEBUG] StartApplication()
+60.000000000s 127 ndn.AlertConsumer:StartApplication(): [DEBUG] StartApplication()
+60.000000000s 128 ndn.AlertConsumer:StartApplication(): [DEBUG] StartApplication()
+60.000000000s 129 ndn.AlertConsumer:StartApplication(): [DEBUG] StartApplication()
+60.000000000s 130 ndn.AlertConsumer:StartApplication(): [DEBUG] StartApplication()
+60.000000000s 131 ndn.AlertConsumer:StartApplication(): [DEBUG] StartApplication()
+60.000000000s 132 ndn.AlertConsumer:StartApplication(): [DEBUG] StartApplication()
+60.000000000s 133 ndn.AlertConsumer:StartApplication(): [DEBUG] StartApplication()
+60.000000000s 134 ndn.AlertConsumer:StartApplication(): [DEBUG] StartApplication()
+60.000000000s 135 ndn.AlertConsumer:StartApplication(): [DEBUG] StartApplication()
+60.000000000s 136 ndn.AlertConsumer:StartApplication(): [DEBUG] StartApplication()
+60.000000000s 137 ndn.AlertConsumer:StartApplication(): [DEBUG] StartApplication()
+60.000000000s 138 ndn.AlertConsumer:StartApplication(): [DEBUG] StartApplication()
+60.000000000s 139 ndn.AlertConsumer:StartApplication(): [DEBUG] StartApplication()
+60.000000000s 140 ndn.AlertConsumer:StartApplication(): [DEBUG] StartApplication()
+60.000000000s 141 ndn.AlertConsumer:StartApplication(): [DEBUG] StartApplication()
+60.000000000s 142 ndn.AlertConsumer:StartApplication(): [DEBUG] StartApplication()
+60.000000000s 143 ndn.AlertConsumer:StartApplication(): [DEBUG] StartApplication()
+60.000000000s 144 ndn.AlertConsumer:StartApplication(): [DEBUG] StartApplication()
+60.000000000s 145 ndn.AlertConsumer:StartApplication(): [DEBUG] StartApplication()
+60.000000000s 146 ndn.AlertConsumer:StartApplication(): [DEBUG] StartApplication()
+60.000000000s 147 ndn.AlertConsumer:StartApplication(): [DEBUG] StartApplication()
+60.000000000s 148 ndn.AlertConsumer:StartApplication(): [DEBUG] StartApplication()
+60.000000000s 149 ndn.AlertConsumer:StartApplication(): [DEBUG] StartApplication()
+60.000000000s 150 ndn.AlertConsumer:StartApplication(): [DEBUG] StartApplication()
+60.000000000s 151 ndn.AlertConsumer:StartApplication(): [DEBUG] StartApplication()
+60.000000000s 152 ndn.AlertConsumer:StartApplication(): [DEBUG] StartApplication()
+60.000000000s 153 ndn.AlertConsumer:StartApplication(): [DEBUG] StartApplication()
+60.000000000s 154 ndn.AlertConsumer:StartApplication(): [DEBUG] StartApplication()
+60.000000000s 155 ndn.AlertConsumer:StartApplication(): [DEBUG] StartApplication()
+60.000000000s 156 ndn.AlertConsumer:StartApplication(): [DEBUG] StartApplication()
+60.000000000s 157 ndn.AlertConsumer:StartApplication(): [DEBUG] StartApplication()
+60.000000000s 158 ndn.AlertConsumer:StartApplication(): [DEBUG] StartApplication()
+60.000000000s 159 ndn.AlertConsumer:StartApplication(): [DEBUG] StartApplication()
+60.000000000s 160 ndn.AlertConsumer:StartApplication(): [DEBUG] StartApplication()
+60.000000000s 161 ndn.AlertConsumer:StartApplication(): [DEBUG] StartApplication()
+60.000000000s 162 ndn.AlertConsumer:StartApplication(): [DEBUG] StartApplication()
+60.000000000s 163 ndn.AlertConsumer:StartApplication(): [DEBUG] StartApplication()
+60.000000000s 164 ndn.AlertConsumer:StartApplication(): [DEBUG] StartApplication()
+60.000000000s 165 ndn.AlertConsumer:StartApplication(): [DEBUG] StartApplication()
+60.000000000s 166 ndn.AlertConsumer:StartApplication(): [DEBUG] StartApplication()
+60.000000000s 167 ndn.AlertConsumer:StartApplication(): [DEBUG] StartApplication()
+60.000000000s 168 ndn.AlertConsumer:StartApplication(): [DEBUG] StartApplication()
+60.000000000s 169 ndn.AlertConsumer:StartApplication(): [DEBUG] StartApplication()
+60.000000000s 170 ndn.AlertConsumer:StartApplication(): [DEBUG] StartApplication()
+60.000000000s 171 ndn.AlertConsumer:StartApplication(): [DEBUG] StartApplication()
+60.000000000s 172 ndn.AlertConsumer:StartApplication(): [DEBUG] StartApplication()
+60.000000000s 173 ndn.AlertConsumer:StartApplication(): [DEBUG] StartApplication()
+60.000000000s 174 ndn.AlertConsumer:StartApplication(): [DEBUG] StartApplication()
+60.000000000s 175 ndn.AlertConsumer:StartApplication(): [DEBUG] StartApplication()
+60.000000000s 176 ndn.AlertConsumer:StartApplication(): [DEBUG] StartApplication()
+60.000000000s 177 ndn.AlertConsumer:StartApplication(): [DEBUG] StartApplication()
+60.000000000s 178 ndn.AlertConsumer:StartApplication(): [DEBUG] StartApplication()
+60.000000000s 179 ndn.AlertConsumer:StartApplication(): [DEBUG] StartApplication()
+60.000000000s 180 ndn.AlertConsumer:StartApplication(): [DEBUG] StartApplication()
+60.000000000s 181 ndn.AlertConsumer:StartApplication(): [DEBUG] StartApplication()
+60.000000000s 182 ndn.AlertConsumer:StartApplication(): [DEBUG] StartApplication()
+60.000000000s 183 ndn.AlertConsumer:StartApplication(): [DEBUG] StartApplication()
+60.000000000s 184 ndn.AlertConsumer:StartApplication(): [DEBUG] StartApplication()
+60.000000000s 185 ndn.AlertConsumer:StartApplication(): [DEBUG] StartApplication()
+60.000000000s 186 ndn.AlertConsumer:StartApplication(): [DEBUG] StartApplication()
+60.000000000s 187 ndn.AlertConsumer:StartApplication(): [DEBUG] StartApplication()
+60.000000000s 188 ndn.AlertConsumer:StartApplication(): [DEBUG] StartApplication()
+60.000000000s 189 ndn.AlertConsumer:StartApplication(): [DEBUG] StartApplication()
+60.000000000s 190 ndn.AlertConsumer:StartApplication(): [DEBUG] StartApplication()
+60.000000000s 191 ndn.AlertConsumer:StartApplication(): [DEBUG] StartApplication()
+60.000000000s 192 ndn.AlertConsumer:StartApplication(): [DEBUG] StartApplication()
+60.000000000s 193 ndn.AlertConsumer:StartApplication(): [DEBUG] StartApplication()
+60.000000000s 194 ndn.AlertConsumer:StartApplication(): [DEBUG] StartApplication()
+60.000000000s 195 ndn.AlertConsumer:StartApplication(): [DEBUG] StartApplication()
+60.000000000s 196 ndn.AlertConsumer:StartApplication(): [DEBUG] StartApplication()
+60.000000000s 197 ndn.AlertConsumer:StartApplication(): [DEBUG] StartApplication()
+60.000000000s 198 ndn.AlertConsumer:StartApplication(): [DEBUG] StartApplication()
+60.000000000s 199 ndn.AlertConsumer:StartApplication(): [DEBUG] StartApplication()
+60.000000000s 200 ndn.AlertConsumer:StartApplication(): [DEBUG] StartApplication()
+60.000000000s 201 ndn.AlertConsumer:StartApplication(): [DEBUG] StartApplication()
+60.000000000s 202 ndn.AlertConsumer:StartApplication(): [DEBUG] StartApplication()
+60.000000000s 203 ndn.AlertConsumer:StartApplication(): [DEBUG] StartApplication()
+60.000000000s 204 ndn.AlertConsumer:StartApplication(): [DEBUG] StartApplication()
+60.000000000s 205 ndn.AlertConsumer:StartApplication(): [DEBUG] StartApplication()
+60.000000000s 206 ndn.AlertConsumer:StartApplication(): [DEBUG] StartApplication()
+60.000000000s 207 ndn.AlertConsumer:StartApplication(): [DEBUG] StartApplication()
+60.000000000s 208 ndn.AlertConsumer:StartApplication(): [DEBUG] StartApplication()
+60.000000000s 209 ndn.AlertConsumer:StartApplication(): [DEBUG] StartApplication()
+60.000000000s 210 ndn.AlertConsumer:StartApplication(): [DEBUG] StartApplication()
+60.000000000s 211 ndn.AlertConsumer:StartApplication(): [DEBUG] StartApplication()
+60.000000000s 212 ndn.AlertConsumer:StartApplication(): [DEBUG] StartApplication()
+60.000000000s 213 ndn.AlertConsumer:StartApplication(): [DEBUG] StartApplication()
+60.000000000s 214 ndn.AlertConsumer:StartApplication(): [DEBUG] StartApplication()
+60.000000000s 215 ndn.AlertConsumer:StartApplication(): [DEBUG] StartApplication()
+60.000000000s 216 ndn.AlertConsumer:StartApplication(): [DEBUG] StartApplication()
+60.000000000s 217 ndn.AlertConsumer:StartApplication(): [DEBUG] StartApplication()
+60.000000000s 218 ndn.AlertConsumer:StartApplication(): [DEBUG] StartApplication()
+60.000000000s 219 ndn.AlertConsumer:StartApplication(): [DEBUG] StartApplication()
+60.000000000s 220 ndn.AlertConsumer:StartApplication(): [DEBUG] StartApplication()
+60.000000000s 221 ndn.AlertConsumer:StartApplication(): [DEBUG] StartApplication()
+60.000000000s 222 ndn.AlertConsumer:StartApplication(): [DEBUG] StartApplication()
+60.000000000s 223 ndn.AlertConsumer:StartApplication(): [DEBUG] StartApplication()
+60.000000000s 224 ndn.AlertConsumer:StartApplication(): [DEBUG] StartApplication()
+60.000000000s 225 ndn.AlertConsumer:StartApplication(): [DEBUG] StartApplication()
+60.000000000s 226 ndn.AlertConsumer:StartApplication(): [DEBUG] StartApplication()
+60.000000000s 227 ndn.AlertConsumer:StartApplication(): [DEBUG] StartApplication()
+60.000000000s 228 ndn.AlertConsumer:StartApplication(): [DEBUG] StartApplication()
+60.000000000s 229 ndn.AlertConsumer:StartApplication(): [DEBUG] StartApplication()
+60.000000000s 230 ndn.AlertConsumer:StartApplication(): [DEBUG] StartApplication()
+60.000000000s 231 ndn.AlertConsumer:StartApplication(): [DEBUG] StartApplication()
+60.000000000s 232 ndn.AlertConsumer:StartApplication(): [DEBUG] StartApplication()
+60.000000000s 233 ndn.AlertConsumer:StartApplication(): [DEBUG] StartApplication()
+60.000000000s 234 ndn.AlertConsumer:StartApplication(): [DEBUG] StartApplication()
+60.000000000s 235 ndn.AlertConsumer:StartApplication(): [DEBUG] StartApplication()
+60.000000000s 236 ndn.AlertConsumer:StartApplication(): [DEBUG] StartApplication()
+60.000000000s 237 ndn.AlertConsumer:StartApplication(): [DEBUG] StartApplication()
+60.000000000s 238 ndn.AlertConsumer:StartApplication(): [DEBUG] StartApplication()
+60.000000000s 239 ndn.AlertConsumer:StartApplication(): [DEBUG] StartApplication()
+60.000000000s 240 ndn.AlertConsumer:StartApplication(): [DEBUG] StartApplication()
+60.000000000s 241 ndn.AlertConsumer:StartApplication(): [DEBUG] StartApplication()
+60.000000000s 242 ndn.AlertConsumer:StartApplication(): [DEBUG] StartApplication()
+60.000000000s 243 ndn.AlertConsumer:StartApplication(): [DEBUG] StartApplication()
+60.000000000s 244 ndn.AlertConsumer:StartApplication(): [DEBUG] StartApplication()
+60.000000000s 245 ndn.AlertConsumer:StartApplication(): [DEBUG] StartApplication()
+60.000000000s 246 ndn.AlertConsumer:StartApplication(): [DEBUG] StartApplication()
+60.000000000s 247 ndn.AlertConsumer:StartApplication(): [DEBUG] StartApplication()
+60.000000000s 248 ndn.AlertConsumer:StartApplication(): [DEBUG] StartApplication()
+60.000000000s 249 ndn.AlertConsumer:StartApplication(): [DEBUG] StartApplication()
+60.000000000s 250 ndn.AlertConsumer:StartApplication(): [DEBUG] StartApplication()
+60.000000000s 251 ndn.AlertConsumer:StartApplication(): [DEBUG] StartApplication()
+60.000000000s 252 ndn.AlertConsumer:StartApplication(): [DEBUG] StartApplication()
+60.000000000s 253 ndn.AlertConsumer:StartApplication(): [DEBUG] StartApplication()
+60.000000000s 254 ndn.AlertConsumer:StartApplication(): [DEBUG] StartApplication()
+60.000000000s 255 ndn.AlertConsumer:StartApplication(): [DEBUG] StartApplication()
+60.000000000s 256 ndn.AlertConsumer:StartApplication(): [DEBUG] StartApplication()
+60.000000000s 257 ndn.AlertConsumer:StartApplication(): [DEBUG] StartApplication()
+60.000000000s 258 ndn.AlertConsumer:StartApplication(): [DEBUG] StartApplication()
+60.000000000s 259 ndn.AlertConsumer:StartApplication(): [DEBUG] StartApplication()
+60.000000000s 260 ndn.AlertConsumer:StartApplication(): [DEBUG] StartApplication()
+60.000000000s 261 ndn.AlertConsumer:StartApplication(): [DEBUG] StartApplication()
+60.000000000s 262 ndn.AlertConsumer:StartApplication(): [DEBUG] StartApplication()
+60.000000000s 263 ndn.AlertConsumer:StartApplication(): [DEBUG] StartApplication()
+60.000000000s 264 ndn.AlertConsumer:StartApplication(): [DEBUG] StartApplication()
+60.000000000s 265 ndn.AlertConsumer:StartApplication(): [DEBUG] StartApplication()
+60.000000000s 266 ndn.AlertConsumer:StartApplication(): [DEBUG] StartApplication()
+60.000000000s 267 ndn.AlertConsumer:StartApplication(): [DEBUG] StartApplication()
+60.000000000s 268 ndn.AlertConsumer:StartApplication(): [DEBUG] StartApplication()
+60.000000000s 269 ndn.AlertConsumer:StartApplication(): [DEBUG] StartApplication()
+60.000000000s 270 ndn.AlertConsumer:StartApplication(): [DEBUG] StartApplication()
+60.000000000s 271 ndn.AlertConsumer:StartApplication(): [DEBUG] StartApplication()
+60.000000000s 272 ndn.AlertConsumer:StartApplication(): [DEBUG] StartApplication()
+60.000000000s 273 ndn.AlertConsumer:StartApplication(): [DEBUG] StartApplication()
+60.000000000s 274 ndn.AlertConsumer:StartApplication(): [DEBUG] StartApplication()
+60.000000000s 275 ndn.AlertConsumer:StartApplication(): [DEBUG] StartApplication()
+60.000000000s 276 ndn.AlertConsumer:StartApplication(): [DEBUG] StartApplication()
+60.000000000s 277 ndn.AlertConsumer:StartApplication(): [DEBUG] StartApplication()
+60.000000000s 278 ndn.AlertConsumer:StartApplication(): [DEBUG] StartApplication()
+60.000000000s 279 ndn.AlertConsumer:StartApplication(): [DEBUG] StartApplication()
+60.000000000s 280 ndn.AlertConsumer:StartApplication(): [DEBUG] StartApplication()
+60.000000000s 281 ndn.AlertConsumer:StartApplication(): [DEBUG] StartApplication()
+60.000000000s 282 ndn.AlertConsumer:StartApplication(): [DEBUG] StartApplication()
+60.000000000s 283 ndn.AlertConsumer:StartApplication(): [DEBUG] StartApplication()
+60.000000000s 284 ndn.AlertConsumer:StartApplication(): [DEBUG] StartApplication()
+60.000000000s 285 ndn.AlertConsumer:StartApplication(): [DEBUG] StartApplication()
+60.000000000s 286 ndn.AlertConsumer:StartApplication(): [DEBUG] StartApplication()
+60.000000000s 287 ndn.AlertConsumer:StartApplication(): [DEBUG] StartApplication()
+60.000000000s 288 ndn.AlertConsumer:StartApplication(): [DEBUG] StartApplication()
+60.000000000s 289 ndn.AlertConsumer:StartApplication(): [DEBUG] StartApplication()
+60.000000000s 290 ndn.AlertConsumer:StartApplication(): [DEBUG] StartApplication()
+60.000000000s 291 ndn.AlertConsumer:StartApplication(): [DEBUG] StartApplication()
+60.000000000s 292 ndn.AlertConsumer:StartApplication(): [DEBUG] StartApplication()
+60.000000000s 293 ndn.AlertConsumer:StartApplication(): [DEBUG] StartApplication()
+60.000000000s 294 ndn.AlertConsumer:StartApplication(): [DEBUG] StartApplication()
+60.000000000s 295 ndn.AlertConsumer:StartApplication(): [DEBUG] StartApplication()
+60.000000000s 296 ndn.AlertConsumer:StartApplication(): [DEBUG] StartApplication()
+60.000000000s 297 ndn.AlertConsumer:StartApplication(): [DEBUG] StartApplication()
+60.000000000s 298 ndn.AlertConsumer:StartApplication(): [DEBUG] StartApplication()
+60.000000000s 299 ndn.AlertConsumer:StartApplication(): [DEBUG] StartApplication()
+60.000000000s 300 ndn.AlertConsumer:StartApplication(): [DEBUG] StartApplication()
+60.000000000s 301 ndn.AlertConsumer:StartApplication(): [DEBUG] StartApplication()
+60.000000000s 302 ndn.AlertConsumer:StartApplication(): [DEBUG] StartApplication()
+60.000000000s 303 ndn.AlertConsumer:StartApplication(): [DEBUG] StartApplication()
+60.000000000s 304 ndn.AlertConsumer:StartApplication(): [DEBUG] StartApplication()
+60.000000000s 305 ndn.AlertConsumer:StartApplication(): [DEBUG] StartApplication()
+60.000000000s 306 ndn.AlertConsumer:StartApplication(): [DEBUG] StartApplication()
+60.000000000s 307 ndn.AlertConsumer:StartApplication(): [DEBUG] StartApplication()
+60.000000000s 308 ndn.AlertConsumer:StartApplication(): [DEBUG] StartApplication()
+60.000000000s 309 ndn.AlertConsumer:StartApplication(): [DEBUG] StartApplication()
+60.000000000s 310 ndn.AlertConsumer:StartApplication(): [DEBUG] StartApplication()
+60.000000000s 311 ndn.AlertConsumer:StartApplication(): [DEBUG] StartApplication()
+60.000000000s 312 ndn.AlertConsumer:StartApplication(): [DEBUG] StartApplication()
+60.000000000s 313 ndn.AlertConsumer:StartApplication(): [DEBUG] StartApplication()
+60.000000000s 314 ndn.AlertConsumer:StartApplication(): [DEBUG] StartApplication()
+60.000000000s 315 ndn.AlertConsumer:StartApplication(): [DEBUG] StartApplication()
+60.000000000s 316 ndn.AlertConsumer:StartApplication(): [DEBUG] StartApplication()
+60.000000000s 317 ndn.AlertConsumer:StartApplication(): [DEBUG] StartApplication()
+60.000000000s 318 ndn.AlertConsumer:StartApplication(): [DEBUG] StartApplication()
+60.371616749s 100 ndn.RandomAlertProducer:SendAlert(): [LOGIC] Don't send alert; condition failed
+60.421158393s 101 ndn.RandomAlertProducer:SendAlert(): [LOGIC] Don't send alert; condition failed
+60.544410571s 99 ndn.RandomAlertProducer:SendAlert(): [LOGIC] Don't send alert; condition failed
+61.047948683s 104 ndn.RandomAlertProducer:SendAlert(): [LOGIC] Don't send alert; condition failed
+61.393063894s 102 ndn.RandomAlertProducer:SendAlert(): [LOGIC] Don't send alert; condition failed
+61.923962521s 103 ndn.RandomAlertProducer:SendAlert(): [LOGIC] Don't send alert; condition failed
+62.422597326s 105 ndn.RandomAlertProducer:SendAlert(): [LOGIC] Don't send alert; condition failed
+63.455687860s 106 ndn.RandomAlertProducer:AlertSupplier(): [LOGIC] Send alert=/alert/emergency/veh/106/seq=0/zor=[MASKED] vehCount=79 rsuCount=9
+63.455687860s 106 caf.Forwarder:OnIncomingAlert(): [DEBUG] in=260 alert=/alert/emergency/veh/106/seq=0/zor=[MASKED]
+63.455687860s 106 caf.Forwarder:AlertVehicleHandler(): [DEBUG] in=(260,0) alert=/alert/emergency/veh/106/seq=0/zor=[MASKED] decision=forward to vehicles
+63.455687860s 106 caf.Forwarder:OnOutgoingAlert(): [DEBUG] out=257 alert=/alert/emergency/veh/106/seq=0/zor=[MASKED]
+63.456561931s 114 caf.Forwarder:OnIncomingAlert(): [DEBUG] in=257 alert=/alert/emergency/veh/106/seq=0/zor=[MASKED]
+63.456561931s 114 caf.Forwarder:AlertVehicleHandler(): [DEBUG] in=(257,0) alert=/alert/emergency/veh/106/seq=0/zor=[MASKED] decision=drop since sender is closer
+63.456561937s 107 caf.Forwarder:OnIncomingAlert(): [DEBUG] in=257 alert=/alert/emergency/veh/106/seq=0/zor=[MASKED]
+63.456561937s 107 caf.Forwarder:AlertVehicleHandler(): [DEBUG] in=(257,0) alert=/alert/emergency/veh/106/seq=0/zor=[MASKED] decision=forward to vehicles deferred until 2.72373ms
+63.456561963s 17 caf.Forwarder:OnIncomingAlert(): [DEBUG] in=257 alert=/alert/emergency/veh/106/seq=0/zor=[MASKED]
+63.456561963s 17 caf.Forwarder:AlertVehicleHandler(): [DEBUG] in=(257,0) alert=/alert/emergency/veh/106/seq=0/zor=[MASKED] decision=drop since sender is closer
+63.456561993s 115 caf.Forwarder:OnIncomingAlert(): [DEBUG] in=257 alert=/alert/emergency/veh/106/seq=0/zor=[MASKED]
+63.456561993s 115 caf.Forwarder:AlertVehicleHandler(): [DEBUG] in=(257,0) alert=/alert/emergency/veh/106/seq=0/zor=[MASKED] decision=drop since sender is closer
+63.456561999s 100 caf.Forwarder:OnIncomingAlert(): [DEBUG] in=257 alert=/alert/emergency/veh/106/seq=0/zor=[MASKED]
+63.456561999s 100 caf.Forwarder:AlertVehicleHandler(): [DEBUG] in=(257,0) alert=/alert/emergency/veh/106/seq=0/zor=[MASKED] decision=forward to vehicles deferred until 0ms
+63.456561999s 100 caf.Forwarder:OnOutgoingAlert(): [DEBUG] out=257 alert=/alert/emergency/veh/106/seq=0/zor=[MASKED]
+63.456561999s 100 ndn.AlertConsumer:doReceive(): [INFO ] Received alert: /alert/emergency/veh/106/seq=0/zor=[MASKED]
+63.456562018s 99 caf.Forwarder:OnIncomingAlert(): [DEBUG] in=257 alert=/alert/emergency/veh/106/seq=0/zor=[MASKED]
+63.456562018s 99 caf.Forwarder:AlertVehicleHandler(): [DEBUG] in=(257,0) alert=/alert/emergency/veh/106/seq=0/zor=[MASKED] decision=forward to vehicles deferred until 0ms
+63.456562018s 99 caf.Forwarder:OnOutgoingAlert(): [DEBUG] out=257 alert=/alert/emergency/veh/106/seq=0/zor=[MASKED]
+63.456562018s 99 ndn.AlertConsumer:doReceive(): [INFO ] Received alert: /alert/emergency/veh/106/seq=0/zor=[MASKED]
+63.459285663s 107 caf.Forwarder:OnOutgoingAlert(): [DEBUG] out=257 alert=/alert/emergency/veh/106/seq=0/zor=[MASKED]
+63.460159727s 100 caf.Forwarder:OnIncomingAlert(): [DEBUG] in=257 alert=/alert/emergency/veh/106/seq=0/zor=[MASKED]
+63.460159727s 100 caf.Forwarder:AlertVehicleHandler(): [DEBUG] in=(257,0) alert=/alert/emergency/veh/106/seq=0/zor=[MASKED] decision=drop because duplicate alert
+63.460159740s 106 caf.Forwarder:OnIncomingAlert(): [DEBUG] in=257 alert=/alert/emergency/veh/106/seq=0/zor=[MASKED]
+63.460159740s 106 caf.Forwarder:AlertVehicleHandler(): [DEBUG] in=(257,0) alert=/alert/emergency/veh/106/seq=0/zor=[MASKED] decision=drop because duplicate alert
+63.460159745s 99 caf.Forwarder:OnIncomingAlert(): [DEBUG] in=257 alert=/alert/emergency/veh/106/seq=0/zor=[MASKED]
+63.460159745s 99 caf.Forwarder:AlertVehicleHandler(): [DEBUG] in=(257,0) alert=/alert/emergency/veh/106/seq=0/zor=[MASKED] decision=drop because duplicate alert
+63.460159768s 20 caf.Forwarder:OnIncomingAlert(): [DEBUG] in=257 alert=/alert/emergency/veh/106/seq=0/zor=[MASKED]
+63.460159768s 20 caf.Forwarder:AlertVehicleHandler(): [DEBUG] in=(257,0) alert=/alert/emergency/veh/106/seq=0/zor=[MASKED] decision=forward to vehicles deferred until 0ms
+63.460159768s 20 caf.Forwarder:OnOutgoingAlert(): [DEBUG] out=257 alert=/alert/emergency/veh/106/seq=0/zor=[MASKED]
+63.460159768s 20 ndn.AlertConsumer:doReceive(): [INFO ] Received alert: /alert/emergency/veh/106/seq=0/zor=[MASKED]
+63.460159809s 114 caf.Forwarder:OnIncomingAlert(): [DEBUG] in=257 alert=/alert/emergency/veh/106/seq=0/zor=[MASKED]
+63.460159809s 114 caf.Forwarder:AlertVehicleHandler(): [DEBUG] in=(257,0) alert=/alert/emergency/veh/106/seq=0/zor=[MASKED] decision=drop because duplicate alert
+63.460159827s 92 caf.Forwarder:OnIncomingAlert(): [DEBUG] in=257 alert=/alert/emergency/veh/106/seq=0/zor=[MASKED]
+63.460159827s 92 caf.Forwarder:AlertVehicleHandler(): [DEBUG] in=(257,0) alert=/alert/emergency/veh/106/seq=0/zor=[MASKED] decision=forward to vehicles deferred until 0ms
+63.460159827s 92 caf.Forwarder:OnOutgoingAlert(): [DEBUG] out=257 alert=/alert/emergency/veh/106/seq=0/zor=[MASKED]
+63.460159827s 92 ndn.AlertConsumer:doReceive(): [INFO ] Received alert: /alert/emergency/veh/106/seq=0/zor=[MASKED]
+63.461033805s 99 caf.Forwarder:OnIncomingAlert(): [DEBUG] in=257 alert=/alert/emergency/veh/106/seq=0/zor=[MASKED]
+63.461033805s 99 caf.Forwarder:AlertVehicleHandler(): [DEBUG] in=(257,0) alert=/alert/emergency/veh/106/seq=0/zor=[MASKED] decision=drop because duplicate alert
+63.461033811s 100 caf.Forwarder:OnIncomingAlert(): [DEBUG] in=257 alert=/alert/emergency/veh/106/seq=0/zor=[MASKED]
+63.461033811s 100 caf.Forwarder:AlertVehicleHandler(): [DEBUG] in=(257,0) alert=/alert/emergency/veh/106/seq=0/zor=[MASKED] decision=drop because duplicate alert
+63.461033873s 107 caf.Forwarder:OnIncomingAlert(): [DEBUG] in=257 alert=/alert/emergency/veh/106/seq=0/zor=[MASKED]
+63.461033873s 107 caf.Forwarder:AlertVehicleHandler(): [DEBUG] in=(257,0) alert=/alert/emergency/veh/106/seq=0/zor=[MASKED] decision=drop because duplicate alert
+63.461033883s 91 caf.Forwarder:OnIncomingAlert(): [DEBUG] in=257 alert=/alert/emergency/veh/106/seq=0/zor=[MASKED]
+63.461033883s 91 caf.Forwarder:AlertVehicleHandler(): [DEBUG] in=(257,0) alert=/alert/emergency/veh/106/seq=0/zor=[MASKED] decision=forward to vehicles deferred until 0ms
+63.461033883s 91 caf.Forwarder:OnOutgoingAlert(): [DEBUG] out=257 alert=/alert/emergency/veh/106/seq=0/zor=[MASKED]
+63.461033883s 91 ndn.AlertConsumer:doReceive(): [INFO ] Received alert: /alert/emergency/veh/106/seq=0/zor=[MASKED]
+63.461907939s 92 caf.Forwarder:OnIncomingAlert(): [DEBUG] in=257 alert=/alert/emergency/veh/106/seq=0/zor=[MASKED]
+63.461907939s 92 caf.Forwarder:AlertVehicleHandler(): [DEBUG] in=(257,0) alert=/alert/emergency/veh/106/seq=0/zor=[MASKED] decision=drop because duplicate alert
+63.461907994s 78 caf.Forwarder:OnIncomingAlert(): [DEBUG] in=257 alert=/alert/emergency/veh/106/seq=0/zor=[MASKED]
+63.461907994s 78 caf.Forwarder:AlertVehicleHandler(): [DEBUG] in=(257,0) alert=/alert/emergency/veh/106/seq=0/zor=[MASKED] decision=forward to vehicles deferred until 0ms
+63.461907994s 78 caf.Forwarder:OnOutgoingAlert(): [DEBUG] out=257 alert=/alert/emergency/veh/106/seq=0/zor=[MASKED]
+63.461907994s 78 ndn.AlertConsumer:doReceive(): [INFO ] Received alert: /alert/emergency/veh/106/seq=0/zor=[MASKED]
+63.461908005s 20 caf.Forwarder:OnIncomingAlert(): [DEBUG] in=257 alert=/alert/emergency/veh/106/seq=0/zor=[MASKED]
+63.461908005s 20 caf.Forwarder:AlertVehicleHandler(): [DEBUG] in=(257,0) alert=/alert/emergency/veh/106/seq=0/zor=[MASKED] decision=drop because duplicate alert
+63.461908019s 99 caf.Forwarder:OnIncomingAlert(): [DEBUG] in=257 alert=/alert/emergency/veh/106/seq=0/zor=[MASKED]
+63.461908019s 99 caf.Forwarder:AlertVehicleHandler(): [DEBUG] in=(257,0) alert=/alert/emergency/veh/106/seq=0/zor=[MASKED] decision=drop because duplicate alert
+63.461908038s 100 caf.Forwarder:OnIncomingAlert(): [DEBUG] in=257 alert=/alert/emergency/veh/106/seq=0/zor=[MASKED]
+63.461908038s 100 caf.Forwarder:AlertVehicleHandler(): [DEBUG] in=(257,0) alert=/alert/emergency/veh/106/seq=0/zor=[MASKED] decision=drop because duplicate alert
+63.462782061s 70 caf.Forwarder:OnIncomingAlert(): [DEBUG] in=257 alert=/alert/emergency/veh/106/seq=0/zor=[MASKED]
+63.462782061s 70 caf.Forwarder:AlertVehicleHandler(): [DEBUG] in=(257,0) alert=/alert/emergency/veh/106/seq=0/zor=[MASKED] decision=forward to vehicles deferred until 0ms
+63.462782061s 70 caf.Forwarder:OnOutgoingAlert(): [DEBUG] out=257 alert=/alert/emergency/veh/106/seq=0/zor=[MASKED]
+63.462782061s 70 ndn.AlertConsumer:doReceive(): [INFO ] Received alert: /alert/emergency/veh/106/seq=0/zor=[MASKED]
+63.462782092s 85 caf.Forwarder:OnIncomingAlert(): [DEBUG] in=257 alert=/alert/emergency/veh/106/seq=0/zor=[MASKED]
+63.462782092s 85 caf.Forwarder:AlertVehicleHandler(): [DEBUG] in=(257,0) alert=/alert/emergency/veh/106/seq=0/zor=[MASKED] decision=forward to vehicles deferred until 0ms
+63.462782092s 85 caf.Forwarder:OnOutgoingAlert(): [DEBUG] out=257 alert=/alert/emergency/veh/106/seq=0/zor=[MASKED]
+63.462782092s 85 ndn.AlertConsumer:doReceive(): [INFO ] Received alert: /alert/emergency/veh/106/seq=0/zor=[MASKED]
+63.462782105s 91 caf.Forwarder:OnIncomingAlert(): [DEBUG] in=257 alert=/alert/emergency/veh/106/seq=0/zor=[MASKED]
+63.462782105s 91 caf.Forwarder:AlertVehicleHandler(): [DEBUG] in=(257,0) alert=/alert/emergency/veh/106/seq=0/zor=[MASKED] decision=drop because duplicate alert
+63.462782129s 40 caf.Forwarder:OnIncomingAlert(): [DEBUG] in=257 alert=/alert/emergency/veh/106/seq=0/zor=[MASKED]
+63.462782129s 40 caf.Forwarder:AlertVehicleHandler(): [DEBUG] in=(257,0) alert=/alert/emergency/veh/106/seq=0/zor=[MASKED] decision=forward to vehicles deferred until 0ms
+63.462782129s 40 caf.Forwarder:OnOutgoingAlert(): [DEBUG] out=257 alert=/alert/emergency/veh/106/seq=0/zor=[MASKED]
+63.462782129s 40 ndn.AlertConsumer:doReceive(): [INFO ] Received alert: /alert/emergency/veh/106/seq=0/zor=[MASKED]
+63.462782159s 92 caf.Forwarder:OnIncomingAlert(): [DEBUG] in=257 alert=/alert/emergency/veh/106/seq=0/zor=[MASKED]
+63.462782159s 92 caf.Forwarder:AlertVehicleHandler(): [DEBUG] in=(257,0) alert=/alert/emergency/veh/106/seq=0/zor=[MASKED] decision=drop because duplicate alert
+63.462782162s 79 caf.Forwarder:OnIncomingAlert(): [DEBUG] in=257 alert=/alert/emergency/veh/106/seq=0/zor=[MASKED]
+63.462782162s 79 caf.Forwarder:AlertVehicleHandler(): [DEBUG] in=(257,0) alert=/alert/emergency/veh/106/seq=0/zor=[MASKED] decision=forward to vehicles deferred until 0ms
+63.462782162s 79 caf.Forwarder:OnOutgoingAlert(): [DEBUG] out=257 alert=/alert/emergency/veh/106/seq=0/zor=[MASKED]
+63.462782162s 79 ndn.AlertConsumer:doReceive(): [INFO ] Received alert: /alert/emergency/veh/106/seq=0/zor=[MASKED]
+63.462782163s 71 caf.Forwarder:OnIncomingAlert(): [DEBUG] in=257 alert=/alert/emergency/veh/106/seq=0/zor=[MASKED]
+63.462782163s 71 caf.Forwarder:AlertVehicleHandler(): [DEBUG] in=(257,0) alert=/alert/emergency/veh/106/seq=0/zor=[MASKED] decision=forward to vehicles deferred until 0ms
+63.462782163s 71 caf.Forwarder:OnOutgoingAlert(): [DEBUG] out=257 alert=/alert/emergency/veh/106/seq=0/zor=[MASKED]
+63.462782163s 71 ndn.AlertConsumer:doReceive(): [INFO ] Received alert: /alert/emergency/veh/106/seq=0/zor=[MASKED]
+64.017843004s 112 ndn.RandomAlertProducer:AlertSupplier(): [LOGIC] Send alert=/alert/emergency/veh/112/seq=0/zor=[MASKED] vehCount=80 rsuCount=9
+64.017843004s 112 caf.Forwarder:OnIncomingAlert(): [DEBUG] in=260 alert=/alert/emergency/veh/112/seq=0/zor=[MASKED]
+64.017843004s 112 caf.Forwarder:AlertVehicleHandler(): [DEBUG] in=(260,0) alert=/alert/emergency/veh/112/seq=0/zor=[MASKED] decision=forward to vehicles
+64.017843004s 112 caf.Forwarder:OnOutgoingAlert(): [DEBUG] out=257 alert=/alert/emergency/veh/112/seq=0/zor=[MASKED]
+64.018717027s 105 caf.Forwarder:OnIncomingAlert(): [DEBUG] in=257 alert=/alert/emergency/veh/112/seq=0/zor=[MASKED]
+64.018717027s 105 caf.Forwarder:AlertVehicleHandler(): [DEBUG] in=(257,0) alert=/alert/emergency/veh/112/seq=0/zor=[MASKED] decision=forward to vehicles deferred until 4.34348ms
+64.018717068s 18 caf.Forwarder:OnIncomingAlert(): [DEBUG] in=257 alert=/alert/emergency/veh/112/seq=0/zor=[MASKED]
+64.018717068s 18 caf.Forwarder:AlertVehicleHandler(): [DEBUG] in=(257,0) alert=/alert/emergency/veh/112/seq=0/zor=[MASKED] decision=forward to vehicles deferred until 3.11977ms
+64.018717077s 104 caf.Forwarder:OnIncomingAlert(): [DEBUG] in=257 alert=/alert/emergency/veh/112/seq=0/zor=[MASKED]
+64.018717077s 104 caf.Forwarder:AlertVehicleHandler(): [DEBUG] in=(257,0) alert=/alert/emergency/veh/112/seq=0/zor=[MASKED] decision=forward to vehicles deferred until 2.84854ms
+64.018717096s 98 caf.Forwarder:OnIncomingAlert(): [DEBUG] in=257 alert=/alert/emergency/veh/112/seq=0/zor=[MASKED]
+64.018717096s 98 caf.Forwarder:AlertVehicleHandler(): [DEBUG] in=(257,0) alert=/alert/emergency/veh/112/seq=0/zor=[MASKED] decision=forward to vehicles deferred until 2.26578ms
+64.018717100s 113 caf.Forwarder:OnIncomingAlert(): [DEBUG] in=257 alert=/alert/emergency/veh/112/seq=0/zor=[MASKED]
+64.018717100s 113 caf.Forwarder:AlertVehicleHandler(): [DEBUG] in=(257,0) alert=/alert/emergency/veh/112/seq=0/zor=[MASKED] decision=drop since sender is closer
+64.018717164s 19 caf.Forwarder:OnIncomingAlert(): [DEBUG] in=257 alert=/alert/emergency/veh/112/seq=0/zor=[MASKED]
+64.018717164s 19 caf.Forwarder:AlertVehicleHandler(): [DEBUG] in=(257,0) alert=/alert/emergency/veh/112/seq=0/zor=[MASKED] decision=drop since sender is closer
+64.018717168s 90 caf.Forwarder:OnIncomingAlert(): [DEBUG] in=257 alert=/alert/emergency/veh/112/seq=0/zor=[MASKED]
+64.018717168s 90 caf.Forwarder:AlertVehicleHandler(): [DEBUG] in=(257,0) alert=/alert/emergency/veh/112/seq=0/zor=[MASKED] decision=forward to vehicles deferred until 0ms
+64.018717168s 90 caf.Forwarder:OnOutgoingAlert(): [DEBUG] out=257 alert=/alert/emergency/veh/112/seq=0/zor=[MASKED]
+64.018717168s 90 ndn.AlertConsumer:doReceive(): [INFO ] Received alert: /alert/emergency/veh/112/seq=0/zor=[MASKED]
+64.019591225s 97 caf.Forwarder:OnIncomingAlert(): [DEBUG] in=257 alert=/alert/emergency/veh/112/seq=0/zor=[MASKED]
+64.019591225s 97 caf.Forwarder:AlertVehicleHandler(): [DEBUG] in=(257,0) alert=/alert/emergency/veh/112/seq=0/zor=[MASKED] decision=forward to vehicles deferred until 0ms
+64.019591225s 97 caf.Forwarder:OnOutgoingAlert(): [DEBUG] out=257 alert=/alert/emergency/veh/112/seq=0/zor=[MASKED]
+64.019591225s 97 ndn.AlertConsumer:doReceive(): [INFO ] Received alert: /alert/emergency/veh/112/seq=0/zor=[MASKED]
+64.019591240s 98 caf.Forwarder:OnIncomingAlert(): [DEBUG] in=257 alert=/alert/emergency/veh/112/seq=0/zor=[MASKED]
+64.019591240s 98 caf.Forwarder:AlertVehicleHandler(): [DEBUG] in= (257,0) alert=/alert/emergency/veh/112/seq=0/zor=[MASKED] timer cancelled because sender closer to ZoR
+64.019591254s 89 caf.Forwarder:OnIncomingAlert(): [DEBUG] in=257 alert=/alert/emergency/veh/112/seq=0/zor=[MASKED]
+64.019591254s 89 caf.Forwarder:AlertVehicleHandler(): [DEBUG] in=(257,0) alert=/alert/emergency/veh/112/seq=0/zor=[MASKED] decision=forward to vehicles deferred until 0ms
+64.019591254s 89 caf.Forwarder:OnOutgoingAlert(): [DEBUG] out=257 alert=/alert/emergency/veh/112/seq=0/zor=[MASKED]
+64.019591254s 89 ndn.AlertConsumer:doReceive(): [INFO ] Received alert: /alert/emergency/veh/112/seq=0/zor=[MASKED]
+64.019591259s 104 caf.Forwarder:OnIncomingAlert(): [DEBUG] in=257 alert=/alert/emergency/veh/112/seq=0/zor=[MASKED]
+64.019591259s 104 caf.Forwarder:AlertVehicleHandler(): [DEBUG] in= (257,0) alert=/alert/emergency/veh/112/seq=0/zor=[MASKED] timer cancelled because sender closer to ZoR
+64.019591269s 28 caf.Forwarder:OnIncomingAlert(): [DEBUG] in=257 alert=/alert/emergency/veh/112/seq=0/zor=[MASKED]
+64.019591269s 28 caf.Forwarder:AlertVehicleHandler(): [DEBUG] in=(257,0) alert=/alert/emergency/veh/112/seq=0/zor=[MASKED] decision=forward to vehicles deferred until 0ms
+64.019591269s 28 caf.Forwarder:OnOutgoingAlert(): [DEBUG] out=257 alert=/alert/emergency/veh/112/seq=0/zor=[MASKED]
+64.019591269s 28 ndn.AlertConsumer:doReceive(): [INFO ] Received alert: /alert/emergency/veh/112/seq=0/zor=[MASKED]
+64.019591278s 18 caf.Forwarder:OnIncomingAlert(): [DEBUG] in=257 alert=/alert/emergency/veh/112/seq=0/zor=[MASKED]
+64.019591278s 18 caf.Forwarder:AlertVehicleHandler(): [DEBUG] in= (257,0) alert=/alert/emergency/veh/112/seq=0/zor=[MASKED] timer cancelled because sender closer to ZoR
+64.019591294s 34 caf.Forwarder:OnIncomingAlert(): [DEBUG] in=257 alert=/alert/emergency/veh/112/seq=0/zor=[MASKED]
+64.019591294s 34 caf.Forwarder:AlertVehicleHandler(): [DEBUG] in=(257,0) alert=/alert/emergency/veh/112/seq=0/zor=[MASKED] decision=forward to vehicles deferred until 0ms
+64.019591294s 34 caf.Forwarder:OnOutgoingAlert(): [DEBUG] out=257 alert=/alert/emergency/veh/112/seq=0/zor=[MASKED]
+64.019591294s 34 ndn.AlertConsumer:doReceive(): [INFO ] Received alert: /alert/emergency/veh/112/seq=0/zor=[MASKED]
+64.019591311s 105 caf.Forwarder:OnIncomingAlert(): [DEBUG] in=257 alert=/alert/emergency/veh/112/seq=0/zor=[MASKED]
+64.019591311s 105 caf.Forwarder:AlertVehicleHandler(): [DEBUG] in= (257,0) alert=/alert/emergency/veh/112/seq=0/zor=[MASKED] timer cancelled because sender closer to ZoR
+64.019591323s 82 caf.Forwarder:OnIncomingAlert(): [DEBUG] in=257 alert=/alert/emergency/veh/112/seq=0/zor=[MASKED]
+64.019591323s 82 caf.Forwarder:AlertVehicleHandler(): [DEBUG] in=(257,0) alert=/alert/emergency/veh/112/seq=0/zor=[MASKED] decision=forward to vehicles deferred until 0ms
+64.019591323s 82 caf.Forwarder:OnOutgoingAlert(): [DEBUG] out=257 alert=/alert/emergency/veh/112/seq=0/zor=[MASKED]
+64.019591323s 82 ndn.AlertConsumer:doReceive(): [INFO ] Received alert: /alert/emergency/veh/112/seq=0/zor=[MASKED]
+64.019591332s 112 caf.Forwarder:OnIncomingAlert(): [DEBUG] in=257 alert=/alert/emergency/veh/112/seq=0/zor=[MASKED]
+64.019591332s 112 caf.Forwarder:AlertVehicleHandler(): [DEBUG] in=(257,0) alert=/alert/emergency/veh/112/seq=0/zor=[MASKED] decision=drop because duplicate alert
+64.020465358s 83 caf.Forwarder:OnIncomingAlert(): [DEBUG] in=257 alert=/alert/emergency/veh/112/seq=0/zor=[MASKED]
+64.020465358s 83 caf.Forwarder:AlertVehicleHandler(): [DEBUG] in=(257,0) alert=/alert/emergency/veh/112/seq=0/zor=[MASKED] decision=forward to vehicles deferred until 0ms
+64.020465358s 83 caf.Forwarder:OnOutgoingAlert(): [DEBUG] out=257 alert=/alert/emergency/veh/112/seq=0/zor=[MASKED]
+64.020465358s 83 ndn.AlertConsumer:doReceive(): [INFO ] Received alert: /alert/emergency/veh/112/seq=0/zor=[MASKED]
+64.021339393s 82 caf.Forwarder:OnIncomingAlert(): [DEBUG] in=257 alert=/alert/emergency/veh/112/seq=0/zor=[MASKED]
+64.021339393s 82 caf.Forwarder:AlertVehicleHandler(): [DEBUG] in=(257,0) alert=/alert/emergency/veh/112/seq=0/zor=[MASKED] decision=drop because duplicate alert
+64.021339396s 75 caf.Forwarder:OnIncomingAlert(): [DEBUG] in=257 alert=/alert/emergency/veh/112/seq=0/zor=[MASKED]
+64.021339396s 75 caf.Forwarder:AlertVehicleHandler(): [DEBUG] in=(257,0) alert=/alert/emergency/veh/112/seq=0/zor=[MASKED] decision=forward to vehicles deferred until 0ms
+64.021339396s 75 caf.Forwarder:OnOutgoingAlert(): [DEBUG] out=257 alert=/alert/emergency/veh/112/seq=0/zor=[MASKED]
+64.021339396s 75 ndn.AlertConsumer:doReceive(): [INFO ] Received alert: /alert/emergency/veh/112/seq=0/zor=[MASKED]
+64.021339425s 34 caf.Forwarder:OnIncomingAlert(): [DEBUG] in=257 alert=/alert/emergency/veh/112/seq=0/zor=[MASKED]
+64.021339425s 34 caf.Forwarder:AlertVehicleHandler(): [DEBUG] in=(257,0) alert=/alert/emergency/veh/112/seq=0/zor=[MASKED] decision=drop because duplicate alert
+64.021339447s 32 caf.Forwarder:OnIncomingAlert(): [DEBUG] in=257 alert=/alert/emergency/veh/112/seq=0/zor=[MASKED]
+64.021339447s 32 caf.Forwarder:AlertVehicleHandler(): [DEBUG] in=(257,0) alert=/alert/emergency/veh/112/seq=0/zor=[MASKED] decision=forward to vehicles deferred until 0ms
+64.021339447s 32 caf.Forwarder:OnOutgoingAlert(): [DEBUG] out=257 alert=/alert/emergency/veh/112/seq=0/zor=[MASKED]
+64.021339447s 32 ndn.AlertConsumer:doReceive(): [INFO ] Received alert: /alert/emergency/veh/112/seq=0/zor=[MASKED]
+64.021339454s 28 caf.Forwarder:OnIncomingAlert(): [DEBUG] in=257 alert=/alert/emergency/veh/112/seq=0/zor=[MASKED]
+64.021339454s 28 caf.Forwarder:AlertVehicleHandler(): [DEBUG] in=(257,0) alert=/alert/emergency/veh/112/seq=0/zor=[MASKED] decision=drop because duplicate alert
+64.021339462s 89 caf.Forwarder:OnIncomingAlert(): [DEBUG] in=257 alert=/alert/emergency/veh/112/seq=0/zor=[MASKED]
+64.021339462s 89 caf.Forwarder:AlertVehicleHandler(): [DEBUG] in=(257,0) alert=/alert/emergency/veh/112/seq=0/zor=[MASKED] decision=drop because duplicate alert
+64.021339484s 74 caf.Forwarder:OnIncomingAlert(): [DEBUG] in=257 alert=/alert/emergency/veh/112/seq=0/zor=[MASKED]
+64.021339484s 74 caf.Forwarder:AlertVehicleHandler(): [DEBUG] in=(257,0) alert=/alert/emergency/veh/112/seq=0/zor=[MASKED] decision=forward to vehicles deferred until 0ms
+64.021339484s 74 caf.Forwarder:OnOutgoingAlert(): [DEBUG] out=257 alert=/alert/emergency/veh/112/seq=0/zor=[MASKED]
+64.021339484s 74 ndn.AlertConsumer:doReceive(): [INFO ] Received alert: /alert/emergency/veh/112/seq=0/zor=[MASKED]
+64.021339491s 97 caf.Forwarder:OnIncomingAlert(): [DEBUG] in=257 alert=/alert/emergency/veh/112/seq=0/zor=[MASKED]
+64.021339491s 97 caf.Forwarder:AlertVehicleHandler(): [DEBUG] in=(257,0) alert=/alert/emergency/veh/112/seq=0/zor=[MASKED] decision=drop because duplicate alert
+64.022213434s 83 caf.Forwarder:OnIncomingAlert(): [DEBUG] in=257 alert=/alert/emergency/veh/112/seq=0/zor=[MASKED]
+64.022213434s 83 caf.Forwarder:AlertVehicleHandler(): [DEBUG] in=(257,0) alert=/alert/emergency/veh/112/seq=0/zor=[MASKED] decision=drop because duplicate alert
+64.022213466s 82 caf.Forwarder:OnIncomingAlert(): [DEBUG] in=257 alert=/alert/emergency/veh/112/seq=0/zor=[MASKED]
+64.022213466s 82 caf.Forwarder:AlertVehicleHandler(): [DEBUG] in=(257,0) alert=/alert/emergency/veh/112/seq=0/zor=[MASKED] decision=drop because duplicate alert
+64.022213543s 46 caf.Forwarder:OnIncomingAlert(): [DEBUG] in=257 alert=/alert/emergency/veh/112/seq=0/zor=[MASKED]
+64.022213543s 46 caf.Forwarder:AlertVehicleHandler(): [DEBUG] in=(257,0) alert=/alert/emergency/veh/112/seq=0/zor=[MASKED] decision=forward to vehicles deferred until 0ms
+64.022213543s 46 caf.Forwarder:OnOutgoingAlert(): [DEBUG] out=257 alert=/alert/emergency/veh/112/seq=0/zor=[MASKED]
+64.022213543s 46 ndn.AlertConsumer:doReceive(): [INFO ] Received alert: /alert/emergency/veh/112/seq=0/zor=[MASKED]
+64.023087602s 74 caf.Forwarder:OnIncomingAlert(): [DEBUG] in=257 alert=/alert/emergency/veh/112/seq=0/zor=[MASKED]
+64.023087602s 74 caf.Forwarder:AlertVehicleHandler(): [DEBUG] in=(257,0) alert=/alert/emergency/veh/112/seq=0/zor=[MASKED] decision=drop because duplicate alert
+64.023087609s 61 caf.Forwarder:OnIncomingAlert(): [DEBUG] in=257 alert=/alert/emergency/veh/112/seq=0/zor=[MASKED]
+64.023087609s 61 caf.Forwarder:AlertVehicleHandler(): [DEBUG] in=(257,0) alert=/alert/emergency/veh/112/seq=0/zor=[MASKED] decision=forward to vehicles deferred until 0ms
+64.023087609s 61 caf.Forwarder:OnOutgoingAlert(): [DEBUG] out=257 alert=/alert/emergency/veh/112/seq=0/zor=[MASKED]
+64.023087609s 61 ndn.AlertConsumer:doReceive(): [INFO ] Received alert: /alert/emergency/veh/112/seq=0/zor=[MASKED]
+64.023087636s 32 caf.Forwarder:OnIncomingAlert(): [DEBUG] in=257 alert=/alert/emergency/veh/112/seq=0/zor=[MASKED]
+64.023087636s 32 caf.Forwarder:AlertVehicleHandler(): [DEBUG] in=(257,0) alert=/alert/emergency/veh/112/seq=0/zor=[MASKED] decision=drop because duplicate alert
+64.023087638s 42 caf.Forwarder:OnIncomingAlert(): [DEBUG] in=257 alert=/alert/emergency/veh/112/seq=0/zor=[MASKED]
+64.023087638s 42 caf.Forwarder:AlertVehicleHandler(): [DEBUG] in=(257,0) alert=/alert/emergency/veh/112/seq=0/zor=[MASKED] decision=forward to vehicles deferred until 0ms
+64.023087638s 67 caf.Forwarder:OnIncomingAlert(): [DEBUG] in=257 alert=/alert/emergency/veh/112/seq=0/zor=[MASKED]
+64.023087638s 67 caf.Forwarder:AlertVehicleHandler(): [DEBUG] in=(257,0) alert=/alert/emergency/veh/112/seq=0/zor=[MASKED] decision=forward to vehicles deferred until 0ms
+64.023087638s 42 caf.Forwarder:OnOutgoingAlert(): [DEBUG] out=257 alert=/alert/emergency/veh/112/seq=0/zor=[MASKED]
+64.023087638s 42 ndn.AlertConsumer:doReceive(): [INFO ] Received alert: /alert/emergency/veh/112/seq=0/zor=[MASKED]
+64.023087638s 67 caf.Forwarder:OnOutgoingAlert(): [DEBUG] out=257 alert=/alert/emergency/veh/112/seq=0/zor=[MASKED]
+64.023087638s 67 ndn.AlertConsumer:doReceive(): [INFO ] Received alert: /alert/emergency/veh/112/seq=0/zor=[MASKED]
+64.023087641s 62 caf.Forwarder:OnIncomingAlert(): [DEBUG] in=257 alert=/alert/emergency/veh/112/seq=0/zor=[MASKED]
+64.023087641s 62 caf.Forwarder:AlertVehicleHandler(): [DEBUG] in=(257,0) alert=/alert/emergency/veh/112/seq=0/zor=[MASKED] decision=forward to vehicles deferred until 0ms
+64.023087641s 62 caf.Forwarder:OnOutgoingAlert(): [DEBUG] out=257 alert=/alert/emergency/veh/112/seq=0/zor=[MASKED]
+64.023087641s 62 ndn.AlertConsumer:doReceive(): [INFO ] Received alert: /alert/emergency/veh/112/seq=0/zor=[MASKED]
+64.023087674s 47 caf.Forwarder:OnIncomingAlert(): [DEBUG] in=257 alert=/alert/emergency/veh/112/seq=0/zor=[MASKED]
+64.023087674s 47 caf.Forwarder:AlertVehicleHandler(): [DEBUG] in=(257,0) alert=/alert/emergency/veh/112/seq=0/zor=[MASKED] decision=forward to vehicles deferred until 0ms
+64.023087674s 47 caf.Forwarder:OnOutgoingAlert(): [DEBUG] out=257 alert=/alert/emergency/veh/112/seq=0/zor=[MASKED]
+64.023087674s 47 ndn.AlertConsumer:doReceive(): [INFO ] Received alert: /alert/emergency/veh/112/seq=0/zor=[MASKED]
+64.023087679s 55 caf.Forwarder:OnIncomingAlert(): [DEBUG] in=257 alert=/alert/emergency/veh/112/seq=0/zor=[MASKED]
+64.023087679s 55 caf.Forwarder:AlertVehicleHandler(): [DEBUG] in=(257,0) alert=/alert/emergency/veh/112/seq=0/zor=[MASKED] decision=forward to vehicles deferred until 0ms
+64.023087679s 55 caf.Forwarder:OnOutgoingAlert(): [DEBUG] out=257 alert=/alert/emergency/veh/112/seq=0/zor=[MASKED]
+64.023087679s 55 ndn.AlertConsumer:doReceive(): [INFO ] Received alert: /alert/emergency/veh/112/seq=0/zor=[MASKED]
+64.023087683s 75 caf.Forwarder:OnIncomingAlert(): [DEBUG] in=257 alert=/alert/emergency/veh/112/seq=0/zor=[MASKED]
+64.023087683s 75 caf.Forwarder:AlertVehicleHandler(): [DEBUG] in=(257,0) alert=/alert/emergency/veh/112/seq=0/zor=[MASKED] decision=drop because duplicate alert
+64.023087688s 50 caf.Forwarder:OnIncomingAlert(): [DEBUG] in=257 alert=/alert/emergency/veh/112/seq=0/zor=[MASKED]
+64.023087688s 50 caf.Forwarder:AlertVehicleHandler(): [DEBUG] in=(257,0) alert=/alert/emergency/veh/112/seq=0/zor=[MASKED] decision=forward to vehicles deferred until 0ms
+64.023087688s 50 caf.Forwarder:OnOutgoingAlert(): [DEBUG] out=257 alert=/alert/emergency/veh/112/seq=0/zor=[MASKED]
+64.023087688s 50 ndn.AlertConsumer:doReceive(): [INFO ] Received alert: /alert/emergency/veh/112/seq=0/zor=[MASKED]
+64.023087695s 54 caf.Forwarder:OnIncomingAlert(): [DEBUG] in=257 alert=/alert/emergency/veh/112/seq=0/zor=[MASKED]
+64.023087695s 54 caf.Forwarder:AlertVehicleHandler(): [DEBUG] in=(257,0) alert=/alert/emergency/veh/112/seq=0/zor=[MASKED] decision=forward to vehicles deferred until 0ms
+64.023087695s 54 caf.Forwarder:OnOutgoingAlert(): [DEBUG] out=257 alert=/alert/emergency/veh/112/seq=0/zor=[MASKED]
+64.023087695s 54 ndn.AlertConsumer:doReceive(): [INFO ] Received alert: /alert/emergency/veh/112/seq=0/zor=[MASKED]
+64.023087711s 21 caf.Forwarder:OnIncomingAlert(): [DEBUG] in=257 alert=/alert/emergency/veh/112/seq=0/zor=[MASKED]
+64.023087711s 21 caf.Forwarder:AlertVehicleHandler(): [DEBUG] in=(257,0) alert=/alert/emergency/veh/112/seq=0/zor=[MASKED] decision=forward to vehicles deferred until 0ms
+64.023087711s 21 caf.Forwarder:OnOutgoingAlert(): [DEBUG] out=257 alert=/alert/emergency/veh/112/seq=0/zor=[MASKED]
+64.023087711s 21 ndn.AlertConsumer:doReceive(): [INFO ] Received alert: /alert/emergency/veh/112/seq=0/zor=[MASKED]
+64.326609022s 107 ndn.RandomAlertProducer:AlertSupplier(): [LOGIC] Send alert=/alert/emergency/veh/107/seq=0/zor=[MASKED] vehCount=80 rsuCount=9
+64.326609022s 107 caf.Forwarder:OnIncomingAlert(): [DEBUG] in=260 alert=/alert/emergency/veh/107/seq=0/zor=[MASKED]
+64.326609022s 107 caf.Forwarder:AlertVehicleHandler(): [DEBUG] in=(260,0) alert=/alert/emergency/veh/107/seq=0/zor=[MASKED] decision=forward to vehicles
+64.326609022s 107 caf.Forwarder:OnOutgoingAlert(): [DEBUG] out=257 alert=/alert/emergency/veh/107/seq=0/zor=[MASKED]
+64.327483059s 20 caf.Forwarder:OnIncomingAlert(): [DEBUG] in=257 alert=/alert/emergency/veh/107/seq=0/zor=[MASKED]
+64.327483059s 20 caf.Forwarder:AlertVehicleHandler(): [DEBUG] in=(257,0) alert=/alert/emergency/veh/107/seq=0/zor=[MASKED] decision=forward to vehicles deferred until 0ms
+64.327483059s 20 caf.Forwarder:OnOutgoingAlert(): [DEBUG] out=257 alert=/alert/emergency/veh/107/seq=0/zor=[MASKED]
+64.327483059s 20 ndn.AlertConsumer:doReceive(): [INFO ] Received alert: /alert/emergency/veh/107/seq=0/zor=[MASKED]
+64.327483083s 100 caf.Forwarder:OnIncomingAlert(): [DEBUG] in=257 alert=/alert/emergency/veh/107/seq=0/zor=[MASKED]
+64.327483083s 100 caf.Forwarder:AlertVehicleHandler(): [DEBUG] in=(257,0) alert=/alert/emergency/veh/107/seq=0/zor=[MASKED] decision=forward to vehicles deferred until 0ms
+64.327483083s 100 caf.Forwarder:OnOutgoingAlert(): [DEBUG] out=257 alert=/alert/emergency/veh/107/seq=0/zor=[MASKED]
+64.327483083s 100 ndn.AlertConsumer:doReceive(): [INFO ] Received alert: /alert/emergency/veh/107/seq=0/zor=[MASKED]
+64.327483102s 99 caf.Forwarder:OnIncomingAlert(): [DEBUG] in=257 alert=/alert/emergency/veh/107/seq=0/zor=[MASKED]
+64.327483102s 99 caf.Forwarder:AlertVehicleHandler(): [DEBUG] in=(257,0) alert=/alert/emergency/veh/107/seq=0/zor=[MASKED] decision=forward to vehicles deferred until 0ms
+64.327483102s 106 caf.Forwarder:OnIncomingAlert(): [DEBUG] in=257 alert=/alert/emergency/veh/107/seq=0/zor=[MASKED]
+64.327483102s 106 caf.Forwarder:AlertVehicleHandler(): [DEBUG] in=(257,0) alert=/alert/emergency/veh/107/seq=0/zor=[MASKED] decision=drop since sender is closer
+64.327483102s 99 caf.Forwarder:OnOutgoingAlert(): [DEBUG] out=257 alert=/alert/emergency/veh/107/seq=0/zor=[MASKED]
+64.327483102s 99 ndn.AlertConsumer:doReceive(): [INFO ] Received alert: /alert/emergency/veh/107/seq=0/zor=[MASKED]
+64.327483168s 114 caf.Forwarder:OnIncomingAlert(): [DEBUG] in=257 alert=/alert/emergency/veh/107/seq=0/zor=[MASKED]
+64.327483168s 114 caf.Forwarder:AlertVehicleHandler(): [DEBUG] in=(257,0) alert=/alert/emergency/veh/107/seq=0/zor=[MASKED] decision=drop since sender is closer
+64.327483183s 92 caf.Forwarder:OnIncomingAlert(): [DEBUG] in=257 alert=/alert/emergency/veh/107/seq=0/zor=[MASKED]
+64.327483183s 92 caf.Forwarder:AlertVehicleHandler(): [DEBUG] in=(257,0) alert=/alert/emergency/veh/107/seq=0/zor=[MASKED] decision=forward to vehicles deferred until 0ms
+64.327483183s 92 caf.Forwarder:OnOutgoingAlert(): [DEBUG] out=257 alert=/alert/emergency/veh/107/seq=0/zor=[MASKED]
+64.327483183s 92 ndn.AlertConsumer:doReceive(): [INFO ] Received alert: /alert/emergency/veh/107/seq=0/zor=[MASKED]
+64.328357096s 107 caf.Forwarder:OnIncomingAlert(): [DEBUG] in=257 alert=/alert/emergency/veh/107/seq=0/zor=[MASKED]
+64.328357096s 107 caf.Forwarder:AlertVehicleHandler(): [DEBUG] in=(257,0) alert=/alert/emergency/veh/107/seq=0/zor=[MASKED] decision=drop because duplicate alert
+64.328357239s 91 caf.Forwarder:OnIncomingAlert(): [DEBUG] in=257 alert=/alert/emergency/veh/107/seq=0/zor=[MASKED]
+64.328357239s 91 caf.Forwarder:AlertVehicleHandler(): [DEBUG] in=(257,0) alert=/alert/emergency/veh/107/seq=0/zor=[MASKED] decision=forward to vehicles deferred until 0ms
+64.328357239s 91 caf.Forwarder:OnOutgoingAlert(): [DEBUG] out=257 alert=/alert/emergency/veh/107/seq=0/zor=[MASKED]
+64.328357239s 91 ndn.AlertConsumer:doReceive(): [INFO ] Received alert: /alert/emergency/veh/107/seq=0/zor=[MASKED]
+64.329231295s 92 caf.Forwarder:OnIncomingAlert(): [DEBUG] in=257 alert=/alert/emergency/veh/107/seq=0/zor=[MASKED]
+64.329231295s 92 caf.Forwarder:AlertVehicleHandler(): [DEBUG] in=(257,0) alert=/alert/emergency/veh/107/seq=0/zor=[MASKED] decision=drop because duplicate alert
+64.329231346s 78 caf.Forwarder:OnIncomingAlert(): [DEBUG] in=257 alert=/alert/emergency/veh/107/seq=0/zor=[MASKED]
+64.329231346s 78 caf.Forwarder:AlertVehicleHandler(): [DEBUG] in=(257,0) alert=/alert/emergency/veh/107/seq=0/zor=[MASKED] decision=forward to vehicles deferred until 0ms
+64.329231346s 78 caf.Forwarder:OnOutgoingAlert(): [DEBUG] out=257 alert=/alert/emergency/veh/107/seq=0/zor=[MASKED]
+64.329231346s 78 ndn.AlertConsumer:doReceive(): [INFO ] Received alert: /alert/emergency/veh/107/seq=0/zor=[MASKED]
+64.329231375s 99 caf.Forwarder:OnIncomingAlert(): [DEBUG] in=257 alert=/alert/emergency/veh/107/seq=0/zor=[MASKED]
+64.329231375s 99 caf.Forwarder:AlertVehicleHandler(): [DEBUG] in=(257,0) alert=/alert/emergency/veh/107/seq=0/zor=[MASKED] decision=drop because duplicate alert
+64.329231395s 100 caf.Forwarder:OnIncomingAlert(): [DEBUG] in=257 alert=/alert/emergency/veh/107/seq=0/zor=[MASKED]
+64.329231395s 100 caf.Forwarder:AlertVehicleHandler(): [DEBUG] in=(257,0) alert=/alert/emergency/veh/107/seq=0/zor=[MASKED] decision=drop because duplicate alert
+64.329231409s 70 caf.Forwarder:OnIncomingAlert(): [DEBUG] in=257 alert=/alert/emergency/veh/107/seq=0/zor=[MASKED]
+64.329231409s 70 caf.Forwarder:AlertVehicleHandler(): [DEBUG] in=(257,0) alert=/alert/emergency/veh/107/seq=0/zor=[MASKED] decision=forward to vehicles deferred until 0ms
+64.329231409s 70 caf.Forwarder:OnOutgoingAlert(): [DEBUG] out=257 alert=/alert/emergency/veh/107/seq=0/zor=[MASKED]
+64.329231409s 70 ndn.AlertConsumer:doReceive(): [INFO ] Received alert: /alert/emergency/veh/107/seq=0/zor=[MASKED]
+64.330105441s 40 caf.Forwarder:OnIncomingAlert(): [DEBUG] in=257 alert=/alert/emergency/veh/107/seq=0/zor=[MASKED]
+64.330105441s 40 caf.Forwarder:AlertVehicleHandler(): [DEBUG] in=(257,0) alert=/alert/emergency/veh/107/seq=0/zor=[MASKED] decision=forward to vehicles deferred until 0ms
+64.330105441s 40 caf.Forwarder:OnOutgoingAlert(): [DEBUG] out=257 alert=/alert/emergency/veh/107/seq=0/zor=[MASKED]
+64.330105441s 40 ndn.AlertConsumer:doReceive(): [INFO ] Received alert: /alert/emergency/veh/107/seq=0/zor=[MASKED]
+64.330105444s 85 caf.Forwarder:OnIncomingAlert(): [DEBUG] in=257 alert=/alert/emergency/veh/107/seq=0/zor=[MASKED]
+64.330105444s 85 caf.Forwarder:AlertVehicleHandler(): [DEBUG] in=(257,0) alert=/alert/emergency/veh/107/seq=0/zor=[MASKED] decision=forward to vehicles deferred until 0ms
+64.330105444s 85 caf.Forwarder:OnOutgoingAlert(): [DEBUG] out=257 alert=/alert/emergency/veh/107/seq=0/zor=[MASKED]
+64.330105444s 85 ndn.AlertConsumer:doReceive(): [INFO ] Received alert: /alert/emergency/veh/107/seq=0/zor=[MASKED]
+64.330105453s 91 caf.Forwarder:OnIncomingAlert(): [DEBUG] in=257 alert=/alert/emergency/veh/107/seq=0/zor=[MASKED]
+64.330105453s 91 caf.Forwarder:AlertVehicleHandler(): [DEBUG] in=(257,0) alert=/alert/emergency/veh/107/seq=0/zor=[MASKED] decision=drop because duplicate alert
+64.330105486s 56 caf.Forwarder:OnIncomingAlert(): [DEBUG] in=257 alert=/alert/emergency/veh/107/seq=0/zor=[MASKED]
+64.330105486s 56 caf.Forwarder:AlertVehicleHandler(): [DEBUG] in=(257,0) alert=/alert/emergency/veh/107/seq=0/zor=[MASKED] decision=forward to vehicles deferred until 0ms
+64.330105486s 56 caf.Forwarder:OnOutgoingAlert(): [DEBUG] out=257 alert=/alert/emergency/veh/107/seq=0/zor=[MASKED]
+64.330105486s 56 ndn.AlertConsumer:doReceive(): [INFO ] Received alert: /alert/emergency/veh/107/seq=0/zor=[MASKED]
+64.330105498s 71 caf.Forwarder:OnIncomingAlert(): [DEBUG] in=257 alert=/alert/emergency/veh/107/seq=0/zor=[MASKED]
+64.330105498s 71 caf.Forwarder:AlertVehicleHandler(): [DEBUG] in=(257,0) alert=/alert/emergency/veh/107/seq=0/zor=[MASKED] decision=forward to vehicles deferred until 0ms
+64.330105498s 71 caf.Forwarder:OnOutgoingAlert(): [DEBUG] out=257 alert=/alert/emergency/veh/107/seq=0/zor=[MASKED]
+64.330105498s 71 ndn.AlertConsumer:doReceive(): [INFO ] Received alert: /alert/emergency/veh/107/seq=0/zor=[MASKED]
+64.330105504s 79 caf.Forwarder:OnIncomingAlert(): [DEBUG] in=257 alert=/alert/emergency/veh/107/seq=0/zor=[MASKED]
+64.330105504s 79 caf.Forwarder:AlertVehicleHandler(): [DEBUG] in=(257,0) alert=/alert/emergency/veh/107/seq=0/zor=[MASKED] decision=forward to vehicles deferred until 0ms
+64.330105504s 79 caf.Forwarder:OnOutgoingAlert(): [DEBUG] out=257 alert=/alert/emergency/veh/107/seq=0/zor=[MASKED]
+64.330105504s 79 ndn.AlertConsumer:doReceive(): [INFO ] Received alert: /alert/emergency/veh/107/seq=0/zor=[MASKED]
+64.330105507s 92 caf.Forwarder:OnIncomingAlert(): [DEBUG] in=257 alert=/alert/emergency/veh/107/seq=0/zor=[MASKED]
+64.330105507s 92 caf.Forwarder:AlertVehicleHandler(): [DEBUG] in=(257,0) alert=/alert/emergency/veh/107/seq=0/zor=[MASKED] decision=drop because duplicate alert
+64.330105537s 63 caf.Forwarder:OnIncomingAlert(): [DEBUG] in=257 alert=/alert/emergency/veh/107/seq=0/zor=[MASKED]
+64.330105537s 63 caf.Forwarder:AlertVehicleHandler(): [DEBUG] in=(257,0) alert=/alert/emergency/veh/107/seq=0/zor=[MASKED] decision=forward to vehicles deferred until 0ms
+64.330105537s 63 caf.Forwarder:OnOutgoingAlert(): [DEBUG] out=257 alert=/alert/emergency/veh/107/seq=0/zor=[MASKED]
+64.330105537s 63 ndn.AlertConsumer:doReceive(): [INFO ] Received alert: /alert/emergency/veh/107/seq=0/zor=[MASKED]
+64.330105556s 66 caf.Forwarder:OnIncomingAlert(): [DEBUG] in=257 alert=/alert/emergency/veh/107/seq=0/zor=[MASKED]
+64.330105556s 66 caf.Forwarder:AlertVehicleHandler(): [DEBUG] in=(257,0) alert=/alert/emergency/veh/107/seq=0/zor=[MASKED] decision=forward to vehicles deferred until 0ms
+64.330105556s 66 caf.Forwarder:OnOutgoingAlert(): [DEBUG] out=257 alert=/alert/emergency/veh/107/seq=0/zor=[MASKED]
+64.330105556s 66 ndn.AlertConsumer:doReceive(): [INFO ] Received alert: /alert/emergency/veh/107/seq=0/zor=[MASKED]
+64.396602364s 109 ndn.RandomAlertProducer:AlertSupplier(): [LOGIC] Send alert=/alert/emergency/veh/109/seq=0/zor=[MASKED] vehCount=79 rsuCount=9
+64.396602364s 109 caf.Forwarder:OnIncomingAlert(): [DEBUG] in=260 alert=/alert/emergency/veh/109/seq=0/zor=[MASKED]
+64.396602364s 109 caf.Forwarder:AlertVehicleHandler(): [DEBUG] in=(260,0) alert=/alert/emergency/veh/109/seq=0/zor=[MASKED] decision=forward to vehicles
+64.396602364s 109 caf.Forwarder:OnOutgoingAlert(): [DEBUG] out=257 alert=/alert/emergency/veh/109/seq=0/zor=[MASKED]
+64.397476390s 26 caf.Forwarder:OnIncomingAlert(): [DEBUG] in=257 alert=/alert/emergency/veh/109/seq=0/zor=[MASKED]
+64.397476390s 26 caf.Forwarder:AlertVehicleHandler(): [DEBUG] in=(257,0) alert=/alert/emergency/veh/109/seq=0/zor=[MASKED] decision=forward to vehicles deferred until 4.27514ms
+64.397476432s 117 caf.Forwarder:OnIncomingAlert(): [DEBUG] in=257 alert=/alert/emergency/veh/109/seq=0/zor=[MASKED]
+64.397476432s 117 caf.Forwarder:AlertVehicleHandler(): [DEBUG] in=(257,0) alert=/alert/emergency/veh/109/seq=0/zor=[MASKED] decision=drop since sender is closer
+64.397476441s 116 caf.Forwarder:OnIncomingAlert(): [DEBUG] in=257 alert=/alert/emergency/veh/109/seq=0/zor=[MASKED]
+64.397476441s 116 caf.Forwarder:AlertVehicleHandler(): [DEBUG] in=(257,0) alert=/alert/emergency/veh/109/seq=0/zor=[MASKED] decision=drop since sender is closer
+64.397476450s 108 caf.Forwarder:OnIncomingAlert(): [DEBUG] in=257 alert=/alert/emergency/veh/109/seq=0/zor=[MASKED]
+64.397476450s 108 caf.Forwarder:AlertVehicleHandler(): [DEBUG] in=(257,0) alert=/alert/emergency/veh/109/seq=0/zor=[MASKED] decision=forward to vehicles deferred until 2.45688ms
+64.397476515s 102 caf.Forwarder:OnIncomingAlert(): [DEBUG] in=257 alert=/alert/emergency/veh/109/seq=0/zor=[MASKED]
+64.397476515s 102 caf.Forwarder:AlertVehicleHandler(): [DEBUG] in=(257,0) alert=/alert/emergency/veh/109/seq=0/zor=[MASKED] decision=forward to vehicles deferred until 0.472984ms
+64.397949498s 102 caf.Forwarder:OnOutgoingAlert(): [DEBUG] out=257 alert=/alert/emergency/veh/109/seq=0/zor=[MASKED]
+64.398823540s 101 caf.Forwarder:OnIncomingAlert(): [DEBUG] in=257 alert=/alert/emergency/veh/109/seq=0/zor=[MASKED]
+64.398823540s 101 caf.Forwarder:AlertVehicleHandler(): [DEBUG] in=(257,0) alert=/alert/emergency/veh/109/seq=0/zor=[MASKED] decision=forward to vehicles deferred until 0ms
+64.398823540s 101 caf.Forwarder:OnOutgoingAlert(): [DEBUG] out=257 alert=/alert/emergency/veh/109/seq=0/zor=[MASKED]
+64.398823540s 101 ndn.AlertConsumer:doReceive(): [INFO ] Received alert: /alert/emergency/veh/109/seq=0/zor=[MASKED]
+64.398823563s 108 caf.Forwarder:OnIncomingAlert(): [DEBUG] in=257 alert=/alert/emergency/veh/109/seq=0/zor=[MASKED]
+64.398823563s 108 caf.Forwarder:AlertVehicleHandler(): [DEBUG] in= (257,0) alert=/alert/emergency/veh/109/seq=0/zor=[MASKED] timer cancelled because sender closer to ZoR
+64.398823590s 96 caf.Forwarder:OnIncomingAlert(): [DEBUG] in=257 alert=/alert/emergency/veh/109/seq=0/zor=[MASKED]
+64.398823590s 96 caf.Forwarder:AlertVehicleHandler(): [DEBUG] in=(257,0) alert=/alert/emergency/veh/109/seq=0/zor=[MASKED] decision=forward to vehicles deferred until 0ms
+64.398823590s 96 caf.Forwarder:OnOutgoingAlert(): [DEBUG] out=257 alert=/alert/emergency/veh/109/seq=0/zor=[MASKED]
+64.398823590s 96 ndn.AlertConsumer:doReceive(): [INFO ] Received alert: /alert/emergency/veh/109/seq=0/zor=[MASKED]
+64.398823636s 26 caf.Forwarder:OnIncomingAlert(): [DEBUG] in=257 alert=/alert/emergency/veh/109/seq=0/zor=[MASKED]
+64.398823636s 26 caf.Forwarder:AlertVehicleHandler(): [DEBUG] in= (257,0) alert=/alert/emergency/veh/109/seq=0/zor=[MASKED] timer cancelled because sender closer to ZoR
+64.398823649s 109 caf.Forwarder:OnIncomingAlert(): [DEBUG] in=257 alert=/alert/emergency/veh/109/seq=0/zor=[MASKED]
+64.398823649s 109 caf.Forwarder:AlertVehicleHandler(): [DEBUG] in=(257,0) alert=/alert/emergency/veh/109/seq=0/zor=[MASKED] decision=drop because duplicate alert
+64.398823661s 37 caf.Forwarder:OnIncomingAlert(): [DEBUG] in=257 alert=/alert/emergency/veh/109/seq=0/zor=[MASKED]
+64.398823661s 37 caf.Forwarder:AlertVehicleHandler(): [DEBUG] in=(257,0) alert=/alert/emergency/veh/109/seq=0/zor=[MASKED] decision=forward to vehicles deferred until 0ms
+64.398823661s 37 caf.Forwarder:OnOutgoingAlert(): [DEBUG] out=257 alert=/alert/emergency/veh/109/seq=0/zor=[MASKED]
+64.398823661s 37 ndn.AlertConsumer:doReceive(): [INFO ] Received alert: /alert/emergency/veh/109/seq=0/zor=[MASKED]
+64.399697582s 102 caf.Forwarder:OnIncomingAlert(): [DEBUG] in=257 alert=/alert/emergency/veh/109/seq=0/zor=[MASKED]
+64.399697582s 102 caf.Forwarder:AlertVehicleHandler(): [DEBUG] in=(257,0) alert=/alert/emergency/veh/109/seq=0/zor=[MASKED] decision=drop because duplicate alert
+64.399697703s 93 caf.Forwarder:OnIncomingAlert(): [DEBUG] in=257 alert=/alert/emergency/veh/109/seq=0/zor=[MASKED]
+64.399697703s 93 caf.Forwarder:AlertVehicleHandler(): [DEBUG] in=(257,0) alert=/alert/emergency/veh/109/seq=0/zor=[MASKED] decision=forward to vehicles deferred until 0ms
+64.399697703s 93 caf.Forwarder:OnOutgoingAlert(): [DEBUG] out=257 alert=/alert/emergency/veh/109/seq=0/zor=[MASKED]
+64.399697703s 93 ndn.AlertConsumer:doReceive(): [INFO ] Received alert: /alert/emergency/veh/109/seq=0/zor=[MASKED]
+64.399697743s 86 caf.Forwarder:OnIncomingAlert(): [DEBUG] in=257 alert=/alert/emergency/veh/109/seq=0/zor=[MASKED]
+64.399697743s 86 caf.Forwarder:AlertVehicleHandler(): [DEBUG] in=(257,0) alert=/alert/emergency/veh/109/seq=0/zor=[MASKED] decision=forward to vehicles deferred until 0ms
+64.399697743s 86 caf.Forwarder:OnOutgoingAlert(): [DEBUG] out=257 alert=/alert/emergency/veh/109/seq=0/zor=[MASKED]
+64.399697743s 86 ndn.AlertConsumer:doReceive(): [INFO ] Received alert: /alert/emergency/veh/109/seq=0/zor=[MASKED]
+64.400571745s 37 caf.Forwarder:OnIncomingAlert(): [DEBUG] in=257 alert=/alert/emergency/veh/109/seq=0/zor=[MASKED]
+64.400571745s 37 caf.Forwarder:AlertVehicleHandler(): [DEBUG] in=(257,0) alert=/alert/emergency/veh/109/seq=0/zor=[MASKED] decision=drop because duplicate alert
+64.400571800s 96 caf.Forwarder:OnIncomingAlert(): [DEBUG] in=257 alert=/alert/emergency/veh/109/seq=0/zor=[MASKED]
+64.400571800s 96 caf.Forwarder:AlertVehicleHandler(): [DEBUG] in=(257,0) alert=/alert/emergency/veh/109/seq=0/zor=[MASKED] decision=drop because duplicate alert
+64.400571802s 24 caf.Forwarder:OnIncomingAlert(): [DEBUG] in=257 alert=/alert/emergency/veh/109/seq=0/zor=[MASKED]
+64.400571802s 24 caf.Forwarder:AlertVehicleHandler(): [DEBUG] in=(257,0) alert=/alert/emergency/veh/109/seq=0/zor=[MASKED] decision=forward to vehicles deferred until 0ms
+64.400571802s 24 caf.Forwarder:OnOutgoingAlert(): [DEBUG] out=257 alert=/alert/emergency/veh/109/seq=0/zor=[MASKED]
+64.400571802s 24 ndn.AlertConsumer:doReceive(): [INFO ] Received alert: /alert/emergency/veh/109/seq=0/zor=[MASKED]
+64.400571823s 88 caf.Forwarder:OnIncomingAlert(): [DEBUG] in=257 alert=/alert/emergency/veh/109/seq=0/zor=[MASKED]
+64.400571823s 88 caf.Forwarder:AlertVehicleHandler(): [DEBUG] in=(257,0) alert=/alert/emergency/veh/109/seq=0/zor=[MASKED] decision=forward to vehicles deferred until 0ms
+64.400571823s 88 caf.Forwarder:OnOutgoingAlert(): [DEBUG] out=257 alert=/alert/emergency/veh/109/seq=0/zor=[MASKED]
+64.400571823s 88 ndn.AlertConsumer:doReceive(): [INFO ] Received alert: /alert/emergency/veh/109/seq=0/zor=[MASKED]
+64.400571861s 81 caf.Forwarder:OnIncomingAlert(): [DEBUG] in=257 alert=/alert/emergency/veh/109/seq=0/zor=[MASKED]
+64.400571861s 81 caf.Forwarder:AlertVehicleHandler(): [DEBUG] in=(257,0) alert=/alert/emergency/veh/109/seq=0/zor=[MASKED] decision=forward to vehicles deferred until 0ms
+64.400571861s 81 caf.Forwarder:OnOutgoingAlert(): [DEBUG] out=257 alert=/alert/emergency/veh/109/seq=0/zor=[MASKED]
+64.400571861s 81 ndn.AlertConsumer:doReceive(): [INFO ] Received alert: /alert/emergency/veh/109/seq=0/zor=[MASKED]
+64.400571874s 23 caf.Forwarder:OnIncomingAlert(): [DEBUG] in=257 alert=/alert/emergency/veh/109/seq=0/zor=[MASKED]
+64.400571874s 23 caf.Forwarder:AlertVehicleHandler(): [DEBUG] in=(257,0) alert=/alert/emergency/veh/109/seq=0/zor=[MASKED] decision=forward to vehicles deferred until 0ms
+64.400571874s 23 caf.Forwarder:OnOutgoingAlert(): [DEBUG] out=257 alert=/alert/emergency/veh/109/seq=0/zor=[MASKED]
+64.400571874s 23 ndn.AlertConsumer:doReceive(): [INFO ] Received alert: /alert/emergency/veh/109/seq=0/zor=[MASKED]
+64.506029317s 110 ndn.RandomAlertProducer:AlertSupplier(): [LOGIC] Send alert=/alert/emergency/veh/110/seq=0/zor=[MASKED] vehCount=79 rsuCount=9
+64.506029317s 110 caf.Forwarder:OnIncomingAlert(): [DEBUG] in=260 alert=/alert/emergency/veh/110/seq=0/zor=[MASKED]
+64.506029317s 110 caf.Forwarder:AlertVehicleHandler(): [DEBUG] in=(260,0) alert=/alert/emergency/veh/110/seq=0/zor=[MASKED] decision=forward to vehicles
+64.506029317s 110 caf.Forwarder:OnOutgoingAlert(): [DEBUG] out=257 alert=/alert/emergency/veh/110/seq=0/zor=[MASKED]
+64.506903344s 111 caf.Forwarder:OnIncomingAlert(): [DEBUG] in=257 alert=/alert/emergency/veh/110/seq=0/zor=[MASKED]
+64.506903344s 111 caf.Forwarder:AlertVehicleHandler(): [DEBUG] in=(257,0) alert=/alert/emergency/veh/110/seq=0/zor=[MASKED] decision=forward to vehicles deferred until 4.23624ms
+64.506903392s 118 caf.Forwarder:OnIncomingAlert(): [DEBUG] in=257 alert=/alert/emergency/veh/110/seq=0/zor=[MASKED]
+64.506903392s 118 caf.Forwarder:AlertVehicleHandler(): [DEBUG] in=(257,0) alert=/alert/emergency/veh/110/seq=0/zor=[MASKED] decision=drop since sender is closer
+64.506903421s 103 caf.Forwarder:OnIncomingAlert(): [DEBUG] in=257 alert=/alert/emergency/veh/110/seq=0/zor=[MASKED]
+64.506903421s 103 caf.Forwarder:AlertVehicleHandler(): [DEBUG] in=(257,0) alert=/alert/emergency/veh/110/seq=0/zor=[MASKED] decision=forward to vehicles deferred until 1.91055ms
+64.508813975s 103 caf.Forwarder:OnOutgoingAlert(): [DEBUG] out=257 alert=/alert/emergency/veh/110/seq=0/zor=[MASKED]
+64.509688054s 111 caf.Forwarder:OnIncomingAlert(): [DEBUG] in=257 alert=/alert/emergency/veh/110/seq=0/zor=[MASKED]
+64.509688054s 111 caf.Forwarder:AlertVehicleHandler(): [DEBUG] in= (257,0) alert=/alert/emergency/veh/110/seq=0/zor=[MASKED] timer cancelled because sender closer to ZoR
+64.509688079s 110 caf.Forwarder:OnIncomingAlert(): [DEBUG] in=257 alert=/alert/emergency/veh/110/seq=0/zor=[MASKED]
+64.509688079s 110 caf.Forwarder:AlertVehicleHandler(): [DEBUG] in=(257,0) alert=/alert/emergency/veh/110/seq=0/zor=[MASKED] decision=drop because duplicate alert
+64.912479794s 108 ndn.RandomAlertProducer:AlertSupplier(): [LOGIC] Send alert=/alert/emergency/veh/108/seq=0/zor=[MASKED] vehCount=80 rsuCount=9
+64.912479794s 108 caf.Forwarder:OnIncomingAlert(): [DEBUG] in=260 alert=/alert/emergency/veh/108/seq=0/zor=[MASKED]
+64.912479794s 108 caf.Forwarder:AlertVehicleHandler(): [DEBUG] in=(260,0) alert=/alert/emergency/veh/108/seq=0/zor=[MASKED] decision=forward to vehicles
+64.912479794s 108 caf.Forwarder:OnOutgoingAlert(): [DEBUG] out=257 alert=/alert/emergency/veh/108/seq=0/zor=[MASKED]
+64.913353857s 102 caf.Forwarder:OnIncomingAlert(): [DEBUG] in=257 alert=/alert/emergency/veh/108/seq=0/zor=[MASKED]
+64.913353857s 102 caf.Forwarder:AlertVehicleHandler(): [DEBUG] in=(257,0) alert=/alert/emergency/veh/108/seq=0/zor=[MASKED] decision=forward to vehicles deferred until 3.16081ms
+64.913353875s 109 caf.Forwarder:OnIncomingAlert(): [DEBUG] in=257 alert=/alert/emergency/veh/108/seq=0/zor=[MASKED]
+64.913353875s 109 caf.Forwarder:AlertVehicleHandler(): [DEBUG] in=(257,0) alert=/alert/emergency/veh/108/seq=0/zor=[MASKED] decision=drop since sender is closer
+64.913353902s 101 caf.Forwarder:OnIncomingAlert(): [DEBUG] in=257 alert=/alert/emergency/veh/108/seq=0/zor=[MASKED]
+64.913353902s 101 caf.Forwarder:AlertVehicleHandler(): [DEBUG] in=(257,0) alert=/alert/emergency/veh/108/seq=0/zor=[MASKED] decision=forward to vehicles deferred until 0ms
+64.913353902s 101 caf.Forwarder:OnOutgoingAlert(): [DEBUG] out=257 alert=/alert/emergency/veh/108/seq=0/zor=[MASKED]
+64.913353902s 101 ndn.AlertConsumer:doReceive(): [INFO ] Received alert: /alert/emergency/veh/108/seq=0/zor=[MASKED]
+64.913353908s 26 caf.Forwarder:OnIncomingAlert(): [DEBUG] in=257 alert=/alert/emergency/veh/108/seq=0/zor=[MASKED]
+64.913353908s 26 caf.Forwarder:AlertVehicleHandler(): [DEBUG] in=(257,0) alert=/alert/emergency/veh/108/seq=0/zor=[MASKED] decision=drop since sender is closer
+64.913353942s 117 caf.Forwarder:OnIncomingAlert(): [DEBUG] in=257 alert=/alert/emergency/veh/108/seq=0/zor=[MASKED]
+64.913353942s 117 caf.Forwarder:AlertVehicleHandler(): [DEBUG] in=(257,0) alert=/alert/emergency/veh/108/seq=0/zor=[MASKED] decision=drop since sender is closer
+64.913353950s 116 caf.Forwarder:OnIncomingAlert(): [DEBUG] in=257 alert=/alert/emergency/veh/108/seq=0/zor=[MASKED]
+64.913353950s 116 caf.Forwarder:AlertVehicleHandler(): [DEBUG] in=(257,0) alert=/alert/emergency/veh/108/seq=0/zor=[MASKED] decision=drop since sender is closer
+64.913353957s 96 caf.Forwarder:OnIncomingAlert(): [DEBUG] in=257 alert=/alert/emergency/veh/108/seq=0/zor=[MASKED]
+64.913353957s 96 caf.Forwarder:AlertVehicleHandler(): [DEBUG] in=(257,0) alert=/alert/emergency/veh/108/seq=0/zor=[MASKED] decision=forward to vehicles deferred until 0ms
+64.913353957s 96 caf.Forwarder:OnOutgoingAlert(): [DEBUG] out=257 alert=/alert/emergency/veh/108/seq=0/zor=[MASKED]
+64.913353957s 96 ndn.AlertConsumer:doReceive(): [INFO ] Received alert: /alert/emergency/veh/108/seq=0/zor=[MASKED]
+64.914227948s 102 caf.Forwarder:OnIncomingAlert(): [DEBUG] in=257 alert=/alert/emergency/veh/108/seq=0/zor=[MASKED]
+64.914227948s 102 caf.Forwarder:AlertVehicleHandler(): [DEBUG] in= (257,0) alert=/alert/emergency/veh/108/seq=0/zor=[MASKED] timer cancelled because sender closer to ZoR
+64.914227990s 37 caf.Forwarder:OnIncomingAlert(): [DEBUG] in=257 alert=/alert/emergency/veh/108/seq=0/zor=[MASKED]
+64.914227990s 37 caf.Forwarder:AlertVehicleHandler(): [DEBUG] in=(257,0) alert=/alert/emergency/veh/108/seq=0/zor=[MASKED] decision=forward to vehicles deferred until 0ms
+64.914227990s 37 caf.Forwarder:OnOutgoingAlert(): [DEBUG] out=257 alert=/alert/emergency/veh/108/seq=0/zor=[MASKED]
+64.914227990s 37 ndn.AlertConsumer:doReceive(): [INFO ] Received alert: /alert/emergency/veh/108/seq=0/zor=[MASKED]
+64.914228010s 108 caf.Forwarder:OnIncomingAlert(): [DEBUG] in=257 alert=/alert/emergency/veh/108/seq=0/zor=[MASKED]
+64.914228010s 108 caf.Forwarder:AlertVehicleHandler(): [DEBUG] in=(257,0) alert=/alert/emergency/veh/108/seq=0/zor=[MASKED] decision=drop because duplicate alert
+64.914228054s 93 caf.Forwarder:OnIncomingAlert(): [DEBUG] in=257 alert=/alert/emergency/veh/108/seq=0/zor=[MASKED]
+64.914228054s 93 caf.Forwarder:AlertVehicleHandler(): [DEBUG] in=(257,0) alert=/alert/emergency/veh/108/seq=0/zor=[MASKED] decision=forward to vehicles deferred until 0ms
+64.914228054s 93 caf.Forwarder:OnOutgoingAlert(): [DEBUG] out=257 alert=/alert/emergency/veh/108/seq=0/zor=[MASKED]
+64.914228054s 93 ndn.AlertConsumer:doReceive(): [INFO ] Received alert: /alert/emergency/veh/108/seq=0/zor=[MASKED]
+64.915102023s 96 caf.Forwarder:OnIncomingAlert(): [DEBUG] in=257 alert=/alert/emergency/veh/108/seq=0/zor=[MASKED]
+64.915102023s 96 caf.Forwarder:AlertVehicleHandler(): [DEBUG] in=(257,0) alert=/alert/emergency/veh/108/seq=0/zor=[MASKED] decision=drop because duplicate alert
+64.915102077s 101 caf.Forwarder:OnIncomingAlert(): [DEBUG] in=257 alert=/alert/emergency/veh/108/seq=0/zor=[MASKED]
+64.915102077s 101 caf.Forwarder:AlertVehicleHandler(): [DEBUG] in=(257,0) alert=/alert/emergency/veh/108/seq=0/zor=[MASKED] decision=drop because duplicate alert
+64.915102108s 86 caf.Forwarder:OnIncomingAlert(): [DEBUG] in=257 alert=/alert/emergency/veh/108/seq=0/zor=[MASKED]
+64.915102108s 86 caf.Forwarder:AlertVehicleHandler(): [DEBUG] in=(257,0) alert=/alert/emergency/veh/108/seq=0/zor=[MASKED] decision=forward to vehicles deferred until 0ms
+64.915102108s 86 caf.Forwarder:OnOutgoingAlert(): [DEBUG] out=257 alert=/alert/emergency/veh/108/seq=0/zor=[MASKED]
+64.915102108s 86 ndn.AlertConsumer:doReceive(): [INFO ] Received alert: /alert/emergency/veh/108/seq=0/zor=[MASKED]
+64.915102117s 102 caf.Forwarder:OnIncomingAlert(): [DEBUG] in=257 alert=/alert/emergency/veh/108/seq=0/zor=[MASKED]
+64.915102117s 102 caf.Forwarder:AlertVehicleHandler(): [DEBUG] in=(257,0) alert=/alert/emergency/veh/108/seq=0/zor=[MASKED] decision=drop because duplicate alert
+64.915102124s 24 caf.Forwarder:OnIncomingAlert(): [DEBUG] in=257 alert=/alert/emergency/veh/108/seq=0/zor=[MASKED]
+64.915102124s 24 caf.Forwarder:AlertVehicleHandler(): [DEBUG] in=(257,0) alert=/alert/emergency/veh/108/seq=0/zor=[MASKED] decision=forward to vehicles deferred until 0ms
+64.915102124s 24 caf.Forwarder:OnOutgoingAlert(): [DEBUG] out=257 alert=/alert/emergency/veh/108/seq=0/zor=[MASKED]
+64.915102124s 24 ndn.AlertConsumer:doReceive(): [INFO ] Received alert: /alert/emergency/veh/108/seq=0/zor=[MASKED]
+64.915102189s 88 caf.Forwarder:OnIncomingAlert(): [DEBUG] in=257 alert=/alert/emergency/veh/108/seq=0/zor=[MASKED]
+64.915102189s 88 caf.Forwarder:AlertVehicleHandler(): [DEBUG] in=(257,0) alert=/alert/emergency/veh/108/seq=0/zor=[MASKED] decision=forward to vehicles deferred until 0ms
+64.915102189s 88 caf.Forwarder:OnOutgoingAlert(): [DEBUG] out=257 alert=/alert/emergency/veh/108/seq=0/zor=[MASKED]
+64.915102189s 88 ndn.AlertConsumer:doReceive(): [INFO ] Received alert: /alert/emergency/veh/108/seq=0/zor=[MASKED]
+64.915102195s 23 caf.Forwarder:OnIncomingAlert(): [DEBUG] in=257 alert=/alert/emergency/veh/108/seq=0/zor=[MASKED]
+64.915102195s 23 caf.Forwarder:AlertVehicleHandler(): [DEBUG] in=(257,0) alert=/alert/emergency/veh/108/seq=0/zor=[MASKED] decision=forward to vehicles deferred until 0ms
+64.915102195s 23 caf.Forwarder:OnOutgoingAlert(): [DEBUG] out=257 alert=/alert/emergency/veh/108/seq=0/zor=[MASKED]
+64.915102195s 23 ndn.AlertConsumer:doReceive(): [INFO ] Received alert: /alert/emergency/veh/108/seq=0/zor=[MASKED]
+64.915102224s 81 caf.Forwarder:OnIncomingAlert(): [DEBUG] in=257 alert=/alert/emergency/veh/108/seq=0/zor=[MASKED]
+64.915102224s 81 caf.Forwarder:AlertVehicleHandler(): [DEBUG] in=(257,0) alert=/alert/emergency/veh/108/seq=0/zor=[MASKED] decision=forward to vehicles deferred until 0ms
+64.915102224s 81 caf.Forwarder:OnOutgoingAlert(): [DEBUG] out=257 alert=/alert/emergency/veh/108/seq=0/zor=[MASKED]
+64.915102224s 81 ndn.AlertConsumer:doReceive(): [INFO ] Received alert: /alert/emergency/veh/108/seq=0/zor=[MASKED]
+64.961489805s 111 ndn.RandomAlertProducer:SendAlert(): [LOGIC] Don't send alert; condition failed
+65.033651597s 113 ndn.RandomAlertProducer:AlertSupplier(): [LOGIC] Send alert=/alert/emergency/veh/113/seq=0/zor=[MASKED] vehCount=81 rsuCount=9
+65.033651597s 113 caf.Forwarder:OnIncomingAlert(): [DEBUG] in=260 alert=/alert/emergency/veh/113/seq=0/zor=[MASKED]
+65.033651597s 113 caf.Forwarder:AlertVehicleHandler(): [DEBUG] in=(260,0) alert=/alert/emergency/veh/113/seq=0/zor=[MASKED] decision=forward to vehicles
+65.033651597s 113 caf.Forwarder:OnOutgoingAlert(): [DEBUG] out=257 alert=/alert/emergency/veh/113/seq=0/zor=[MASKED]
+65.034525659s 18 caf.Forwarder:OnIncomingAlert(): [DEBUG] in=257 alert=/alert/emergency/veh/113/seq=0/zor=[MASKED]
+65.034525659s 18 caf.Forwarder:AlertVehicleHandler(): [DEBUG] in=(257,0) alert=/alert/emergency/veh/113/seq=0/zor=[MASKED] decision=forward to vehicles deferred until 3.18708ms
+65.034525682s 119 caf.Forwarder:OnIncomingAlert(): [DEBUG] in=257 alert=/alert/emergency/veh/113/seq=0/zor=[MASKED]
+65.034525682s 119 caf.Forwarder:AlertVehicleHandler(): [DEBUG] in=(257,0) alert=/alert/emergency/veh/113/seq=0/zor=[MASKED] decision=drop since sender is closer
+65.034525689s 112 caf.Forwarder:OnIncomingAlert(): [DEBUG] in=257 alert=/alert/emergency/veh/113/seq=0/zor=[MASKED]
+65.034525689s 112 caf.Forwarder:AlertVehicleHandler(): [DEBUG] in=(257,0) alert=/alert/emergency/veh/113/seq=0/zor=[MASKED] decision=forward to vehicles deferred until 2.25275ms
+65.034525710s 105 caf.Forwarder:OnIncomingAlert(): [DEBUG] in=257 alert=/alert/emergency/veh/113/seq=0/zor=[MASKED]
+65.034525710s 105 caf.Forwarder:AlertVehicleHandler(): [DEBUG] in=(257,0) alert=/alert/emergency/veh/113/seq=0/zor=[MASKED] decision=forward to vehicles deferred until 1.62236ms
+65.034525747s 19 caf.Forwarder:OnIncomingAlert(): [DEBUG] in=257 alert=/alert/emergency/veh/113/seq=0/zor=[MASKED]
+65.034525747s 19 caf.Forwarder:AlertVehicleHandler(): [DEBUG] in=(257,0) alert=/alert/emergency/veh/113/seq=0/zor=[MASKED] decision=drop since sender is closer
+65.034525755s 104 caf.Forwarder:OnIncomingAlert(): [DEBUG] in=257 alert=/alert/emergency/veh/113/seq=0/zor=[MASKED]
+65.034525755s 104 caf.Forwarder:AlertVehicleHandler(): [DEBUG] in=(257,0) alert=/alert/emergency/veh/113/seq=0/zor=[MASKED] decision=forward to vehicles deferred until 0.252402ms
+65.034778156s 104 caf.Forwarder:OnOutgoingAlert(): [DEBUG] out=257 alert=/alert/emergency/veh/113/seq=0/zor=[MASKED]
+65.035652184s 98 caf.Forwarder:OnIncomingAlert(): [DEBUG] in=257 alert=/alert/emergency/veh/113/seq=0/zor=[MASKED]
+65.035652184s 98 caf.Forwarder:AlertVehicleHandler(): [DEBUG] in=(257,0) alert=/alert/emergency/veh/113/seq=0/zor=[MASKED] decision=forward to vehicles deferred until 0ms
+65.035652184s 98 caf.Forwarder:OnOutgoingAlert(): [DEBUG] out=257 alert=/alert/emergency/veh/113/seq=0/zor=[MASKED]
+65.035652184s 98 ndn.AlertConsumer:doReceive(): [INFO ] Received alert: /alert/emergency/veh/113/seq=0/zor=[MASKED]
+65.035652202s 105 caf.Forwarder:OnIncomingAlert(): [DEBUG] in=257 alert=/alert/emergency/veh/113/seq=0/zor=[MASKED]
+65.035652202s 105 caf.Forwarder:AlertVehicleHandler(): [DEBUG] in= (257,0) alert=/alert/emergency/veh/113/seq=0/zor=[MASKED] timer cancelled because sender closer to ZoR
+65.035652222s 112 caf.Forwarder:OnIncomingAlert(): [DEBUG] in=257 alert=/alert/emergency/veh/113/seq=0/zor=[MASKED]
+65.035652222s 112 caf.Forwarder:AlertVehicleHandler(): [DEBUG] in= (257,0) alert=/alert/emergency/veh/113/seq=0/zor=[MASKED] timer cancelled because sender closer to ZoR
+65.035652256s 90 caf.Forwarder:OnIncomingAlert(): [DEBUG] in=257 alert=/alert/emergency/veh/113/seq=0/zor=[MASKED]
+65.035652256s 90 caf.Forwarder:AlertVehicleHandler(): [DEBUG] in=(257,0) alert=/alert/emergency/veh/113/seq=0/zor=[MASKED] decision=forward to vehicles deferred until 0ms
+65.035652256s 90 caf.Forwarder:OnOutgoingAlert(): [DEBUG] out=257 alert=/alert/emergency/veh/113/seq=0/zor=[MASKED]
+65.035652256s 90 ndn.AlertConsumer:doReceive(): [INFO ] Received alert: /alert/emergency/veh/113/seq=0/zor=[MASKED]
+65.035652262s 18 caf.Forwarder:OnIncomingAlert(): [DEBUG] in=257 alert=/alert/emergency/veh/113/seq=0/zor=[MASKED]
+65.035652262s 18 caf.Forwarder:AlertVehicleHandler(): [DEBUG] in= (257,0) alert=/alert/emergency/veh/113/seq=0/zor=[MASKED] timer cancelled because sender closer to ZoR
+65.035652277s 28 caf.Forwarder:OnIncomingAlert(): [DEBUG] in=257 alert=/alert/emergency/veh/113/seq=0/zor=[MASKED]
+65.035652277s 28 caf.Forwarder:AlertVehicleHandler(): [DEBUG] in=(257,0) alert=/alert/emergency/veh/113/seq=0/zor=[MASKED] decision=forward to vehicles deferred until 0ms
+65.035652277s 28 caf.Forwarder:OnOutgoingAlert(): [DEBUG] out=257 alert=/alert/emergency/veh/113/seq=0/zor=[MASKED]
+65.035652277s 28 ndn.AlertConsumer:doReceive(): [INFO ] Received alert: /alert/emergency/veh/113/seq=0/zor=[MASKED]
+65.035652290s 34 caf.Forwarder:OnIncomingAlert(): [DEBUG] in=257 alert=/alert/emergency/veh/113/seq=0/zor=[MASKED]
+65.035652290s 34 caf.Forwarder:AlertVehicleHandler(): [DEBUG] in=(257,0) alert=/alert/emergency/veh/113/seq=0/zor=[MASKED] decision=forward to vehicles deferred until 0ms
+65.035652290s 34 caf.Forwarder:OnOutgoingAlert(): [DEBUG] out=257 alert=/alert/emergency/veh/113/seq=0/zor=[MASKED]
+65.035652290s 34 ndn.AlertConsumer:doReceive(): [INFO ] Received alert: /alert/emergency/veh/113/seq=0/zor=[MASKED]
+65.035652314s 113 caf.Forwarder:OnIncomingAlert(): [DEBUG] in=257 alert=/alert/emergency/veh/113/seq=0/zor=[MASKED]
+65.035652314s 113 caf.Forwarder:AlertVehicleHandler(): [DEBUG] in=(257,0) alert=/alert/emergency/veh/113/seq=0/zor=[MASKED] decision=drop because duplicate alert
+65.035652315s 97 caf.Forwarder:OnIncomingAlert(): [DEBUG] in=257 alert=/alert/emergency/veh/113/seq=0/zor=[MASKED]
+65.035652315s 97 caf.Forwarder:AlertVehicleHandler(): [DEBUG] in=(257,0) alert=/alert/emergency/veh/113/seq=0/zor=[MASKED] decision=forward to vehicles deferred until 0ms
+65.035652315s 97 caf.Forwarder:OnOutgoingAlert(): [DEBUG] out=257 alert=/alert/emergency/veh/113/seq=0/zor=[MASKED]
+65.035652315s 97 ndn.AlertConsumer:doReceive(): [INFO ] Received alert: /alert/emergency/veh/113/seq=0/zor=[MASKED]
+65.036526212s 104 caf.Forwarder:OnIncomingAlert(): [DEBUG] in=257 alert=/alert/emergency/veh/113/seq=0/zor=[MASKED]
+65.036526212s 104 caf.Forwarder:AlertVehicleHandler(): [DEBUG] in=(257,0) alert=/alert/emergency/veh/113/seq=0/zor=[MASKED] decision=drop because duplicate alert
+65.036526254s 105 caf.Forwarder:OnIncomingAlert(): [DEBUG] in=257 alert=/alert/emergency/veh/113/seq=0/zor=[MASKED]
+65.036526254s 105 caf.Forwarder:AlertVehicleHandler(): [DEBUG] in=(257,0) alert=/alert/emergency/veh/113/seq=0/zor=[MASKED] decision=drop because duplicate alert
+65.036526342s 89 caf.Forwarder:OnIncomingAlert(): [DEBUG] in=257 alert=/alert/emergency/veh/113/seq=0/zor=[MASKED]
+65.036526342s 89 caf.Forwarder:AlertVehicleHandler(): [DEBUG] in=(257,0) alert=/alert/emergency/veh/113/seq=0/zor=[MASKED] decision=forward to vehicles deferred until 0ms
+65.036526342s 89 caf.Forwarder:OnOutgoingAlert(): [DEBUG] out=257 alert=/alert/emergency/veh/113/seq=0/zor=[MASKED]
+65.036526342s 89 ndn.AlertConsumer:doReceive(): [INFO ] Received alert: /alert/emergency/veh/113/seq=0/zor=[MASKED]
+65.037400369s 97 caf.Forwarder:OnIncomingAlert(): [DEBUG] in=257 alert=/alert/emergency/veh/113/seq=0/zor=[MASKED]
+65.037400369s 97 caf.Forwarder:AlertVehicleHandler(): [DEBUG] in=(257,0) alert=/alert/emergency/veh/113/seq=0/zor=[MASKED] decision=drop because duplicate alert
+65.037400395s 34 caf.Forwarder:OnIncomingAlert(): [DEBUG] in=257 alert=/alert/emergency/veh/113/seq=0/zor=[MASKED]
+65.037400395s 34 caf.Forwarder:AlertVehicleHandler(): [DEBUG] in=(257,0) alert=/alert/emergency/veh/113/seq=0/zor=[MASKED] decision=drop because duplicate alert
+65.037400412s 28 caf.Forwarder:OnIncomingAlert(): [DEBUG] in=257 alert=/alert/emergency/veh/113/seq=0/zor=[MASKED]
+65.037400412s 28 caf.Forwarder:AlertVehicleHandler(): [DEBUG] in=(257,0) alert=/alert/emergency/veh/113/seq=0/zor=[MASKED] decision=drop because duplicate alert
+65.037400412s 82 caf.Forwarder:OnIncomingAlert(): [DEBUG] in=257 alert=/alert/emergency/veh/113/seq=0/zor=[MASKED]
+65.037400412s 82 caf.Forwarder:AlertVehicleHandler(): [DEBUG] in=(257,0) alert=/alert/emergency/veh/113/seq=0/zor=[MASKED] decision=forward to vehicles deferred until 0ms
+65.037400412s 82 caf.Forwarder:OnOutgoingAlert(): [DEBUG] out=257 alert=/alert/emergency/veh/113/seq=0/zor=[MASKED]
+65.037400412s 82 ndn.AlertConsumer:doReceive(): [INFO ] Received alert: /alert/emergency/veh/113/seq=0/zor=[MASKED]
+65.037400427s 90 caf.Forwarder:OnIncomingAlert(): [DEBUG] in=257 alert=/alert/emergency/veh/113/seq=0/zor=[MASKED]
+65.037400427s 90 caf.Forwarder:AlertVehicleHandler(): [DEBUG] in=(257,0) alert=/alert/emergency/veh/113/seq=0/zor=[MASKED] decision=drop because duplicate alert
+65.037400440s 32 caf.Forwarder:OnIncomingAlert(): [DEBUG] in=257 alert=/alert/emergency/veh/113/seq=0/zor=[MASKED]
+65.037400440s 32 caf.Forwarder:AlertVehicleHandler(): [DEBUG] in=(257,0) alert=/alert/emergency/veh/113/seq=0/zor=[MASKED] decision=forward to vehicles deferred until 0ms
+65.037400440s 32 caf.Forwarder:OnOutgoingAlert(): [DEBUG] out=257 alert=/alert/emergency/veh/113/seq=0/zor=[MASKED]
+65.037400440s 32 ndn.AlertConsumer:doReceive(): [INFO ] Received alert: /alert/emergency/veh/113/seq=0/zor=[MASKED]
+65.037400451s 83 caf.Forwarder:OnIncomingAlert(): [DEBUG] in=257 alert=/alert/emergency/veh/113/seq=0/zor=[MASKED]
+65.037400451s 83 caf.Forwarder:AlertVehicleHandler(): [DEBUG] in=(257,0) alert=/alert/emergency/veh/113/seq=0/zor=[MASKED] decision=forward to vehicles deferred until 0ms
+65.037400451s 83 caf.Forwarder:OnOutgoingAlert(): [DEBUG] out=257 alert=/alert/emergency/veh/113/seq=0/zor=[MASKED]
+65.037400451s 83 ndn.AlertConsumer:doReceive(): [INFO ] Received alert: /alert/emergency/veh/113/seq=0/zor=[MASKED]
+65.037400482s 75 caf.Forwarder:OnIncomingAlert(): [DEBUG] in=257 alert=/alert/emergency/veh/113/seq=0/zor=[MASKED]
+65.037400482s 75 caf.Forwarder:AlertVehicleHandler(): [DEBUG] in=(257,0) alert=/alert/emergency/veh/113/seq=0/zor=[MASKED] decision=forward to vehicles deferred until 0ms
+65.037400482s 75 caf.Forwarder:OnOutgoingAlert(): [DEBUG] out=257 alert=/alert/emergency/veh/113/seq=0/zor=[MASKED]
+65.037400482s 75 ndn.AlertConsumer:doReceive(): [INFO ] Received alert: /alert/emergency/veh/113/seq=0/zor=[MASKED]
+65.037400501s 98 caf.Forwarder:OnIncomingAlert(): [DEBUG] in=257 alert=/alert/emergency/veh/113/seq=0/zor=[MASKED]
+65.037400501s 98 caf.Forwarder:AlertVehicleHandler(): [DEBUG] in=(257,0) alert=/alert/emergency/veh/113/seq=0/zor=[MASKED] decision=drop because duplicate alert
+66.302191626s 114 ndn.RandomAlertProducer:AlertSupplier(): [LOGIC] Send alert=/alert/emergency/veh/114/seq=0/zor=[MASKED] vehCount=83 rsuCount=9
+66.302191626s 114 caf.Forwarder:OnIncomingAlert(): [DEBUG] in=260 alert=/alert/emergency/veh/114/seq=0/zor=[MASKED]
+66.302191626s 114 caf.Forwarder:AlertVehicleHandler(): [DEBUG] in=(260,0) alert=/alert/emergency/veh/114/seq=0/zor=[MASKED] decision=forward to vehicles
+66.302191626s 114 caf.Forwarder:OnOutgoingAlert(): [DEBUG] out=257 alert=/alert/emergency/veh/114/seq=0/zor=[MASKED]
+66.303065661s 20 caf.Forwarder:OnIncomingAlert(): [DEBUG] in=257 alert=/alert/emergency/veh/114/seq=0/zor=[MASKED]
+66.303065661s 20 caf.Forwarder:AlertVehicleHandler(): [DEBUG] in=(257,0) alert=/alert/emergency/veh/114/seq=0/zor=[MASKED] decision=drop since sender is closer
+66.303065690s 115 caf.Forwarder:OnIncomingAlert(): [DEBUG] in=257 alert=/alert/emergency/veh/114/seq=0/zor=[MASKED]
+66.303065690s 115 caf.Forwarder:AlertVehicleHandler(): [DEBUG] in=(257,0) alert=/alert/emergency/veh/114/seq=0/zor=[MASKED] decision=drop since sender is closer
+66.303065695s 106 caf.Forwarder:OnIncomingAlert(): [DEBUG] in=257 alert=/alert/emergency/veh/114/seq=0/zor=[MASKED]
+66.303065695s 106 caf.Forwarder:AlertVehicleHandler(): [DEBUG] in=(257,0) alert=/alert/emergency/veh/114/seq=0/zor=[MASKED] decision=forward to vehicles deferred until 2.9624ms
+66.303065762s 121 caf.Forwarder:OnIncomingAlert(): [DEBUG] in=257 alert=/alert/emergency/veh/114/seq=0/zor=[MASKED]
+66.303065762s 121 caf.Forwarder:AlertVehicleHandler(): [DEBUG] in=(257,0) alert=/alert/emergency/veh/114/seq=0/zor=[MASKED] decision=drop since sender is closer
+66.303065776s 107 caf.Forwarder:OnIncomingAlert(): [DEBUG] in=257 alert=/alert/emergency/veh/114/seq=0/zor=[MASKED]
+66.303065776s 107 caf.Forwarder:AlertVehicleHandler(): [DEBUG] in=(257,0) alert=/alert/emergency/veh/114/seq=0/zor=[MASKED] decision=forward to vehicles deferred until 0ms
+66.303065776s 107 caf.Forwarder:OnOutgoingAlert(): [DEBUG] out=257 alert=/alert/emergency/veh/114/seq=0/zor=[MASKED]
+66.303065776s 107 ndn.AlertConsumer:doReceive(): [INFO ] Received alert: /alert/emergency/veh/114/seq=0/zor=[MASKED]
+66.303939831s 100 caf.Forwarder:OnIncomingAlert(): [DEBUG] in=257 alert=/alert/emergency/veh/114/seq=0/zor=[MASKED]
+66.303939831s 100 caf.Forwarder:AlertVehicleHandler(): [DEBUG] in=(257,0) alert=/alert/emergency/veh/114/seq=0/zor=[MASKED] decision=forward to vehicles deferred until 0ms
+66.303939831s 100 caf.Forwarder:OnOutgoingAlert(): [DEBUG] out=257 alert=/alert/emergency/veh/114/seq=0/zor=[MASKED]
+66.303939831s 100 ndn.AlertConsumer:doReceive(): [INFO ] Received alert: /alert/emergency/veh/114/seq=0/zor=[MASKED]
+66.303939853s 99 caf.Forwarder:OnIncomingAlert(): [DEBUG] in=257 alert=/alert/emergency/veh/114/seq=0/zor=[MASKED]
+66.303939853s 99 caf.Forwarder:AlertVehicleHandler(): [DEBUG] in=(257,0) alert=/alert/emergency/veh/114/seq=0/zor=[MASKED] decision=forward to vehicles deferred until 0ms
+66.303939853s 99 caf.Forwarder:OnOutgoingAlert(): [DEBUG] out=257 alert=/alert/emergency/veh/114/seq=0/zor=[MASKED]
+66.303939853s 99 ndn.AlertConsumer:doReceive(): [INFO ] Received alert: /alert/emergency/veh/114/seq=0/zor=[MASKED]
+66.303939859s 106 caf.Forwarder:OnIncomingAlert(): [DEBUG] in=257 alert=/alert/emergency/veh/114/seq=0/zor=[MASKED]
+66.303939859s 106 caf.Forwarder:AlertVehicleHandler(): [DEBUG] in= (257,0) alert=/alert/emergency/veh/114/seq=0/zor=[MASKED] timer cancelled because sender closer to ZoR
+66.303939926s 114 caf.Forwarder:OnIncomingAlert(): [DEBUG] in=257 alert=/alert/emergency/veh/114/seq=0/zor=[MASKED]
+66.303939926s 114 caf.Forwarder:AlertVehicleHandler(): [DEBUG] in=(257,0) alert=/alert/emergency/veh/114/seq=0/zor=[MASKED] decision=drop because duplicate alert
+66.303939932s 92 caf.Forwarder:OnIncomingAlert(): [DEBUG] in=257 alert=/alert/emergency/veh/114/seq=0/zor=[MASKED]
+66.303939932s 92 caf.Forwarder:AlertVehicleHandler(): [DEBUG] in=(257,0) alert=/alert/emergency/veh/114/seq=0/zor=[MASKED] decision=forward to vehicles deferred until 0ms
+66.303939932s 92 caf.Forwarder:OnOutgoingAlert(): [DEBUG] out=257 alert=/alert/emergency/veh/114/seq=0/zor=[MASKED]
+66.303939932s 92 ndn.AlertConsumer:doReceive(): [INFO ] Received alert: /alert/emergency/veh/114/seq=0/zor=[MASKED]
+66.303939944s 20 caf.Forwarder:OnIncomingAlert(): [DEBUG] in=257 alert=/alert/emergency/veh/114/seq=0/zor=[MASKED]
+66.303939944s 20 caf.Forwarder:AlertVehicleHandler(): [DEBUG] in=(257,0) alert=/alert/emergency/veh/114/seq=0/zor=[MASKED] decision=drop because duplicate alert
+66.304813990s 91 caf.Forwarder:OnIncomingAlert(): [DEBUG] in=257 alert=/alert/emergency/veh/114/seq=0/zor=[MASKED]
+66.304813990s 91 caf.Forwarder:AlertVehicleHandler(): [DEBUG] in=(257,0) alert=/alert/emergency/veh/114/seq=0/zor=[MASKED] decision=forward to vehicles deferred until 0ms
+66.304813990s 91 caf.Forwarder:OnOutgoingAlert(): [DEBUG] out=257 alert=/alert/emergency/veh/114/seq=0/zor=[MASKED]
+66.304813990s 91 ndn.AlertConsumer:doReceive(): [INFO ] Received alert: /alert/emergency/veh/114/seq=0/zor=[MASKED]
+66.304813994s 40 caf.Forwarder:OnIncomingAlert(): [DEBUG] in=257 alert=/alert/emergency/veh/114/seq=0/zor=[MASKED]
+66.304813994s 40 caf.Forwarder:AlertVehicleHandler(): [DEBUG] in=(257,0) alert=/alert/emergency/veh/114/seq=0/zor=[MASKED] decision=forward to vehicles deferred until 0ms
+66.304813994s 40 caf.Forwarder:OnOutgoingAlert(): [DEBUG] out=257 alert=/alert/emergency/veh/114/seq=0/zor=[MASKED]
+66.304813994s 40 ndn.AlertConsumer:doReceive(): [INFO ] Received alert: /alert/emergency/veh/114/seq=0/zor=[MASKED]
+67.337938875s 117 ndn.RandomAlertProducer:SendAlert(): [LOGIC] Don't send alert; condition failed
+67.383397297s 115 ndn.RandomAlertProducer:SendAlert(): [LOGIC] Don't send alert; condition failed
+67.439363821s 116 ndn.RandomAlertProducer:SendAlert(): [LOGIC] Don't send alert; condition failed
+67.871815724s 118 ndn.RandomAlertProducer:AlertSupplier(): [LOGIC] Send alert=/alert/emergency/veh/118/seq=0/zor=[MASKED] vehCount=84 rsuCount=9
+67.871815724s 118 caf.Forwarder:OnIncomingAlert(): [DEBUG] in=260 alert=/alert/emergency/veh/118/seq=0/zor=[MASKED]
+67.871815724s 118 caf.Forwarder:AlertVehicleHandler(): [DEBUG] in=(260,0) alert=/alert/emergency/veh/118/seq=0/zor=[MASKED] decision=forward to vehicles
+67.871815724s 118 caf.Forwarder:OnOutgoingAlert(): [DEBUG] out=257 alert=/alert/emergency/veh/118/seq=0/zor=[MASKED]
+67.872689795s 110 caf.Forwarder:OnIncomingAlert(): [DEBUG] in=257 alert=/alert/emergency/veh/118/seq=0/zor=[MASKED]
+67.872689795s 110 caf.Forwarder:AlertVehicleHandler(): [DEBUG] in=(257,0) alert=/alert/emergency/veh/118/seq=0/zor=[MASKED] decision=forward to vehicles deferred until 2.89085ms
+67.872689825s 111 caf.Forwarder:OnIncomingAlert(): [DEBUG] in=257 alert=/alert/emergency/veh/118/seq=0/zor=[MASKED]
+67.872689825s 111 caf.Forwarder:AlertVehicleHandler(): [DEBUG] in=(257,0) alert=/alert/emergency/veh/118/seq=0/zor=[MASKED] decision=forward to vehicles deferred until 1.9995ms
+67.874689323s 111 caf.Forwarder:OnOutgoingAlert(): [DEBUG] out=257 alert=/alert/emergency/veh/118/seq=0/zor=[MASKED]
+67.875563354s 110 caf.Forwarder:OnIncomingAlert(): [DEBUG] in=257 alert=/alert/emergency/veh/118/seq=0/zor=[MASKED]
+67.875563354s 110 caf.Forwarder:AlertVehicleHandler(): [DEBUG] in= (257,0) alert=/alert/emergency/veh/118/seq=0/zor=[MASKED] timer cancelled because sender closer to ZoR
+67.875563397s 103 caf.Forwarder:OnIncomingAlert(): [DEBUG] in=257 alert=/alert/emergency/veh/118/seq=0/zor=[MASKED]
+67.875563397s 103 caf.Forwarder:AlertVehicleHandler(): [DEBUG] in=(257,0) alert=/alert/emergency/veh/118/seq=0/zor=[MASKED] decision=forward to vehicles deferred until 0ms
+67.875563397s 103 caf.Forwarder:OnOutgoingAlert(): [DEBUG] out=257 alert=/alert/emergency/veh/118/seq=0/zor=[MASKED]
+67.875563397s 103 ndn.AlertConsumer:doReceive(): [INFO ] Received alert: /alert/emergency/veh/118/seq=0/zor=[MASKED]
+67.875563424s 118 caf.Forwarder:OnIncomingAlert(): [DEBUG] in=257 alert=/alert/emergency/veh/118/seq=0/zor=[MASKED]
+67.875563424s 118 caf.Forwarder:AlertVehicleHandler(): [DEBUG] in=(257,0) alert=/alert/emergency/veh/118/seq=0/zor=[MASKED] decision=drop because duplicate alert
+67.876437471s 111 caf.Forwarder:OnIncomingAlert(): [DEBUG] in=257 alert=/alert/emergency/veh/118/seq=0/zor=[MASKED]
+67.876437471s 111 caf.Forwarder:AlertVehicleHandler(): [DEBUG] in=(257,0) alert=/alert/emergency/veh/118/seq=0/zor=[MASKED] decision=drop because duplicate alert
+67.876437498s 35 caf.Forwarder:OnIncomingAlert(): [DEBUG] in=257 alert=/alert/emergency/veh/118/seq=0/zor=[MASKED]
+67.876437498s 35 caf.Forwarder:AlertVehicleHandler(): [DEBUG] in=(257,0) alert=/alert/emergency/veh/118/seq=0/zor=[MASKED] decision=forward to vehicles deferred until 0ms
+67.876437498s 35 caf.Forwarder:OnOutgoingAlert(): [DEBUG] out=257 alert=/alert/emergency/veh/118/seq=0/zor=[MASKED]
+67.876437498s 35 ndn.AlertConsumer:doReceive(): [INFO ] Received alert: /alert/emergency/veh/118/seq=0/zor=[MASKED]
+67.876437500s 110 caf.Forwarder:OnIncomingAlert(): [DEBUG] in=257 alert=/alert/emergency/veh/118/seq=0/zor=[MASKED]
+67.876437500s 110 caf.Forwarder:AlertVehicleHandler(): [DEBUG] in=(257,0) alert=/alert/emergency/veh/118/seq=0/zor=[MASKED] decision=drop because duplicate alert
+67.877311597s 94 caf.Forwarder:OnIncomingAlert(): [DEBUG] in=257 alert=/alert/emergency/veh/118/seq=0/zor=[MASKED]
+67.877311597s 94 caf.Forwarder:AlertVehicleHandler(): [DEBUG] in=(257,0) alert=/alert/emergency/veh/118/seq=0/zor=[MASKED] decision=forward to vehicles deferred until 0ms
+67.877311597s 94 caf.Forwarder:OnOutgoingAlert(): [DEBUG] out=257 alert=/alert/emergency/veh/118/seq=0/zor=[MASKED]
+67.877311597s 94 ndn.AlertConsumer:doReceive(): [INFO ] Received alert: /alert/emergency/veh/118/seq=0/zor=[MASKED]
+67.877311599s 103 caf.Forwarder:OnIncomingAlert(): [DEBUG] in=257 alert=/alert/emergency/veh/118/seq=0/zor=[MASKED]
+67.877311599s 103 caf.Forwarder:AlertVehicleHandler(): [DEBUG] in=(257,0) alert=/alert/emergency/veh/118/seq=0/zor=[MASKED] decision=drop because duplicate alert
+67.877311645s 84 caf.Forwarder:OnIncomingAlert(): [DEBUG] in=257 alert=/alert/emergency/veh/118/seq=0/zor=[MASKED]
+67.877311645s 84 caf.Forwarder:AlertVehicleHandler(): [DEBUG] in=(257,0) alert=/alert/emergency/veh/118/seq=0/zor=[MASKED] decision=forward to vehicles deferred until 0ms
+67.877311645s 84 caf.Forwarder:OnOutgoingAlert(): [DEBUG] out=257 alert=/alert/emergency/veh/118/seq=0/zor=[MASKED]
+67.877311645s 84 ndn.AlertConsumer:doReceive(): [INFO ] Received alert: /alert/emergency/veh/118/seq=0/zor=[MASKED]
+67.877311657s 38 caf.Forwarder:OnIncomingAlert(): [DEBUG] in=257 alert=/alert/emergency/veh/118/seq=0/zor=[MASKED]
+67.877311657s 38 caf.Forwarder:AlertVehicleHandler(): [DEBUG] in=(257,0) alert=/alert/emergency/veh/118/seq=0/zor=[MASKED] decision=forward to vehicles deferred until 0ms
+67.877311657s 38 caf.Forwarder:OnOutgoingAlert(): [DEBUG] out=257 alert=/alert/emergency/veh/118/seq=0/zor=[MASKED]
+67.877311657s 38 ndn.AlertConsumer:doReceive(): [INFO ] Received alert: /alert/emergency/veh/118/seq=0/zor=[MASKED]
+68.219188103s 119 ndn.RandomAlertProducer:AlertSupplier(): [LOGIC] Send alert=/alert/emergency/veh/119/seq=0/zor=[MASKED] vehCount=85 rsuCount=9
+68.219188103s 119 caf.Forwarder:OnIncomingAlert(): [DEBUG] in=260 alert=/alert/emergency/veh/119/seq=0/zor=[MASKED]
+68.219188103s 119 caf.Forwarder:AlertVehicleHandler(): [DEBUG] in=(260,0) alert=/alert/emergency/veh/119/seq=0/zor=[MASKED] decision=forward to vehicles
+68.219188103s 119 caf.Forwarder:OnOutgoingAlert(): [DEBUG] out=257 alert=/alert/emergency/veh/119/seq=0/zor=[MASKED]
+68.220062175s 113 caf.Forwarder:OnIncomingAlert(): [DEBUG] in=257 alert=/alert/emergency/veh/119/seq=0/zor=[MASKED]
+68.220062175s 113 caf.Forwarder:AlertVehicleHandler(): [DEBUG] in=(257,0) alert=/alert/emergency/veh/119/seq=0/zor=[MASKED] decision=forward to vehicles deferred until 2.87042ms
+68.220062177s 34 caf.Forwarder:OnIncomingAlert(): [DEBUG] in=257 alert=/alert/emergency/veh/119/seq=0/zor=[MASKED]
+68.220062177s 34 caf.Forwarder:AlertVehicleHandler(): [DEBUG] in=(257,0) alert=/alert/emergency/veh/119/seq=0/zor=[MASKED] decision=forward to vehicles deferred until 2.80253ms
+68.220062194s 125 caf.Forwarder:OnIncomingAlert(): [DEBUG] in=257 alert=/alert/emergency/veh/119/seq=0/zor=[MASKED]
+68.220062194s 125 caf.Forwarder:AlertVehicleHandler(): [DEBUG] in=(257,0) alert=/alert/emergency/veh/119/seq=0/zor=[MASKED] decision=drop since sender is closer
+68.220062197s 28 caf.Forwarder:OnIncomingAlert(): [DEBUG] in=257 alert=/alert/emergency/veh/119/seq=0/zor=[MASKED]
+68.220062197s 28 caf.Forwarder:AlertVehicleHandler(): [DEBUG] in=(257,0) alert=/alert/emergency/veh/119/seq=0/zor=[MASKED] decision=forward to vehicles deferred until 2.19733ms
+68.220062202s 112 caf.Forwarder:OnIncomingAlert(): [DEBUG] in=257 alert=/alert/emergency/veh/119/seq=0/zor=[MASKED]
+68.220062202s 112 caf.Forwarder:AlertVehicleHandler(): [DEBUG] in=(257,0) alert=/alert/emergency/veh/119/seq=0/zor=[MASKED] decision=forward to vehicles deferred until 2.04938ms
+68.220062252s 105 caf.Forwarder:OnIncomingAlert(): [DEBUG] in=257 alert=/alert/emergency/veh/119/seq=0/zor=[MASKED]
+68.220062252s 105 caf.Forwarder:AlertVehicleHandler(): [DEBUG] in=(257,0) alert=/alert/emergency/veh/119/seq=0/zor=[MASKED] decision=forward to vehicles deferred until 0ms
+68.220062252s 105 caf.Forwarder:OnOutgoingAlert(): [DEBUG] out=257 alert=/alert/emergency/veh/119/seq=0/zor=[MASKED]
+68.220062252s 105 ndn.AlertConsumer:doReceive(): [INFO ] Received alert: /alert/emergency/veh/119/seq=0/zor=[MASKED]
+68.220062259s 18 caf.Forwarder:OnIncomingAlert(): [DEBUG] in=257 alert=/alert/emergency/veh/119/seq=0/zor=[MASKED]
+68.220062259s 18 caf.Forwarder:AlertVehicleHandler(): [DEBUG] in=(257,0) alert=/alert/emergency/veh/119/seq=0/zor=[MASKED] decision=drop since sender is closer
+68.220936302s 112 caf.Forwarder:OnIncomingAlert(): [DEBUG] in=257 alert=/alert/emergency/veh/119/seq=0/zor=[MASKED]
+68.220936302s 112 caf.Forwarder:AlertVehicleHandler(): [DEBUG] in= (257,0) alert=/alert/emergency/veh/119/seq=0/zor=[MASKED] timer cancelled because sender closer to ZoR
+68.220936304s 104 caf.Forwarder:OnIncomingAlert(): [DEBUG] in=257 alert=/alert/emergency/veh/119/seq=0/zor=[MASKED]
+68.220936304s 104 caf.Forwarder:AlertVehicleHandler(): [DEBUG] in=(257,0) alert=/alert/emergency/veh/119/seq=0/zor=[MASKED] decision=forward to vehicles deferred until 0ms
+68.220936304s 104 caf.Forwarder:OnOutgoingAlert(): [DEBUG] out=257 alert=/alert/emergency/veh/119/seq=0/zor=[MASKED]
+68.220936304s 104 ndn.AlertConsumer:doReceive(): [INFO ] Received alert: /alert/emergency/veh/119/seq=0/zor=[MASKED]
+68.220936316s 28 caf.Forwarder:OnIncomingAlert(): [DEBUG] in=257 alert=/alert/emergency/veh/119/seq=0/zor=[MASKED]
+68.220936316s 28 caf.Forwarder:AlertVehicleHandler(): [DEBUG] in= (257,0) alert=/alert/emergency/veh/119/seq=0/zor=[MASKED] timer cancelled because sender closer to ZoR
+68.220936329s 113 caf.Forwarder:OnIncomingAlert(): [DEBUG] in=257 alert=/alert/emergency/veh/119/seq=0/zor=[MASKED]
+68.220936329s 113 caf.Forwarder:AlertVehicleHandler(): [DEBUG] in= (257,0) alert=/alert/emergency/veh/119/seq=0/zor=[MASKED] timer cancelled because sender closer to ZoR
+68.220936330s 34 caf.Forwarder:OnIncomingAlert(): [DEBUG] in=257 alert=/alert/emergency/veh/119/seq=0/zor=[MASKED]
+68.220936330s 34 caf.Forwarder:AlertVehicleHandler(): [DEBUG] in= (257,0) alert=/alert/emergency/veh/119/seq=0/zor=[MASKED] timer cancelled because sender closer to ZoR
+68.220936332s 32 caf.Forwarder:OnIncomingAlert(): [DEBUG] in=257 alert=/alert/emergency/veh/119/seq=0/zor=[MASKED]
+68.220936332s 32 caf.Forwarder:AlertVehicleHandler(): [DEBUG] in=(257,0) alert=/alert/emergency/veh/119/seq=0/zor=[MASKED] decision=forward to vehicles deferred until 0ms
+68.220936332s 32 caf.Forwarder:OnOutgoingAlert(): [DEBUG] out=257 alert=/alert/emergency/veh/119/seq=0/zor=[MASKED]
+68.220936332s 32 ndn.AlertConsumer:doReceive(): [INFO ] Received alert: /alert/emergency/veh/119/seq=0/zor=[MASKED]
+68.220936356s 98 caf.Forwarder:OnIncomingAlert(): [DEBUG] in=257 alert=/alert/emergency/veh/119/seq=0/zor=[MASKED]
+68.220936356s 98 caf.Forwarder:AlertVehicleHandler(): [DEBUG] in=(257,0) alert=/alert/emergency/veh/119/seq=0/zor=[MASKED] decision=forward to vehicles deferred until 0ms
+68.220936356s 98 caf.Forwarder:OnOutgoingAlert(): [DEBUG] out=257 alert=/alert/emergency/veh/119/seq=0/zor=[MASKED]
+68.220936356s 98 ndn.AlertConsumer:doReceive(): [INFO ] Received alert: /alert/emergency/veh/119/seq=0/zor=[MASKED]
+68.220936401s 119 caf.Forwarder:OnIncomingAlert(): [DEBUG] in=257 alert=/alert/emergency/veh/119/seq=0/zor=[MASKED]
+68.220936401s 119 caf.Forwarder:AlertVehicleHandler(): [DEBUG] in=(257,0) alert=/alert/emergency/veh/119/seq=0/zor=[MASKED] decision=drop because duplicate alert
+68.220936418s 46 caf.Forwarder:OnIncomingAlert(): [DEBUG] in=257 alert=/alert/emergency/veh/119/seq=0/zor=[MASKED]
+68.220936418s 46 caf.Forwarder:AlertVehicleHandler(): [DEBUG] in=(257,0) alert=/alert/emergency/veh/119/seq=0/zor=[MASKED] decision=forward to vehicles deferred until 0ms
+68.220936418s 46 caf.Forwarder:OnOutgoingAlert(): [DEBUG] out=257 alert=/alert/emergency/veh/119/seq=0/zor=[MASKED]
+68.220936418s 46 ndn.AlertConsumer:doReceive(): [INFO ] Received alert: /alert/emergency/veh/119/seq=0/zor=[MASKED]
+68.221810442s 90 caf.Forwarder:OnIncomingAlert(): [DEBUG] in=257 alert=/alert/emergency/veh/119/seq=0/zor=[MASKED]
+68.221810442s 90 caf.Forwarder:AlertVehicleHandler(): [DEBUG] in=(257,0) alert=/alert/emergency/veh/119/seq=0/zor=[MASKED] decision=forward to vehicles deferred until 0ms
+68.221810442s 90 caf.Forwarder:OnOutgoingAlert(): [DEBUG] out=257 alert=/alert/emergency/veh/119/seq=0/zor=[MASKED]
+68.221810442s 90 ndn.AlertConsumer:doReceive(): [INFO ] Received alert: /alert/emergency/veh/119/seq=0/zor=[MASKED]
+68.221810480s 97 caf.Forwarder:OnIncomingAlert(): [DEBUG] in=257 alert=/alert/emergency/veh/119/seq=0/zor=[MASKED]
+68.221810480s 97 caf.Forwarder:AlertVehicleHandler(): [DEBUG] in=(257,0) alert=/alert/emergency/veh/119/seq=0/zor=[MASKED] decision=forward to vehicles deferred until 0ms
+68.221810480s 97 caf.Forwarder:OnOutgoingAlert(): [DEBUG] out=257 alert=/alert/emergency/veh/119/seq=0/zor=[MASKED]
+68.221810480s 97 ndn.AlertConsumer:doReceive(): [INFO ] Received alert: /alert/emergency/veh/119/seq=0/zor=[MASKED]
+68.222684466s 46 caf.Forwarder:OnIncomingAlert(): [DEBUG] in=257 alert=/alert/emergency/veh/119/seq=0/zor=[MASKED]
+68.222684466s 46 caf.Forwarder:AlertVehicleHandler(): [DEBUG] in=(257,0) alert=/alert/emergency/veh/119/seq=0/zor=[MASKED] decision=drop because duplicate alert
+68.222684512s 98 caf.Forwarder:OnIncomingAlert(): [DEBUG] in=257 alert=/alert/emergency/veh/119/seq=0/zor=[MASKED]
+68.222684512s 98 caf.Forwarder:AlertVehicleHandler(): [DEBUG] in=(257,0) alert=/alert/emergency/veh/119/seq=0/zor=[MASKED] decision=drop because duplicate alert
+68.222684521s 89 caf.Forwarder:OnIncomingAlert(): [DEBUG] in=257 alert=/alert/emergency/veh/119/seq=0/zor=[MASKED]
+68.222684521s 89 caf.Forwarder:AlertVehicleHandler(): [DEBUG] in=(257,0) alert=/alert/emergency/veh/119/seq=0/zor=[MASKED] decision=forward to vehicles deferred until 0ms
+68.222684521s 89 caf.Forwarder:OnOutgoingAlert(): [DEBUG] out=257 alert=/alert/emergency/veh/119/seq=0/zor=[MASKED]
+68.222684521s 89 ndn.AlertConsumer:doReceive(): [INFO ] Received alert: /alert/emergency/veh/119/seq=0/zor=[MASKED]
+68.222684542s 32 caf.Forwarder:OnIncomingAlert(): [DEBUG] in=257 alert=/alert/emergency/veh/119/seq=0/zor=[MASKED]
+68.222684542s 32 caf.Forwarder:AlertVehicleHandler(): [DEBUG] in=(257,0) alert=/alert/emergency/veh/119/seq=0/zor=[MASKED] decision=drop because duplicate alert
+68.222684562s 42 caf.Forwarder:OnIncomingAlert(): [DEBUG] in=257 alert=/alert/emergency/veh/119/seq=0/zor=[MASKED]
+68.222684562s 42 caf.Forwarder:AlertVehicleHandler(): [DEBUG] in=(257,0) alert=/alert/emergency/veh/119/seq=0/zor=[MASKED] decision=forward to vehicles deferred until 0ms
+68.222684562s 42 caf.Forwarder:OnOutgoingAlert(): [DEBUG] out=257 alert=/alert/emergency/veh/119/seq=0/zor=[MASKED]
+68.222684562s 42 ndn.AlertConsumer:doReceive(): [INFO ] Received alert: /alert/emergency/veh/119/seq=0/zor=[MASKED]
+68.222684590s 82 caf.Forwarder:OnIncomingAlert(): [DEBUG] in=257 alert=/alert/emergency/veh/119/seq=0/zor=[MASKED]
+68.222684590s 82 caf.Forwarder:AlertVehicleHandler(): [DEBUG] in=(257,0) alert=/alert/emergency/veh/119/seq=0/zor=[MASKED] decision=forward to vehicles deferred until 0ms
+68.222684590s 82 caf.Forwarder:OnOutgoingAlert(): [DEBUG] out=257 alert=/alert/emergency/veh/119/seq=0/zor=[MASKED]
+68.222684590s 82 ndn.AlertConsumer:doReceive(): [INFO ] Received alert: /alert/emergency/veh/119/seq=0/zor=[MASKED]
+68.223558562s 97 caf.Forwarder:OnIncomingAlert(): [DEBUG] in=257 alert=/alert/emergency/veh/119/seq=0/zor=[MASKED]
+68.223558562s 97 caf.Forwarder:AlertVehicleHandler(): [DEBUG] in=(257,0) alert=/alert/emergency/veh/119/seq=0/zor=[MASKED] decision=drop because duplicate alert
+68.223558618s 83 caf.Forwarder:OnIncomingAlert(): [DEBUG] in=257 alert=/alert/emergency/veh/119/seq=0/zor=[MASKED]
+68.223558618s 83 caf.Forwarder:AlertVehicleHandler(): [DEBUG] in=(257,0) alert=/alert/emergency/veh/119/seq=0/zor=[MASKED] decision=forward to vehicles deferred until 0ms
+68.223558618s 83 caf.Forwarder:OnOutgoingAlert(): [DEBUG] out=257 alert=/alert/emergency/veh/119/seq=0/zor=[MASKED]
+68.223558618s 83 ndn.AlertConsumer:doReceive(): [INFO ] Received alert: /alert/emergency/veh/119/seq=0/zor=[MASKED]
+68.223558656s 75 caf.Forwarder:OnIncomingAlert(): [DEBUG] in=257 alert=/alert/emergency/veh/119/seq=0/zor=[MASKED]
+68.223558656s 75 caf.Forwarder:AlertVehicleHandler(): [DEBUG] in=(257,0) alert=/alert/emergency/veh/119/seq=0/zor=[MASKED] decision=forward to vehicles deferred until 0ms
+68.223558656s 75 caf.Forwarder:OnOutgoingAlert(): [DEBUG] out=257 alert=/alert/emergency/veh/119/seq=0/zor=[MASKED]
+68.223558656s 75 ndn.AlertConsumer:doReceive(): [INFO ] Received alert: /alert/emergency/veh/119/seq=0/zor=[MASKED]
+68.224432646s 82 caf.Forwarder:OnIncomingAlert(): [DEBUG] in=257 alert=/alert/emergency/veh/119/seq=0/zor=[MASKED]
+68.224432646s 82 caf.Forwarder:AlertVehicleHandler(): [DEBUG] in=(257,0) alert=/alert/emergency/veh/119/seq=0/zor=[MASKED] decision=drop because duplicate alert
+68.224432680s 50 caf.Forwarder:OnIncomingAlert(): [DEBUG] in=257 alert=/alert/emergency/veh/119/seq=0/zor=[MASKED]
+68.224432680s 50 caf.Forwarder:AlertVehicleHandler(): [DEBUG] in=(257,0) alert=/alert/emergency/veh/119/seq=0/zor=[MASKED] decision=forward to vehicles deferred until 0ms
+68.224432680s 50 caf.Forwarder:OnOutgoingAlert(): [DEBUG] out=257 alert=/alert/emergency/veh/119/seq=0/zor=[MASKED]
+68.224432680s 50 ndn.AlertConsumer:doReceive(): [INFO ] Received alert: /alert/emergency/veh/119/seq=0/zor=[MASKED]
+68.224432686s 42 caf.Forwarder:OnIncomingAlert(): [DEBUG] in=257 alert=/alert/emergency/veh/119/seq=0/zor=[MASKED]
+68.224432686s 42 caf.Forwarder:AlertVehicleHandler(): [DEBUG] in=(257,0) alert=/alert/emergency/veh/119/seq=0/zor=[MASKED] decision=drop because duplicate alert
+68.224432714s 89 caf.Forwarder:OnIncomingAlert(): [DEBUG] in=257 alert=/alert/emergency/veh/119/seq=0/zor=[MASKED]
+68.224432714s 89 caf.Forwarder:AlertVehicleHandler(): [DEBUG] in=(257,0) alert=/alert/emergency/veh/119/seq=0/zor=[MASKED] decision=drop because duplicate alert
+68.224432736s 74 caf.Forwarder:OnIncomingAlert(): [DEBUG] in=257 alert=/alert/emergency/veh/119/seq=0/zor=[MASKED]
+68.224432736s 74 caf.Forwarder:AlertVehicleHandler(): [DEBUG] in=(257,0) alert=/alert/emergency/veh/119/seq=0/zor=[MASKED] decision=forward to vehicles deferred until 0ms
+68.224432736s 74 caf.Forwarder:OnOutgoingAlert(): [DEBUG] out=257 alert=/alert/emergency/veh/119/seq=0/zor=[MASKED]
+68.224432736s 74 ndn.AlertConsumer:doReceive(): [INFO ] Received alert: /alert/emergency/veh/119/seq=0/zor=[MASKED]
+68.224432747s 33 caf.Forwarder:OnIncomingAlert(): [DEBUG] in=257 alert=/alert/emergency/veh/119/seq=0/zor=[MASKED]
+68.224432747s 33 caf.Forwarder:AlertVehicleHandler(): [DEBUG] in=(257,0) alert=/alert/emergency/veh/119/seq=0/zor=[MASKED] decision=forward to vehicles deferred until 0ms
+68.224432747s 33 caf.Forwarder:OnOutgoingAlert(): [DEBUG] out=257 alert=/alert/emergency/veh/119/seq=0/zor=[MASKED]
+68.224432747s 33 ndn.AlertConsumer:doReceive(): [INFO ] Received alert: /alert/emergency/veh/119/seq=0/zor=[MASKED]
+68.224432751s 61 caf.Forwarder:OnIncomingAlert(): [DEBUG] in=257 alert=/alert/emergency/veh/119/seq=0/zor=[MASKED]
+68.224432751s 61 caf.Forwarder:AlertVehicleHandler(): [DEBUG] in=(257,0) alert=/alert/emergency/veh/119/seq=0/zor=[MASKED] decision=forward to vehicles deferred until 0ms
+68.224432751s 61 caf.Forwarder:OnOutgoingAlert(): [DEBUG] out=257 alert=/alert/emergency/veh/119/seq=0/zor=[MASKED]
+68.224432751s 61 ndn.AlertConsumer:doReceive(): [INFO ] Received alert: /alert/emergency/veh/119/seq=0/zor=[MASKED]
+68.225306704s 75 caf.Forwarder:OnIncomingAlert(): [DEBUG] in=257 alert=/alert/emergency/veh/119/seq=0/zor=[MASKED]
+68.225306704s 75 caf.Forwarder:AlertVehicleHandler(): [DEBUG] in=(257,0) alert=/alert/emergency/veh/119/seq=0/zor=[MASKED] decision=drop because duplicate alert
+68.225306725s 83 caf.Forwarder:OnIncomingAlert(): [DEBUG] in=257 alert=/alert/emergency/veh/119/seq=0/zor=[MASKED]
+68.225306725s 83 caf.Forwarder:AlertVehicleHandler(): [DEBUG] in=(257,0) alert=/alert/emergency/veh/119/seq=0/zor=[MASKED] decision=drop because duplicate alert
+68.225306741s 82 caf.Forwarder:OnIncomingAlert(): [DEBUG] in=257 alert=/alert/emergency/veh/119/seq=0/zor=[MASKED]
+68.225306741s 82 caf.Forwarder:AlertVehicleHandler(): [DEBUG] in=(257,0) alert=/alert/emergency/veh/119/seq=0/zor=[MASKED] decision=drop because duplicate alert
+68.225306771s 42 caf.Forwarder:OnIncomingAlert(): [DEBUG] in=257 alert=/alert/emergency/veh/119/seq=0/zor=[MASKED]
+68.225306771s 42 caf.Forwarder:AlertVehicleHandler(): [DEBUG] in=(257,0) alert=/alert/emergency/veh/119/seq=0/zor=[MASKED] decision=drop because duplicate alert
+68.436607092s 120 ndn.RandomAlertProducer:AlertSupplier(): [LOGIC] Send alert=/alert/emergency/veh/120/seq=0/zor=[MASKED] vehCount=85 rsuCount=9
+68.436607092s 120 caf.Forwarder:OnIncomingAlert(): [DEBUG] in=260 alert=/alert/emergency/veh/120/seq=0/zor=[MASKED]
+68.436607092s 120 caf.Forwarder:AlertVehicleHandler(): [DEBUG] in=(260,0) alert=/alert/emergency/veh/120/seq=0/zor=[MASKED] decision=forward to vehicles
+68.436607092s 120 caf.Forwarder:OnOutgoingAlert(): [DEBUG] out=257 alert=/alert/emergency/veh/120/seq=0/zor=[MASKED]
+68.437481116s 18 caf.Forwarder:OnIncomingAlert(): [DEBUG] in=257 alert=/alert/emergency/veh/120/seq=0/zor=[MASKED]
+68.437481116s 18 caf.Forwarder:AlertVehicleHandler(): [DEBUG] in=(257,0) alert=/alert/emergency/veh/120/seq=0/zor=[MASKED] decision=forward to vehicles deferred until 4.33037ms
+68.437481135s 126 caf.Forwarder:OnIncomingAlert(): [DEBUG] in=257 alert=/alert/emergency/veh/120/seq=0/zor=[MASKED]
+68.437481135s 126 caf.Forwarder:AlertVehicleHandler(): [DEBUG] in=(257,0) alert=/alert/emergency/veh/120/seq=0/zor=[MASKED] decision=drop since sender is closer
+68.437481170s 132 caf.Forwarder:OnIncomingAlert(): [DEBUG] in=257 alert=/alert/emergency/veh/120/seq=0/zor=[MASKED]
+68.437481170s 132 caf.Forwarder:AlertVehicleHandler(): [DEBUG] in=(257,0) alert=/alert/emergency/veh/120/seq=0/zor=[MASKED] decision=drop since sender is closer
+68.437481188s 125 caf.Forwarder:OnIncomingAlert(): [DEBUG] in=257 alert=/alert/emergency/veh/120/seq=0/zor=[MASKED]
+68.437481188s 125 caf.Forwarder:AlertVehicleHandler(): [DEBUG] in=(257,0) alert=/alert/emergency/veh/120/seq=0/zor=[MASKED] decision=forward to vehicles deferred until 2.15709ms
+68.437481202s 131 caf.Forwarder:OnIncomingAlert(): [DEBUG] in=257 alert=/alert/emergency/veh/120/seq=0/zor=[MASKED]
+68.437481202s 131 caf.Forwarder:AlertVehicleHandler(): [DEBUG] in=(257,0) alert=/alert/emergency/veh/120/seq=0/zor=[MASKED] decision=drop since sender is closer
+68.439638279s 125 caf.Forwarder:OnOutgoingAlert(): [DEBUG] out=257 alert=/alert/emergency/veh/120/seq=0/zor=[MASKED]
+68.440512367s 119 caf.Forwarder:OnIncomingAlert(): [DEBUG] in=257 alert=/alert/emergency/veh/120/seq=0/zor=[MASKED]
+68.440512367s 119 caf.Forwarder:AlertVehicleHandler(): [DEBUG] in=(257,0) alert=/alert/emergency/veh/120/seq=0/zor=[MASKED] decision=forward to vehicles deferred until 2.37776ms
+68.440512369s 18 caf.Forwarder:OnIncomingAlert(): [DEBUG] in=257 alert=/alert/emergency/veh/120/seq=0/zor=[MASKED]
+68.440512369s 18 caf.Forwarder:AlertVehicleHandler(): [DEBUG] in= (257,0) alert=/alert/emergency/veh/120/seq=0/zor=[MASKED] timer cancelled because sender closer to ZoR
+68.440512375s 120 caf.Forwarder:OnIncomingAlert(): [DEBUG] in=257 alert=/alert/emergency/veh/120/seq=0/zor=[MASKED]
+68.440512375s 120 caf.Forwarder:AlertVehicleHandler(): [DEBUG] in=(257,0) alert=/alert/emergency/veh/120/seq=0/zor=[MASKED] decision=drop because duplicate alert
+68.440512416s 126 caf.Forwarder:OnIncomingAlert(): [DEBUG] in=257 alert=/alert/emergency/veh/120/seq=0/zor=[MASKED]
+68.440512416s 126 caf.Forwarder:AlertVehicleHandler(): [DEBUG] in=(257,0) alert=/alert/emergency/veh/120/seq=0/zor=[MASKED] decision=drop because duplicate alert
+68.440512421s 34 caf.Forwarder:OnIncomingAlert(): [DEBUG] in=257 alert=/alert/emergency/veh/120/seq=0/zor=[MASKED]
+68.440512421s 34 caf.Forwarder:AlertVehicleHandler(): [DEBUG] in=(257,0) alert=/alert/emergency/veh/120/seq=0/zor=[MASKED] decision=forward to vehicles deferred until 0.742889ms
+68.440512439s 113 caf.Forwarder:OnIncomingAlert(): [DEBUG] in=257 alert=/alert/emergency/veh/120/seq=0/zor=[MASKED]
+68.440512439s 113 caf.Forwarder:AlertVehicleHandler(): [DEBUG] in=(257,0) alert=/alert/emergency/veh/120/seq=0/zor=[MASKED] decision=forward to vehicles deferred until 0.212288ms
+68.440512443s 28 caf.Forwarder:OnIncomingAlert(): [DEBUG] in=257 alert=/alert/emergency/veh/120/seq=0/zor=[MASKED]
+68.440512443s 28 caf.Forwarder:AlertVehicleHandler(): [DEBUG] in=(257,0) alert=/alert/emergency/veh/120/seq=0/zor=[MASKED] decision=forward to vehicles deferred until 0.0901639ms
+68.440602606s 28 caf.Forwarder:OnOutgoingAlert(): [DEBUG] out=257 alert=/alert/emergency/veh/120/seq=0/zor=[MASKED]
+68.440724727s 113 caf.Forwarder:OnOutgoingAlert(): [DEBUG] out=257 alert=/alert/emergency/veh/120/seq=0/zor=[MASKED]
+68.441255309s 34 caf.Forwarder:OnOutgoingAlert(): [DEBUG] out=257 alert=/alert/emergency/veh/120/seq=0/zor=[MASKED]
+68.441476627s 113 caf.Forwarder:OnIncomingAlert(): [DEBUG] in=257 alert=/alert/emergency/veh/120/seq=0/zor=[MASKED]
+68.441476627s 113 caf.Forwarder:AlertVehicleHandler(): [DEBUG] in=(257,0) alert=/alert/emergency/veh/120/seq=0/zor=[MASKED] decision=drop because duplicate alert
+68.441476629s 34 caf.Forwarder:OnIncomingAlert(): [DEBUG] in=257 alert=/alert/emergency/veh/120/seq=0/zor=[MASKED]
+68.441476629s 34 caf.Forwarder:AlertVehicleHandler(): [DEBUG] in=(257,0) alert=/alert/emergency/veh/120/seq=0/zor=[MASKED] decision=drop because duplicate alert
+68.441476645s 112 caf.Forwarder:OnIncomingAlert(): [DEBUG] in=257 alert=/alert/emergency/veh/120/seq=0/zor=[MASKED]
+68.441476645s 112 caf.Forwarder:AlertVehicleHandler(): [DEBUG] in=(257,0) alert=/alert/emergency/veh/120/seq=0/zor=[MASKED] decision=forward to vehicles deferred until 3.86427ms
+68.441476683s 105 caf.Forwarder:OnIncomingAlert(): [DEBUG] in=257 alert=/alert/emergency/veh/120/seq=0/zor=[MASKED]
+68.441476683s 105 caf.Forwarder:AlertVehicleHandler(): [DEBUG] in=(257,0) alert=/alert/emergency/veh/120/seq=0/zor=[MASKED] decision=forward to vehicles deferred until 0ms
+68.441476683s 119 caf.Forwarder:OnIncomingAlert(): [DEBUG] in=257 alert=/alert/emergency/veh/120/seq=0/zor=[MASKED]
+68.441476683s 119 caf.Forwarder:AlertVehicleHandler(): [DEBUG] in= (257,0) alert=/alert/emergency/veh/120/seq=0/zor=[MASKED] timer cancelled because sender closer to ZoR
+68.441476683s 105 caf.Forwarder:OnOutgoingAlert(): [DEBUG] out=257 alert=/alert/emergency/veh/120/seq=0/zor=[MASKED]
+68.441476683s 105 ndn.AlertConsumer:doReceive(): [INFO ] Received alert: /alert/emergency/veh/120/seq=0/zor=[MASKED]
+68.441476738s 104 caf.Forwarder:OnIncomingAlert(): [DEBUG] in=257 alert=/alert/emergency/veh/120/seq=0/zor=[MASKED]
+68.441476738s 104 caf.Forwarder:AlertVehicleHandler(): [DEBUG] in=(257,0) alert=/alert/emergency/veh/120/seq=0/zor=[MASKED] decision=forward to vehicles deferred until 0ms
+68.441476738s 104 caf.Forwarder:OnOutgoingAlert(): [DEBUG] out=257 alert=/alert/emergency/veh/120/seq=0/zor=[MASKED]
+68.441476738s 104 ndn.AlertConsumer:doReceive(): [INFO ] Received alert: /alert/emergency/veh/120/seq=0/zor=[MASKED]
+68.441476739s 32 caf.Forwarder:OnIncomingAlert(): [DEBUG] in=257 alert=/alert/emergency/veh/120/seq=0/zor=[MASKED]
+68.441476739s 32 caf.Forwarder:AlertVehicleHandler(): [DEBUG] in=(257,0) alert=/alert/emergency/veh/120/seq=0/zor=[MASKED] decision=forward to vehicles deferred until 0ms
+68.441476739s 32 caf.Forwarder:OnOutgoingAlert(): [DEBUG] out=257 alert=/alert/emergency/veh/120/seq=0/zor=[MASKED]
+68.441476739s 32 ndn.AlertConsumer:doReceive(): [INFO ] Received alert: /alert/emergency/veh/120/seq=0/zor=[MASKED]
+68.441476770s 125 caf.Forwarder:OnIncomingAlert(): [DEBUG] in=257 alert=/alert/emergency/veh/120/seq=0/zor=[MASKED]
+68.441476770s 125 caf.Forwarder:AlertVehicleHandler(): [DEBUG] in=(257,0) alert=/alert/emergency/veh/120/seq=0/zor=[MASKED] decision=drop because duplicate alert
+68.442480652s 28 caf.Forwarder:OnIncomingAlert(): [DEBUG] in=257 alert=/alert/emergency/veh/120/seq=0/zor=[MASKED]
+68.442480652s 28 caf.Forwarder:AlertVehicleHandler(): [DEBUG] in=(257,0) alert=/alert/emergency/veh/120/seq=0/zor=[MASKED] decision=drop because duplicate alert
+68.442480684s 119 caf.Forwarder:OnIncomingAlert(): [DEBUG] in=257 alert=/alert/emergency/veh/120/seq=0/zor=[MASKED]
+68.442480684s 119 caf.Forwarder:AlertVehicleHandler(): [DEBUG] in=(257,0) alert=/alert/emergency/veh/120/seq=0/zor=[MASKED] decision=drop because duplicate alert
+68.443523672s 28 caf.Forwarder:OnIncomingAlert(): [DEBUG] in=257 alert=/alert/emergency/veh/120/seq=0/zor=[MASKED]
+68.443523672s 28 caf.Forwarder:AlertVehicleHandler(): [DEBUG] in=(257,0) alert=/alert/emergency/veh/120/seq=0/zor=[MASKED] decision=drop because duplicate alert
+68.443523673s 34 caf.Forwarder:OnIncomingAlert(): [DEBUG] in=257 alert=/alert/emergency/veh/120/seq=0/zor=[MASKED]
+68.443523673s 34 caf.Forwarder:AlertVehicleHandler(): [DEBUG] in=(257,0) alert=/alert/emergency/veh/120/seq=0/zor=[MASKED] decision=drop because duplicate alert
+68.443523677s 112 caf.Forwarder:OnIncomingAlert(): [DEBUG] in=257 alert=/alert/emergency/veh/120/seq=0/zor=[MASKED]
+68.443523722s 119 caf.Forwarder:OnIncomingAlert(): [DEBUG] in=257 alert=/alert/emergency/veh/120/seq=0/zor=[MASKED]
+68.443523722s 119 caf.Forwarder:AlertVehicleHandler(): [DEBUG] in=(257,0) alert=/alert/emergency/veh/120/seq=0/zor=[MASKED] decision=drop because duplicate alert
+68.443523725s 105 caf.Forwarder:OnIncomingAlert(): [DEBUG] in=257 alert=/alert/emergency/veh/120/seq=0/zor=[MASKED]
+68.443523725s 105 caf.Forwarder:AlertVehicleHandler(): [DEBUG] in=(257,0) alert=/alert/emergency/veh/120/seq=0/zor=[MASKED] decision=drop because duplicate alert
+68.443523780s 104 caf.Forwarder:OnIncomingAlert(): [DEBUG] in=257 alert=/alert/emergency/veh/120/seq=0/zor=[MASKED]
+68.443523780s 104 caf.Forwarder:AlertVehicleHandler(): [DEBUG] in=(257,0) alert=/alert/emergency/veh/120/seq=0/zor=[MASKED] decision=drop because duplicate alert
+68.443523787s 32 caf.Forwarder:OnIncomingAlert(): [DEBUG] in=257 alert=/alert/emergency/veh/120/seq=0/zor=[MASKED]
+68.443523787s 32 caf.Forwarder:AlertVehicleHandler(): [DEBUG] in=(257,0) alert=/alert/emergency/veh/120/seq=0/zor=[MASKED] decision=drop because duplicate alert
+68.443523811s 125 caf.Forwarder:OnIncomingAlert(): [DEBUG] in=257 alert=/alert/emergency/veh/120/seq=0/zor=[MASKED]
+68.443523811s 125 caf.Forwarder:AlertVehicleHandler(): [DEBUG] in=(257,0) alert=/alert/emergency/veh/120/seq=0/zor=[MASKED] decision=drop because duplicate alert
+68.445340916s 112 caf.Forwarder:OnOutgoingAlert(): [DEBUG] out=257 alert=/alert/emergency/veh/120/seq=0/zor=[MASKED]
+68.446214942s 113 caf.Forwarder:OnIncomingAlert(): [DEBUG] in=257 alert=/alert/emergency/veh/120/seq=0/zor=[MASKED]
+68.446214942s 113 caf.Forwarder:AlertVehicleHandler(): [DEBUG] in=(257,0) alert=/alert/emergency/veh/120/seq=0/zor=[MASKED] decision=drop because duplicate alert
+68.446214955s 28 caf.Forwarder:OnIncomingAlert(): [DEBUG] in=257 alert=/alert/emergency/veh/120/seq=0/zor=[MASKED]
+68.446214955s 28 caf.Forwarder:AlertVehicleHandler(): [DEBUG] in=(257,0) alert=/alert/emergency/veh/120/seq=0/zor=[MASKED] decision=drop because duplicate alert
+68.446214964s 34 caf.Forwarder:OnIncomingAlert(): [DEBUG] in=257 alert=/alert/emergency/veh/120/seq=0/zor=[MASKED]
+68.446214964s 34 caf.Forwarder:AlertVehicleHandler(): [DEBUG] in=(257,0) alert=/alert/emergency/veh/120/seq=0/zor=[MASKED] decision=drop because duplicate alert
+68.446214967s 105 caf.Forwarder:OnIncomingAlert(): [DEBUG] in=257 alert=/alert/emergency/veh/120/seq=0/zor=[MASKED]
+68.446214967s 105 caf.Forwarder:AlertVehicleHandler(): [DEBUG] in=(257,0) alert=/alert/emergency/veh/120/seq=0/zor=[MASKED] decision=drop because duplicate alert
+68.446215011s 119 caf.Forwarder:OnIncomingAlert(): [DEBUG] in=257 alert=/alert/emergency/veh/120/seq=0/zor=[MASKED]
+68.446215011s 119 caf.Forwarder:AlertVehicleHandler(): [DEBUG] in=(257,0) alert=/alert/emergency/veh/120/seq=0/zor=[MASKED] decision=drop because duplicate alert
+68.446215021s 104 caf.Forwarder:OnIncomingAlert(): [DEBUG] in=257 alert=/alert/emergency/veh/120/seq=0/zor=[MASKED]
+68.446215021s 104 caf.Forwarder:AlertVehicleHandler(): [DEBUG] in=(257,0) alert=/alert/emergency/veh/120/seq=0/zor=[MASKED] decision=drop because duplicate alert
+68.446215031s 32 caf.Forwarder:OnIncomingAlert(): [DEBUG] in=257 alert=/alert/emergency/veh/120/seq=0/zor=[MASKED]
+68.446215031s 32 caf.Forwarder:AlertVehicleHandler(): [DEBUG] in=(257,0) alert=/alert/emergency/veh/120/seq=0/zor=[MASKED] decision=drop because duplicate alert
+68.446215075s 98 caf.Forwarder:OnIncomingAlert(): [DEBUG] in=257 alert=/alert/emergency/veh/120/seq=0/zor=[MASKED]
+68.446215075s 98 caf.Forwarder:AlertVehicleHandler(): [DEBUG] in=(257,0) alert=/alert/emergency/veh/120/seq=0/zor=[MASKED] decision=forward to vehicles deferred until 0ms
+68.446215075s 98 caf.Forwarder:OnOutgoingAlert(): [DEBUG] out=257 alert=/alert/emergency/veh/120/seq=0/zor=[MASKED]
+68.446215075s 98 ndn.AlertConsumer:doReceive(): [INFO ] Received alert: /alert/emergency/veh/120/seq=0/zor=[MASKED]
+68.447089121s 46 caf.Forwarder:OnIncomingAlert(): [DEBUG] in=257 alert=/alert/emergency/veh/120/seq=0/zor=[MASKED]
+68.447089121s 46 caf.Forwarder:AlertVehicleHandler(): [DEBUG] in=(257,0) alert=/alert/emergency/veh/120/seq=0/zor=[MASKED] decision=forward to vehicles deferred until 0ms
+68.447089121s 46 caf.Forwarder:OnOutgoingAlert(): [DEBUG] out=257 alert=/alert/emergency/veh/120/seq=0/zor=[MASKED]
+68.447089121s 46 ndn.AlertConsumer:doReceive(): [INFO ] Received alert: /alert/emergency/veh/120/seq=0/zor=[MASKED]
+68.447089128s 32 caf.Forwarder:OnIncomingAlert(): [DEBUG] in=257 alert=/alert/emergency/veh/120/seq=0/zor=[MASKED]
+68.447089128s 32 caf.Forwarder:AlertVehicleHandler(): [DEBUG] in=(257,0) alert=/alert/emergency/veh/120/seq=0/zor=[MASKED] decision=drop because duplicate alert
+68.447089129s 104 caf.Forwarder:OnIncomingAlert(): [DEBUG] in=257 alert=/alert/emergency/veh/120/seq=0/zor=[MASKED]
+68.447089129s 104 caf.Forwarder:AlertVehicleHandler(): [DEBUG] in=(257,0) alert=/alert/emergency/veh/120/seq=0/zor=[MASKED] decision=drop because duplicate alert
+68.447089145s 90 caf.Forwarder:OnIncomingAlert(): [DEBUG] in=257 alert=/alert/emergency/veh/120/seq=0/zor=[MASKED]
+68.447089145s 90 caf.Forwarder:AlertVehicleHandler(): [DEBUG] in=(257,0) alert=/alert/emergency/veh/120/seq=0/zor=[MASKED] decision=forward to vehicles deferred until 0ms
+68.447089145s 90 caf.Forwarder:OnOutgoingAlert(): [DEBUG] out=257 alert=/alert/emergency/veh/120/seq=0/zor=[MASKED]
+68.447089145s 90 ndn.AlertConsumer:doReceive(): [INFO ] Received alert: /alert/emergency/veh/120/seq=0/zor=[MASKED]
+68.447089183s 105 caf.Forwarder:OnIncomingAlert(): [DEBUG] in=257 alert=/alert/emergency/veh/120/seq=0/zor=[MASKED]
+68.447089183s 105 caf.Forwarder:AlertVehicleHandler(): [DEBUG] in=(257,0) alert=/alert/emergency/veh/120/seq=0/zor=[MASKED] decision=drop because duplicate alert
+68.447089187s 97 caf.Forwarder:OnIncomingAlert(): [DEBUG] in=257 alert=/alert/emergency/veh/120/seq=0/zor=[MASKED]
+68.447089187s 97 caf.Forwarder:AlertVehicleHandler(): [DEBUG] in=(257,0) alert=/alert/emergency/veh/120/seq=0/zor=[MASKED] decision=forward to vehicles deferred until 0ms
+68.447089187s 97 caf.Forwarder:OnOutgoingAlert(): [DEBUG] out=257 alert=/alert/emergency/veh/120/seq=0/zor=[MASKED]
+68.447089187s 97 ndn.AlertConsumer:doReceive(): [INFO ] Received alert: /alert/emergency/veh/120/seq=0/zor=[MASKED]
+68.447089227s 89 caf.Forwarder:OnIncomingAlert(): [DEBUG] in=257 alert=/alert/emergency/veh/120/seq=0/zor=[MASKED]
+68.447089227s 89 caf.Forwarder:AlertVehicleHandler(): [DEBUG] in=(257,0) alert=/alert/emergency/veh/120/seq=0/zor=[MASKED] decision=forward to vehicles deferred until 0ms
+68.447089227s 89 caf.Forwarder:OnOutgoingAlert(): [DEBUG] out=257 alert=/alert/emergency/veh/120/seq=0/zor=[MASKED]
+68.447089227s 89 ndn.AlertConsumer:doReceive(): [INFO ] Received alert: /alert/emergency/veh/120/seq=0/zor=[MASKED]
+68.447089234s 112 caf.Forwarder:OnIncomingAlert(): [DEBUG] in=257 alert=/alert/emergency/veh/120/seq=0/zor=[MASKED]
+68.447089234s 112 caf.Forwarder:AlertVehicleHandler(): [DEBUG] in=(257,0) alert=/alert/emergency/veh/120/seq=0/zor=[MASKED] decision=drop because duplicate alert
+68.447089246s 42 caf.Forwarder:OnIncomingAlert(): [DEBUG] in=257 alert=/alert/emergency/veh/120/seq=0/zor=[MASKED]
+68.447089246s 42 caf.Forwarder:AlertVehicleHandler(): [DEBUG] in=(257,0) alert=/alert/emergency/veh/120/seq=0/zor=[MASKED] decision=forward to vehicles deferred until 0ms
+68.447089246s 42 caf.Forwarder:OnOutgoingAlert(): [DEBUG] out=257 alert=/alert/emergency/veh/120/seq=0/zor=[MASKED]
+68.447089246s 42 ndn.AlertConsumer:doReceive(): [INFO ] Received alert: /alert/emergency/veh/120/seq=0/zor=[MASKED]
+68.447963167s 98 caf.Forwarder:OnIncomingAlert(): [DEBUG] in=257 alert=/alert/emergency/veh/120/seq=0/zor=[MASKED]
+68.447963167s 98 caf.Forwarder:AlertVehicleHandler(): [DEBUG] in=(257,0) alert=/alert/emergency/veh/120/seq=0/zor=[MASKED] decision=drop because duplicate alert
+69.932994880s 121 ndn.RandomAlertProducer:AlertSupplier(): [LOGIC] Send alert=/alert/emergency/veh/121/seq=0/zor=[MASKED] vehCount=91 rsuCount=9
+69.932994880s 121 caf.Forwarder:OnIncomingAlert(): [DEBUG] in=260 alert=/alert/emergency/veh/121/seq=0/zor=[MASKED]
+69.932994880s 121 caf.Forwarder:AlertVehicleHandler(): [DEBUG] in=(260,0) alert=/alert/emergency/veh/121/seq=0/zor=[MASKED] decision=forward to vehicles
+69.932994880s 121 caf.Forwarder:OnOutgoingAlert(): [DEBUG] out=257 alert=/alert/emergency/veh/121/seq=0/zor=[MASKED]
+69.933868932s 122 caf.Forwarder:OnIncomingAlert(): [DEBUG] in=257 alert=/alert/emergency/veh/121/seq=0/zor=[MASKED]
+69.933868932s 122 caf.Forwarder:AlertVehicleHandler(): [DEBUG] in=(257,0) alert=/alert/emergency/veh/121/seq=0/zor=[MASKED] decision=drop since sender is closer
+69.933868948s 115 caf.Forwarder:OnIncomingAlert(): [DEBUG] in=257 alert=/alert/emergency/veh/121/seq=0/zor=[MASKED]
+69.933868948s 115 caf.Forwarder:AlertVehicleHandler(): [DEBUG] in=(257,0) alert=/alert/emergency/veh/121/seq=0/zor=[MASKED] decision=forward to vehicles deferred until 0ms
+69.933868948s 115 caf.Forwarder:OnOutgoingAlert(): [DEBUG] out=257 alert=/alert/emergency/veh/121/seq=0/zor=[MASKED]
+69.933868948s 115 ndn.AlertConsumer:doReceive(): [INFO ] Received alert: /alert/emergency/veh/121/seq=0/zor=[MASKED]
+69.933868995s 114 caf.Forwarder:OnIncomingAlert(): [DEBUG] in=257 alert=/alert/emergency/veh/121/seq=0/zor=[MASKED]
+69.933868995s 114 caf.Forwarder:AlertVehicleHandler(): [DEBUG] in=(257,0) alert=/alert/emergency/veh/121/seq=0/zor=[MASKED] decision=forward to vehicles deferred until 0ms
+69.933868995s 114 caf.Forwarder:OnOutgoingAlert(): [DEBUG] out=257 alert=/alert/emergency/veh/121/seq=0/zor=[MASKED]
+69.933868995s 114 ndn.AlertConsumer:doReceive(): [INFO ] Received alert: /alert/emergency/veh/121/seq=0/zor=[MASKED]
+69.933869039s 127 caf.Forwarder:OnIncomingAlert(): [DEBUG] in=257 alert=/alert/emergency/veh/121/seq=0/zor=[MASKED]
+69.933869039s 127 caf.Forwarder:AlertVehicleHandler(): [DEBUG] in=(257,0) alert=/alert/emergency/veh/121/seq=0/zor=[MASKED] decision=drop since sender is closer
+69.934743016s 121 caf.Forwarder:OnIncomingAlert(): [DEBUG] in=257 alert=/alert/emergency/veh/121/seq=0/zor=[MASKED]
+69.934743016s 121 caf.Forwarder:AlertVehicleHandler(): [DEBUG] in=(257,0) alert=/alert/emergency/veh/121/seq=0/zor=[MASKED] decision=drop because duplicate alert
+69.934743066s 122 caf.Forwarder:OnIncomingAlert(): [DEBUG] in=257 alert=/alert/emergency/veh/121/seq=0/zor=[MASKED]
+69.934743066s 122 caf.Forwarder:AlertVehicleHandler(): [DEBUG] in=(257,0) alert=/alert/emergency/veh/121/seq=0/zor=[MASKED] decision=drop because duplicate alert
+69.934743066s 40 caf.Forwarder:OnIncomingAlert(): [DEBUG] in=257 alert=/alert/emergency/veh/121/seq=0/zor=[MASKED]
+69.934743066s 40 caf.Forwarder:AlertVehicleHandler(): [DEBUG] in=(257,0) alert=/alert/emergency/veh/121/seq=0/zor=[MASKED] decision=forward to vehicles deferred until 0ms
+69.934743066s 106 caf.Forwarder:OnIncomingAlert(): [DEBUG] in=257 alert=/alert/emergency/veh/121/seq=0/zor=[MASKED]
+69.934743066s 106 caf.Forwarder:AlertVehicleHandler(): [DEBUG] in=(257,0) alert=/alert/emergency/veh/121/seq=0/zor=[MASKED] decision=forward to vehicles deferred until 0ms
+69.934743066s 40 caf.Forwarder:OnOutgoingAlert(): [DEBUG] out=257 alert=/alert/emergency/veh/121/seq=0/zor=[MASKED]
+69.934743066s 40 ndn.AlertConsumer:doReceive(): [INFO ] Received alert: /alert/emergency/veh/121/seq=0/zor=[MASKED]
+69.934743066s 106 caf.Forwarder:OnOutgoingAlert(): [DEBUG] out=257 alert=/alert/emergency/veh/121/seq=0/zor=[MASKED]
+69.934743066s 106 ndn.AlertConsumer:doReceive(): [INFO ] Received alert: /alert/emergency/veh/121/seq=0/zor=[MASKED]
+69.934743090s 56 caf.Forwarder:OnIncomingAlert(): [DEBUG] in=257 alert=/alert/emergency/veh/121/seq=0/zor=[MASKED]
+69.934743090s 56 caf.Forwarder:AlertVehicleHandler(): [DEBUG] in=(257,0) alert=/alert/emergency/veh/121/seq=0/zor=[MASKED] decision=forward to vehicles deferred until 0ms
+69.934743090s 56 caf.Forwarder:OnOutgoingAlert(): [DEBUG] out=257 alert=/alert/emergency/veh/121/seq=0/zor=[MASKED]
+69.934743090s 56 ndn.AlertConsumer:doReceive(): [INFO ] Received alert: /alert/emergency/veh/121/seq=0/zor=[MASKED]
+70.046353756s 124 ndn.RandomAlertProducer:AlertSupplier(): [LOGIC] Send alert=/alert/emergency/veh/124/seq=0/zor=[MASKED] vehCount=91 rsuCount=9
+70.046353756s 124 caf.Forwarder:OnIncomingAlert(): [DEBUG] in=260 alert=/alert/emergency/veh/124/seq=0/zor=[MASKED]
+70.046353756s 124 caf.Forwarder:AlertVehicleHandler(): [DEBUG] in=(260,0) alert=/alert/emergency/veh/124/seq=0/zor=[MASKED] decision=forward to vehicles
+70.046353756s 124 caf.Forwarder:OnOutgoingAlert(): [DEBUG] out=257 alert=/alert/emergency/veh/124/seq=0/zor=[MASKED]
+70.047227767s 129 caf.Forwarder:OnIncomingAlert(): [DEBUG] in=257 alert=/alert/emergency/veh/124/seq=0/zor=[MASKED]
+70.047227767s 129 caf.Forwarder:AlertVehicleHandler(): [DEBUG] in=(257,0) alert=/alert/emergency/veh/124/seq=0/zor=[MASKED] decision=forward to vehicles deferred until 4.73061ms
+70.047227833s 123 caf.Forwarder:OnIncomingAlert(): [DEBUG] in=257 alert=/alert/emergency/veh/124/seq=0/zor=[MASKED]
+70.047227833s 123 caf.Forwarder:AlertVehicleHandler(): [DEBUG] in=(257,0) alert=/alert/emergency/veh/124/seq=0/zor=[MASKED] decision=forward to vehicles deferred until 2.71024ms
+70.047227891s 135 caf.Forwarder:OnIncomingAlert(): [DEBUG] in=257 alert=/alert/emergency/veh/124/seq=0/zor=[MASKED]
+70.047227891s 135 caf.Forwarder:AlertVehicleHandler(): [DEBUG] in=(257,0) alert=/alert/emergency/veh/124/seq=0/zor=[MASKED] decision=drop since sender is closer
+70.047227893s 37 caf.Forwarder:OnIncomingAlert(): [DEBUG] in=257 alert=/alert/emergency/veh/124/seq=0/zor=[MASKED]
+70.047227893s 37 caf.Forwarder:AlertVehicleHandler(): [DEBUG] in=(257,0) alert=/alert/emergency/veh/124/seq=0/zor=[MASKED] decision=forward to vehicles deferred until 0.892945ms
+70.047227927s 26 caf.Forwarder:OnIncomingAlert(): [DEBUG] in=257 alert=/alert/emergency/veh/124/seq=0/zor=[MASKED]
+70.047227927s 26 caf.Forwarder:AlertVehicleHandler(): [DEBUG] in=(257,0) alert=/alert/emergency/veh/124/seq=0/zor=[MASKED] decision=drop since sender is closer
+70.047227927s 143 caf.Forwarder:OnIncomingAlert(): [DEBUG] in=257 alert=/alert/emergency/veh/124/seq=0/zor=[MASKED]
+70.047227927s 143 caf.Forwarder:AlertVehicleHandler(): [DEBUG] in=(257,0) alert=/alert/emergency/veh/124/seq=0/zor=[MASKED] decision=drop since sender is closer
+70.048120838s 37 caf.Forwarder:OnOutgoingAlert(): [DEBUG] out=257 alert=/alert/emergency/veh/124/seq=0/zor=[MASKED]
+70.048994905s 123 caf.Forwarder:OnIncomingAlert(): [DEBUG] in=257 alert=/alert/emergency/veh/124/seq=0/zor=[MASKED]
+70.048994905s 123 caf.Forwarder:AlertVehicleHandler(): [DEBUG] in= (257,0) alert=/alert/emergency/veh/124/seq=0/zor=[MASKED] timer cancelled because sender closer to ZoR
+70.048994912s 117 caf.Forwarder:OnIncomingAlert(): [DEBUG] in=257 alert=/alert/emergency/veh/124/seq=0/zor=[MASKED]
+70.048994912s 117 caf.Forwarder:AlertVehicleHandler(): [DEBUG] in=(257,0) alert=/alert/emergency/veh/124/seq=0/zor=[MASKED] decision=forward to vehicles deferred until 2.81691ms
+70.048994930s 116 caf.Forwarder:OnIncomingAlert(): [DEBUG] in=257 alert=/alert/emergency/veh/124/seq=0/zor=[MASKED]
+70.048994930s 116 caf.Forwarder:AlertVehicleHandler(): [DEBUG] in=(257,0) alert=/alert/emergency/veh/124/seq=0/zor=[MASKED] decision=forward to vehicles deferred until 2.27728ms
+70.048994975s 124 caf.Forwarder:OnIncomingAlert(): [DEBUG] in=257 alert=/alert/emergency/veh/124/seq=0/zor=[MASKED]
+70.048994975s 124 caf.Forwarder:AlertVehicleHandler(): [DEBUG] in=(257,0) alert=/alert/emergency/veh/124/seq=0/zor=[MASKED] decision=drop because duplicate alert
+70.048994976s 129 caf.Forwarder:OnIncomingAlert(): [DEBUG] in=257 alert=/alert/emergency/veh/124/seq=0/zor=[MASKED]
+70.048994976s 129 caf.Forwarder:AlertVehicleHandler(): [DEBUG] in= (257,0) alert=/alert/emergency/veh/124/seq=0/zor=[MASKED] timer cancelled because sender closer to ZoR
+70.048994982s 109 caf.Forwarder:OnIncomingAlert(): [DEBUG] in=257 alert=/alert/emergency/veh/124/seq=0/zor=[MASKED]
+70.048994982s 109 caf.Forwarder:AlertVehicleHandler(): [DEBUG] in=(257,0) alert=/alert/emergency/veh/124/seq=0/zor=[MASKED] decision=forward to vehicles deferred until 0ms
+70.048994982s 109 caf.Forwarder:OnOutgoingAlert(): [DEBUG] out=257 alert=/alert/emergency/veh/124/seq=0/zor=[MASKED]
+70.048994982s 109 ndn.AlertConsumer:doReceive(): [INFO ] Received alert: /alert/emergency/veh/124/seq=0/zor=[MASKED]
+70.048994984s 24 caf.Forwarder:OnIncomingAlert(): [DEBUG] in=257 alert=/alert/emergency/veh/124/seq=0/zor=[MASKED]
+70.048994984s 24 caf.Forwarder:AlertVehicleHandler(): [DEBUG] in=(257,0) alert=/alert/emergency/veh/124/seq=0/zor=[MASKED] decision=forward to vehicles deferred until 0ms
+70.048994984s 24 caf.Forwarder:OnOutgoingAlert(): [DEBUG] out=257 alert=/alert/emergency/veh/124/seq=0/zor=[MASKED]
+70.048994984s 24 ndn.AlertConsumer:doReceive(): [INFO ] Received alert: /alert/emergency/veh/124/seq=0/zor=[MASKED]
+70.051272207s 116 caf.Forwarder:OnOutgoingAlert(): [DEBUG] out=257 alert=/alert/emergency/veh/124/seq=0/zor=[MASKED]
+70.051811825s 117 caf.Forwarder:OnOutgoingAlert(): [DEBUG] out=257 alert=/alert/emergency/veh/124/seq=0/zor=[MASKED]
+70.052146226s 117 caf.Forwarder:OnIncomingAlert(): [DEBUG] in=257 alert=/alert/emergency/veh/124/seq=0/zor=[MASKED]
+70.052146226s 117 caf.Forwarder:AlertVehicleHandler(): [DEBUG] in=(257,0) alert=/alert/emergency/veh/124/seq=0/zor=[MASKED] decision=drop because duplicate alert
+70.052146264s 109 caf.Forwarder:OnIncomingAlert(): [DEBUG] in=257 alert=/alert/emergency/veh/124/seq=0/zor=[MASKED]
+70.052146264s 109 caf.Forwarder:AlertVehicleHandler(): [DEBUG] in=(257,0) alert=/alert/emergency/veh/124/seq=0/zor=[MASKED] decision=drop because duplicate alert
+70.052146275s 24 caf.Forwarder:OnIncomingAlert(): [DEBUG] in=257 alert=/alert/emergency/veh/124/seq=0/zor=[MASKED]
+70.052146275s 24 caf.Forwarder:AlertVehicleHandler(): [DEBUG] in=(257,0) alert=/alert/emergency/veh/124/seq=0/zor=[MASKED] decision=drop because duplicate alert
+70.052146299s 37 caf.Forwarder:OnIncomingAlert(): [DEBUG] in=257 alert=/alert/emergency/veh/124/seq=0/zor=[MASKED]
+70.052146299s 37 caf.Forwarder:AlertVehicleHandler(): [DEBUG] in=(257,0) alert=/alert/emergency/veh/124/seq=0/zor=[MASKED] decision=drop because duplicate alert
+70.052146325s 23 caf.Forwarder:OnIncomingAlert(): [DEBUG] in=257 alert=/alert/emergency/veh/124/seq=0/zor=[MASKED]
+70.052146325s 23 caf.Forwarder:AlertVehicleHandler(): [DEBUG] in=(257,0) alert=/alert/emergency/veh/124/seq=0/zor=[MASKED] decision=forward to vehicles deferred until 0ms
+70.052146325s 23 caf.Forwarder:OnOutgoingAlert(): [DEBUG] out=257 alert=/alert/emergency/veh/124/seq=0/zor=[MASKED]
+70.052146325s 23 ndn.AlertConsumer:doReceive(): [INFO ] Received alert: /alert/emergency/veh/124/seq=0/zor=[MASKED]
+70.052146348s 108 caf.Forwarder:OnIncomingAlert(): [DEBUG] in=257 alert=/alert/emergency/veh/124/seq=0/zor=[MASKED]
+70.052146348s 108 caf.Forwarder:AlertVehicleHandler(): [DEBUG] in=(257,0) alert=/alert/emergency/veh/124/seq=0/zor=[MASKED] decision=forward to vehicles deferred until 0ms
+70.052146348s 108 caf.Forwarder:OnOutgoingAlert(): [DEBUG] out=257 alert=/alert/emergency/veh/124/seq=0/zor=[MASKED]
+70.052146348s 108 ndn.AlertConsumer:doReceive(): [INFO ] Received alert: /alert/emergency/veh/124/seq=0/zor=[MASKED]
+70.052146352s 123 caf.Forwarder:OnIncomingAlert(): [DEBUG] in=257 alert=/alert/emergency/veh/124/seq=0/zor=[MASKED]
+70.052146352s 123 caf.Forwarder:AlertVehicleHandler(): [DEBUG] in=(257,0) alert=/alert/emergency/veh/124/seq=0/zor=[MASKED] decision=drop because duplicate alert
+70.053020382s 24 caf.Forwarder:OnIncomingAlert(): [DEBUG] in=257 alert=/alert/emergency/veh/124/seq=0/zor=[MASKED]
+70.053020382s 24 caf.Forwarder:AlertVehicleHandler(): [DEBUG] in=(257,0) alert=/alert/emergency/veh/124/seq=0/zor=[MASKED] decision=drop because duplicate alert
+70.053020385s 109 caf.Forwarder:OnIncomingAlert(): [DEBUG] in=257 alert=/alert/emergency/veh/124/seq=0/zor=[MASKED]
+70.053020385s 109 caf.Forwarder:AlertVehicleHandler(): [DEBUG] in=(257,0) alert=/alert/emergency/veh/124/seq=0/zor=[MASKED] decision=drop because duplicate alert
+70.053020400s 102 caf.Forwarder:OnIncomingAlert(): [DEBUG] in=257 alert=/alert/emergency/veh/124/seq=0/zor=[MASKED]
+70.053020400s 102 caf.Forwarder:AlertVehicleHandler(): [DEBUG] in=(257,0) alert=/alert/emergency/veh/124/seq=0/zor=[MASKED] decision=forward to vehicles deferred until 0ms
+70.053020400s 102 caf.Forwarder:OnOutgoingAlert(): [DEBUG] out=257 alert=/alert/emergency/veh/124/seq=0/zor=[MASKED]
+70.053020400s 102 ndn.AlertConsumer:doReceive(): [INFO ] Received alert: /alert/emergency/veh/124/seq=0/zor=[MASKED]
+70.053176245s 116 caf.Forwarder:OnIncomingAlert(): [DEBUG] in=257 alert=/alert/emergency/veh/124/seq=0/zor=[MASKED]
+70.053176245s 116 caf.Forwarder:AlertVehicleHandler(): [DEBUG] in=(257,0) alert=/alert/emergency/veh/124/seq=0/zor=[MASKED] decision=drop because duplicate alert
+70.053176300s 37 caf.Forwarder:OnIncomingAlert(): [DEBUG] in=257 alert=/alert/emergency/veh/124/seq=0/zor=[MASKED]
+70.053176300s 37 caf.Forwarder:AlertVehicleHandler(): [DEBUG] in=(257,0) alert=/alert/emergency/veh/124/seq=0/zor=[MASKED] decision=drop because duplicate alert
+70.053176356s 123 caf.Forwarder:OnIncomingAlert(): [DEBUG] in=257 alert=/alert/emergency/veh/124/seq=0/zor=[MASKED]
+70.053176356s 123 caf.Forwarder:AlertVehicleHandler(): [DEBUG] in=(257,0) alert=/alert/emergency/veh/124/seq=0/zor=[MASKED] decision=drop because duplicate alert
+70.053894452s 108 caf.Forwarder:OnIncomingAlert(): [DEBUG] in=257 alert=/alert/emergency/veh/124/seq=0/zor=[MASKED]
+70.053894452s 108 caf.Forwarder:AlertVehicleHandler(): [DEBUG] in=(257,0) alert=/alert/emergency/veh/124/seq=0/zor=[MASKED] decision=drop because duplicate alert
+70.053894471s 101 caf.Forwarder:OnIncomingAlert(): [DEBUG] in=257 alert=/alert/emergency/veh/124/seq=0/zor=[MASKED]
+70.053894471s 101 caf.Forwarder:AlertVehicleHandler(): [DEBUG] in=(257,0) alert=/alert/emergency/veh/124/seq=0/zor=[MASKED] decision=forward to vehicles deferred until 0ms
+70.053894471s 101 caf.Forwarder:OnOutgoingAlert(): [DEBUG] out=257 alert=/alert/emergency/veh/124/seq=0/zor=[MASKED]
+70.053894471s 101 ndn.AlertConsumer:doReceive(): [INFO ] Received alert: /alert/emergency/veh/124/seq=0/zor=[MASKED]
+70.053894480s 23 caf.Forwarder:OnIncomingAlert(): [DEBUG] in=257 alert=/alert/emergency/veh/124/seq=0/zor=[MASKED]
+70.053894480s 23 caf.Forwarder:AlertVehicleHandler(): [DEBUG] in=(257,0) alert=/alert/emergency/veh/124/seq=0/zor=[MASKED] decision=drop because duplicate alert
+70.053894534s 30 caf.Forwarder:OnIncomingAlert(): [DEBUG] in=257 alert=/alert/emergency/veh/124/seq=0/zor=[MASKED]
+70.053894534s 30 caf.Forwarder:AlertVehicleHandler(): [DEBUG] in=(257,0) alert=/alert/emergency/veh/124/seq=0/zor=[MASKED] decision=forward to vehicles deferred until 0ms
+70.053894534s 30 caf.Forwarder:OnOutgoingAlert(): [DEBUG] out=257 alert=/alert/emergency/veh/124/seq=0/zor=[MASKED]
+70.053894534s 30 ndn.AlertConsumer:doReceive(): [INFO ] Received alert: /alert/emergency/veh/124/seq=0/zor=[MASKED]
+70.053894541s 96 caf.Forwarder:OnIncomingAlert(): [DEBUG] in=257 alert=/alert/emergency/veh/124/seq=0/zor=[MASKED]
+70.053894541s 96 caf.Forwarder:AlertVehicleHandler(): [DEBUG] in=(257,0) alert=/alert/emergency/veh/124/seq=0/zor=[MASKED] decision=forward to vehicles deferred until 0ms
+70.053894541s 96 caf.Forwarder:OnOutgoingAlert(): [DEBUG] out=257 alert=/alert/emergency/veh/124/seq=0/zor=[MASKED]
+70.053894541s 96 ndn.AlertConsumer:doReceive(): [INFO ] Received alert: /alert/emergency/veh/124/seq=0/zor=[MASKED]
+70.054768542s 102 caf.Forwarder:OnIncomingAlert(): [DEBUG] in=257 alert=/alert/emergency/veh/124/seq=0/zor=[MASKED]
+70.054768542s 102 caf.Forwarder:AlertVehicleHandler(): [DEBUG] in=(257,0) alert=/alert/emergency/veh/124/seq=0/zor=[MASKED] decision=drop because duplicate alert
+70.245351661s 125 ndn.RandomAlertProducer:SendAlert(): [LOGIC] Don't send alert; condition failed
+70.442559768s 123 ndn.RandomAlertProducer:AlertSupplier(): [LOGIC] Send alert=/alert/emergency/veh/123/seq=0/zor=[MASKED] vehCount=90 rsuCount=9
+70.442559768s 123 caf.Forwarder:OnIncomingAlert(): [DEBUG] in=260 alert=/alert/emergency/veh/123/seq=0/zor=[MASKED]
+70.442559768s 123 caf.Forwarder:AlertVehicleHandler(): [DEBUG] in=(260,0) alert=/alert/emergency/veh/123/seq=0/zor=[MASKED] decision=forward to vehicles
+70.442559768s 123 caf.Forwarder:OnOutgoingAlert(): [DEBUG] out=257 alert=/alert/emergency/veh/123/seq=0/zor=[MASKED]
+70.443433809s 37 caf.Forwarder:OnIncomingAlert(): [DEBUG] in=257 alert=/alert/emergency/veh/123/seq=0/zor=[MASKED]
+70.443433809s 37 caf.Forwarder:AlertVehicleHandler(): [DEBUG] in=(257,0) alert=/alert/emergency/veh/123/seq=0/zor=[MASKED] decision=forward to vehicles deferred until 3.81366ms
+70.443433844s 129 caf.Forwarder:OnIncomingAlert(): [DEBUG] in=257 alert=/alert/emergency/veh/123/seq=0/zor=[MASKED]
+70.443433844s 129 caf.Forwarder:AlertVehicleHandler(): [DEBUG] in=(257,0) alert=/alert/emergency/veh/123/seq=0/zor=[MASKED] decision=drop since sender is closer
+70.443433847s 124 caf.Forwarder:OnIncomingAlert(): [DEBUG] in=257 alert=/alert/emergency/veh/123/seq=0/zor=[MASKED]
+70.443433847s 124 caf.Forwarder:AlertVehicleHandler(): [DEBUG] in=(257,0) alert=/alert/emergency/veh/123/seq=0/zor=[MASKED] decision=drop since sender is closer
+70.443433898s 117 caf.Forwarder:OnIncomingAlert(): [DEBUG] in=257 alert=/alert/emergency/veh/123/seq=0/zor=[MASKED]
+70.443433898s 117 caf.Forwarder:AlertVehicleHandler(): [DEBUG] in=(257,0) alert=/alert/emergency/veh/123/seq=0/zor=[MASKED] decision=forward to vehicles deferred until 1.1223ms
+70.443433913s 116 caf.Forwarder:OnIncomingAlert(): [DEBUG] in=257 alert=/alert/emergency/veh/123/seq=0/zor=[MASKED]
+70.443433913s 116 caf.Forwarder:AlertVehicleHandler(): [DEBUG] in=(257,0) alert=/alert/emergency/veh/123/seq=0/zor=[MASKED] decision=forward to vehicles deferred until 0ms
+70.443433913s 116 caf.Forwarder:OnOutgoingAlert(): [DEBUG] out=257 alert=/alert/emergency/veh/123/seq=0/zor=[MASKED]
+70.443433913s 116 ndn.AlertConsumer:doReceive(): [INFO ] Received alert: /alert/emergency/veh/123/seq=0/zor=[MASKED]
+70.444307932s 117 caf.Forwarder:OnIncomingAlert(): [DEBUG] in=257 alert=/alert/emergency/veh/123/seq=0/zor=[MASKED]
+70.444307932s 117 caf.Forwarder:AlertVehicleHandler(): [DEBUG] in= (257,0) alert=/alert/emergency/veh/123/seq=0/zor=[MASKED] timer cancelled because sender closer to ZoR
+70.444307955s 24 caf.Forwarder:OnIncomingAlert(): [DEBUG] in=257 alert=/alert/emergency/veh/123/seq=0/zor=[MASKED]
+70.444307955s 24 caf.Forwarder:AlertVehicleHandler(): [DEBUG] in=(257,0) alert=/alert/emergency/veh/123/seq=0/zor=[MASKED] decision=forward to vehicles deferred until 0ms
+70.444307955s 24 caf.Forwarder:OnOutgoingAlert(): [DEBUG] out=257 alert=/alert/emergency/veh/123/seq=0/zor=[MASKED]
+70.444307955s 24 ndn.AlertConsumer:doReceive(): [INFO ] Received alert: /alert/emergency/veh/123/seq=0/zor=[MASKED]
+70.444307970s 109 caf.Forwarder:OnIncomingAlert(): [DEBUG] in=257 alert=/alert/emergency/veh/123/seq=0/zor=[MASKED]
+70.444307970s 109 caf.Forwarder:AlertVehicleHandler(): [DEBUG] in=(257,0) alert=/alert/emergency/veh/123/seq=0/zor=[MASKED] decision=forward to vehicles deferred until 0ms
+70.444307970s 109 caf.Forwarder:OnOutgoingAlert(): [DEBUG] out=257 alert=/alert/emergency/veh/123/seq=0/zor=[MASKED]
+70.444307970s 109 ndn.AlertConsumer:doReceive(): [INFO ] Received alert: /alert/emergency/veh/123/seq=0/zor=[MASKED]
+70.444307996s 23 caf.Forwarder:OnIncomingAlert(): [DEBUG] in=257 alert=/alert/emergency/veh/123/seq=0/zor=[MASKED]
+70.444307996s 23 caf.Forwarder:AlertVehicleHandler(): [DEBUG] in=(257,0) alert=/alert/emergency/veh/123/seq=0/zor=[MASKED] decision=forward to vehicles deferred until 0ms
+70.444307996s 23 caf.Forwarder:OnOutgoingAlert(): [DEBUG] out=257 alert=/alert/emergency/veh/123/seq=0/zor=[MASKED]
+70.444307996s 23 ndn.AlertConsumer:doReceive(): [INFO ] Received alert: /alert/emergency/veh/123/seq=0/zor=[MASKED]
+70.444308037s 37 caf.Forwarder:OnIncomingAlert(): [DEBUG] in=257 alert=/alert/emergency/veh/123/seq=0/zor=[MASKED]
+70.444308037s 37 caf.Forwarder:AlertVehicleHandler(): [DEBUG] in= (257,0) alert=/alert/emergency/veh/123/seq=0/zor=[MASKED] timer cancelled because sender closer to ZoR
+70.444308056s 108 caf.Forwarder:OnIncomingAlert(): [DEBUG] in=257 alert=/alert/emergency/veh/123/seq=0/zor=[MASKED]
+70.444308056s 108 caf.Forwarder:AlertVehicleHandler(): [DEBUG] in=(257,0) alert=/alert/emergency/veh/123/seq=0/zor=[MASKED] decision=forward to vehicles deferred until 0ms
+70.444308056s 108 caf.Forwarder:OnOutgoingAlert(): [DEBUG] out=257 alert=/alert/emergency/veh/123/seq=0/zor=[MASKED]
+70.444308056s 108 ndn.AlertConsumer:doReceive(): [INFO ] Received alert: /alert/emergency/veh/123/seq=0/zor=[MASKED]
+70.444308058s 123 caf.Forwarder:OnIncomingAlert(): [DEBUG] in=257 alert=/alert/emergency/veh/123/seq=0/zor=[MASKED]
+70.444308058s 123 caf.Forwarder:AlertVehicleHandler(): [DEBUG] in=(257,0) alert=/alert/emergency/veh/123/seq=0/zor=[MASKED] decision=drop because duplicate alert
+70.445182106s 102 caf.Forwarder:OnIncomingAlert(): [DEBUG] in=257 alert=/alert/emergency/veh/123/seq=0/zor=[MASKED]
+70.445182106s 102 caf.Forwarder:AlertVehicleHandler(): [DEBUG] in=(257,0) alert=/alert/emergency/veh/123/seq=0/zor=[MASKED] decision=forward to vehicles deferred until 0ms
+70.445182106s 102 caf.Forwarder:OnOutgoingAlert(): [DEBUG] out=257 alert=/alert/emergency/veh/123/seq=0/zor=[MASKED]
+70.445182106s 102 ndn.AlertConsumer:doReceive(): [INFO ] Received alert: /alert/emergency/veh/123/seq=0/zor=[MASKED]
+70.446056156s 108 caf.Forwarder:OnIncomingAlert(): [DEBUG] in=257 alert=/alert/emergency/veh/123/seq=0/zor=[MASKED]
+70.446056156s 108 caf.Forwarder:AlertVehicleHandler(): [DEBUG] in=(257,0) alert=/alert/emergency/veh/123/seq=0/zor=[MASKED] decision=drop because duplicate alert
+70.446056178s 101 caf.Forwarder:OnIncomingAlert(): [DEBUG] in=257 alert=/alert/emergency/veh/123/seq=0/zor=[MASKED]
+70.446056178s 101 caf.Forwarder:AlertVehicleHandler(): [DEBUG] in=(257,0) alert=/alert/emergency/veh/123/seq=0/zor=[MASKED] decision=forward to vehicles deferred until 0ms
+70.446056178s 101 caf.Forwarder:OnOutgoingAlert(): [DEBUG] out=257 alert=/alert/emergency/veh/123/seq=0/zor=[MASKED]
+70.446056178s 101 ndn.AlertConsumer:doReceive(): [INFO ] Received alert: /alert/emergency/veh/123/seq=0/zor=[MASKED]
+70.446056209s 30 caf.Forwarder:OnIncomingAlert(): [DEBUG] in=257 alert=/alert/emergency/veh/123/seq=0/zor=[MASKED]
+70.446056209s 30 caf.Forwarder:AlertVehicleHandler(): [DEBUG] in=(257,0) alert=/alert/emergency/veh/123/seq=0/zor=[MASKED] decision=forward to vehicles deferred until 0ms
+70.446056209s 30 caf.Forwarder:OnOutgoingAlert(): [DEBUG] out=257 alert=/alert/emergency/veh/123/seq=0/zor=[MASKED]
+70.446056209s 30 ndn.AlertConsumer:doReceive(): [INFO ] Received alert: /alert/emergency/veh/123/seq=0/zor=[MASKED]
+70.446056219s 23 caf.Forwarder:OnIncomingAlert(): [DEBUG] in=257 alert=/alert/emergency/veh/123/seq=0/zor=[MASKED]
+70.446056219s 23 caf.Forwarder:AlertVehicleHandler(): [DEBUG] in=(257,0) alert=/alert/emergency/veh/123/seq=0/zor=[MASKED] decision=drop because duplicate alert
+70.446056242s 109 caf.Forwarder:OnIncomingAlert(): [DEBUG] in=257 alert=/alert/emergency/veh/123/seq=0/zor=[MASKED]
+70.446056242s 109 caf.Forwarder:AlertVehicleHandler(): [DEBUG] in=(257,0) alert=/alert/emergency/veh/123/seq=0/zor=[MASKED] decision=drop because duplicate alert
+70.446056248s 96 caf.Forwarder:OnIncomingAlert(): [DEBUG] in=257 alert=/alert/emergency/veh/123/seq=0/zor=[MASKED]
+70.446056248s 96 caf.Forwarder:AlertVehicleHandler(): [DEBUG] in=(257,0) alert=/alert/emergency/veh/123/seq=0/zor=[MASKED] decision=forward to vehicles deferred until 0ms
+70.446056248s 96 caf.Forwarder:OnOutgoingAlert(): [DEBUG] out=257 alert=/alert/emergency/veh/123/seq=0/zor=[MASKED]
+70.446056248s 96 ndn.AlertConsumer:doReceive(): [INFO ] Received alert: /alert/emergency/veh/123/seq=0/zor=[MASKED]
+70.446056274s 24 caf.Forwarder:OnIncomingAlert(): [DEBUG] in=257 alert=/alert/emergency/veh/123/seq=0/zor=[MASKED]
+70.446056274s 24 caf.Forwarder:AlertVehicleHandler(): [DEBUG] in=(257,0) alert=/alert/emergency/veh/123/seq=0/zor=[MASKED] decision=drop because duplicate alert
+70.446930296s 51 caf.Forwarder:OnIncomingAlert(): [DEBUG] in=257 alert=/alert/emergency/veh/123/seq=0/zor=[MASKED]
+70.446930296s 51 caf.Forwarder:AlertVehicleHandler(): [DEBUG] in=(257,0) alert=/alert/emergency/veh/123/seq=0/zor=[MASKED] decision=forward to vehicles deferred until 0ms
+70.446930296s 51 caf.Forwarder:OnOutgoingAlert(): [DEBUG] out=257 alert=/alert/emergency/veh/123/seq=0/zor=[MASKED]
+70.446930296s 51 ndn.AlertConsumer:doReceive(): [INFO ] Received alert: /alert/emergency/veh/123/seq=0/zor=[MASKED]
+70.447804344s 96 caf.Forwarder:OnIncomingAlert(): [DEBUG] in=257 alert=/alert/emergency/veh/123/seq=0/zor=[MASKED]
+70.447804344s 96 caf.Forwarder:AlertVehicleHandler(): [DEBUG] in=(257,0) alert=/alert/emergency/veh/123/seq=0/zor=[MASKED] decision=drop because duplicate alert
+70.447804362s 86 caf.Forwarder:OnIncomingAlert(): [DEBUG] in=257 alert=/alert/emergency/veh/123/seq=0/zor=[MASKED]
+70.447804362s 86 caf.Forwarder:AlertVehicleHandler(): [DEBUG] in=(257,0) alert=/alert/emergency/veh/123/seq=0/zor=[MASKED] decision=forward to vehicles deferred until 0ms
+70.447804362s 86 caf.Forwarder:OnOutgoingAlert(): [DEBUG] out=257 alert=/alert/emergency/veh/123/seq=0/zor=[MASKED]
+70.447804362s 86 ndn.AlertConsumer:doReceive(): [INFO ] Received alert: /alert/emergency/veh/123/seq=0/zor=[MASKED]
+70.447804376s 30 caf.Forwarder:OnIncomingAlert(): [DEBUG] in=257 alert=/alert/emergency/veh/123/seq=0/zor=[MASKED]
+70.447804376s 30 caf.Forwarder:AlertVehicleHandler(): [DEBUG] in=(257,0) alert=/alert/emergency/veh/123/seq=0/zor=[MASKED] decision=drop because duplicate alert
+70.447804382s 93 caf.Forwarder:OnIncomingAlert(): [DEBUG] in=257 alert=/alert/emergency/veh/123/seq=0/zor=[MASKED]
+70.447804382s 93 caf.Forwarder:AlertVehicleHandler(): [DEBUG] in=(257,0) alert=/alert/emergency/veh/123/seq=0/zor=[MASKED] decision=forward to vehicles deferred until 0ms
+70.447804382s 93 caf.Forwarder:OnOutgoingAlert(): [DEBUG] out=257 alert=/alert/emergency/veh/123/seq=0/zor=[MASKED]
+70.447804382s 93 ndn.AlertConsumer:doReceive(): [INFO ] Received alert: /alert/emergency/veh/123/seq=0/zor=[MASKED]
+70.447804393s 88 caf.Forwarder:OnIncomingAlert(): [DEBUG] in=257 alert=/alert/emergency/veh/123/seq=0/zor=[MASKED]
+70.447804393s 88 caf.Forwarder:AlertVehicleHandler(): [DEBUG] in=(257,0) alert=/alert/emergency/veh/123/seq=0/zor=[MASKED] decision=forward to vehicles deferred until 0ms
+70.447804393s 88 caf.Forwarder:OnOutgoingAlert(): [DEBUG] out=257 alert=/alert/emergency/veh/123/seq=0/zor=[MASKED]
+70.447804393s 88 ndn.AlertConsumer:doReceive(): [INFO ] Received alert: /alert/emergency/veh/123/seq=0/zor=[MASKED]
+70.447804394s 53 caf.Forwarder:OnIncomingAlert(): [DEBUG] in=257 alert=/alert/emergency/veh/123/seq=0/zor=[MASKED]
+70.447804394s 53 caf.Forwarder:AlertVehicleHandler(): [DEBUG] in=(257,0) alert=/alert/emergency/veh/123/seq=0/zor=[MASKED] decision=forward to vehicles deferred until 0ms
+70.447804394s 53 caf.Forwarder:OnOutgoingAlert(): [DEBUG] out=257 alert=/alert/emergency/veh/123/seq=0/zor=[MASKED]
+70.447804394s 53 ndn.AlertConsumer:doReceive(): [INFO ] Received alert: /alert/emergency/veh/123/seq=0/zor=[MASKED]
+70.447804407s 101 caf.Forwarder:OnIncomingAlert(): [DEBUG] in=257 alert=/alert/emergency/veh/123/seq=0/zor=[MASKED]
+70.447804407s 101 caf.Forwarder:AlertVehicleHandler(): [DEBUG] in=(257,0) alert=/alert/emergency/veh/123/seq=0/zor=[MASKED] decision=drop because duplicate alert
+70.447804417s 73 caf.Forwarder:OnIncomingAlert(): [DEBUG] in=257 alert=/alert/emergency/veh/123/seq=0/zor=[MASKED]
+70.447804417s 73 caf.Forwarder:AlertVehicleHandler(): [DEBUG] in=(257,0) alert=/alert/emergency/veh/123/seq=0/zor=[MASKED] decision=forward to vehicles deferred until 0ms
+70.447804417s 73 caf.Forwarder:OnOutgoingAlert(): [DEBUG] out=257 alert=/alert/emergency/veh/123/seq=0/zor=[MASKED]
+70.447804417s 73 ndn.AlertConsumer:doReceive(): [INFO ] Received alert: /alert/emergency/veh/123/seq=0/zor=[MASKED]
+70.447804441s 68 caf.Forwarder:OnIncomingAlert(): [DEBUG] in=257 alert=/alert/emergency/veh/123/seq=0/zor=[MASKED]
+70.447804441s 68 caf.Forwarder:AlertVehicleHandler(): [DEBUG] in=(257,0) alert=/alert/emergency/veh/123/seq=0/zor=[MASKED] decision=forward to vehicles deferred until 0ms
+70.447804441s 68 caf.Forwarder:OnOutgoingAlert(): [DEBUG] out=257 alert=/alert/emergency/veh/123/seq=0/zor=[MASKED]
+70.447804441s 68 ndn.AlertConsumer:doReceive(): [INFO ] Received alert: /alert/emergency/veh/123/seq=0/zor=[MASKED]
+70.447804451s 81 caf.Forwarder:OnIncomingAlert(): [DEBUG] in=257 alert=/alert/emergency/veh/123/seq=0/zor=[MASKED]
+70.447804451s 81 caf.Forwarder:AlertVehicleHandler(): [DEBUG] in=(257,0) alert=/alert/emergency/veh/123/seq=0/zor=[MASKED] decision=forward to vehicles deferred until 0ms
+70.447804451s 81 caf.Forwarder:OnOutgoingAlert(): [DEBUG] out=257 alert=/alert/emergency/veh/123/seq=0/zor=[MASKED]
+70.447804451s 81 ndn.AlertConsumer:doReceive(): [INFO ] Received alert: /alert/emergency/veh/123/seq=0/zor=[MASKED]
+70.447804452s 41 caf.Forwarder:OnIncomingAlert(): [DEBUG] in=257 alert=/alert/emergency/veh/123/seq=0/zor=[MASKED]
+70.447804452s 41 caf.Forwarder:AlertVehicleHandler(): [DEBUG] in=(257,0) alert=/alert/emergency/veh/123/seq=0/zor=[MASKED] decision=forward to vehicles deferred until 0ms
+70.447804452s 41 caf.Forwarder:OnOutgoingAlert(): [DEBUG] out=257 alert=/alert/emergency/veh/123/seq=0/zor=[MASKED]
+70.447804452s 41 ndn.AlertConsumer:doReceive(): [INFO ] Received alert: /alert/emergency/veh/123/seq=0/zor=[MASKED]
+70.880740360s 122 ndn.RandomAlertProducer:AlertSupplier(): [LOGIC] Send alert=/alert/emergency/veh/122/seq=0/zor=[MASKED] vehCount=91 rsuCount=9
+70.880740360s 122 caf.Forwarder:OnIncomingAlert(): [DEBUG] in=260 alert=/alert/emergency/veh/122/seq=0/zor=[MASKED]
+70.880740360s 122 caf.Forwarder:AlertVehicleHandler(): [DEBUG] in=(260,0) alert=/alert/emergency/veh/122/seq=0/zor=[MASKED] decision=forward to vehicles
+70.880740360s 122 caf.Forwarder:OnOutgoingAlert(): [DEBUG] out=257 alert=/alert/emergency/veh/122/seq=0/zor=[MASKED]
+70.881614407s 121 caf.Forwarder:OnIncomingAlert(): [DEBUG] in=257 alert=/alert/emergency/veh/122/seq=0/zor=[MASKED]
+70.881614407s 121 caf.Forwarder:AlertVehicleHandler(): [DEBUG] in=(257,0) alert=/alert/emergency/veh/122/seq=0/zor=[MASKED] decision=forward to vehicles deferred until 3.62673ms
+70.881614464s 127 caf.Forwarder:OnIncomingAlert(): [DEBUG] in=257 alert=/alert/emergency/veh/122/seq=0/zor=[MASKED]
+70.881614464s 127 caf.Forwarder:AlertVehicleHandler(): [DEBUG] in=(257,0) alert=/alert/emergency/veh/122/seq=0/zor=[MASKED] decision=drop since sender is closer
+70.881614477s 115 caf.Forwarder:OnIncomingAlert(): [DEBUG] in=257 alert=/alert/emergency/veh/122/seq=0/zor=[MASKED]
+70.881614477s 115 caf.Forwarder:AlertVehicleHandler(): [DEBUG] in=(257,0) alert=/alert/emergency/veh/122/seq=0/zor=[MASKED] decision=forward to vehicles deferred until 0ms
+70.881614477s 115 caf.Forwarder:OnOutgoingAlert(): [DEBUG] out=257 alert=/alert/emergency/veh/122/seq=0/zor=[MASKED]
+70.881614477s 115 ndn.AlertConsumer:doReceive(): [INFO ] Received alert: /alert/emergency/veh/122/seq=0/zor=[MASKED]
+70.881614507s 40 caf.Forwarder:OnIncomingAlert(): [DEBUG] in=257 alert=/alert/emergency/veh/122/seq=0/zor=[MASKED]
+70.881614507s 40 caf.Forwarder:AlertVehicleHandler(): [DEBUG] in=(257,0) alert=/alert/emergency/veh/122/seq=0/zor=[MASKED] decision=forward to vehicles deferred until 0ms
+70.881614507s 40 caf.Forwarder:OnOutgoingAlert(): [DEBUG] out=257 alert=/alert/emergency/veh/122/seq=0/zor=[MASKED]
+70.881614507s 40 ndn.AlertConsumer:doReceive(): [INFO ] Received alert: /alert/emergency/veh/122/seq=0/zor=[MASKED]
+70.881614521s 114 caf.Forwarder:OnIncomingAlert(): [DEBUG] in=257 alert=/alert/emergency/veh/122/seq=0/zor=[MASKED]
+70.881614521s 114 caf.Forwarder:AlertVehicleHandler(): [DEBUG] in=(257,0) alert=/alert/emergency/veh/122/seq=0/zor=[MASKED] decision=forward to vehicles deferred until 0ms
+70.881614521s 114 caf.Forwarder:OnOutgoingAlert(): [DEBUG] out=257 alert=/alert/emergency/veh/122/seq=0/zor=[MASKED]
+70.881614521s 114 ndn.AlertConsumer:doReceive(): [INFO ] Received alert: /alert/emergency/veh/122/seq=0/zor=[MASKED]
+70.881614526s 56 caf.Forwarder:OnIncomingAlert(): [DEBUG] in=257 alert=/alert/emergency/veh/122/seq=0/zor=[MASKED]
+70.881614526s 56 caf.Forwarder:AlertVehicleHandler(): [DEBUG] in=(257,0) alert=/alert/emergency/veh/122/seq=0/zor=[MASKED] decision=forward to vehicles deferred until 0ms
+70.881614526s 56 caf.Forwarder:OnOutgoingAlert(): [DEBUG] out=257 alert=/alert/emergency/veh/122/seq=0/zor=[MASKED]
+70.881614526s 56 ndn.AlertConsumer:doReceive(): [INFO ] Received alert: /alert/emergency/veh/122/seq=0/zor=[MASKED]
+70.885241133s 121 caf.Forwarder:OnOutgoingAlert(): [DEBUG] out=257 alert=/alert/emergency/veh/122/seq=0/zor=[MASKED]
+70.886115180s 122 caf.Forwarder:OnIncomingAlert(): [DEBUG] in=257 alert=/alert/emergency/veh/122/seq=0/zor=[MASKED]
+70.886115180s 122 caf.Forwarder:AlertVehicleHandler(): [DEBUG] in=(257,0) alert=/alert/emergency/veh/122/seq=0/zor=[MASKED] decision=drop because duplicate alert
+70.886115205s 115 caf.Forwarder:OnIncomingAlert(): [DEBUG] in=257 alert=/alert/emergency/veh/122/seq=0/zor=[MASKED]
+70.886115205s 115 caf.Forwarder:AlertVehicleHandler(): [DEBUG] in=(257,0) alert=/alert/emergency/veh/122/seq=0/zor=[MASKED] decision=drop because duplicate alert
+70.886115237s 40 caf.Forwarder:OnIncomingAlert(): [DEBUG] in=257 alert=/alert/emergency/veh/122/seq=0/zor=[MASKED]
+70.886115237s 40 caf.Forwarder:AlertVehicleHandler(): [DEBUG] in=(257,0) alert=/alert/emergency/veh/122/seq=0/zor=[MASKED] decision=drop because duplicate alert
+70.886115248s 114 caf.Forwarder:OnIncomingAlert(): [DEBUG] in=257 alert=/alert/emergency/veh/122/seq=0/zor=[MASKED]
+70.886115248s 114 caf.Forwarder:AlertVehicleHandler(): [DEBUG] in=(257,0) alert=/alert/emergency/veh/122/seq=0/zor=[MASKED] decision=drop because duplicate alert
+70.886115255s 56 caf.Forwarder:OnIncomingAlert(): [DEBUG] in=257 alert=/alert/emergency/veh/122/seq=0/zor=[MASKED]
+70.886115255s 56 caf.Forwarder:AlertVehicleHandler(): [DEBUG] in=(257,0) alert=/alert/emergency/veh/122/seq=0/zor=[MASKED] decision=drop because duplicate alert
+70.886115283s 127 caf.Forwarder:OnIncomingAlert(): [DEBUG] in=257 alert=/alert/emergency/veh/122/seq=0/zor=[MASKED]
+70.886115283s 127 caf.Forwarder:AlertVehicleHandler(): [DEBUG] in=(257,0) alert=/alert/emergency/veh/122/seq=0/zor=[MASKED] decision=drop because duplicate alert
+71.832360092s 126 ndn.RandomAlertProducer:SendAlert(): [LOGIC] Don't send alert; condition failed
+71.868064013s 127 ndn.RandomAlertProducer:SendAlert(): [LOGIC] Don't send alert; condition failed
+71.929037737s 128 ndn.RandomAlertProducer:SendAlert(): [LOGIC] Don't send alert; condition failed
+72.939398174s 129 ndn.RandomAlertProducer:SendAlert(): [LOGIC] Don't send alert; condition failed
+73.495079117s 133 ndn.RandomAlertProducer:AlertSupplier(): [LOGIC] Send alert=/alert/emergency/veh/133/seq=0/zor=[MASKED] vehCount=91 rsuCount=9
+73.495079117s 133 caf.Forwarder:OnIncomingAlert(): [DEBUG] in=260 alert=/alert/emergency/veh/133/seq=0/zor=[MASKED]
+73.495079117s 133 caf.Forwarder:AlertVehicleHandler(): [DEBUG] in=(260,0) alert=/alert/emergency/veh/133/seq=0/zor=[MASKED] decision=forward to vehicles
+73.495079117s 133 caf.Forwarder:OnOutgoingAlert(): [DEBUG] out=257 alert=/alert/emergency/veh/133/seq=0/zor=[MASKED]
+73.495953131s 134 caf.Forwarder:OnIncomingAlert(): [DEBUG] in=257 alert=/alert/emergency/veh/133/seq=0/zor=[MASKED]
+73.495953131s 134 caf.Forwarder:AlertVehicleHandler(): [DEBUG] in=(257,0) alert=/alert/emergency/veh/133/seq=0/zor=[MASKED] decision=drop since sender is closer
+73.495953203s 141 caf.Forwarder:OnIncomingAlert(): [DEBUG] in=257 alert=/alert/emergency/veh/133/seq=0/zor=[MASKED]
+73.495953203s 141 caf.Forwarder:AlertVehicleHandler(): [DEBUG] in=(257,0) alert=/alert/emergency/veh/133/seq=0/zor=[MASKED] decision=drop since sender is closer
+73.495953207s 128 caf.Forwarder:OnIncomingAlert(): [DEBUG] in=257 alert=/alert/emergency/veh/133/seq=0/zor=[MASKED]
+73.495953207s 128 caf.Forwarder:AlertVehicleHandler(): [DEBUG] in=(257,0) alert=/alert/emergency/veh/133/seq=0/zor=[MASKED] decision=forward to vehicles deferred until 2.34166ms
+73.495953209s 140 caf.Forwarder:OnIncomingAlert(): [DEBUG] in=257 alert=/alert/emergency/veh/133/seq=0/zor=[MASKED]
+73.495953209s 140 caf.Forwarder:AlertVehicleHandler(): [DEBUG] in=(257,0) alert=/alert/emergency/veh/133/seq=0/zor=[MASKED] decision=drop since sender is closer
+73.498294867s 128 caf.Forwarder:OnOutgoingAlert(): [DEBUG] out=257 alert=/alert/emergency/veh/133/seq=0/zor=[MASKED]
+73.499168957s 133 caf.Forwarder:OnIncomingAlert(): [DEBUG] in=257 alert=/alert/emergency/veh/133/seq=0/zor=[MASKED]
+73.499168957s 133 caf.Forwarder:AlertVehicleHandler(): [DEBUG] in=(257,0) alert=/alert/emergency/veh/133/seq=0/zor=[MASKED] decision=drop because duplicate alert
+73.499168958s 127 caf.Forwarder:OnIncomingAlert(): [DEBUG] in=257 alert=/alert/emergency/veh/133/seq=0/zor=[MASKED]
+73.499168958s 127 caf.Forwarder:AlertVehicleHandler(): [DEBUG] in=(257,0) alert=/alert/emergency/veh/133/seq=0/zor=[MASKED] decision=forward to vehicles deferred until 2.28912ms
+73.499168964s 56 caf.Forwarder:OnIncomingAlert(): [DEBUG] in=257 alert=/alert/emergency/veh/133/seq=0/zor=[MASKED]
+73.499168964s 56 caf.Forwarder:AlertVehicleHandler(): [DEBUG] in=(257,0) alert=/alert/emergency/veh/133/seq=0/zor=[MASKED] decision=forward to vehicles deferred until 2.10317ms
+73.499168967s 134 caf.Forwarder:OnIncomingAlert(): [DEBUG] in=257 alert=/alert/emergency/veh/133/seq=0/zor=[MASKED]
+73.499168967s 134 caf.Forwarder:AlertVehicleHandler(): [DEBUG] in=(257,0) alert=/alert/emergency/veh/133/seq=0/zor=[MASKED] decision=drop because duplicate alert
+73.499168977s 40 caf.Forwarder:OnIncomingAlert(): [DEBUG] in=257 alert=/alert/emergency/veh/133/seq=0/zor=[MASKED]
+73.499168977s 40 caf.Forwarder:AlertVehicleHandler(): [DEBUG] in=(257,0) alert=/alert/emergency/veh/133/seq=0/zor=[MASKED] decision=forward to vehicles deferred until 1.712ms
+73.500880980s 40 caf.Forwarder:OnOutgoingAlert(): [DEBUG] out=257 alert=/alert/emergency/veh/133/seq=0/zor=[MASKED]
+73.501272129s 56 caf.Forwarder:OnOutgoingAlert(): [DEBUG] out=257 alert=/alert/emergency/veh/133/seq=0/zor=[MASKED]
+73.501458079s 127 caf.Forwarder:OnOutgoingAlert(): [DEBUG] out=257 alert=/alert/emergency/veh/133/seq=0/zor=[MASKED]
+73.501754995s 56 caf.Forwarder:OnIncomingAlert(): [DEBUG] in=257 alert=/alert/emergency/veh/133/seq=0/zor=[MASKED]
+73.501754995s 56 caf.Forwarder:AlertVehicleHandler(): [DEBUG] in=(257,0) alert=/alert/emergency/veh/133/seq=0/zor=[MASKED] decision=drop because duplicate alert
+73.501755015s 127 caf.Forwarder:OnIncomingAlert(): [DEBUG] in=257 alert=/alert/emergency/veh/133/seq=0/zor=[MASKED]
+73.501755015s 127 caf.Forwarder:AlertVehicleHandler(): [DEBUG] in=(257,0) alert=/alert/emergency/veh/133/seq=0/zor=[MASKED] decision=drop because duplicate alert
+73.501755065s 122 caf.Forwarder:OnIncomingAlert(): [DEBUG] in=257 alert=/alert/emergency/veh/133/seq=0/zor=[MASKED]
+73.501755065s 122 caf.Forwarder:AlertVehicleHandler(): [DEBUG] in=(257,0) alert=/alert/emergency/veh/133/seq=0/zor=[MASKED] decision=forward to vehicles deferred until 0ms
+73.501755065s 122 caf.Forwarder:OnOutgoingAlert(): [DEBUG] out=257 alert=/alert/emergency/veh/133/seq=0/zor=[MASKED]
+73.501755065s 122 ndn.AlertConsumer:doReceive(): [INFO ] Received alert: /alert/emergency/veh/133/seq=0/zor=[MASKED]
+73.501755090s 128 caf.Forwarder:OnIncomingAlert(): [DEBUG] in=257 alert=/alert/emergency/veh/133/seq=0/zor=[MASKED]
+73.501755090s 128 caf.Forwarder:AlertVehicleHandler(): [DEBUG] in=(257,0) alert=/alert/emergency/veh/133/seq=0/zor=[MASKED] decision=drop because duplicate alert
+73.501755109s 121 caf.Forwarder:OnIncomingAlert(): [DEBUG] in=257 alert=/alert/emergency/veh/133/seq=0/zor=[MASKED]
+73.501755109s 121 caf.Forwarder:AlertVehicleHandler(): [DEBUG] in=(257,0) alert=/alert/emergency/veh/133/seq=0/zor=[MASKED] decision=forward to vehicles deferred until 0ms
+73.501755109s 121 caf.Forwarder:OnOutgoingAlert(): [DEBUG] out=257 alert=/alert/emergency/veh/133/seq=0/zor=[MASKED]
+73.501755109s 121 ndn.AlertConsumer:doReceive(): [INFO ] Received alert: /alert/emergency/veh/133/seq=0/zor=[MASKED]
+73.501755144s 31 caf.Forwarder:OnIncomingAlert(): [DEBUG] in=257 alert=/alert/emergency/veh/133/seq=0/zor=[MASKED]
+73.501755144s 31 caf.Forwarder:AlertVehicleHandler(): [DEBUG] in=(257,0) alert=/alert/emergency/veh/133/seq=0/zor=[MASKED] decision=forward to vehicles deferred until 0ms
+73.501755144s 31 caf.Forwarder:OnOutgoingAlert(): [DEBUG] out=257 alert=/alert/emergency/veh/133/seq=0/zor=[MASKED]
+73.501755144s 31 ndn.AlertConsumer:doReceive(): [INFO ] Received alert: /alert/emergency/veh/133/seq=0/zor=[MASKED]
+73.502629185s 115 caf.Forwarder:OnIncomingAlert(): [DEBUG] in=257 alert=/alert/emergency/veh/133/seq=0/zor=[MASKED]
+73.502629185s 115 caf.Forwarder:AlertVehicleHandler(): [DEBUG] in=(257,0) alert=/alert/emergency/veh/133/seq=0/zor=[MASKED] decision=forward to vehicles deferred until 0ms
+73.502629185s 115 caf.Forwarder:OnOutgoingAlert(): [DEBUG] out=257 alert=/alert/emergency/veh/133/seq=0/zor=[MASKED]
+73.502629185s 115 ndn.AlertConsumer:doReceive(): [INFO ] Received alert: /alert/emergency/veh/133/seq=0/zor=[MASKED]
+73.502681010s 40 caf.Forwarder:OnIncomingAlert(): [DEBUG] in=257 alert=/alert/emergency/veh/133/seq=0/zor=[MASKED]
+73.502681010s 40 caf.Forwarder:AlertVehicleHandler(): [DEBUG] in=(257,0) alert=/alert/emergency/veh/133/seq=0/zor=[MASKED] decision=drop because duplicate alert
+73.502681017s 127 caf.Forwarder:OnIncomingAlert(): [DEBUG] in=257 alert=/alert/emergency/veh/133/seq=0/zor=[MASKED]
+73.502681017s 127 caf.Forwarder:AlertVehicleHandler(): [DEBUG] in=(257,0) alert=/alert/emergency/veh/133/seq=0/zor=[MASKED] decision=drop because duplicate alert
+73.502681092s 128 caf.Forwarder:OnIncomingAlert(): [DEBUG] in=257 alert=/alert/emergency/veh/133/seq=0/zor=[MASKED]
+73.502681092s 128 caf.Forwarder:AlertVehicleHandler(): [DEBUG] in=(257,0) alert=/alert/emergency/veh/133/seq=0/zor=[MASKED] decision=drop because duplicate alert
+73.503503213s 114 caf.Forwarder:OnIncomingAlert(): [DEBUG] in=257 alert=/alert/emergency/veh/133/seq=0/zor=[MASKED]
+73.503503213s 114 caf.Forwarder:AlertVehicleHandler(): [DEBUG] in=(257,0) alert=/alert/emergency/veh/133/seq=0/zor=[MASKED] decision=forward to vehicles deferred until 0ms
+73.503503213s 114 caf.Forwarder:OnOutgoingAlert(): [DEBUG] out=257 alert=/alert/emergency/veh/133/seq=0/zor=[MASKED]
+73.503503213s 114 ndn.AlertConsumer:doReceive(): [INFO ] Received alert: /alert/emergency/veh/133/seq=0/zor=[MASKED]
+73.503503226s 31 caf.Forwarder:OnIncomingAlert(): [DEBUG] in=257 alert=/alert/emergency/veh/133/seq=0/zor=[MASKED]
+73.503503226s 31 caf.Forwarder:AlertVehicleHandler(): [DEBUG] in=(257,0) alert=/alert/emergency/veh/133/seq=0/zor=[MASKED] decision=drop because duplicate alert
+73.503503233s 48 caf.Forwarder:OnIncomingAlert(): [DEBUG] in=257 alert=/alert/emergency/veh/133/seq=0/zor=[MASKED]
+73.503503233s 48 caf.Forwarder:AlertVehicleHandler(): [DEBUG] in=(257,0) alert=/alert/emergency/veh/133/seq=0/zor=[MASKED] decision=forward to vehicles deferred until 0ms
+73.503503233s 48 caf.Forwarder:OnOutgoingAlert(): [DEBUG] out=257 alert=/alert/emergency/veh/133/seq=0/zor=[MASKED]
+73.503503233s 48 ndn.AlertConsumer:doReceive(): [INFO ] Received alert: /alert/emergency/veh/133/seq=0/zor=[MASKED]
+73.503503260s 121 caf.Forwarder:OnIncomingAlert(): [DEBUG] in=257 alert=/alert/emergency/veh/133/seq=0/zor=[MASKED]
+73.503503260s 121 caf.Forwarder:AlertVehicleHandler(): [DEBUG] in=(257,0) alert=/alert/emergency/veh/133/seq=0/zor=[MASKED] decision=drop because duplicate alert
+73.503503281s 106 caf.Forwarder:OnIncomingAlert(): [DEBUG] in=257 alert=/alert/emergency/veh/133/seq=0/zor=[MASKED]
+73.503503281s 106 caf.Forwarder:AlertVehicleHandler(): [DEBUG] in=(257,0) alert=/alert/emergency/veh/133/seq=0/zor=[MASKED] decision=forward to vehicles deferred until 0ms
+73.503503281s 106 caf.Forwarder:OnOutgoingAlert(): [DEBUG] out=257 alert=/alert/emergency/veh/133/seq=0/zor=[MASKED]
+73.503503281s 106 ndn.AlertConsumer:doReceive(): [INFO ] Received alert: /alert/emergency/veh/133/seq=0/zor=[MASKED]
+73.503503351s 107 caf.Forwarder:OnIncomingAlert(): [DEBUG] in=257 alert=/alert/emergency/veh/133/seq=0/zor=[MASKED]
+73.503503351s 107 caf.Forwarder:AlertVehicleHandler(): [DEBUG] in=(257,0) alert=/alert/emergency/veh/133/seq=0/zor=[MASKED] decision=forward to vehicles deferred until 0ms
+73.503503351s 107 caf.Forwarder:OnOutgoingAlert(): [DEBUG] out=257 alert=/alert/emergency/veh/133/seq=0/zor=[MASKED]
+73.503503351s 107 ndn.AlertConsumer:doReceive(): [INFO ] Received alert: /alert/emergency/veh/133/seq=0/zor=[MASKED]
+73.503659039s 56 caf.Forwarder:OnIncomingAlert(): [DEBUG] in=257 alert=/alert/emergency/veh/133/seq=0/zor=[MASKED]
+73.503659039s 56 caf.Forwarder:AlertVehicleHandler(): [DEBUG] in=(257,0) alert=/alert/emergency/veh/133/seq=0/zor=[MASKED] decision=drop because duplicate alert
+73.503659052s 40 caf.Forwarder:OnIncomingAlert(): [DEBUG] in=257 alert=/alert/emergency/veh/133/seq=0/zor=[MASKED]
+73.503659052s 40 caf.Forwarder:AlertVehicleHandler(): [DEBUG] in=(257,0) alert=/alert/emergency/veh/133/seq=0/zor=[MASKED] decision=drop because duplicate alert
+73.503659108s 128 caf.Forwarder:OnIncomingAlert(): [DEBUG] in=257 alert=/alert/emergency/veh/133/seq=0/zor=[MASKED]
+73.503659108s 128 caf.Forwarder:AlertVehicleHandler(): [DEBUG] in=(257,0) alert=/alert/emergency/veh/133/seq=0/zor=[MASKED] decision=drop because duplicate alert
+73.504377241s 115 caf.Forwarder:OnIncomingAlert(): [DEBUG] in=257 alert=/alert/emergency/veh/133/seq=0/zor=[MASKED]
+73.504377241s 115 caf.Forwarder:AlertVehicleHandler(): [DEBUG] in=(257,0) alert=/alert/emergency/veh/133/seq=0/zor=[MASKED] decision=drop because duplicate alert
+73.504377399s 21 caf.Forwarder:OnIncomingAlert(): [DEBUG] in=257 alert=/alert/emergency/veh/133/seq=0/zor=[MASKED]
+73.504377399s 21 caf.Forwarder:AlertVehicleHandler(): [DEBUG] in=(257,0) alert=/alert/emergency/veh/133/seq=0/zor=[MASKED] decision=forward to vehicles deferred until 0ms
+73.504377399s 100 caf.Forwarder:OnIncomingAlert(): [DEBUG] in=257 alert=/alert/emergency/veh/133/seq=0/zor=[MASKED]
+73.504377399s 100 caf.Forwarder:AlertVehicleHandler(): [DEBUG] in=(257,0) alert=/alert/emergency/veh/133/seq=0/zor=[MASKED] decision=forward to vehicles deferred until 0ms
+73.504377399s 21 caf.Forwarder:OnOutgoingAlert(): [DEBUG] out=257 alert=/alert/emergency/veh/133/seq=0/zor=[MASKED]
+73.504377399s 21 ndn.AlertConsumer:doReceive(): [INFO ] Received alert: /alert/emergency/veh/133/seq=0/zor=[MASKED]
+73.504377399s 100 caf.Forwarder:OnOutgoingAlert(): [DEBUG] out=257 alert=/alert/emergency/veh/133/seq=0/zor=[MASKED]
+73.504377399s 100 ndn.AlertConsumer:doReceive(): [INFO ] Received alert: /alert/emergency/veh/133/seq=0/zor=[MASKED]
+73.504377415s 99 caf.Forwarder:OnIncomingAlert(): [DEBUG] in=257 alert=/alert/emergency/veh/133/seq=0/zor=[MASKED]
+73.504377415s 99 caf.Forwarder:AlertVehicleHandler(): [DEBUG] in=(257,0) alert=/alert/emergency/veh/133/seq=0/zor=[MASKED] decision=forward to vehicles deferred until 0ms
+73.504377415s 99 caf.Forwarder:OnOutgoingAlert(): [DEBUG] out=257 alert=/alert/emergency/veh/133/seq=0/zor=[MASKED]
+73.504377415s 99 ndn.AlertConsumer:doReceive(): [INFO ] Received alert: /alert/emergency/veh/133/seq=0/zor=[MASKED]
+73.504377435s 92 caf.Forwarder:OnIncomingAlert(): [DEBUG] in=257 alert=/alert/emergency/veh/133/seq=0/zor=[MASKED]
+73.504377435s 92 caf.Forwarder:AlertVehicleHandler(): [DEBUG] in=(257,0) alert=/alert/emergency/veh/133/seq=0/zor=[MASKED] decision=forward to vehicles deferred until 0ms
+73.504377435s 92 caf.Forwarder:OnOutgoingAlert(): [DEBUG] out=257 alert=/alert/emergency/veh/133/seq=0/zor=[MASKED]
+73.504377435s 92 ndn.AlertConsumer:doReceive(): [INFO ] Received alert: /alert/emergency/veh/133/seq=0/zor=[MASKED]
+73.505251463s 78 caf.Forwarder:OnIncomingAlert(): [DEBUG] in=257 alert=/alert/emergency/veh/133/seq=0/zor=[MASKED]
+73.505251463s 78 caf.Forwarder:AlertVehicleHandler(): [DEBUG] in=(257,0) alert=/alert/emergency/veh/133/seq=0/zor=[MASKED] decision=forward to vehicles deferred until 0ms
+73.505251463s 78 caf.Forwarder:OnOutgoingAlert(): [DEBUG] out=257 alert=/alert/emergency/veh/133/seq=0/zor=[MASKED]
+73.505251463s 78 ndn.AlertConsumer:doReceive(): [INFO ] Received alert: /alert/emergency/veh/133/seq=0/zor=[MASKED]
+73.506125487s 91 caf.Forwarder:OnIncomingAlert(): [DEBUG] in=257 alert=/alert/emergency/veh/133/seq=0/zor=[MASKED]
+73.506125487s 91 caf.Forwarder:AlertVehicleHandler(): [DEBUG] in=(257,0) alert=/alert/emergency/veh/133/seq=0/zor=[MASKED] decision=forward to vehicles deferred until 0ms
+73.506125487s 91 caf.Forwarder:OnOutgoingAlert(): [DEBUG] out=257 alert=/alert/emergency/veh/133/seq=0/zor=[MASKED]
+73.506125487s 91 ndn.AlertConsumer:doReceive(): [INFO ] Received alert: /alert/emergency/veh/133/seq=0/zor=[MASKED]
+73.506125489s 85 caf.Forwarder:OnIncomingAlert(): [DEBUG] in=257 alert=/alert/emergency/veh/133/seq=0/zor=[MASKED]
+73.506125489s 85 caf.Forwarder:AlertVehicleHandler(): [DEBUG] in=(257,0) alert=/alert/emergency/veh/133/seq=0/zor=[MASKED] decision=forward to vehicles deferred until 0ms
+73.506125489s 85 caf.Forwarder:OnOutgoingAlert(): [DEBUG] out=257 alert=/alert/emergency/veh/133/seq=0/zor=[MASKED]
+73.506125489s 85 ndn.AlertConsumer:doReceive(): [INFO ] Received alert: /alert/emergency/veh/133/seq=0/zor=[MASKED]
+73.506125491s 92 caf.Forwarder:OnIncomingAlert(): [DEBUG] in=257 alert=/alert/emergency/veh/133/seq=0/zor=[MASKED]
+73.506125491s 92 caf.Forwarder:AlertVehicleHandler(): [DEBUG] in=(257,0) alert=/alert/emergency/veh/133/seq=0/zor=[MASKED] decision=drop because duplicate alert
+73.506125504s 67 caf.Forwarder:OnIncomingAlert(): [DEBUG] in=257 alert=/alert/emergency/veh/133/seq=0/zor=[MASKED]
+73.506125504s 67 caf.Forwarder:AlertVehicleHandler(): [DEBUG] in=(257,0) alert=/alert/emergency/veh/133/seq=0/zor=[MASKED] decision=forward to vehicles deferred until 0ms
+73.506125504s 67 caf.Forwarder:OnOutgoingAlert(): [DEBUG] out=257 alert=/alert/emergency/veh/133/seq=0/zor=[MASKED]
+73.506125504s 67 ndn.AlertConsumer:doReceive(): [INFO ] Received alert: /alert/emergency/veh/133/seq=0/zor=[MASKED]
+73.506125510s 99 caf.Forwarder:OnIncomingAlert(): [DEBUG] in=257 alert=/alert/emergency/veh/133/seq=0/zor=[MASKED]
+73.506125510s 99 caf.Forwarder:AlertVehicleHandler(): [DEBUG] in=(257,0) alert=/alert/emergency/veh/133/seq=0/zor=[MASKED] decision=drop because duplicate alert
+73.506125514s 79 caf.Forwarder:OnIncomingAlert(): [DEBUG] in=257 alert=/alert/emergency/veh/133/seq=0/zor=[MASKED]
+73.506125514s 79 caf.Forwarder:AlertVehicleHandler(): [DEBUG] in=(257,0) alert=/alert/emergency/veh/133/seq=0/zor=[MASKED] decision=forward to vehicles deferred until 0ms
+73.506125514s 79 caf.Forwarder:OnOutgoingAlert(): [DEBUG] out=257 alert=/alert/emergency/veh/133/seq=0/zor=[MASKED]
+73.506125514s 79 ndn.AlertConsumer:doReceive(): [INFO ] Received alert: /alert/emergency/veh/133/seq=0/zor=[MASKED]
+73.506125520s 70 caf.Forwarder:OnIncomingAlert(): [DEBUG] in=257 alert=/alert/emergency/veh/133/seq=0/zor=[MASKED]
+73.506125520s 70 caf.Forwarder:AlertVehicleHandler(): [DEBUG] in=(257,0) alert=/alert/emergency/veh/133/seq=0/zor=[MASKED] decision=forward to vehicles deferred until 0ms
+73.506125520s 70 caf.Forwarder:OnOutgoingAlert(): [DEBUG] out=257 alert=/alert/emergency/veh/133/seq=0/zor=[MASKED]
+73.506125520s 70 ndn.AlertConsumer:doReceive(): [INFO ] Received alert: /alert/emergency/veh/133/seq=0/zor=[MASKED]
+73.506125526s 100 caf.Forwarder:OnIncomingAlert(): [DEBUG] in=257 alert=/alert/emergency/veh/133/seq=0/zor=[MASKED]
+73.506125526s 100 caf.Forwarder:AlertVehicleHandler(): [DEBUG] in=(257,0) alert=/alert/emergency/veh/133/seq=0/zor=[MASKED] decision=drop because duplicate alert
+73.506125542s 21 caf.Forwarder:OnIncomingAlert(): [DEBUG] in=257 alert=/alert/emergency/veh/133/seq=0/zor=[MASKED]
+73.506125542s 21 caf.Forwarder:AlertVehicleHandler(): [DEBUG] in=(257,0) alert=/alert/emergency/veh/133/seq=0/zor=[MASKED] decision=drop because duplicate alert
+73.506125542s 55 caf.Forwarder:OnIncomingAlert(): [DEBUG] in=257 alert=/alert/emergency/veh/133/seq=0/zor=[MASKED]
+73.506125542s 55 caf.Forwarder:AlertVehicleHandler(): [DEBUG] in=(257,0) alert=/alert/emergency/veh/133/seq=0/zor=[MASKED] decision=forward to vehicles deferred until 0ms
+73.506125542s 71 caf.Forwarder:OnIncomingAlert(): [DEBUG] in=257 alert=/alert/emergency/veh/133/seq=0/zor=[MASKED]
+73.506125542s 71 caf.Forwarder:AlertVehicleHandler(): [DEBUG] in=(257,0) alert=/alert/emergency/veh/133/seq=0/zor=[MASKED] decision=forward to vehicles deferred until 0ms
+73.506125542s 55 caf.Forwarder:OnOutgoingAlert(): [DEBUG] out=257 alert=/alert/emergency/veh/133/seq=0/zor=[MASKED]
+73.506125542s 55 ndn.AlertConsumer:doReceive(): [INFO ] Received alert: /alert/emergency/veh/133/seq=0/zor=[MASKED]
+73.506125542s 71 caf.Forwarder:OnOutgoingAlert(): [DEBUG] out=257 alert=/alert/emergency/veh/133/seq=0/zor=[MASKED]
+73.506125542s 71 ndn.AlertConsumer:doReceive(): [INFO ] Received alert: /alert/emergency/veh/133/seq=0/zor=[MASKED]
+73.506125551s 62 caf.Forwarder:OnIncomingAlert(): [DEBUG] in=257 alert=/alert/emergency/veh/133/seq=0/zor=[MASKED]
+73.506125551s 62 caf.Forwarder:AlertVehicleHandler(): [DEBUG] in=(257,0) alert=/alert/emergency/veh/133/seq=0/zor=[MASKED] decision=forward to vehicles deferred until 0ms
+73.506125551s 62 caf.Forwarder:OnOutgoingAlert(): [DEBUG] out=257 alert=/alert/emergency/veh/133/seq=0/zor=[MASKED]
+73.506125551s 62 ndn.AlertConsumer:doReceive(): [INFO ] Received alert: /alert/emergency/veh/133/seq=0/zor=[MASKED]
+73.506125561s 47 caf.Forwarder:OnIncomingAlert(): [DEBUG] in=257 alert=/alert/emergency/veh/133/seq=0/zor=[MASKED]
+73.506125561s 47 caf.Forwarder:AlertVehicleHandler(): [DEBUG] in=(257,0) alert=/alert/emergency/veh/133/seq=0/zor=[MASKED] decision=forward to vehicles deferred until 0ms
+73.506125561s 47 caf.Forwarder:OnOutgoingAlert(): [DEBUG] out=257 alert=/alert/emergency/veh/133/seq=0/zor=[MASKED]
+73.506125561s 47 ndn.AlertConsumer:doReceive(): [INFO ] Received alert: /alert/emergency/veh/133/seq=0/zor=[MASKED]
+73.506125562s 63 caf.Forwarder:OnIncomingAlert(): [DEBUG] in=257 alert=/alert/emergency/veh/133/seq=0/zor=[MASKED]
+73.506125562s 63 caf.Forwarder:AlertVehicleHandler(): [DEBUG] in=(257,0) alert=/alert/emergency/veh/133/seq=0/zor=[MASKED] decision=forward to vehicles deferred until 0ms
+73.506125562s 63 caf.Forwarder:OnOutgoingAlert(): [DEBUG] out=257 alert=/alert/emergency/veh/133/seq=0/zor=[MASKED]
+73.506125562s 63 ndn.AlertConsumer:doReceive(): [INFO ] Received alert: /alert/emergency/veh/133/seq=0/zor=[MASKED]
+73.506125570s 61 caf.Forwarder:OnIncomingAlert(): [DEBUG] in=257 alert=/alert/emergency/veh/133/seq=0/zor=[MASKED]
+73.506125570s 61 caf.Forwarder:AlertVehicleHandler(): [DEBUG] in=(257,0) alert=/alert/emergency/veh/133/seq=0/zor=[MASKED] decision=forward to vehicles deferred until 0ms
+73.506125570s 61 caf.Forwarder:OnOutgoingAlert(): [DEBUG] out=257 alert=/alert/emergency/veh/133/seq=0/zor=[MASKED]
+73.506125570s 61 ndn.AlertConsumer:doReceive(): [INFO ] Received alert: /alert/emergency/veh/133/seq=0/zor=[MASKED]
+73.506125574s 107 caf.Forwarder:OnIncomingAlert(): [DEBUG] in=257 alert=/alert/emergency/veh/133/seq=0/zor=[MASKED]
+73.506125574s 107 caf.Forwarder:AlertVehicleHandler(): [DEBUG] in=(257,0) alert=/alert/emergency/veh/133/seq=0/zor=[MASKED] decision=drop because duplicate alert
+73.506125599s 25 caf.Forwarder:OnIncomingAlert(): [DEBUG] in=257 alert=/alert/emergency/veh/133/seq=0/zor=[MASKED]
+73.506125599s 25 caf.Forwarder:AlertVehicleHandler(): [DEBUG] in=(257,0) alert=/alert/emergency/veh/133/seq=0/zor=[MASKED] decision=forward to vehicles deferred until 0ms
+73.506125599s 25 caf.Forwarder:OnOutgoingAlert(): [DEBUG] out=257 alert=/alert/emergency/veh/133/seq=0/zor=[MASKED]
+73.506125599s 25 ndn.AlertConsumer:doReceive(): [INFO ] Received alert: /alert/emergency/veh/133/seq=0/zor=[MASKED]
+73.506125602s 74 caf.Forwarder:OnIncomingAlert(): [DEBUG] in=257 alert=/alert/emergency/veh/133/seq=0/zor=[MASKED]
+73.506125602s 74 caf.Forwarder:AlertVehicleHandler(): [DEBUG] in=(257,0) alert=/alert/emergency/veh/133/seq=0/zor=[MASKED] decision=forward to vehicles deferred until 0ms
+73.506125602s 74 caf.Forwarder:OnOutgoingAlert(): [DEBUG] out=257 alert=/alert/emergency/veh/133/seq=0/zor=[MASKED]
+73.506125602s 74 ndn.AlertConsumer:doReceive(): [INFO ] Received alert: /alert/emergency/veh/133/seq=0/zor=[MASKED]
+73.557186898s 132 ndn.RandomAlertProducer:SendAlert(): [LOGIC] Don't send alert; condition failed
+73.666863125s 131 ndn.RandomAlertProducer:SendAlert(): [LOGIC] Don't send alert; condition failed
+73.899821281s 130 ndn.RandomAlertProducer:AlertSupplier(): [LOGIC] Send alert=/alert/emergency/veh/130/seq=0/zor=[MASKED] vehCount=91 rsuCount=9
+73.899821281s 130 caf.Forwarder:OnIncomingAlert(): [DEBUG] in=260 alert=/alert/emergency/veh/130/seq=0/zor=[MASKED]
+73.899821281s 130 caf.Forwarder:AlertVehicleHandler(): [DEBUG] in=(260,0) alert=/alert/emergency/veh/130/seq=0/zor=[MASKED] decision=forward to vehicles
+73.899821281s 130 caf.Forwarder:OnOutgoingAlert(): [DEBUG] out=257 alert=/alert/emergency/veh/130/seq=0/zor=[MASKED]
+73.900695367s 38 caf.Forwarder:OnIncomingAlert(): [DEBUG] in=257 alert=/alert/emergency/veh/130/seq=0/zor=[MASKED]
+73.900695367s 38 caf.Forwarder:AlertVehicleHandler(): [DEBUG] in=(257,0) alert=/alert/emergency/veh/130/seq=0/zor=[MASKED] decision=forward to vehicles deferred until 0ms
+73.900695367s 38 caf.Forwarder:OnOutgoingAlert(): [DEBUG] out=257 alert=/alert/emergency/veh/130/seq=0/zor=[MASKED]
+73.900695367s 38 ndn.AlertConsumer:doReceive(): [INFO ] Received alert: /alert/emergency/veh/130/seq=0/zor=[MASKED]
+73.900695416s 35 caf.Forwarder:OnIncomingAlert(): [DEBUG] in=257 alert=/alert/emergency/veh/130/seq=0/zor=[MASKED]
+73.900695416s 35 caf.Forwarder:AlertVehicleHandler(): [DEBUG] in=(257,0) alert=/alert/emergency/veh/130/seq=0/zor=[MASKED] decision=drop since sender is closer
+73.900695433s 118 caf.Forwarder:OnIncomingAlert(): [DEBUG] in=257 alert=/alert/emergency/veh/130/seq=0/zor=[MASKED]
+73.900695433s 118 caf.Forwarder:AlertVehicleHandler(): [DEBUG] in=(257,0) alert=/alert/emergency/veh/130/seq=0/zor=[MASKED] decision=forward to vehicles deferred until 0ms
+73.900695433s 118 caf.Forwarder:OnOutgoingAlert(): [DEBUG] out=257 alert=/alert/emergency/veh/130/seq=0/zor=[MASKED]
+73.900695433s 118 ndn.AlertConsumer:doReceive(): [INFO ] Received alert: /alert/emergency/veh/130/seq=0/zor=[MASKED]
+73.900695451s 137 caf.Forwarder:OnIncomingAlert(): [DEBUG] in=257 alert=/alert/emergency/veh/130/seq=0/zor=[MASKED]
+73.900695451s 137 caf.Forwarder:AlertVehicleHandler(): [DEBUG] in=(257,0) alert=/alert/emergency/veh/130/seq=0/zor=[MASKED] decision=drop since sender is closer
+73.901569453s 130 caf.Forwarder:OnIncomingAlert(): [DEBUG] in=257 alert=/alert/emergency/veh/130/seq=0/zor=[MASKED]
+73.901569453s 130 caf.Forwarder:AlertVehicleHandler(): [DEBUG] in=(257,0) alert=/alert/emergency/veh/130/seq=0/zor=[MASKED] decision=drop because duplicate alert
+73.901569503s 110 caf.Forwarder:OnIncomingAlert(): [DEBUG] in=257 alert=/alert/emergency/veh/130/seq=0/zor=[MASKED]
+73.901569503s 110 caf.Forwarder:AlertVehicleHandler(): [DEBUG] in=(257,0) alert=/alert/emergency/veh/130/seq=0/zor=[MASKED] decision=forward to vehicles deferred until 0ms
+73.901569503s 110 caf.Forwarder:OnOutgoingAlert(): [DEBUG] out=257 alert=/alert/emergency/veh/130/seq=0/zor=[MASKED]
+73.901569503s 110 ndn.AlertConsumer:doReceive(): [INFO ] Received alert: /alert/emergency/veh/130/seq=0/zor=[MASKED]
+73.901569539s 111 caf.Forwarder:OnIncomingAlert(): [DEBUG] in=257 alert=/alert/emergency/veh/130/seq=0/zor=[MASKED]
+73.901569539s 111 caf.Forwarder:AlertVehicleHandler(): [DEBUG] in=(257,0) alert=/alert/emergency/veh/130/seq=0/zor=[MASKED] decision=forward to vehicles deferred until 0ms
+73.901569539s 111 caf.Forwarder:OnOutgoingAlert(): [DEBUG] out=257 alert=/alert/emergency/veh/130/seq=0/zor=[MASKED]
+73.901569539s 111 ndn.AlertConsumer:doReceive(): [INFO ] Received alert: /alert/emergency/veh/130/seq=0/zor=[MASKED]
+73.902443573s 118 caf.Forwarder:OnIncomingAlert(): [DEBUG] in=257 alert=/alert/emergency/veh/130/seq=0/zor=[MASKED]
+73.902443573s 118 caf.Forwarder:AlertVehicleHandler(): [DEBUG] in=(257,0) alert=/alert/emergency/veh/130/seq=0/zor=[MASKED] decision=drop because duplicate alert
+73.902443608s 103 caf.Forwarder:OnIncomingAlert(): [DEBUG] in=257 alert=/alert/emergency/veh/130/seq=0/zor=[MASKED]
+73.902443608s 103 caf.Forwarder:AlertVehicleHandler(): [DEBUG] in=(257,0) alert=/alert/emergency/veh/130/seq=0/zor=[MASKED] decision=forward to vehicles deferred until 0ms
+73.902443608s 103 caf.Forwarder:OnOutgoingAlert(): [DEBUG] out=257 alert=/alert/emergency/veh/130/seq=0/zor=[MASKED]
+73.902443608s 103 ndn.AlertConsumer:doReceive(): [INFO ] Received alert: /alert/emergency/veh/130/seq=0/zor=[MASKED]
+73.903317647s 94 caf.Forwarder:OnIncomingAlert(): [DEBUG] in=257 alert=/alert/emergency/veh/130/seq=0/zor=[MASKED]
+73.903317647s 94 caf.Forwarder:AlertVehicleHandler(): [DEBUG] in=(257,0) alert=/alert/emergency/veh/130/seq=0/zor=[MASKED] decision=forward to vehicles deferred until 0ms
+73.903317647s 94 caf.Forwarder:OnOutgoingAlert(): [DEBUG] out=257 alert=/alert/emergency/veh/130/seq=0/zor=[MASKED]
+73.903317647s 94 ndn.AlertConsumer:doReceive(): [INFO ] Received alert: /alert/emergency/veh/130/seq=0/zor=[MASKED]
+73.903317677s 111 caf.Forwarder:OnIncomingAlert(): [DEBUG] in=257 alert=/alert/emergency/veh/130/seq=0/zor=[MASKED]
+73.903317677s 111 caf.Forwarder:AlertVehicleHandler(): [DEBUG] in=(257,0) alert=/alert/emergency/veh/130/seq=0/zor=[MASKED] decision=drop because duplicate alert
+73.903317683s 84 caf.Forwarder:OnIncomingAlert(): [DEBUG] in=257 alert=/alert/emergency/veh/130/seq=0/zor=[MASKED]
+73.903317683s 84 caf.Forwarder:AlertVehicleHandler(): [DEBUG] in=(257,0) alert=/alert/emergency/veh/130/seq=0/zor=[MASKED] decision=forward to vehicles deferred until 0ms
+73.903317683s 84 caf.Forwarder:OnOutgoingAlert(): [DEBUG] out=257 alert=/alert/emergency/veh/130/seq=0/zor=[MASKED]
+73.903317683s 84 ndn.AlertConsumer:doReceive(): [INFO ] Received alert: /alert/emergency/veh/130/seq=0/zor=[MASKED]
+73.903317699s 77 caf.Forwarder:OnIncomingAlert(): [DEBUG] in=257 alert=/alert/emergency/veh/130/seq=0/zor=[MASKED]
+73.903317699s 77 caf.Forwarder:AlertVehicleHandler(): [DEBUG] in=(257,0) alert=/alert/emergency/veh/130/seq=0/zor=[MASKED] decision=forward to vehicles deferred until 0ms
+73.903317699s 77 caf.Forwarder:OnOutgoingAlert(): [DEBUG] out=257 alert=/alert/emergency/veh/130/seq=0/zor=[MASKED]
+73.903317699s 77 ndn.AlertConsumer:doReceive(): [INFO ] Received alert: /alert/emergency/veh/130/seq=0/zor=[MASKED]
+73.903317702s 22 caf.Forwarder:OnIncomingAlert(): [DEBUG] in=257 alert=/alert/emergency/veh/130/seq=0/zor=[MASKED]
+73.903317702s 22 caf.Forwarder:AlertVehicleHandler(): [DEBUG] in=(257,0) alert=/alert/emergency/veh/130/seq=0/zor=[MASKED] decision=forward to vehicles deferred until 0ms
+73.903317702s 22 caf.Forwarder:OnOutgoingAlert(): [DEBUG] out=257 alert=/alert/emergency/veh/130/seq=0/zor=[MASKED]
+73.903317702s 22 ndn.AlertConsumer:doReceive(): [INFO ] Received alert: /alert/emergency/veh/130/seq=0/zor=[MASKED]
+73.903317713s 110 caf.Forwarder:OnIncomingAlert(): [DEBUG] in=257 alert=/alert/emergency/veh/130/seq=0/zor=[MASKED]
+73.903317713s 110 caf.Forwarder:AlertVehicleHandler(): [DEBUG] in=(257,0) alert=/alert/emergency/veh/130/seq=0/zor=[MASKED] decision=drop because duplicate alert
+73.903317723s 95 caf.Forwarder:OnIncomingAlert(): [DEBUG] in=257 alert=/alert/emergency/veh/130/seq=0/zor=[MASKED]
+73.903317723s 95 caf.Forwarder:AlertVehicleHandler(): [DEBUG] in=(257,0) alert=/alert/emergency/veh/130/seq=0/zor=[MASKED] decision=forward to vehicles deferred until 0ms
+73.903317723s 95 caf.Forwarder:OnOutgoingAlert(): [DEBUG] out=257 alert=/alert/emergency/veh/130/seq=0/zor=[MASKED]
+73.903317723s 95 ndn.AlertConsumer:doReceive(): [INFO ] Received alert: /alert/emergency/veh/130/seq=0/zor=[MASKED]
+73.903317730s 80 caf.Forwarder:OnIncomingAlert(): [DEBUG] in=257 alert=/alert/emergency/veh/130/seq=0/zor=[MASKED]
+73.903317730s 80 caf.Forwarder:AlertVehicleHandler(): [DEBUG] in=(257,0) alert=/alert/emergency/veh/130/seq=0/zor=[MASKED] decision=forward to vehicles deferred until 0ms
+73.903317730s 80 caf.Forwarder:OnOutgoingAlert(): [DEBUG] out=257 alert=/alert/emergency/veh/130/seq=0/zor=[MASKED]
+73.903317730s 80 ndn.AlertConsumer:doReceive(): [INFO ] Received alert: /alert/emergency/veh/130/seq=0/zor=[MASKED]
+73.903317766s 72 caf.Forwarder:OnIncomingAlert(): [DEBUG] in=257 alert=/alert/emergency/veh/130/seq=0/zor=[MASKED]
+73.903317766s 72 caf.Forwarder:AlertVehicleHandler(): [DEBUG] in=(257,0) alert=/alert/emergency/veh/130/seq=0/zor=[MASKED] decision=forward to vehicles deferred until 0ms
+73.903317766s 72 caf.Forwarder:OnOutgoingAlert(): [DEBUG] out=257 alert=/alert/emergency/veh/130/seq=0/zor=[MASKED]
+73.903317766s 72 ndn.AlertConsumer:doReceive(): [INFO ] Received alert: /alert/emergency/veh/130/seq=0/zor=[MASKED]
+73.903317768s 87 caf.Forwarder:OnIncomingAlert(): [DEBUG] in=257 alert=/alert/emergency/veh/130/seq=0/zor=[MASKED]
+73.903317768s 87 caf.Forwarder:AlertVehicleHandler(): [DEBUG] in=(257,0) alert=/alert/emergency/veh/130/seq=0/zor=[MASKED] decision=forward to vehicles deferred until 0ms
+73.903317768s 87 caf.Forwarder:OnOutgoingAlert(): [DEBUG] out=257 alert=/alert/emergency/veh/130/seq=0/zor=[MASKED]
+73.903317768s 87 ndn.AlertConsumer:doReceive(): [INFO ] Received alert: /alert/emergency/veh/130/seq=0/zor=[MASKED]
+73.903317777s 29 caf.Forwarder:OnIncomingAlert(): [DEBUG] in=257 alert=/alert/emergency/veh/130/seq=0/zor=[MASKED]
+73.903317777s 29 caf.Forwarder:AlertVehicleHandler(): [DEBUG] in=(257,0) alert=/alert/emergency/veh/130/seq=0/zor=[MASKED] decision=forward to vehicles deferred until 0ms
+73.903317777s 29 caf.Forwarder:OnOutgoingAlert(): [DEBUG] out=257 alert=/alert/emergency/veh/130/seq=0/zor=[MASKED]
+73.903317777s 29 ndn.AlertConsumer:doReceive(): [INFO ] Received alert: /alert/emergency/veh/130/seq=0/zor=[MASKED]
+74.234214718s 134 ndn.RandomAlertProducer:AlertSupplier(): [LOGIC] Send alert=/alert/emergency/veh/134/seq=0/zor=[MASKED] vehCount=92 rsuCount=9
+74.234214718s 134 caf.Forwarder:OnIncomingAlert(): [DEBUG] in=260 alert=/alert/emergency/veh/134/seq=0/zor=[MASKED]
+74.234214718s 134 caf.Forwarder:AlertVehicleHandler(): [DEBUG] in=(260,0) alert=/alert/emergency/veh/134/seq=0/zor=[MASKED] decision=forward to vehicles
+74.234214718s 134 caf.Forwarder:OnOutgoingAlert(): [DEBUG] out=257 alert=/alert/emergency/veh/134/seq=0/zor=[MASKED]
+74.235088734s 133 caf.Forwarder:OnIncomingAlert(): [DEBUG] in=257 alert=/alert/emergency/veh/134/seq=0/zor=[MASKED]
+74.235088734s 133 caf.Forwarder:AlertVehicleHandler(): [DEBUG] in=(257,0) alert=/alert/emergency/veh/134/seq=0/zor=[MASKED] decision=forward to vehicles deferred until 4.56493ms
+74.235088791s 141 caf.Forwarder:OnIncomingAlert(): [DEBUG] in=257 alert=/alert/emergency/veh/134/seq=0/zor=[MASKED]
+74.235088791s 141 caf.Forwarder:AlertVehicleHandler(): [DEBUG] in=(257,0) alert=/alert/emergency/veh/134/seq=0/zor=[MASKED] decision=drop since sender is closer
+74.235088797s 140 caf.Forwarder:OnIncomingAlert(): [DEBUG] in=257 alert=/alert/emergency/veh/134/seq=0/zor=[MASKED]
+74.235088797s 140 caf.Forwarder:AlertVehicleHandler(): [DEBUG] in=(257,0) alert=/alert/emergency/veh/134/seq=0/zor=[MASKED] decision=drop since sender is closer
+74.235088819s 128 caf.Forwarder:OnIncomingAlert(): [DEBUG] in=257 alert=/alert/emergency/veh/134/seq=0/zor=[MASKED]
+74.235088819s 128 caf.Forwarder:AlertVehicleHandler(): [DEBUG] in=(257,0) alert=/alert/emergency/veh/134/seq=0/zor=[MASKED] decision=forward to vehicles deferred until 1.98772ms
+74.235088843s 56 caf.Forwarder:OnIncomingAlert(): [DEBUG] in=257 alert=/alert/emergency/veh/134/seq=0/zor=[MASKED]
+74.235088843s 56 caf.Forwarder:AlertVehicleHandler(): [DEBUG] in=(257,0) alert=/alert/emergency/veh/134/seq=0/zor=[MASKED] decision=forward to vehicles deferred until 1.28248ms
+74.235088864s 40 caf.Forwarder:OnIncomingAlert(): [DEBUG] in=257 alert=/alert/emergency/veh/134/seq=0/zor=[MASKED]
+74.235088864s 40 caf.Forwarder:AlertVehicleHandler(): [DEBUG] in=(257,0) alert=/alert/emergency/veh/134/seq=0/zor=[MASKED] decision=forward to vehicles deferred until 0.635569ms
+74.235724433s 40 caf.Forwarder:OnOutgoingAlert(): [DEBUG] out=257 alert=/alert/emergency/veh/134/seq=0/zor=[MASKED]
+74.236371325s 56 caf.Forwarder:OnOutgoingAlert(): [DEBUG] out=257 alert=/alert/emergency/veh/134/seq=0/zor=[MASKED]
+74.236598456s 56 caf.Forwarder:OnIncomingAlert(): [DEBUG] in=257 alert=/alert/emergency/veh/134/seq=0/zor=[MASKED]
+74.236598456s 56 caf.Forwarder:AlertVehicleHandler(): [DEBUG] in=(257,0) alert=/alert/emergency/veh/134/seq=0/zor=[MASKED] decision=drop because duplicate alert
+74.236598487s 128 caf.Forwarder:OnIncomingAlert(): [DEBUG] in=257 alert=/alert/emergency/veh/134/seq=0/zor=[MASKED]
+74.236598487s 128 caf.Forwarder:AlertVehicleHandler(): [DEBUG] in= (257,0) alert=/alert/emergency/veh/134/seq=0/zor=[MASKED] timer cancelled because sender closer to ZoR
+74.236598493s 127 caf.Forwarder:OnIncomingAlert(): [DEBUG] in=257 alert=/alert/emergency/veh/134/seq=0/zor=[MASKED]
+74.236598493s 127 caf.Forwarder:AlertVehicleHandler(): [DEBUG] in=(257,0) alert=/alert/emergency/veh/134/seq=0/zor=[MASKED] decision=forward to vehicles deferred until 0ms
+74.236598493s 127 caf.Forwarder:OnOutgoingAlert(): [DEBUG] out=257 alert=/alert/emergency/veh/134/seq=0/zor=[MASKED]
+74.236598493s 127 ndn.AlertConsumer:doReceive(): [INFO ] Received alert: /alert/emergency/veh/134/seq=0/zor=[MASKED]
+74.236598569s 133 caf.Forwarder:OnIncomingAlert(): [DEBUG] in=257 alert=/alert/emergency/veh/134/seq=0/zor=[MASKED]
+74.236598569s 133 caf.Forwarder:AlertVehicleHandler(): [DEBUG] in= (257,0) alert=/alert/emergency/veh/134/seq=0/zor=[MASKED] timer cancelled because sender closer to ZoR
+74.236598579s 122 caf.Forwarder:OnIncomingAlert(): [DEBUG] in=257 alert=/alert/emergency/veh/134/seq=0/zor=[MASKED]
+74.236598579s 122 caf.Forwarder:AlertVehicleHandler(): [DEBUG] in=(257,0) alert=/alert/emergency/veh/134/seq=0/zor=[MASKED] decision=forward to vehicles deferred until 0ms
+74.236598579s 134 caf.Forwarder:OnIncomingAlert(): [DEBUG] in=257 alert=/alert/emergency/veh/134/seq=0/zor=[MASKED]
+74.236598579s 134 caf.Forwarder:AlertVehicleHandler(): [DEBUG] in=(257,0) alert=/alert/emergency/veh/134/seq=0/zor=[MASKED] decision=drop because duplicate alert
+74.236598579s 122 caf.Forwarder:OnOutgoingAlert(): [DEBUG] out=257 alert=/alert/emergency/veh/134/seq=0/zor=[MASKED]
+74.236598579s 122 ndn.AlertConsumer:doReceive(): [INFO ] Received alert: /alert/emergency/veh/134/seq=0/zor=[MASKED]
+74.236598594s 31 caf.Forwarder:OnIncomingAlert(): [DEBUG] in=257 alert=/alert/emergency/veh/134/seq=0/zor=[MASKED]
+74.236598594s 31 caf.Forwarder:AlertVehicleHandler(): [DEBUG] in=(257,0) alert=/alert/emergency/veh/134/seq=0/zor=[MASKED] decision=forward to vehicles deferred until 0ms
+74.236598594s 31 caf.Forwarder:OnOutgoingAlert(): [DEBUG] out=257 alert=/alert/emergency/veh/134/seq=0/zor=[MASKED]
+74.236598594s 31 ndn.AlertConsumer:doReceive(): [INFO ] Received alert: /alert/emergency/veh/134/seq=0/zor=[MASKED]
+74.237472553s 40 caf.Forwarder:OnIncomingAlert(): [DEBUG] in=257 alert=/alert/emergency/veh/134/seq=0/zor=[MASKED]
+74.237472553s 40 caf.Forwarder:AlertVehicleHandler(): [DEBUG] in=(257,0) alert=/alert/emergency/veh/134/seq=0/zor=[MASKED] decision=drop because duplicate alert
+74.237472567s 56 caf.Forwarder:OnIncomingAlert(): [DEBUG] in=257 alert=/alert/emergency/veh/134/seq=0/zor=[MASKED]
+74.237472567s 56 caf.Forwarder:AlertVehicleHandler(): [DEBUG] in=(257,0) alert=/alert/emergency/veh/134/seq=0/zor=[MASKED] decision=drop because duplicate alert
+74.237472588s 128 caf.Forwarder:OnIncomingAlert(): [DEBUG] in=257 alert=/alert/emergency/veh/134/seq=0/zor=[MASKED]
+74.237472588s 128 caf.Forwarder:AlertVehicleHandler(): [DEBUG] in=(257,0) alert=/alert/emergency/veh/134/seq=0/zor=[MASKED] decision=drop because duplicate alert
+74.238372590s 40 caf.Forwarder:OnIncomingAlert(): [DEBUG] in=257 alert=/alert/emergency/veh/134/seq=0/zor=[MASKED]
+74.238372590s 40 caf.Forwarder:AlertVehicleHandler(): [DEBUG] in=(257,0) alert=/alert/emergency/veh/134/seq=0/zor=[MASKED] decision=drop because duplicate alert
+74.238372598s 128 caf.Forwarder:OnIncomingAlert(): [DEBUG] in=257 alert=/alert/emergency/veh/134/seq=0/zor=[MASKED]
+74.238372598s 128 caf.Forwarder:AlertVehicleHandler(): [DEBUG] in=(257,0) alert=/alert/emergency/veh/134/seq=0/zor=[MASKED] decision=drop because duplicate alert
+74.238372642s 127 caf.Forwarder:OnIncomingAlert(): [DEBUG] in=257 alert=/alert/emergency/veh/134/seq=0/zor=[MASKED]
+74.238372642s 127 caf.Forwarder:AlertVehicleHandler(): [DEBUG] in=(257,0) alert=/alert/emergency/veh/134/seq=0/zor=[MASKED] decision=drop because duplicate alert
+74.238372681s 133 caf.Forwarder:OnIncomingAlert(): [DEBUG] in=257 alert=/alert/emergency/veh/134/seq=0/zor=[MASKED]
+74.238372681s 133 caf.Forwarder:AlertVehicleHandler(): [DEBUG] in=(257,0) alert=/alert/emergency/veh/134/seq=0/zor=[MASKED] decision=drop because duplicate alert
+74.238372691s 134 caf.Forwarder:OnIncomingAlert(): [DEBUG] in=257 alert=/alert/emergency/veh/134/seq=0/zor=[MASKED]
+74.238372691s 134 caf.Forwarder:AlertVehicleHandler(): [DEBUG] in=(257,0) alert=/alert/emergency/veh/134/seq=0/zor=[MASKED] decision=drop because duplicate alert
+74.238372732s 122 caf.Forwarder:OnIncomingAlert(): [DEBUG] in=257 alert=/alert/emergency/veh/134/seq=0/zor=[MASKED]
+74.238372732s 122 caf.Forwarder:AlertVehicleHandler(): [DEBUG] in=(257,0) alert=/alert/emergency/veh/134/seq=0/zor=[MASKED] decision=drop because duplicate alert
+74.822679489s 135 ndn.RandomAlertProducer:SendAlert(): [LOGIC] Don't send alert; condition failed
+75.539989937s 136 ndn.RandomAlertProducer:SendAlert(): [LOGIC] Don't send alert; condition failed
+76.001767446s 137 ndn.RandomAlertProducer:SendAlert(): [LOGIC] Don't send alert; condition failed
+76.008270805s 140 ndn.RandomAlertProducer:SendAlert(): [LOGIC] Don't send alert; condition failed
+76.295280831s 139 ndn.RandomAlertProducer:AlertSupplier(): [LOGIC] Send alert=/alert/emergency/veh/139/seq=0/zor=[MASKED] vehCount=93 rsuCount=9
+76.295280831s 139 caf.Forwarder:OnIncomingAlert(): [DEBUG] in=260 alert=/alert/emergency/veh/139/seq=0/zor=[MASKED]
+76.295280831s 139 caf.Forwarder:AlertVehicleHandler(): [DEBUG] in=(260,0) alert=/alert/emergency/veh/139/seq=0/zor=[MASKED] decision=forward to vehicles
+76.295280831s 139 caf.Forwarder:OnOutgoingAlert(): [DEBUG] out=257 alert=/alert/emergency/veh/139/seq=0/zor=[MASKED]
+76.296154842s 46 caf.Forwarder:OnIncomingAlert(): [DEBUG] in=257 alert=/alert/emergency/veh/139/seq=0/zor=[MASKED]
+76.296154842s 46 caf.Forwarder:AlertVehicleHandler(): [DEBUG] in=(257,0) alert=/alert/emergency/veh/139/seq=0/zor=[MASKED] decision=drop since sender is closer
+76.296154844s 138 caf.Forwarder:OnIncomingAlert(): [DEBUG] in=257 alert=/alert/emergency/veh/139/seq=0/zor=[MASKED]
+76.296154844s 138 caf.Forwarder:AlertVehicleHandler(): [DEBUG] in=(257,0) alert=/alert/emergency/veh/139/seq=0/zor=[MASKED] decision=forward to vehicles deferred until 4.65586ms
+76.296154890s 32 caf.Forwarder:OnIncomingAlert(): [DEBUG] in=257 alert=/alert/emergency/veh/139/seq=0/zor=[MASKED]
+76.296154890s 32 caf.Forwarder:AlertVehicleHandler(): [DEBUG] in=(257,0) alert=/alert/emergency/veh/139/seq=0/zor=[MASKED] decision=drop since sender is closer
+76.296154898s 146 caf.Forwarder:OnIncomingAlert(): [DEBUG] in=257 alert=/alert/emergency/veh/139/seq=0/zor=[MASKED]
+76.296154898s 146 caf.Forwarder:AlertVehicleHandler(): [DEBUG] in=(257,0) alert=/alert/emergency/veh/139/seq=0/zor=[MASKED] decision=drop since sender is closer
+76.296154939s 147 caf.Forwarder:OnIncomingAlert(): [DEBUG] in=257 alert=/alert/emergency/veh/139/seq=0/zor=[MASKED]
+76.296154939s 147 caf.Forwarder:AlertVehicleHandler(): [DEBUG] in=(257,0) alert=/alert/emergency/veh/139/seq=0/zor=[MASKED] decision=drop since sender is closer
+76.296154958s 131 caf.Forwarder:OnIncomingAlert(): [DEBUG] in=257 alert=/alert/emergency/veh/139/seq=0/zor=[MASKED]
+76.296154958s 131 caf.Forwarder:AlertVehicleHandler(): [DEBUG] in=(257,0) alert=/alert/emergency/veh/139/seq=0/zor=[MASKED] decision=forward to vehicles deferred until 1.19093ms
+76.296154971s 132 caf.Forwarder:OnIncomingAlert(): [DEBUG] in=257 alert=/alert/emergency/veh/139/seq=0/zor=[MASKED]
+76.296154971s 132 caf.Forwarder:AlertVehicleHandler(): [DEBUG] in=(257,0) alert=/alert/emergency/veh/139/seq=0/zor=[MASKED] decision=forward to vehicles deferred until 0.813224ms
+76.296154972s 28 caf.Forwarder:OnIncomingAlert(): [DEBUG] in=257 alert=/alert/emergency/veh/139/seq=0/zor=[MASKED]
+76.296154972s 28 caf.Forwarder:AlertVehicleHandler(): [DEBUG] in=(257,0) alert=/alert/emergency/veh/139/seq=0/zor=[MASKED] decision=drop since sender is closer
+76.296154987s 154 caf.Forwarder:OnIncomingAlert(): [DEBUG] in=257 alert=/alert/emergency/veh/139/seq=0/zor=[MASKED]
+76.296154987s 154 caf.Forwarder:AlertVehicleHandler(): [DEBUG] in=(257,0) alert=/alert/emergency/veh/139/seq=0/zor=[MASKED] decision=drop since sender is closer
+76.296968195s 132 caf.Forwarder:OnOutgoingAlert(): [DEBUG] out=257 alert=/alert/emergency/veh/139/seq=0/zor=[MASKED]
+76.297345887s 131 caf.Forwarder:OnOutgoingAlert(): [DEBUG] out=257 alert=/alert/emergency/veh/139/seq=0/zor=[MASKED]
+76.297842212s 131 caf.Forwarder:OnIncomingAlert(): [DEBUG] in=257 alert=/alert/emergency/veh/139/seq=0/zor=[MASKED]
+76.297842212s 131 caf.Forwarder:AlertVehicleHandler(): [DEBUG] in=(257,0) alert=/alert/emergency/veh/139/seq=0/zor=[MASKED] decision=drop because duplicate alert
+76.297842239s 42 caf.Forwarder:OnIncomingAlert(): [DEBUG] in=257 alert=/alert/emergency/veh/139/seq=0/zor=[MASKED]
+76.297842239s 42 caf.Forwarder:AlertVehicleHandler(): [DEBUG] in=(257,0) alert=/alert/emergency/veh/139/seq=0/zor=[MASKED] decision=forward to vehicles deferred until 3.72644ms
+76.297842246s 126 caf.Forwarder:OnIncomingAlert(): [DEBUG] in=257 alert=/alert/emergency/veh/139/seq=0/zor=[MASKED]
+76.297842246s 126 caf.Forwarder:AlertVehicleHandler(): [DEBUG] in=(257,0) alert=/alert/emergency/veh/139/seq=0/zor=[MASKED] decision=forward to vehicles deferred until 3.51547ms
+76.297842260s 120 caf.Forwarder:OnIncomingAlert(): [DEBUG] in=257 alert=/alert/emergency/veh/139/seq=0/zor=[MASKED]
+76.297842260s 120 caf.Forwarder:AlertVehicleHandler(): [DEBUG] in=(257,0) alert=/alert/emergency/veh/139/seq=0/zor=[MASKED] decision=forward to vehicles deferred until 3.07279ms
+76.297842306s 50 caf.Forwarder:OnIncomingAlert(): [DEBUG] in=257 alert=/alert/emergency/veh/139/seq=0/zor=[MASKED]
+76.297842306s 50 caf.Forwarder:AlertVehicleHandler(): [DEBUG] in=(257,0) alert=/alert/emergency/veh/139/seq=0/zor=[MASKED] decision=forward to vehicles deferred until 0ms
+76.297842306s 50 caf.Forwarder:OnOutgoingAlert(): [DEBUG] out=257 alert=/alert/emergency/veh/139/seq=0/zor=[MASKED]
+76.297842306s 50 ndn.AlertConsumer:doReceive(): [INFO ] Received alert: /alert/emergency/veh/139/seq=0/zor=[MASKED]
+76.297842328s 138 caf.Forwarder:OnIncomingAlert(): [DEBUG] in=257 alert=/alert/emergency/veh/139/seq=0/zor=[MASKED]
+76.297842328s 138 caf.Forwarder:AlertVehicleHandler(): [DEBUG] in= (257,0) alert=/alert/emergency/veh/139/seq=0/zor=[MASKED] timer cancelled because sender closer to ZoR
+76.297842335s 139 caf.Forwarder:OnIncomingAlert(): [DEBUG] in=257 alert=/alert/emergency/veh/139/seq=0/zor=[MASKED]
+76.297842335s 139 caf.Forwarder:AlertVehicleHandler(): [DEBUG] in=(257,0) alert=/alert/emergency/veh/139/seq=0/zor=[MASKED] decision=drop because duplicate alert
+76.297842338s 46 caf.Forwarder:OnIncomingAlert(): [DEBUG] in=257 alert=/alert/emergency/veh/139/seq=0/zor=[MASKED]
+76.297842338s 46 caf.Forwarder:AlertVehicleHandler(): [DEBUG] in=(257,0) alert=/alert/emergency/veh/139/seq=0/zor=[MASKED] decision=drop because duplicate alert
+76.298716352s 120 caf.Forwarder:OnIncomingAlert(): [DEBUG] in=257 alert=/alert/emergency/veh/139/seq=0/zor=[MASKED]
+76.298716352s 120 caf.Forwarder:AlertVehicleHandler(): [DEBUG] in= (257,0) alert=/alert/emergency/veh/139/seq=0/zor=[MASKED] timer cancelled because sender closer to ZoR
+76.298716370s 126 caf.Forwarder:OnIncomingAlert(): [DEBUG] in=257 alert=/alert/emergency/veh/139/seq=0/zor=[MASKED]
+76.298716370s 126 caf.Forwarder:AlertVehicleHandler(): [DEBUG] in= (257,0) alert=/alert/emergency/veh/139/seq=0/zor=[MASKED] timer cancelled because sender closer to ZoR
+76.298716379s 42 caf.Forwarder:OnIncomingAlert(): [DEBUG] in=257 alert=/alert/emergency/veh/139/seq=0/zor=[MASKED]
+76.298716379s 42 caf.Forwarder:AlertVehicleHandler(): [DEBUG] in= (257,0) alert=/alert/emergency/veh/139/seq=0/zor=[MASKED] timer cancelled because sender closer to ZoR
+76.298716417s 132 caf.Forwarder:OnIncomingAlert(): [DEBUG] in=257 alert=/alert/emergency/veh/139/seq=0/zor=[MASKED]
+76.298716417s 132 caf.Forwarder:AlertVehicleHandler(): [DEBUG] in=(257,0) alert=/alert/emergency/veh/139/seq=0/zor=[MASKED] decision=drop because duplicate alert
+76.298716431s 131 caf.Forwarder:OnIncomingAlert(): [DEBUG] in=257 alert=/alert/emergency/veh/139/seq=0/zor=[MASKED]
+76.298716431s 131 caf.Forwarder:AlertVehicleHandler(): [DEBUG] in=(257,0) alert=/alert/emergency/veh/139/seq=0/zor=[MASKED] decision=drop because duplicate alert
+76.298716457s 125 caf.Forwarder:OnIncomingAlert(): [DEBUG] in=257 alert=/alert/emergency/veh/139/seq=0/zor=[MASKED]
+76.298716457s 125 caf.Forwarder:AlertVehicleHandler(): [DEBUG] in=(257,0) alert=/alert/emergency/veh/139/seq=0/zor=[MASKED] decision=forward to vehicles deferred until 0ms
+76.298716457s 125 caf.Forwarder:OnOutgoingAlert(): [DEBUG] out=257 alert=/alert/emergency/veh/139/seq=0/zor=[MASKED]
+76.298716457s 125 ndn.AlertConsumer:doReceive(): [INFO ] Received alert: /alert/emergency/veh/139/seq=0/zor=[MASKED]
+76.298716474s 33 caf.Forwarder:OnIncomingAlert(): [DEBUG] in=257 alert=/alert/emergency/veh/139/seq=0/zor=[MASKED]
+76.298716474s 33 caf.Forwarder:AlertVehicleHandler(): [DEBUG] in=(257,0) alert=/alert/emergency/veh/139/seq=0/zor=[MASKED] decision=forward to vehicles deferred until 0ms
+76.298716474s 33 caf.Forwarder:OnOutgoingAlert(): [DEBUG] out=257 alert=/alert/emergency/veh/139/seq=0/zor=[MASKED]
+76.298716474s 33 ndn.AlertConsumer:doReceive(): [INFO ] Received alert: /alert/emergency/veh/139/seq=0/zor=[MASKED]
+76.299746448s 132 caf.Forwarder:OnIncomingAlert(): [DEBUG] in=257 alert=/alert/emergency/veh/139/seq=0/zor=[MASKED]
+76.299746448s 132 caf.Forwarder:AlertVehicleHandler(): [DEBUG] in=(257,0) alert=/alert/emergency/veh/139/seq=0/zor=[MASKED] decision=drop because duplicate alert
+76.299746491s 42 caf.Forwarder:OnIncomingAlert(): [DEBUG] in=257 alert=/alert/emergency/veh/139/seq=0/zor=[MASKED]
+76.299746491s 42 caf.Forwarder:AlertVehicleHandler(): [DEBUG] in=(257,0) alert=/alert/emergency/veh/139/seq=0/zor=[MASKED] decision=drop because duplicate alert
+76.299746494s 126 caf.Forwarder:OnIncomingAlert(): [DEBUG] in=257 alert=/alert/emergency/veh/139/seq=0/zor=[MASKED]
+76.299746494s 126 caf.Forwarder:AlertVehicleHandler(): [DEBUG] in=(257,0) alert=/alert/emergency/veh/139/seq=0/zor=[MASKED] decision=drop because duplicate alert
+76.299746510s 120 caf.Forwarder:OnIncomingAlert(): [DEBUG] in=257 alert=/alert/emergency/veh/139/seq=0/zor=[MASKED]
+76.299746510s 120 caf.Forwarder:AlertVehicleHandler(): [DEBUG] in=(257,0) alert=/alert/emergency/veh/139/seq=0/zor=[MASKED] decision=drop because duplicate alert
+76.299746550s 138 caf.Forwarder:OnIncomingAlert(): [DEBUG] in=257 alert=/alert/emergency/veh/139/seq=0/zor=[MASKED]
+76.299746550s 138 caf.Forwarder:AlertVehicleHandler(): [DEBUG] in=(257,0) alert=/alert/emergency/veh/139/seq=0/zor=[MASKED] decision=drop because duplicate alert
+76.299746558s 139 caf.Forwarder:OnIncomingAlert(): [DEBUG] in=257 alert=/alert/emergency/veh/139/seq=0/zor=[MASKED]
+76.299746558s 139 caf.Forwarder:AlertVehicleHandler(): [DEBUG] in=(257,0) alert=/alert/emergency/veh/139/seq=0/zor=[MASKED] decision=drop because duplicate alert
+76.299746563s 46 caf.Forwarder:OnIncomingAlert(): [DEBUG] in=257 alert=/alert/emergency/veh/139/seq=0/zor=[MASKED]
+76.299746563s 46 caf.Forwarder:AlertVehicleHandler(): [DEBUG] in=(257,0) alert=/alert/emergency/veh/139/seq=0/zor=[MASKED] decision=drop because duplicate alert
+76.876611151s 138 ndn.RandomAlertProducer:SendAlert(): [LOGIC] Don't send alert; condition failed
+77.676270184s 141 ndn.RandomAlertProducer:SendAlert(): [LOGIC] Don't send alert; condition failed
+78.377559818s 142 ndn.RandomAlertProducer:SendAlert(): [LOGIC] Don't send alert; condition failed
+79.212362426s 144 ndn.RandomAlertProducer:SendAlert(): [LOGIC] Don't send alert; condition failed
+79.600434425s 146 ndn.RandomAlertProducer:AlertSupplier(): [LOGIC] Send alert=/alert/emergency/veh/146/seq=0/zor=[MASKED] vehCount=97 rsuCount=9
+79.600434425s 146 caf.Forwarder:OnIncomingAlert(): [DEBUG] in=260 alert=/alert/emergency/veh/146/seq=0/zor=[MASKED]
+79.600434425s 146 caf.Forwarder:AlertVehicleHandler(): [DEBUG] in=(260,0) alert=/alert/emergency/veh/146/seq=0/zor=[MASKED] decision=forward to vehicles
+79.600434425s 146 caf.Forwarder:OnOutgoingAlert(): [DEBUG] out=257 alert=/alert/emergency/veh/146/seq=0/zor=[MASKED]
+79.601308451s 50 caf.Forwarder:OnIncomingAlert(): [DEBUG] in=257 alert=/alert/emergency/veh/146/seq=0/zor=[MASKED]
+79.601308451s 50 caf.Forwarder:AlertVehicleHandler(): [DEBUG] in=(257,0) alert=/alert/emergency/veh/146/seq=0/zor=[MASKED] decision=forward to vehicles deferred until 4.25734ms
+79.601308478s 147 caf.Forwarder:OnIncomingAlert(): [DEBUG] in=257 alert=/alert/emergency/veh/146/seq=0/zor=[MASKED]
+79.601308478s 147 caf.Forwarder:AlertVehicleHandler(): [DEBUG] in=(257,0) alert=/alert/emergency/veh/146/seq=0/zor=[MASKED] decision=drop since sender is closer
+79.601308479s 42 caf.Forwarder:OnIncomingAlert(): [DEBUG] in=257 alert=/alert/emergency/veh/146/seq=0/zor=[MASKED]
+79.601308479s 42 caf.Forwarder:AlertVehicleHandler(): [DEBUG] in=(257,0) alert=/alert/emergency/veh/146/seq=0/zor=[MASKED] decision=drop since sender is closer
+79.601308493s 138 caf.Forwarder:OnIncomingAlert(): [DEBUG] in=257 alert=/alert/emergency/veh/146/seq=0/zor=[MASKED]
+79.601308493s 138 caf.Forwarder:AlertVehicleHandler(): [DEBUG] in=(257,0) alert=/alert/emergency/veh/146/seq=0/zor=[MASKED] decision=forward to vehicles deferred until 2.99549ms
+79.601308501s 139 caf.Forwarder:OnIncomingAlert(): [DEBUG] in=257 alert=/alert/emergency/veh/146/seq=0/zor=[MASKED]
+79.601308501s 139 caf.Forwarder:AlertVehicleHandler(): [DEBUG] in=(257,0) alert=/alert/emergency/veh/146/seq=0/zor=[MASKED] decision=forward to vehicles deferred until 2.76506ms
+79.601308523s 154 caf.Forwarder:OnIncomingAlert(): [DEBUG] in=257 alert=/alert/emergency/veh/146/seq=0/zor=[MASKED]
+79.601308523s 154 caf.Forwarder:AlertVehicleHandler(): [DEBUG] in=(257,0) alert=/alert/emergency/veh/146/seq=0/zor=[MASKED] decision=drop since sender is closer
+79.601308571s 131 caf.Forwarder:OnIncomingAlert(): [DEBUG] in=257 alert=/alert/emergency/veh/146/seq=0/zor=[MASKED]
+79.601308571s 131 caf.Forwarder:AlertVehicleHandler(): [DEBUG] in=(257,0) alert=/alert/emergency/veh/146/seq=0/zor=[MASKED] decision=forward to vehicles deferred until 0.625568ms
+79.601934139s 131 caf.Forwarder:OnOutgoingAlert(): [DEBUG] out=257 alert=/alert/emergency/veh/146/seq=0/zor=[MASKED]
+79.602808181s 132 caf.Forwarder:OnIncomingAlert(): [DEBUG] in=257 alert=/alert/emergency/veh/146/seq=0/zor=[MASKED]
+79.602808181s 132 caf.Forwarder:AlertVehicleHandler(): [DEBUG] in=(257,0) alert=/alert/emergency/veh/146/seq=0/zor=[MASKED] decision=forward to vehicles deferred until 0ms
+79.602808181s 132 caf.Forwarder:OnOutgoingAlert(): [DEBUG] out=257 alert=/alert/emergency/veh/146/seq=0/zor=[MASKED]
+79.602808181s 132 ndn.AlertConsumer:doReceive(): [INFO ] Received alert: /alert/emergency/veh/146/seq=0/zor=[MASKED]
+79.602808203s 126 caf.Forwarder:OnIncomingAlert(): [DEBUG] in=257 alert=/alert/emergency/veh/146/seq=0/zor=[MASKED]
+79.602808203s 126 caf.Forwarder:AlertVehicleHandler(): [DEBUG] in=(257,0) alert=/alert/emergency/veh/146/seq=0/zor=[MASKED] decision=forward to vehicles deferred until 0ms
+79.602808203s 126 caf.Forwarder:OnOutgoingAlert(): [DEBUG] out=257 alert=/alert/emergency/veh/146/seq=0/zor=[MASKED]
+79.602808203s 126 ndn.AlertConsumer:doReceive(): [INFO ] Received alert: /alert/emergency/veh/146/seq=0/zor=[MASKED]
+79.602808208s 33 caf.Forwarder:OnIncomingAlert(): [DEBUG] in=257 alert=/alert/emergency/veh/146/seq=0/zor=[MASKED]
+79.602808208s 33 caf.Forwarder:AlertVehicleHandler(): [DEBUG] in=(257,0) alert=/alert/emergency/veh/146/seq=0/zor=[MASKED] decision=forward to vehicles deferred until 0ms
+79.602808208s 33 caf.Forwarder:OnOutgoingAlert(): [DEBUG] out=257 alert=/alert/emergency/veh/146/seq=0/zor=[MASKED]
+79.602808208s 33 ndn.AlertConsumer:doReceive(): [INFO ] Received alert: /alert/emergency/veh/146/seq=0/zor=[MASKED]
+79.602808211s 139 caf.Forwarder:OnIncomingAlert(): [DEBUG] in=257 alert=/alert/emergency/veh/146/seq=0/zor=[MASKED]
+79.602808211s 139 caf.Forwarder:AlertVehicleHandler(): [DEBUG] in= (257,0) alert=/alert/emergency/veh/146/seq=0/zor=[MASKED] timer cancelled because sender closer to ZoR
+79.602808217s 138 caf.Forwarder:OnIncomingAlert(): [DEBUG] in=257 alert=/alert/emergency/veh/146/seq=0/zor=[MASKED]
+79.602808217s 138 caf.Forwarder:AlertVehicleHandler(): [DEBUG] in= (257,0) alert=/alert/emergency/veh/146/seq=0/zor=[MASKED] timer cancelled because sender closer to ZoR
+79.602808246s 120 caf.Forwarder:OnIncomingAlert(): [DEBUG] in=257 alert=/alert/emergency/veh/146/seq=0/zor=[MASKED]
+79.602808246s 120 caf.Forwarder:AlertVehicleHandler(): [DEBUG] in=(257,0) alert=/alert/emergency/veh/146/seq=0/zor=[MASKED] decision=forward to vehicles deferred until 0ms
+79.602808246s 120 caf.Forwarder:OnOutgoingAlert(): [DEBUG] out=257 alert=/alert/emergency/veh/146/seq=0/zor=[MASKED]
+79.602808246s 120 ndn.AlertConsumer:doReceive(): [INFO ] Received alert: /alert/emergency/veh/146/seq=0/zor=[MASKED]
+79.602808271s 50 caf.Forwarder:OnIncomingAlert(): [DEBUG] in=257 alert=/alert/emergency/veh/146/seq=0/zor=[MASKED]
+79.602808271s 50 caf.Forwarder:AlertVehicleHandler(): [DEBUG] in= (257,0) alert=/alert/emergency/veh/146/seq=0/zor=[MASKED] timer cancelled because sender closer to ZoR
+79.602808285s 146 caf.Forwarder:OnIncomingAlert(): [DEBUG] in=257 alert=/alert/emergency/veh/146/seq=0/zor=[MASKED]
+79.602808285s 146 caf.Forwarder:AlertVehicleHandler(): [DEBUG] in=(257,0) alert=/alert/emergency/veh/146/seq=0/zor=[MASKED] decision=drop because duplicate alert
+79.737217309s 143 ndn.RandomAlertProducer:AlertSupplier(): [LOGIC] Send alert=/alert/emergency/veh/143/seq=0/zor=[MASKED] vehCount=98 rsuCount=9
+79.737217309s 143 caf.Forwarder:OnIncomingAlert(): [DEBUG] in=260 alert=/alert/emergency/veh/143/seq=0/zor=[MASKED]
+79.737217309s 143 caf.Forwarder:AlertVehicleHandler(): [DEBUG] in=(260,0) alert=/alert/emergency/veh/143/seq=0/zor=[MASKED] decision=forward to vehicles
+79.737217309s 143 caf.Forwarder:OnOutgoingAlert(): [DEBUG] out=257 alert=/alert/emergency/veh/143/seq=0/zor=[MASKED]
+79.737217309s 143 ndn.AlertConsumer:doReceive(): [INFO ] Received alert: /alert/emergency/veh/143/seq=0/zor=[MASKED]
+79.738091321s 124 caf.Forwarder:OnIncomingAlert(): [DEBUG] in=257 alert=/alert/emergency/veh/143/seq=0/zor=[MASKED]
+79.738091321s 124 caf.Forwarder:AlertVehicleHandler(): [DEBUG] in=(257,0) alert=/alert/emergency/veh/143/seq=0/zor=[MASKED] decision=forward to vehicles deferred until 0ms
+79.738091321s 124 caf.Forwarder:OnOutgoingAlert(): [DEBUG] out=257 alert=/alert/emergency/veh/143/seq=0/zor=[MASKED]
+79.738091321s 124 ndn.AlertConsumer:doReceive(): [INFO ] Received alert: /alert/emergency/veh/143/seq=0/zor=[MASKED]
+79.738091342s 51 caf.Forwarder:OnIncomingAlert(): [DEBUG] in=257 alert=/alert/emergency/veh/143/seq=0/zor=[MASKED]
+79.738091342s 51 caf.Forwarder:AlertVehicleHandler(): [DEBUG] in=(257,0) alert=/alert/emergency/veh/143/seq=0/zor=[MASKED] decision=drop since sender is closer
+79.738091363s 53 caf.Forwarder:OnIncomingAlert(): [DEBUG] in=257 alert=/alert/emergency/veh/143/seq=0/zor=[MASKED]
+79.738091363s 53 caf.Forwarder:AlertVehicleHandler(): [DEBUG] in=(257,0) alert=/alert/emergency/veh/143/seq=0/zor=[MASKED] decision=forward to vehicles deferred until 0ms
+79.738091363s 53 caf.Forwarder:OnOutgoingAlert(): [DEBUG] out=257 alert=/alert/emergency/veh/143/seq=0/zor=[MASKED]
+79.738091363s 53 ndn.AlertConsumer:doReceive(): [INFO ] Received alert: /alert/emergency/veh/143/seq=0/zor=[MASKED]
+79.738091366s 135 caf.Forwarder:OnIncomingAlert(): [DEBUG] in=257 alert=/alert/emergency/veh/143/seq=0/zor=[MASKED]
+79.738091366s 135 caf.Forwarder:AlertVehicleHandler(): [DEBUG] in=(257,0) alert=/alert/emergency/veh/143/seq=0/zor=[MASKED] decision=drop since sender is closer
+79.738091418s 129 caf.Forwarder:OnIncomingAlert(): [DEBUG] in=257 alert=/alert/emergency/veh/143/seq=0/zor=[MASKED]
+79.738091418s 129 caf.Forwarder:AlertVehicleHandler(): [DEBUG] in=(257,0) alert=/alert/emergency/veh/143/seq=0/zor=[MASKED] decision=forward to vehicles deferred until 0ms
+79.738091418s 129 caf.Forwarder:OnOutgoingAlert(): [DEBUG] out=257 alert=/alert/emergency/veh/143/seq=0/zor=[MASKED]
+79.738091418s 129 ndn.AlertConsumer:doReceive(): [INFO ] Received alert: /alert/emergency/veh/143/seq=0/zor=[MASKED]
+79.738091419s 30 caf.Forwarder:OnIncomingAlert(): [DEBUG] in=257 alert=/alert/emergency/veh/143/seq=0/zor=[MASKED]
+79.738091419s 30 caf.Forwarder:AlertVehicleHandler(): [DEBUG] in=(257,0) alert=/alert/emergency/veh/143/seq=0/zor=[MASKED] decision=drop since sender is closer
+79.738091424s 142 caf.Forwarder:OnIncomingAlert(): [DEBUG] in=257 alert=/alert/emergency/veh/143/seq=0/zor=[MASKED]
+79.738091424s 142 caf.Forwarder:AlertVehicleHandler(): [DEBUG] in=(257,0) alert=/alert/emergency/veh/143/seq=0/zor=[MASKED] decision=drop since sender is closer
+79.738091438s 123 caf.Forwarder:OnIncomingAlert(): [DEBUG] in=257 alert=/alert/emergency/veh/143/seq=0/zor=[MASKED]
+79.738091438s 123 caf.Forwarder:AlertVehicleHandler(): [DEBUG] in=(257,0) alert=/alert/emergency/veh/143/seq=0/zor=[MASKED] decision=forward to vehicles deferred until 0ms
+79.738091438s 123 caf.Forwarder:OnOutgoingAlert(): [DEBUG] out=257 alert=/alert/emergency/veh/143/seq=0/zor=[MASKED]
+79.738091438s 123 ndn.AlertConsumer:doReceive(): [INFO ] Received alert: /alert/emergency/veh/143/seq=0/zor=[MASKED]
+79.738091446s 41 caf.Forwarder:OnIncomingAlert(): [DEBUG] in=257 alert=/alert/emergency/veh/143/seq=0/zor=[MASKED]
+79.738091446s 41 caf.Forwarder:AlertVehicleHandler(): [DEBUG] in=(257,0) alert=/alert/emergency/veh/143/seq=0/zor=[MASKED] decision=forward to vehicles deferred until 0ms
+79.738091446s 41 caf.Forwarder:OnOutgoingAlert(): [DEBUG] out=257 alert=/alert/emergency/veh/143/seq=0/zor=[MASKED]
+79.738091446s 41 ndn.AlertConsumer:doReceive(): [INFO ] Received alert: /alert/emergency/veh/143/seq=0/zor=[MASKED]
+79.738965333s 143 caf.Forwarder:OnIncomingAlert(): [DEBUG] in=257 alert=/alert/emergency/veh/143/seq=0/zor=[MASKED]
+79.738965333s 143 caf.Forwarder:AlertVehicleHandler(): [DEBUG] in=(257,0) alert=/alert/emergency/veh/143/seq=0/zor=[MASKED] decision=drop because duplicate alert
+79.738965366s 51 caf.Forwarder:OnIncomingAlert(): [DEBUG] in=257 alert=/alert/emergency/veh/143/seq=0/zor=[MASKED]
+79.738965366s 51 caf.Forwarder:AlertVehicleHandler(): [DEBUG] in=(257,0) alert=/alert/emergency/veh/143/seq=0/zor=[MASKED] decision=drop because duplicate alert
+79.738965384s 135 caf.Forwarder:OnIncomingAlert(): [DEBUG] in=257 alert=/alert/emergency/veh/143/seq=0/zor=[MASKED]
+79.738965384s 135 caf.Forwarder:AlertVehicleHandler(): [DEBUG] in=(257,0) alert=/alert/emergency/veh/143/seq=0/zor=[MASKED] decision=drop because duplicate alert
+79.961841417s 145 ndn.RandomAlertProducer:SendAlert(): [LOGIC] Don't send alert; condition failed
+80.954911117s 147 ndn.RandomAlertProducer:AlertSupplier(): [LOGIC] Send alert=/alert/emergency/veh/147/seq=0/zor=[MASKED] vehCount=100 rsuCount=9
+80.954911117s 147 caf.Forwarder:OnIncomingAlert(): [DEBUG] in=260 alert=/alert/emergency/veh/147/seq=0/zor=[MASKED]
+80.954911117s 147 caf.Forwarder:AlertVehicleHandler(): [DEBUG] in=(260,0) alert=/alert/emergency/veh/147/seq=0/zor=[MASKED] decision=forward to vehicles
+80.954911117s 147 caf.Forwarder:OnOutgoingAlert(): [DEBUG] out=257 alert=/alert/emergency/veh/147/seq=0/zor=[MASKED]
+80.955785162s 50 caf.Forwarder:OnIncomingAlert(): [DEBUG] in=257 alert=/alert/emergency/veh/147/seq=0/zor=[MASKED]
+80.955785162s 50 caf.Forwarder:AlertVehicleHandler(): [DEBUG] in=(257,0) alert=/alert/emergency/veh/147/seq=0/zor=[MASKED] decision=drop since sender is closer
+80.955785175s 146 caf.Forwarder:OnIncomingAlert(): [DEBUG] in=257 alert=/alert/emergency/veh/147/seq=0/zor=[MASKED]
+80.955785175s 146 caf.Forwarder:AlertVehicleHandler(): [DEBUG] in=(257,0) alert=/alert/emergency/veh/147/seq=0/zor=[MASKED] decision=forward to vehicles deferred until 3.30865ms
+80.955785176s 154 caf.Forwarder:OnIncomingAlert(): [DEBUG] in=257 alert=/alert/emergency/veh/147/seq=0/zor=[MASKED]
+80.955785176s 154 caf.Forwarder:AlertVehicleHandler(): [DEBUG] in=(257,0) alert=/alert/emergency/veh/147/seq=0/zor=[MASKED] decision=drop since sender is closer
+80.955785216s 42 caf.Forwarder:OnIncomingAlert(): [DEBUG] in=257 alert=/alert/emergency/veh/147/seq=0/zor=[MASKED]
+80.955785216s 42 caf.Forwarder:AlertVehicleHandler(): [DEBUG] in=(257,0) alert=/alert/emergency/veh/147/seq=0/zor=[MASKED] decision=drop since sender is closer
+80.955785237s 138 caf.Forwarder:OnIncomingAlert(): [DEBUG] in=257 alert=/alert/emergency/veh/147/seq=0/zor=[MASKED]
+80.955785237s 138 caf.Forwarder:AlertVehicleHandler(): [DEBUG] in=(257,0) alert=/alert/emergency/veh/147/seq=0/zor=[MASKED] decision=forward to vehicles deferred until 1.42549ms
+80.955785255s 139 caf.Forwarder:OnIncomingAlert(): [DEBUG] in=257 alert=/alert/emergency/veh/147/seq=0/zor=[MASKED]
+80.955785255s 139 caf.Forwarder:AlertVehicleHandler(): [DEBUG] in=(257,0) alert=/alert/emergency/veh/147/seq=0/zor=[MASKED] decision=forward to vehicles deferred until 0.856686ms
+80.955785255s 160 caf.Forwarder:OnIncomingAlert(): [DEBUG] in=257 alert=/alert/emergency/veh/147/seq=0/zor=[MASKED]
+80.955785255s 160 caf.Forwarder:AlertVehicleHandler(): [DEBUG] in=(257,0) alert=/alert/emergency/veh/147/seq=0/zor=[MASKED] decision=drop since sender is closer
+80.955785276s 33 caf.Forwarder:OnIncomingAlert(): [DEBUG] in=257 alert=/alert/emergency/veh/147/seq=0/zor=[MASKED]
+80.955785276s 33 caf.Forwarder:AlertVehicleHandler(): [DEBUG] in=(257,0) alert=/alert/emergency/veh/147/seq=0/zor=[MASKED] decision=forward to vehicles deferred until 0ms
+80.955785276s 33 caf.Forwarder:OnOutgoingAlert(): [DEBUG] out=257 alert=/alert/emergency/veh/147/seq=0/zor=[MASKED]
+80.955785276s 33 ndn.AlertConsumer:doReceive(): [INFO ] Received alert: /alert/emergency/veh/147/seq=0/zor=[MASKED]
+80.956641941s 139 caf.Forwarder:OnOutgoingAlert(): [DEBUG] out=257 alert=/alert/emergency/veh/147/seq=0/zor=[MASKED]
+80.956659305s 139 caf.Forwarder:OnIncomingAlert(): [DEBUG] in=257 alert=/alert/emergency/veh/147/seq=0/zor=[MASKED]
+80.956659305s 139 caf.Forwarder:AlertVehicleHandler(): [DEBUG] in=(257,0) alert=/alert/emergency/veh/147/seq=0/zor=[MASKED] decision=drop because duplicate alert
+80.956659326s 138 caf.Forwarder:OnIncomingAlert(): [DEBUG] in=257 alert=/alert/emergency/veh/147/seq=0/zor=[MASKED]
+80.956659326s 138 caf.Forwarder:AlertVehicleHandler(): [DEBUG] in= (257,0) alert=/alert/emergency/veh/147/seq=0/zor=[MASKED] timer cancelled because sender closer to ZoR
+80.956659327s 131 caf.Forwarder:OnIncomingAlert(): [DEBUG] in=257 alert=/alert/emergency/veh/147/seq=0/zor=[MASKED]
+80.956659327s 131 caf.Forwarder:AlertVehicleHandler(): [DEBUG] in=(257,0) alert=/alert/emergency/veh/147/seq=0/zor=[MASKED] decision=forward to vehicles deferred until 0ms
+80.956659327s 131 caf.Forwarder:OnOutgoingAlert(): [DEBUG] out=257 alert=/alert/emergency/veh/147/seq=0/zor=[MASKED]
+80.956659327s 131 ndn.AlertConsumer:doReceive(): [INFO ] Received alert: /alert/emergency/veh/147/seq=0/zor=[MASKED]
+80.956659359s 132 caf.Forwarder:OnIncomingAlert(): [DEBUG] in=257 alert=/alert/emergency/veh/147/seq=0/zor=[MASKED]
+80.956659359s 132 caf.Forwarder:AlertVehicleHandler(): [DEBUG] in=(257,0) alert=/alert/emergency/veh/147/seq=0/zor=[MASKED] decision=forward to vehicles deferred until 0ms
+80.956659359s 132 caf.Forwarder:OnOutgoingAlert(): [DEBUG] out=257 alert=/alert/emergency/veh/147/seq=0/zor=[MASKED]
+80.956659359s 132 ndn.AlertConsumer:doReceive(): [INFO ] Received alert: /alert/emergency/veh/147/seq=0/zor=[MASKED]
+80.956659382s 126 caf.Forwarder:OnIncomingAlert(): [DEBUG] in=257 alert=/alert/emergency/veh/147/seq=0/zor=[MASKED]
+80.956659382s 126 caf.Forwarder:AlertVehicleHandler(): [DEBUG] in=(257,0) alert=/alert/emergency/veh/147/seq=0/zor=[MASKED] decision=forward to vehicles deferred until 0ms
+80.956659382s 146 caf.Forwarder:OnIncomingAlert(): [DEBUG] in=257 alert=/alert/emergency/veh/147/seq=0/zor=[MASKED]
+80.956659382s 146 caf.Forwarder:AlertVehicleHandler(): [DEBUG] in= (257,0) alert=/alert/emergency/veh/147/seq=0/zor=[MASKED] timer cancelled because sender closer to ZoR
+80.956659382s 126 caf.Forwarder:OnOutgoingAlert(): [DEBUG] out=257 alert=/alert/emergency/veh/147/seq=0/zor=[MASKED]
+80.956659382s 126 ndn.AlertConsumer:doReceive(): [INFO ] Received alert: /alert/emergency/veh/147/seq=0/zor=[MASKED]
+80.956659427s 120 caf.Forwarder:OnIncomingAlert(): [DEBUG] in=257 alert=/alert/emergency/veh/147/seq=0/zor=[MASKED]
+80.956659427s 120 caf.Forwarder:AlertVehicleHandler(): [DEBUG] in=(257,0) alert=/alert/emergency/veh/147/seq=0/zor=[MASKED] decision=forward to vehicles deferred until 0ms
+80.956659427s 120 caf.Forwarder:OnOutgoingAlert(): [DEBUG] out=257 alert=/alert/emergency/veh/147/seq=0/zor=[MASKED]
+80.956659427s 120 ndn.AlertConsumer:doReceive(): [INFO ] Received alert: /alert/emergency/veh/147/seq=0/zor=[MASKED]
+80.956659435s 147 caf.Forwarder:OnIncomingAlert(): [DEBUG] in=257 alert=/alert/emergency/veh/147/seq=0/zor=[MASKED]
+80.956659435s 147 caf.Forwarder:AlertVehicleHandler(): [DEBUG] in=(257,0) alert=/alert/emergency/veh/147/seq=0/zor=[MASKED] decision=drop because duplicate alert
+80.956659436s 27 caf.Forwarder:OnIncomingAlert(): [DEBUG] in=257 alert=/alert/emergency/veh/147/seq=0/zor=[MASKED]
+80.956659436s 27 caf.Forwarder:AlertVehicleHandler(): [DEBUG] in=(257,0) alert=/alert/emergency/veh/147/seq=0/zor=[MASKED] decision=forward to vehicles deferred until 0ms
+80.956659436s 27 caf.Forwarder:OnOutgoingAlert(): [DEBUG] out=257 alert=/alert/emergency/veh/147/seq=0/zor=[MASKED]
+80.956659436s 27 ndn.AlertConsumer:doReceive(): [INFO ] Received alert: /alert/emergency/veh/147/seq=0/zor=[MASKED]
+80.956659446s 45 caf.Forwarder:OnIncomingAlert(): [DEBUG] in=257 alert=/alert/emergency/veh/147/seq=0/zor=[MASKED]
+80.956659446s 45 caf.Forwarder:AlertVehicleHandler(): [DEBUG] in=(257,0) alert=/alert/emergency/veh/147/seq=0/zor=[MASKED] decision=forward to vehicles deferred until 0ms
+80.956659446s 45 caf.Forwarder:OnOutgoingAlert(): [DEBUG] out=257 alert=/alert/emergency/veh/147/seq=0/zor=[MASKED]
+80.956659446s 45 ndn.AlertConsumer:doReceive(): [INFO ] Received alert: /alert/emergency/veh/147/seq=0/zor=[MASKED]
+80.957715327s 138 caf.Forwarder:OnIncomingAlert(): [DEBUG] in=257 alert=/alert/emergency/veh/147/seq=0/zor=[MASKED]
+80.957715327s 138 caf.Forwarder:AlertVehicleHandler(): [DEBUG] in=(257,0) alert=/alert/emergency/veh/147/seq=0/zor=[MASKED] decision=drop because duplicate alert
+80.957715333s 33 caf.Forwarder:OnIncomingAlert(): [DEBUG] in=257 alert=/alert/emergency/veh/147/seq=0/zor=[MASKED]
+80.957715333s 33 caf.Forwarder:AlertVehicleHandler(): [DEBUG] in=(257,0) alert=/alert/emergency/veh/147/seq=0/zor=[MASKED] decision=drop because duplicate alert
+81.313135825s 148 ndn.RandomAlertProducer:SendAlert(): [LOGIC] Don't send alert; condition failed
+82.084249408s 149 ndn.RandomAlertProducer:SendAlert(): [LOGIC] Don't send alert; condition failed
+82.335675604s 152 ndn.RandomAlertProducer:AlertSupplier(): [LOGIC] Send alert=/alert/emergency/veh/152/seq=0/zor=[MASKED] vehCount=103 rsuCount=9
+82.335675604s 152 caf.Forwarder:OnIncomingAlert(): [DEBUG] in=260 alert=/alert/emergency/veh/152/seq=0/zor=[MASKED]
+82.335675604s 152 caf.Forwarder:AlertVehicleHandler(): [DEBUG] in=(260,0) alert=/alert/emergency/veh/152/seq=0/zor=[MASKED] decision=forward to vehicles
+82.335675604s 152 caf.Forwarder:OnOutgoingAlert(): [DEBUG] out=257 alert=/alert/emergency/veh/152/seq=0/zor=[MASKED]
+82.336549649s 153 caf.Forwarder:OnIncomingAlert(): [DEBUG] in=257 alert=/alert/emergency/veh/152/seq=0/zor=[MASKED]
+82.336549649s 153 caf.Forwarder:AlertVehicleHandler(): [DEBUG] in=(257,0) alert=/alert/emergency/veh/152/seq=0/zor=[MASKED] decision=drop since sender is closer
+82.336549684s 144 caf.Forwarder:OnIncomingAlert(): [DEBUG] in=257 alert=/alert/emergency/veh/152/seq=0/zor=[MASKED]
+82.336549684s 144 caf.Forwarder:AlertVehicleHandler(): [DEBUG] in=(257,0) alert=/alert/emergency/veh/152/seq=0/zor=[MASKED] decision=forward to vehicles deferred until 2.63252ms
+82.336549702s 158 caf.Forwarder:OnIncomingAlert(): [DEBUG] in=257 alert=/alert/emergency/veh/152/seq=0/zor=[MASKED]
+82.336549702s 158 caf.Forwarder:AlertVehicleHandler(): [DEBUG] in=(257,0) alert=/alert/emergency/veh/152/seq=0/zor=[MASKED] decision=drop since sender is closer
+82.336549705s 159 caf.Forwarder:OnIncomingAlert(): [DEBUG] in=257 alert=/alert/emergency/veh/152/seq=0/zor=[MASKED]
+82.336549705s 159 caf.Forwarder:AlertVehicleHandler(): [DEBUG] in=(257,0) alert=/alert/emergency/veh/152/seq=0/zor=[MASKED] decision=drop since sender is closer
+82.336549731s 136 caf.Forwarder:OnIncomingAlert(): [DEBUG] in=257 alert=/alert/emergency/veh/152/seq=0/zor=[MASKED]
+82.336549731s 136 caf.Forwarder:AlertVehicleHandler(): [DEBUG] in=(257,0) alert=/alert/emergency/veh/152/seq=0/zor=[MASKED] decision=forward to vehicles deferred until 1.19818ms
+82.337747915s 136 caf.Forwarder:OnOutgoingAlert(): [DEBUG] out=257 alert=/alert/emergency/veh/152/seq=0/zor=[MASKED]
+82.338621963s 144 caf.Forwarder:OnIncomingAlert(): [DEBUG] in=257 alert=/alert/emergency/veh/152/seq=0/zor=[MASKED]
+82.338621963s 144 caf.Forwarder:AlertVehicleHandler(): [DEBUG] in= (257,0) alert=/alert/emergency/veh/152/seq=0/zor=[MASKED] timer cancelled because sender closer to ZoR
+82.338622028s 22 caf.Forwarder:OnIncomingAlert(): [DEBUG] in=257 alert=/alert/emergency/veh/152/seq=0/zor=[MASKED]
+82.338622028s 22 caf.Forwarder:AlertVehicleHandler(): [DEBUG] in=(257,0) alert=/alert/emergency/veh/152/seq=0/zor=[MASKED] decision=forward to vehicles deferred until 0ms
+82.338622028s 22 caf.Forwarder:OnOutgoingAlert(): [DEBUG] out=257 alert=/alert/emergency/veh/152/seq=0/zor=[MASKED]
+82.338622028s 22 ndn.AlertConsumer:doReceive(): [INFO ] Received alert: /alert/emergency/veh/152/seq=0/zor=[MASKED]
+82.338622042s 152 caf.Forwarder:OnIncomingAlert(): [DEBUG] in=257 alert=/alert/emergency/veh/152/seq=0/zor=[MASKED]
+82.338622042s 152 caf.Forwarder:AlertVehicleHandler(): [DEBUG] in=(257,0) alert=/alert/emergency/veh/152/seq=0/zor=[MASKED] decision=drop because duplicate alert
+82.338622054s 145 caf.Forwarder:OnIncomingAlert(): [DEBUG] in=257 alert=/alert/emergency/veh/152/seq=0/zor=[MASKED]
+82.338622054s 145 caf.Forwarder:AlertVehicleHandler(): [DEBUG] in=(257,0) alert=/alert/emergency/veh/152/seq=0/zor=[MASKED] decision=forward to vehicles deferred until 0ms
+82.338622054s 145 caf.Forwarder:OnOutgoingAlert(): [DEBUG] out=257 alert=/alert/emergency/veh/152/seq=0/zor=[MASKED]
+82.338622054s 145 ndn.AlertConsumer:doReceive(): [INFO ] Received alert: /alert/emergency/veh/152/seq=0/zor=[MASKED]
+82.339496091s 29 caf.Forwarder:OnIncomingAlert(): [DEBUG] in=257 alert=/alert/emergency/veh/152/seq=0/zor=[MASKED]
+82.339496091s 29 caf.Forwarder:AlertVehicleHandler(): [DEBUG] in=(257,0) alert=/alert/emergency/veh/152/seq=0/zor=[MASKED] decision=forward to vehicles deferred until 0ms
+82.339496091s 29 caf.Forwarder:OnOutgoingAlert(): [DEBUG] out=257 alert=/alert/emergency/veh/152/seq=0/zor=[MASKED]
+82.339496091s 29 ndn.AlertConsumer:doReceive(): [INFO ] Received alert: /alert/emergency/veh/152/seq=0/zor=[MASKED]
+82.339496128s 137 caf.Forwarder:OnIncomingAlert(): [DEBUG] in=257 alert=/alert/emergency/veh/152/seq=0/zor=[MASKED]
+82.339496128s 137 caf.Forwarder:AlertVehicleHandler(): [DEBUG] in=(257,0) alert=/alert/emergency/veh/152/seq=0/zor=[MASKED] decision=forward to vehicles deferred until 0ms
+82.339496128s 137 caf.Forwarder:OnOutgoingAlert(): [DEBUG] out=257 alert=/alert/emergency/veh/152/seq=0/zor=[MASKED]
+82.339496128s 137 ndn.AlertConsumer:doReceive(): [INFO ] Received alert: /alert/emergency/veh/152/seq=0/zor=[MASKED]
+82.340370128s 145 caf.Forwarder:OnIncomingAlert(): [DEBUG] in=257 alert=/alert/emergency/veh/152/seq=0/zor=[MASKED]
+82.340370128s 145 caf.Forwarder:AlertVehicleHandler(): [DEBUG] in=(257,0) alert=/alert/emergency/veh/152/seq=0/zor=[MASKED] decision=drop because duplicate alert
+82.340370156s 22 caf.Forwarder:OnIncomingAlert(): [DEBUG] in=257 alert=/alert/emergency/veh/152/seq=0/zor=[MASKED]
+82.340370156s 22 caf.Forwarder:AlertVehicleHandler(): [DEBUG] in=(257,0) alert=/alert/emergency/veh/152/seq=0/zor=[MASKED] decision=drop because duplicate alert
+82.340370202s 57 caf.Forwarder:OnIncomingAlert(): [DEBUG] in=257 alert=/alert/emergency/veh/152/seq=0/zor=[MASKED]
+82.340370202s 57 caf.Forwarder:AlertVehicleHandler(): [DEBUG] in=(257,0) alert=/alert/emergency/veh/152/seq=0/zor=[MASKED] decision=forward to vehicles deferred until 0ms
+82.340370202s 57 caf.Forwarder:OnOutgoingAlert(): [DEBUG] out=257 alert=/alert/emergency/veh/152/seq=0/zor=[MASKED]
+82.340370202s 57 ndn.AlertConsumer:doReceive(): [INFO ] Received alert: /alert/emergency/veh/152/seq=0/zor=[MASKED]
+82.341244276s 137 caf.Forwarder:OnIncomingAlert(): [DEBUG] in=257 alert=/alert/emergency/veh/152/seq=0/zor=[MASKED]
+82.341244276s 137 caf.Forwarder:AlertVehicleHandler(): [DEBUG] in=(257,0) alert=/alert/emergency/veh/152/seq=0/zor=[MASKED] decision=drop because duplicate alert
+82.341244277s 130 caf.Forwarder:OnIncomingAlert(): [DEBUG] in=257 alert=/alert/emergency/veh/152/seq=0/zor=[MASKED]
+82.341244277s 130 caf.Forwarder:AlertVehicleHandler(): [DEBUG] in=(257,0) alert=/alert/emergency/veh/152/seq=0/zor=[MASKED] decision=forward to vehicles deferred until 0ms
+82.341244277s 130 caf.Forwarder:OnOutgoingAlert(): [DEBUG] out=257 alert=/alert/emergency/veh/152/seq=0/zor=[MASKED]
+82.341244277s 130 ndn.AlertConsumer:doReceive(): [INFO ] Received alert: /alert/emergency/veh/152/seq=0/zor=[MASKED]
+82.341244281s 39 caf.Forwarder:OnIncomingAlert(): [DEBUG] in=257 alert=/alert/emergency/veh/152/seq=0/zor=[MASKED]
+82.341244281s 39 caf.Forwarder:AlertVehicleHandler(): [DEBUG] in=(257,0) alert=/alert/emergency/veh/152/seq=0/zor=[MASKED] decision=forward to vehicles deferred until 0ms
+82.341244281s 39 caf.Forwarder:OnOutgoingAlert(): [DEBUG] out=257 alert=/alert/emergency/veh/152/seq=0/zor=[MASKED]
+82.341244281s 39 ndn.AlertConsumer:doReceive(): [INFO ] Received alert: /alert/emergency/veh/152/seq=0/zor=[MASKED]
+82.341244312s 29 caf.Forwarder:OnIncomingAlert(): [DEBUG] in=257 alert=/alert/emergency/veh/152/seq=0/zor=[MASKED]
+82.341244312s 29 caf.Forwarder:AlertVehicleHandler(): [DEBUG] in=(257,0) alert=/alert/emergency/veh/152/seq=0/zor=[MASKED] decision=drop because duplicate alert
+82.341244326s 118 caf.Forwarder:OnIncomingAlert(): [DEBUG] in=257 alert=/alert/emergency/veh/152/seq=0/zor=[MASKED]
+82.341244326s 118 caf.Forwarder:AlertVehicleHandler(): [DEBUG] in=(257,0) alert=/alert/emergency/veh/152/seq=0/zor=[MASKED] decision=forward to vehicles deferred until 0ms
+82.341244326s 118 caf.Forwarder:OnOutgoingAlert(): [DEBUG] out=257 alert=/alert/emergency/veh/152/seq=0/zor=[MASKED]
+82.341244326s 118 ndn.AlertConsumer:doReceive(): [INFO ] Received alert: /alert/emergency/veh/152/seq=0/zor=[MASKED]
+82.341244349s 145 caf.Forwarder:OnIncomingAlert(): [DEBUG] in=257 alert=/alert/emergency/veh/152/seq=0/zor=[MASKED]
+82.341244349s 145 caf.Forwarder:AlertVehicleHandler(): [DEBUG] in=(257,0) alert=/alert/emergency/veh/152/seq=0/zor=[MASKED] decision=drop because duplicate alert
+82.342118377s 110 caf.Forwarder:OnIncomingAlert(): [DEBUG] in=257 alert=/alert/emergency/veh/152/seq=0/zor=[MASKED]
+82.342118377s 110 caf.Forwarder:AlertVehicleHandler(): [DEBUG] in=(257,0) alert=/alert/emergency/veh/152/seq=0/zor=[MASKED] decision=forward to vehicles deferred until 0ms
+82.342118377s 110 caf.Forwarder:OnOutgoingAlert(): [DEBUG] out=257 alert=/alert/emergency/veh/152/seq=0/zor=[MASKED]
+82.342118377s 110 ndn.AlertConsumer:doReceive(): [INFO ] Received alert: /alert/emergency/veh/152/seq=0/zor=[MASKED]
+82.342118387s 111 caf.Forwarder:OnIncomingAlert(): [DEBUG] in=257 alert=/alert/emergency/veh/152/seq=0/zor=[MASKED]
+82.342118387s 111 caf.Forwarder:AlertVehicleHandler(): [DEBUG] in=(257,0) alert=/alert/emergency/veh/152/seq=0/zor=[MASKED] decision=forward to vehicles deferred until 0ms
+82.342118387s 111 caf.Forwarder:OnOutgoingAlert(): [DEBUG] out=257 alert=/alert/emergency/veh/152/seq=0/zor=[MASKED]
+82.342118387s 111 ndn.AlertConsumer:doReceive(): [INFO ] Received alert: /alert/emergency/veh/152/seq=0/zor=[MASKED]
+82.342992410s 25 caf.Forwarder:OnIncomingAlert(): [DEBUG] in=257 alert=/alert/emergency/veh/152/seq=0/zor=[MASKED]
+82.342992410s 25 caf.Forwarder:AlertVehicleHandler(): [DEBUG] in=(257,0) alert=/alert/emergency/veh/152/seq=0/zor=[MASKED] decision=forward to vehicles deferred until 0ms
+82.342992410s 25 caf.Forwarder:OnOutgoingAlert(): [DEBUG] out=257 alert=/alert/emergency/veh/152/seq=0/zor=[MASKED]
+82.342992410s 25 ndn.AlertConsumer:doReceive(): [INFO ] Received alert: /alert/emergency/veh/152/seq=0/zor=[MASKED]
+82.343879436s 111 caf.Forwarder:OnIncomingAlert(): [DEBUG] in=257 alert=/alert/emergency/veh/152/seq=0/zor=[MASKED]
+82.343879436s 111 caf.Forwarder:AlertVehicleHandler(): [DEBUG] in=(257,0) alert=/alert/emergency/veh/152/seq=0/zor=[MASKED] decision=drop because duplicate alert
+82.343879449s 110 caf.Forwarder:OnIncomingAlert(): [DEBUG] in=257 alert=/alert/emergency/veh/152/seq=0/zor=[MASKED]
+82.343879449s 110 caf.Forwarder:AlertVehicleHandler(): [DEBUG] in=(257,0) alert=/alert/emergency/veh/152/seq=0/zor=[MASKED] decision=drop because duplicate alert
+82.343879461s 94 caf.Forwarder:OnIncomingAlert(): [DEBUG] in=257 alert=/alert/emergency/veh/152/seq=0/zor=[MASKED]
+82.343879461s 94 caf.Forwarder:AlertVehicleHandler(): [DEBUG] in=(257,0) alert=/alert/emergency/veh/152/seq=0/zor=[MASKED] decision=forward to vehicles deferred until 0ms
+82.343879461s 94 caf.Forwarder:OnOutgoingAlert(): [DEBUG] out=257 alert=/alert/emergency/veh/152/seq=0/zor=[MASKED]
+82.343879461s 94 ndn.AlertConsumer:doReceive(): [INFO ] Received alert: /alert/emergency/veh/152/seq=0/zor=[MASKED]
+82.343879466s 103 caf.Forwarder:OnIncomingAlert(): [DEBUG] in=257 alert=/alert/emergency/veh/152/seq=0/zor=[MASKED]
+82.343879466s 103 caf.Forwarder:AlertVehicleHandler(): [DEBUG] in=(257,0) alert=/alert/emergency/veh/152/seq=0/zor=[MASKED] decision=forward to vehicles deferred until 0ms
+82.343879466s 103 caf.Forwarder:OnOutgoingAlert(): [DEBUG] out=257 alert=/alert/emergency/veh/152/seq=0/zor=[MASKED]
+82.343879466s 103 ndn.AlertConsumer:doReceive(): [INFO ] Received alert: /alert/emergency/veh/152/seq=0/zor=[MASKED]
+82.343879477s 47 caf.Forwarder:OnIncomingAlert(): [DEBUG] in=257 alert=/alert/emergency/veh/152/seq=0/zor=[MASKED]
+82.343879477s 47 caf.Forwarder:AlertVehicleHandler(): [DEBUG] in=(257,0) alert=/alert/emergency/veh/152/seq=0/zor=[MASKED] decision=forward to vehicles deferred until 0ms
+82.343879477s 47 caf.Forwarder:OnOutgoingAlert(): [DEBUG] out=257 alert=/alert/emergency/veh/152/seq=0/zor=[MASKED]
+82.343879477s 47 ndn.AlertConsumer:doReceive(): [INFO ] Received alert: /alert/emergency/veh/152/seq=0/zor=[MASKED]
+82.343879488s 118 caf.Forwarder:OnIncomingAlert(): [DEBUG] in=257 alert=/alert/emergency/veh/152/seq=0/zor=[MASKED]
+82.343879488s 118 caf.Forwarder:AlertVehicleHandler(): [DEBUG] in=(257,0) alert=/alert/emergency/veh/152/seq=0/zor=[MASKED] decision=drop because duplicate alert
+82.343879502s 84 caf.Forwarder:OnIncomingAlert(): [DEBUG] in=257 alert=/alert/emergency/veh/152/seq=0/zor=[MASKED]
+82.343879502s 84 caf.Forwarder:AlertVehicleHandler(): [DEBUG] in=(257,0) alert=/alert/emergency/veh/152/seq=0/zor=[MASKED] decision=forward to vehicles deferred until 0ms
+82.343879502s 84 caf.Forwarder:OnOutgoingAlert(): [DEBUG] out=257 alert=/alert/emergency/veh/152/seq=0/zor=[MASKED]
+82.343879502s 84 ndn.AlertConsumer:doReceive(): [INFO ] Received alert: /alert/emergency/veh/152/seq=0/zor=[MASKED]
+82.343879517s 77 caf.Forwarder:OnIncomingAlert(): [DEBUG] in=257 alert=/alert/emergency/veh/152/seq=0/zor=[MASKED]
+82.343879517s 77 caf.Forwarder:AlertVehicleHandler(): [DEBUG] in=(257,0) alert=/alert/emergency/veh/152/seq=0/zor=[MASKED] decision=forward to vehicles deferred until 0ms
+82.343879517s 77 caf.Forwarder:OnOutgoingAlert(): [DEBUG] out=257 alert=/alert/emergency/veh/152/seq=0/zor=[MASKED]
+82.343879517s 77 ndn.AlertConsumer:doReceive(): [INFO ] Received alert: /alert/emergency/veh/152/seq=0/zor=[MASKED]
+82.343879521s 39 caf.Forwarder:OnIncomingAlert(): [DEBUG] in=257 alert=/alert/emergency/veh/152/seq=0/zor=[MASKED]
+82.343879521s 39 caf.Forwarder:AlertVehicleHandler(): [DEBUG] in=(257,0) alert=/alert/emergency/veh/152/seq=0/zor=[MASKED] decision=drop because duplicate alert
+82.343879537s 130 caf.Forwarder:OnIncomingAlert(): [DEBUG] in=257 alert=/alert/emergency/veh/152/seq=0/zor=[MASKED]
+82.343879537s 130 caf.Forwarder:AlertVehicleHandler(): [DEBUG] in=(257,0) alert=/alert/emergency/veh/152/seq=0/zor=[MASKED] decision=drop because duplicate alert
+82.343879538s 63 caf.Forwarder:OnIncomingAlert(): [DEBUG] in=257 alert=/alert/emergency/veh/152/seq=0/zor=[MASKED]
+82.343879538s 63 caf.Forwarder:AlertVehicleHandler(): [DEBUG] in=(257,0) alert=/alert/emergency/veh/152/seq=0/zor=[MASKED] decision=forward to vehicles deferred until 0ms
+82.343879538s 63 caf.Forwarder:OnOutgoingAlert(): [DEBUG] out=257 alert=/alert/emergency/veh/152/seq=0/zor=[MASKED]
+82.343879538s 63 ndn.AlertConsumer:doReceive(): [INFO ] Received alert: /alert/emergency/veh/152/seq=0/zor=[MASKED]
+82.343879551s 95 caf.Forwarder:OnIncomingAlert(): [DEBUG] in=257 alert=/alert/emergency/veh/152/seq=0/zor=[MASKED]
+82.343879551s 95 caf.Forwarder:AlertVehicleHandler(): [DEBUG] in=(257,0) alert=/alert/emergency/veh/152/seq=0/zor=[MASKED] decision=forward to vehicles deferred until 0ms
+82.343879551s 95 caf.Forwarder:OnOutgoingAlert(): [DEBUG] out=257 alert=/alert/emergency/veh/152/seq=0/zor=[MASKED]
+82.343879551s 95 ndn.AlertConsumer:doReceive(): [INFO ] Received alert: /alert/emergency/veh/152/seq=0/zor=[MASKED]
+82.343879570s 80 caf.Forwarder:OnIncomingAlert(): [DEBUG] in=257 alert=/alert/emergency/veh/152/seq=0/zor=[MASKED]
+82.343879570s 80 caf.Forwarder:AlertVehicleHandler(): [DEBUG] in=(257,0) alert=/alert/emergency/veh/152/seq=0/zor=[MASKED] decision=forward to vehicles deferred until 0ms
+82.343879570s 80 caf.Forwarder:OnOutgoingAlert(): [DEBUG] out=257 alert=/alert/emergency/veh/152/seq=0/zor=[MASKED]
+82.343879570s 80 ndn.AlertConsumer:doReceive(): [INFO ] Received alert: /alert/emergency/veh/152/seq=0/zor=[MASKED]
+82.382941211s 151 ndn.RandomAlertProducer:AlertSupplier(): [LOGIC] Send alert=/alert/emergency/veh/151/seq=0/zor=[MASKED] vehCount=103 rsuCount=9
+82.382941211s 151 caf.Forwarder:OnIncomingAlert(): [DEBUG] in=260 alert=/alert/emergency/veh/151/seq=0/zor=[MASKED]
+82.382941211s 151 caf.Forwarder:AlertVehicleHandler(): [DEBUG] in=(260,0) alert=/alert/emergency/veh/151/seq=0/zor=[MASKED] decision=forward to vehicles
+82.382941211s 151 caf.Forwarder:OnOutgoingAlert(): [DEBUG] out=257 alert=/alert/emergency/veh/151/seq=0/zor=[MASKED]
+82.383815227s 53 caf.Forwarder:OnIncomingAlert(): [DEBUG] in=257 alert=/alert/emergency/veh/151/seq=0/zor=[MASKED]
+82.383815227s 53 caf.Forwarder:AlertVehicleHandler(): [DEBUG] in=(257,0) alert=/alert/emergency/veh/151/seq=0/zor=[MASKED] decision=forward to vehicles deferred until 4.56916ms
+82.383815235s 150 caf.Forwarder:OnIncomingAlert(): [DEBUG] in=257 alert=/alert/emergency/veh/151/seq=0/zor=[MASKED]
+82.383815235s 150 caf.Forwarder:AlertVehicleHandler(): [DEBUG] in=(257,0) alert=/alert/emergency/veh/151/seq=0/zor=[MASKED] decision=drop since sender is closer
+82.383815268s 51 caf.Forwarder:OnIncomingAlert(): [DEBUG] in=257 alert=/alert/emergency/veh/151/seq=0/zor=[MASKED]
+82.383815268s 51 caf.Forwarder:AlertVehicleHandler(): [DEBUG] in=(257,0) alert=/alert/emergency/veh/151/seq=0/zor=[MASKED] decision=drop since sender is closer
+82.383815273s 142 caf.Forwarder:OnIncomingAlert(): [DEBUG] in=257 alert=/alert/emergency/veh/151/seq=0/zor=[MASKED]
+82.383815273s 142 caf.Forwarder:AlertVehicleHandler(): [DEBUG] in=(257,0) alert=/alert/emergency/veh/151/seq=0/zor=[MASKED] decision=forward to vehicles deferred until 0ms
+82.383815273s 142 caf.Forwarder:OnOutgoingAlert(): [DEBUG] out=257 alert=/alert/emergency/veh/151/seq=0/zor=[MASKED]
+82.383815273s 142 ndn.AlertConsumer:doReceive(): [INFO ] Received alert: /alert/emergency/veh/151/seq=0/zor=[MASKED]
+82.383815306s 41 caf.Forwarder:OnIncomingAlert(): [DEBUG] in=257 alert=/alert/emergency/veh/151/seq=0/zor=[MASKED]
+82.383815306s 41 caf.Forwarder:AlertVehicleHandler(): [DEBUG] in=(257,0) alert=/alert/emergency/veh/151/seq=0/zor=[MASKED] decision=forward to vehicles deferred until 0ms
+82.383815306s 41 caf.Forwarder:OnOutgoingAlert(): [DEBUG] out=257 alert=/alert/emergency/veh/151/seq=0/zor=[MASKED]
+82.383815306s 41 ndn.AlertConsumer:doReceive(): [INFO ] Received alert: /alert/emergency/veh/151/seq=0/zor=[MASKED]
+82.383815335s 135 caf.Forwarder:OnIncomingAlert(): [DEBUG] in=257 alert=/alert/emergency/veh/151/seq=0/zor=[MASKED]
+82.383815335s 135 caf.Forwarder:AlertVehicleHandler(): [DEBUG] in=(257,0) alert=/alert/emergency/veh/151/seq=0/zor=[MASKED] decision=forward to vehicles deferred until 0ms
+82.383815335s 135 caf.Forwarder:OnOutgoingAlert(): [DEBUG] out=257 alert=/alert/emergency/veh/151/seq=0/zor=[MASKED]
+82.383815335s 135 ndn.AlertConsumer:doReceive(): [INFO ] Received alert: /alert/emergency/veh/151/seq=0/zor=[MASKED]
+82.383815354s 30 caf.Forwarder:OnIncomingAlert(): [DEBUG] in=257 alert=/alert/emergency/veh/151/seq=0/zor=[MASKED]
+82.383815354s 30 caf.Forwarder:AlertVehicleHandler(): [DEBUG] in=(257,0) alert=/alert/emergency/veh/151/seq=0/zor=[MASKED] decision=drop since sender is closer
+82.383815358s 156 caf.Forwarder:OnIncomingAlert(): [DEBUG] in=257 alert=/alert/emergency/veh/151/seq=0/zor=[MASKED]
+82.383815358s 156 caf.Forwarder:AlertVehicleHandler(): [DEBUG] in=(257,0) alert=/alert/emergency/veh/151/seq=0/zor=[MASKED] decision=drop since sender is closer
+82.384689396s 124 caf.Forwarder:OnIncomingAlert(): [DEBUG] in=257 alert=/alert/emergency/veh/151/seq=0/zor=[MASKED]
+82.384689396s 124 caf.Forwarder:AlertVehicleHandler(): [DEBUG] in=(257,0) alert=/alert/emergency/veh/151/seq=0/zor=[MASKED] decision=forward to vehicles deferred until 0ms
+82.384689396s 124 caf.Forwarder:OnOutgoingAlert(): [DEBUG] out=257 alert=/alert/emergency/veh/151/seq=0/zor=[MASKED]
+82.384689396s 124 ndn.AlertConsumer:doReceive(): [INFO ] Received alert: /alert/emergency/veh/151/seq=0/zor=[MASKED]
+82.385563433s 143 caf.Forwarder:OnIncomingAlert(): [DEBUG] in=257 alert=/alert/emergency/veh/151/seq=0/zor=[MASKED]
+82.385563433s 143 caf.Forwarder:AlertVehicleHandler(): [DEBUG] in=(257,0) alert=/alert/emergency/veh/151/seq=0/zor=[MASKED] decision=forward to vehicles deferred until 0ms
+82.385563433s 143 caf.Forwarder:OnOutgoingAlert(): [DEBUG] out=257 alert=/alert/emergency/veh/151/seq=0/zor=[MASKED]
+82.385563433s 143 ndn.AlertConsumer:doReceive(): [INFO ] Received alert: /alert/emergency/veh/151/seq=0/zor=[MASKED]
+82.385563437s 60 caf.Forwarder:OnIncomingAlert(): [DEBUG] in=257 alert=/alert/emergency/veh/151/seq=0/zor=[MASKED]
+82.385563437s 60 caf.Forwarder:AlertVehicleHandler(): [DEBUG] in=(257,0) alert=/alert/emergency/veh/151/seq=0/zor=[MASKED] decision=forward to vehicles deferred until 0ms
+82.385563437s 60 caf.Forwarder:OnOutgoingAlert(): [DEBUG] out=257 alert=/alert/emergency/veh/151/seq=0/zor=[MASKED]
+82.385563437s 60 ndn.AlertConsumer:doReceive(): [INFO ] Received alert: /alert/emergency/veh/151/seq=0/zor=[MASKED]
+82.385563457s 135 caf.Forwarder:OnIncomingAlert(): [DEBUG] in=257 alert=/alert/emergency/veh/151/seq=0/zor=[MASKED]
+82.385563457s 135 caf.Forwarder:AlertVehicleHandler(): [DEBUG] in=(257,0) alert=/alert/emergency/veh/151/seq=0/zor=[MASKED] decision=drop because duplicate alert
+82.385563493s 41 caf.Forwarder:OnIncomingAlert(): [DEBUG] in=257 alert=/alert/emergency/veh/151/seq=0/zor=[MASKED]
+82.385563493s 41 caf.Forwarder:AlertVehicleHandler(): [DEBUG] in=(257,0) alert=/alert/emergency/veh/151/seq=0/zor=[MASKED] decision=drop because duplicate alert
+82.385563518s 129 caf.Forwarder:OnIncomingAlert(): [DEBUG] in=257 alert=/alert/emergency/veh/151/seq=0/zor=[MASKED]
+82.385563518s 129 caf.Forwarder:AlertVehicleHandler(): [DEBUG] in=(257,0) alert=/alert/emergency/veh/151/seq=0/zor=[MASKED] decision=forward to vehicles deferred until 0ms
+82.385563518s 142 caf.Forwarder:OnIncomingAlert(): [DEBUG] in=257 alert=/alert/emergency/veh/151/seq=0/zor=[MASKED]
+82.385563518s 142 caf.Forwarder:AlertVehicleHandler(): [DEBUG] in=(257,0) alert=/alert/emergency/veh/151/seq=0/zor=[MASKED] decision=drop because duplicate alert
+82.385563518s 129 caf.Forwarder:OnOutgoingAlert(): [DEBUG] out=257 alert=/alert/emergency/veh/151/seq=0/zor=[MASKED]
+82.385563518s 129 ndn.AlertConsumer:doReceive(): [INFO ] Received alert: /alert/emergency/veh/151/seq=0/zor=[MASKED]
+82.385563532s 123 caf.Forwarder:OnIncomingAlert(): [DEBUG] in=257 alert=/alert/emergency/veh/151/seq=0/zor=[MASKED]
+82.385563532s 123 caf.Forwarder:AlertVehicleHandler(): [DEBUG] in=(257,0) alert=/alert/emergency/veh/151/seq=0/zor=[MASKED] decision=forward to vehicles deferred until 0ms
+82.385563532s 123 caf.Forwarder:OnOutgoingAlert(): [DEBUG] out=257 alert=/alert/emergency/veh/151/seq=0/zor=[MASKED]
+82.385563532s 123 ndn.AlertConsumer:doReceive(): [INFO ] Received alert: /alert/emergency/veh/151/seq=0/zor=[MASKED]
+82.388384388s 53 caf.Forwarder:OnOutgoingAlert(): [DEBUG] out=257 alert=/alert/emergency/veh/151/seq=0/zor=[MASKED]
+82.389258404s 151 caf.Forwarder:OnIncomingAlert(): [DEBUG] in=257 alert=/alert/emergency/veh/151/seq=0/zor=[MASKED]
+82.389258404s 151 caf.Forwarder:AlertVehicleHandler(): [DEBUG] in=(257,0) alert=/alert/emergency/veh/151/seq=0/zor=[MASKED] decision=drop because duplicate alert
+82.389258426s 150 caf.Forwarder:OnIncomingAlert(): [DEBUG] in=257 alert=/alert/emergency/veh/151/seq=0/zor=[MASKED]
+82.389258426s 150 caf.Forwarder:AlertVehicleHandler(): [DEBUG] in=(257,0) alert=/alert/emergency/veh/151/seq=0/zor=[MASKED] decision=drop because duplicate alert
+82.389258443s 142 caf.Forwarder:OnIncomingAlert(): [DEBUG] in=257 alert=/alert/emergency/veh/151/seq=0/zor=[MASKED]
+82.389258443s 142 caf.Forwarder:AlertVehicleHandler(): [DEBUG] in=(257,0) alert=/alert/emergency/veh/151/seq=0/zor=[MASKED] decision=drop because duplicate alert
+82.389258454s 51 caf.Forwarder:OnIncomingAlert(): [DEBUG] in=257 alert=/alert/emergency/veh/151/seq=0/zor=[MASKED]
+82.389258454s 51 caf.Forwarder:AlertVehicleHandler(): [DEBUG] in=(257,0) alert=/alert/emergency/veh/151/seq=0/zor=[MASKED] decision=drop because duplicate alert
+82.389258469s 41 caf.Forwarder:OnIncomingAlert(): [DEBUG] in=257 alert=/alert/emergency/veh/151/seq=0/zor=[MASKED]
+82.389258469s 41 caf.Forwarder:AlertVehicleHandler(): [DEBUG] in=(257,0) alert=/alert/emergency/veh/151/seq=0/zor=[MASKED] decision=drop because duplicate alert
+82.389258501s 135 caf.Forwarder:OnIncomingAlert(): [DEBUG] in=257 alert=/alert/emergency/veh/151/seq=0/zor=[MASKED]
+82.389258501s 135 caf.Forwarder:AlertVehicleHandler(): [DEBUG] in=(257,0) alert=/alert/emergency/veh/151/seq=0/zor=[MASKED] decision=drop because duplicate alert
+82.389258542s 30 caf.Forwarder:OnIncomingAlert(): [DEBUG] in=257 alert=/alert/emergency/veh/151/seq=0/zor=[MASKED]
+82.389258542s 30 caf.Forwarder:AlertVehicleHandler(): [DEBUG] in=(257,0) alert=/alert/emergency/veh/151/seq=0/zor=[MASKED] decision=drop because duplicate alert
+82.389258547s 156 caf.Forwarder:OnIncomingAlert(): [DEBUG] in=257 alert=/alert/emergency/veh/151/seq=0/zor=[MASKED]
+82.389258547s 156 caf.Forwarder:AlertVehicleHandler(): [DEBUG] in=(257,0) alert=/alert/emergency/veh/151/seq=0/zor=[MASKED] decision=drop because duplicate alert
+82.837336764s 150 ndn.RandomAlertProducer:SendAlert(): [LOGIC] Don't send alert; condition failed
+83.297775448s 153 ndn.RandomAlertProducer:SendAlert(): [LOGIC] Don't send alert; condition failed
+83.801325367s 154 ndn.RandomAlertProducer:SendAlert(): [LOGIC] Don't send alert; condition failed
+84.461259716s 155 ndn.RandomAlertProducer:SendAlert(): [LOGIC] Don't send alert; condition failed
+85.001760301s 158 ndn.RandomAlertProducer:SendAlert(): [LOGIC] Don't send alert; condition failed
+85.033215122s 157 ndn.RandomAlertProducer:AlertSupplier(): [LOGIC] Send alert=/alert/emergency/veh/157/seq=0/zor=[MASKED] vehCount=104 rsuCount=9
+85.033215122s 157 caf.Forwarder:OnIncomingAlert(): [DEBUG] in=260 alert=/alert/emergency/veh/157/seq=0/zor=[MASKED]
+85.033215122s 157 caf.Forwarder:AlertVehicleHandler(): [DEBUG] in=(260,0) alert=/alert/emergency/veh/157/seq=0/zor=[MASKED] decision=forward to vehicles
+85.033215122s 157 caf.Forwarder:OnOutgoingAlert(): [DEBUG] out=257 alert=/alert/emergency/veh/157/seq=0/zor=[MASKED]
+85.034089150s 53 caf.Forwarder:OnIncomingAlert(): [DEBUG] in=257 alert=/alert/emergency/veh/157/seq=0/zor=[MASKED]
+85.034089150s 53 caf.Forwarder:AlertVehicleHandler(): [DEBUG] in=(257,0) alert=/alert/emergency/veh/157/seq=0/zor=[MASKED] decision=drop since sender is closer
+85.034089181s 156 caf.Forwarder:OnIncomingAlert(): [DEBUG] in=257 alert=/alert/emergency/veh/157/seq=0/zor=[MASKED]
+85.034089181s 156 caf.Forwarder:AlertVehicleHandler(): [DEBUG] in=(257,0) alert=/alert/emergency/veh/157/seq=0/zor=[MASKED] decision=forward to vehicles deferred until 3.27471ms
+85.034089190s 41 caf.Forwarder:OnIncomingAlert(): [DEBUG] in=257 alert=/alert/emergency/veh/157/seq=0/zor=[MASKED]
+85.034089190s 41 caf.Forwarder:AlertVehicleHandler(): [DEBUG] in=(257,0) alert=/alert/emergency/veh/157/seq=0/zor=[MASKED] decision=forward to vehicles deferred until 2.99038ms
+85.034089199s 51 caf.Forwarder:OnIncomingAlert(): [DEBUG] in=257 alert=/alert/emergency/veh/157/seq=0/zor=[MASKED]
+85.034089199s 51 caf.Forwarder:AlertVehicleHandler(): [DEBUG] in=(257,0) alert=/alert/emergency/veh/157/seq=0/zor=[MASKED] decision=drop since sender is closer
+85.034089239s 165 caf.Forwarder:OnIncomingAlert(): [DEBUG] in=257 alert=/alert/emergency/veh/157/seq=0/zor=[MASKED]
+85.034089239s 165 caf.Forwarder:AlertVehicleHandler(): [DEBUG] in=(257,0) alert=/alert/emergency/veh/157/seq=0/zor=[MASKED] decision=drop since sender is closer
+85.034089243s 164 caf.Forwarder:OnIncomingAlert(): [DEBUG] in=257 alert=/alert/emergency/veh/157/seq=0/zor=[MASKED]
+85.034089243s 164 caf.Forwarder:AlertVehicleHandler(): [DEBUG] in=(257,0) alert=/alert/emergency/veh/157/seq=0/zor=[MASKED] decision=drop since sender is closer
+85.034089274s 150 caf.Forwarder:OnIncomingAlert(): [DEBUG] in=257 alert=/alert/emergency/veh/157/seq=0/zor=[MASKED]
+85.034089274s 150 caf.Forwarder:AlertVehicleHandler(): [DEBUG] in=(257,0) alert=/alert/emergency/veh/157/seq=0/zor=[MASKED] decision=forward to vehicles deferred until 0ms
+85.034089274s 150 caf.Forwarder:OnOutgoingAlert(): [DEBUG] out=257 alert=/alert/emergency/veh/157/seq=0/zor=[MASKED]
+85.034089274s 150 ndn.AlertConsumer:doReceive(): [INFO ] Received alert: /alert/emergency/veh/157/seq=0/zor=[MASKED]
+85.034089289s 30 caf.Forwarder:OnIncomingAlert(): [DEBUG] in=257 alert=/alert/emergency/veh/157/seq=0/zor=[MASKED]
+85.034089289s 30 caf.Forwarder:AlertVehicleHandler(): [DEBUG] in=(257,0) alert=/alert/emergency/veh/157/seq=0/zor=[MASKED] decision=drop since sender is closer
+85.034963306s 60 caf.Forwarder:OnIncomingAlert(): [DEBUG] in=257 alert=/alert/emergency/veh/157/seq=0/zor=[MASKED]
+85.034963306s 60 caf.Forwarder:AlertVehicleHandler(): [DEBUG] in=(257,0) alert=/alert/emergency/veh/157/seq=0/zor=[MASKED] decision=forward to vehicles deferred until 0ms
+85.034963306s 60 caf.Forwarder:OnOutgoingAlert(): [DEBUG] out=257 alert=/alert/emergency/veh/157/seq=0/zor=[MASKED]
+85.034963306s 60 ndn.AlertConsumer:doReceive(): [INFO ] Received alert: /alert/emergency/veh/157/seq=0/zor=[MASKED]
+85.034963329s 151 caf.Forwarder:OnIncomingAlert(): [DEBUG] in=257 alert=/alert/emergency/veh/157/seq=0/zor=[MASKED]
+85.034963329s 151 caf.Forwarder:AlertVehicleHandler(): [DEBUG] in=(257,0) alert=/alert/emergency/veh/157/seq=0/zor=[MASKED] decision=forward to vehicles deferred until 0ms
+85.034963329s 151 caf.Forwarder:OnOutgoingAlert(): [DEBUG] out=257 alert=/alert/emergency/veh/157/seq=0/zor=[MASKED]
+85.034963329s 151 ndn.AlertConsumer:doReceive(): [INFO ] Received alert: /alert/emergency/veh/157/seq=0/zor=[MASKED]
+85.034963368s 41 caf.Forwarder:OnIncomingAlert(): [DEBUG] in=257 alert=/alert/emergency/veh/157/seq=0/zor=[MASKED]
+85.034963368s 41 caf.Forwarder:AlertVehicleHandler(): [DEBUG] in= (257,0) alert=/alert/emergency/veh/157/seq=0/zor=[MASKED] timer cancelled because sender closer to ZoR
+85.034963368s 156 caf.Forwarder:OnIncomingAlert(): [DEBUG] in=257 alert=/alert/emergency/veh/157/seq=0/zor=[MASKED]
+85.034963368s 156 caf.Forwarder:AlertVehicleHandler(): [DEBUG] in= (257,0) alert=/alert/emergency/veh/157/seq=0/zor=[MASKED] timer cancelled because sender closer to ZoR
+85.034963381s 142 caf.Forwarder:OnIncomingAlert(): [DEBUG] in=257 alert=/alert/emergency/veh/157/seq=0/zor=[MASKED]
+85.034963381s 142 caf.Forwarder:AlertVehicleHandler(): [DEBUG] in=(257,0) alert=/alert/emergency/veh/157/seq=0/zor=[MASKED] decision=forward to vehicles deferred until 0ms
+85.034963381s 142 caf.Forwarder:OnOutgoingAlert(): [DEBUG] out=257 alert=/alert/emergency/veh/157/seq=0/zor=[MASKED]
+85.034963381s 142 ndn.AlertConsumer:doReceive(): [INFO ] Received alert: /alert/emergency/veh/157/seq=0/zor=[MASKED]
+85.034963426s 157 caf.Forwarder:OnIncomingAlert(): [DEBUG] in=257 alert=/alert/emergency/veh/157/seq=0/zor=[MASKED]
+85.034963426s 157 caf.Forwarder:AlertVehicleHandler(): [DEBUG] in=(257,0) alert=/alert/emergency/veh/157/seq=0/zor=[MASKED] decision=drop because duplicate alert
+85.034963444s 53 caf.Forwarder:OnIncomingAlert(): [DEBUG] in=257 alert=/alert/emergency/veh/157/seq=0/zor=[MASKED]
+85.034963444s 53 caf.Forwarder:AlertVehicleHandler(): [DEBUG] in=(257,0) alert=/alert/emergency/veh/157/seq=0/zor=[MASKED] decision=drop because duplicate alert
+85.035837338s 150 caf.Forwarder:OnIncomingAlert(): [DEBUG] in=257 alert=/alert/emergency/veh/157/seq=0/zor=[MASKED]
+85.035837338s 150 caf.Forwarder:AlertVehicleHandler(): [DEBUG] in=(257,0) alert=/alert/emergency/veh/157/seq=0/zor=[MASKED] decision=drop because duplicate alert
+85.035837451s 135 caf.Forwarder:OnIncomingAlert(): [DEBUG] in=257 alert=/alert/emergency/veh/157/seq=0/zor=[MASKED]
+85.035837451s 135 caf.Forwarder:AlertVehicleHandler(): [DEBUG] in=(257,0) alert=/alert/emergency/veh/157/seq=0/zor=[MASKED] decision=forward to vehicles deferred until 0ms
+85.035837451s 135 caf.Forwarder:OnOutgoingAlert(): [DEBUG] out=257 alert=/alert/emergency/veh/157/seq=0/zor=[MASKED]
+85.035837451s 135 ndn.AlertConsumer:doReceive(): [INFO ] Received alert: /alert/emergency/veh/157/seq=0/zor=[MASKED]
+85.036711495s 124 caf.Forwarder:OnIncomingAlert(): [DEBUG] in=257 alert=/alert/emergency/veh/157/seq=0/zor=[MASKED]
+85.036711495s 124 caf.Forwarder:AlertVehicleHandler(): [DEBUG] in=(257,0) alert=/alert/emergency/veh/157/seq=0/zor=[MASKED] decision=forward to vehicles deferred until 0ms
+85.036711495s 124 caf.Forwarder:OnOutgoingAlert(): [DEBUG] out=257 alert=/alert/emergency/veh/157/seq=0/zor=[MASKED]
+85.036711495s 124 ndn.AlertConsumer:doReceive(): [INFO ] Received alert: /alert/emergency/veh/157/seq=0/zor=[MASKED]
+85.036711520s 59 caf.Forwarder:OnIncomingAlert(): [DEBUG] in=257 alert=/alert/emergency/veh/157/seq=0/zor=[MASKED]
+85.036711520s 59 caf.Forwarder:AlertVehicleHandler(): [DEBUG] in=(257,0) alert=/alert/emergency/veh/157/seq=0/zor=[MASKED] decision=forward to vehicles deferred until 0ms
+85.036711520s 59 caf.Forwarder:OnOutgoingAlert(): [DEBUG] out=257 alert=/alert/emergency/veh/157/seq=0/zor=[MASKED]
+85.036711520s 59 ndn.AlertConsumer:doReceive(): [INFO ] Received alert: /alert/emergency/veh/157/seq=0/zor=[MASKED]
+85.036711521s 142 caf.Forwarder:OnIncomingAlert(): [DEBUG] in=257 alert=/alert/emergency/veh/157/seq=0/zor=[MASKED]
+85.036711521s 142 caf.Forwarder:AlertVehicleHandler(): [DEBUG] in=(257,0) alert=/alert/emergency/veh/157/seq=0/zor=[MASKED] decision=drop because duplicate alert
+85.036711545s 143 caf.Forwarder:OnIncomingAlert(): [DEBUG] in=257 alert=/alert/emergency/veh/157/seq=0/zor=[MASKED]
+85.036711545s 143 caf.Forwarder:AlertVehicleHandler(): [DEBUG] in=(257,0) alert=/alert/emergency/veh/157/seq=0/zor=[MASKED] decision=forward to vehicles deferred until 0ms
+85.036711545s 143 caf.Forwarder:OnOutgoingAlert(): [DEBUG] out=257 alert=/alert/emergency/veh/157/seq=0/zor=[MASKED]
+85.036711545s 143 ndn.AlertConsumer:doReceive(): [INFO ] Received alert: /alert/emergency/veh/157/seq=0/zor=[MASKED]
+85.036711570s 64 caf.Forwarder:OnIncomingAlert(): [DEBUG] in=257 alert=/alert/emergency/veh/157/seq=0/zor=[MASKED]
+85.036711570s 64 caf.Forwarder:AlertVehicleHandler(): [DEBUG] in=(257,0) alert=/alert/emergency/veh/157/seq=0/zor=[MASKED] decision=forward to vehicles deferred until 0ms
+85.036711570s 64 caf.Forwarder:OnOutgoingAlert(): [DEBUG] out=257 alert=/alert/emergency/veh/157/seq=0/zor=[MASKED]
+85.036711570s 64 ndn.AlertConsumer:doReceive(): [INFO ] Received alert: /alert/emergency/veh/157/seq=0/zor=[MASKED]
+85.036711571s 151 caf.Forwarder:OnIncomingAlert(): [DEBUG] in=257 alert=/alert/emergency/veh/157/seq=0/zor=[MASKED]
+85.036711571s 151 caf.Forwarder:AlertVehicleHandler(): [DEBUG] in=(257,0) alert=/alert/emergency/veh/157/seq=0/zor=[MASKED] decision=drop because duplicate alert
+85.036711603s 123 caf.Forwarder:OnIncomingAlert(): [DEBUG] in=257 alert=/alert/emergency/veh/157/seq=0/zor=[MASKED]
+85.036711603s 123 caf.Forwarder:AlertVehicleHandler(): [DEBUG] in=(257,0) alert=/alert/emergency/veh/157/seq=0/zor=[MASKED] decision=forward to vehicles deferred until 0ms
+85.036711603s 123 caf.Forwarder:OnOutgoingAlert(): [DEBUG] out=257 alert=/alert/emergency/veh/157/seq=0/zor=[MASKED]
+85.036711603s 123 ndn.AlertConsumer:doReceive(): [INFO ] Received alert: /alert/emergency/veh/157/seq=0/zor=[MASKED]
+85.036711604s 60 caf.Forwarder:OnIncomingAlert(): [DEBUG] in=257 alert=/alert/emergency/veh/157/seq=0/zor=[MASKED]
+85.036711604s 60 caf.Forwarder:AlertVehicleHandler(): [DEBUG] in=(257,0) alert=/alert/emergency/veh/157/seq=0/zor=[MASKED] decision=drop because duplicate alert
+85.037585635s 117 caf.Forwarder:OnIncomingAlert(): [DEBUG] in=257 alert=/alert/emergency/veh/157/seq=0/zor=[MASKED]
+85.037585635s 117 caf.Forwarder:AlertVehicleHandler(): [DEBUG] in=(257,0) alert=/alert/emergency/veh/157/seq=0/zor=[MASKED] decision=forward to vehicles deferred until 0ms
+85.037585635s 129 caf.Forwarder:OnIncomingAlert(): [DEBUG] in=257 alert=/alert/emergency/veh/157/seq=0/zor=[MASKED]
+85.037585635s 129 caf.Forwarder:AlertVehicleHandler(): [DEBUG] in=(257,0) alert=/alert/emergency/veh/157/seq=0/zor=[MASKED] decision=forward to vehicles deferred until 0ms
+85.037585635s 117 caf.Forwarder:OnOutgoingAlert(): [DEBUG] out=257 alert=/alert/emergency/veh/157/seq=0/zor=[MASKED]
+85.037585635s 117 ndn.AlertConsumer:doReceive(): [INFO ] Received alert: /alert/emergency/veh/157/seq=0/zor=[MASKED]
+85.037585635s 129 caf.Forwarder:OnOutgoingAlert(): [DEBUG] out=257 alert=/alert/emergency/veh/157/seq=0/zor=[MASKED]
+85.037585635s 129 ndn.AlertConsumer:doReceive(): [INFO ] Received alert: /alert/emergency/veh/157/seq=0/zor=[MASKED]
+85.088170848s 156 ndn.RandomAlertProducer:SendAlert(): [LOGIC] Don't send alert; condition failed
+85.452408648s 159 ndn.RandomAlertProducer:AlertSupplier(): [LOGIC] Send alert=/alert/emergency/veh/159/seq=0/zor=[MASKED] vehCount=104 rsuCount=9
+85.452408648s 159 caf.Forwarder:OnIncomingAlert(): [DEBUG] in=260 alert=/alert/emergency/veh/159/seq=0/zor=[MASKED]
+85.452408648s 159 caf.Forwarder:AlertVehicleHandler(): [DEBUG] in=(260,0) alert=/alert/emergency/veh/159/seq=0/zor=[MASKED] decision=forward to vehicles
+85.452408648s 159 caf.Forwarder:OnOutgoingAlert(): [DEBUG] out=257 alert=/alert/emergency/veh/159/seq=0/zor=[MASKED]
+85.453282667s 167 caf.Forwarder:OnIncomingAlert(): [DEBUG] in=257 alert=/alert/emergency/veh/159/seq=0/zor=[MASKED]
+85.453282667s 167 caf.Forwarder:AlertVehicleHandler(): [DEBUG] in=(257,0) alert=/alert/emergency/veh/159/seq=0/zor=[MASKED] decision=drop since sender is closer
+85.453282707s 158 caf.Forwarder:OnIncomingAlert(): [DEBUG] in=257 alert=/alert/emergency/veh/159/seq=0/zor=[MASKED]
+85.453282707s 158 caf.Forwarder:AlertVehicleHandler(): [DEBUG] in=(257,0) alert=/alert/emergency/veh/159/seq=0/zor=[MASKED] decision=forward to vehicles deferred until 3.25388ms
+85.453282711s 166 caf.Forwarder:OnIncomingAlert(): [DEBUG] in=257 alert=/alert/emergency/veh/159/seq=0/zor=[MASKED]
+85.453282711s 166 caf.Forwarder:AlertVehicleHandler(): [DEBUG] in=(257,0) alert=/alert/emergency/veh/159/seq=0/zor=[MASKED] decision=drop since sender is closer
+85.453282736s 153 caf.Forwarder:OnIncomingAlert(): [DEBUG] in=257 alert=/alert/emergency/veh/159/seq=0/zor=[MASKED]
+85.453282736s 153 caf.Forwarder:AlertVehicleHandler(): [DEBUG] in=(257,0) alert=/alert/emergency/veh/159/seq=0/zor=[MASKED] decision=forward to vehicles deferred until 2.3792ms
+85.453282798s 152 caf.Forwarder:OnIncomingAlert(): [DEBUG] in=257 alert=/alert/emergency/veh/159/seq=0/zor=[MASKED]
+85.453282798s 152 caf.Forwarder:AlertVehicleHandler(): [DEBUG] in=(257,0) alert=/alert/emergency/veh/159/seq=0/zor=[MASKED] decision=forward to vehicles deferred until 0.51766ms
+85.453282803s 22 caf.Forwarder:OnIncomingAlert(): [DEBUG] in=257 alert=/alert/emergency/veh/159/seq=0/zor=[MASKED]
+85.453282803s 22 caf.Forwarder:AlertVehicleHandler(): [DEBUG] in=(257,0) alert=/alert/emergency/veh/159/seq=0/zor=[MASKED] decision=forward to vehicles deferred until 0.349872ms
+85.453632675s 22 caf.Forwarder:OnOutgoingAlert(): [DEBUG] out=257 alert=/alert/emergency/veh/159/seq=0/zor=[MASKED]
+85.453800458s 152 caf.Forwarder:OnOutgoingAlert(): [DEBUG] out=257 alert=/alert/emergency/veh/159/seq=0/zor=[MASKED]
+85.454506707s 152 caf.Forwarder:OnIncomingAlert(): [DEBUG] in=257 alert=/alert/emergency/veh/159/seq=0/zor=[MASKED]
+85.454506707s 152 caf.Forwarder:AlertVehicleHandler(): [DEBUG] in=(257,0) alert=/alert/emergency/veh/159/seq=0/zor=[MASKED] decision=drop because duplicate alert
+85.454506730s 29 caf.Forwarder:OnIncomingAlert(): [DEBUG] in=257 alert=/alert/emergency/veh/159/seq=0/zor=[MASKED]
+85.454506730s 29 caf.Forwarder:AlertVehicleHandler(): [DEBUG] in=(257,0) alert=/alert/emergency/veh/159/seq=0/zor=[MASKED] decision=forward to vehicles deferred until 0ms
+85.454506730s 29 caf.Forwarder:OnOutgoingAlert(): [DEBUG] out=257 alert=/alert/emergency/veh/159/seq=0/zor=[MASKED]
+85.454506730s 29 ndn.AlertConsumer:doReceive(): [INFO ] Received alert: /alert/emergency/veh/159/seq=0/zor=[MASKED]
+85.454506746s 153 caf.Forwarder:OnIncomingAlert(): [DEBUG] in=257 alert=/alert/emergency/veh/159/seq=0/zor=[MASKED]
+85.454506746s 153 caf.Forwarder:AlertVehicleHandler(): [DEBUG] in= (257,0) alert=/alert/emergency/veh/159/seq=0/zor=[MASKED] timer cancelled because sender closer to ZoR
+85.454506747s 144 caf.Forwarder:OnIncomingAlert(): [DEBUG] in=257 alert=/alert/emergency/veh/159/seq=0/zor=[MASKED]
+85.454506747s 144 caf.Forwarder:AlertVehicleHandler(): [DEBUG] in=(257,0) alert=/alert/emergency/veh/159/seq=0/zor=[MASKED] decision=forward to vehicles deferred until 0ms
+85.454506747s 144 caf.Forwarder:OnOutgoingAlert(): [DEBUG] out=257 alert=/alert/emergency/veh/159/seq=0/zor=[MASKED]
+85.454506747s 144 ndn.AlertConsumer:doReceive(): [INFO ] Received alert: /alert/emergency/veh/159/seq=0/zor=[MASKED]
+85.454506771s 158 caf.Forwarder:OnIncomingAlert(): [DEBUG] in=257 alert=/alert/emergency/veh/159/seq=0/zor=[MASKED]
+85.454506771s 158 caf.Forwarder:AlertVehicleHandler(): [DEBUG] in= (257,0) alert=/alert/emergency/veh/159/seq=0/zor=[MASKED] timer cancelled because sender closer to ZoR
+85.454506788s 136 caf.Forwarder:OnIncomingAlert(): [DEBUG] in=257 alert=/alert/emergency/veh/159/seq=0/zor=[MASKED]
+85.454506788s 136 caf.Forwarder:AlertVehicleHandler(): [DEBUG] in=(257,0) alert=/alert/emergency/veh/159/seq=0/zor=[MASKED] decision=forward to vehicles deferred until 0ms
+85.454506788s 136 caf.Forwarder:OnOutgoingAlert(): [DEBUG] out=257 alert=/alert/emergency/veh/159/seq=0/zor=[MASKED]
+85.454506788s 136 ndn.AlertConsumer:doReceive(): [INFO ] Received alert: /alert/emergency/veh/159/seq=0/zor=[MASKED]
+85.454506830s 159 caf.Forwarder:OnIncomingAlert(): [DEBUG] in=257 alert=/alert/emergency/veh/159/seq=0/zor=[MASKED]
+85.454506830s 159 caf.Forwarder:AlertVehicleHandler(): [DEBUG] in=(257,0) alert=/alert/emergency/veh/159/seq=0/zor=[MASKED] decision=drop because duplicate alert
+85.454506838s 57 caf.Forwarder:OnIncomingAlert(): [DEBUG] in=257 alert=/alert/emergency/veh/159/seq=0/zor=[MASKED]
+85.454506838s 57 caf.Forwarder:AlertVehicleHandler(): [DEBUG] in=(257,0) alert=/alert/emergency/veh/159/seq=0/zor=[MASKED] decision=forward to vehicles deferred until 0ms
+85.454506838s 57 caf.Forwarder:OnOutgoingAlert(): [DEBUG] out=257 alert=/alert/emergency/veh/159/seq=0/zor=[MASKED]
+85.454506838s 57 ndn.AlertConsumer:doReceive(): [INFO ] Received alert: /alert/emergency/veh/159/seq=0/zor=[MASKED]
+85.454506844s 167 caf.Forwarder:OnIncomingAlert(): [DEBUG] in=257 alert=/alert/emergency/veh/159/seq=0/zor=[MASKED]
+85.454506844s 167 caf.Forwarder:AlertVehicleHandler(): [DEBUG] in=(257,0) alert=/alert/emergency/veh/159/seq=0/zor=[MASKED] decision=drop because duplicate alert
+85.455380906s 39 caf.Forwarder:OnIncomingAlert(): [DEBUG] in=257 alert=/alert/emergency/veh/159/seq=0/zor=[MASKED]
+85.455380906s 39 caf.Forwarder:AlertVehicleHandler(): [DEBUG] in=(257,0) alert=/alert/emergency/veh/159/seq=0/zor=[MASKED] decision=forward to vehicles deferred until 0ms
+85.455380906s 39 caf.Forwarder:OnOutgoingAlert(): [DEBUG] out=257 alert=/alert/emergency/veh/159/seq=0/zor=[MASKED]
+85.455380906s 39 ndn.AlertConsumer:doReceive(): [INFO ] Received alert: /alert/emergency/veh/159/seq=0/zor=[MASKED]
+85.455484739s 22 caf.Forwarder:OnIncomingAlert(): [DEBUG] in=257 alert=/alert/emergency/veh/159/seq=0/zor=[MASKED]
+85.455484739s 22 caf.Forwarder:AlertVehicleHandler(): [DEBUG] in=(257,0) alert=/alert/emergency/veh/159/seq=0/zor=[MASKED] decision=drop because duplicate alert
+85.455484768s 153 caf.Forwarder:OnIncomingAlert(): [DEBUG] in=257 alert=/alert/emergency/veh/159/seq=0/zor=[MASKED]
+85.455484768s 153 caf.Forwarder:AlertVehicleHandler(): [DEBUG] in=(257,0) alert=/alert/emergency/veh/159/seq=0/zor=[MASKED] decision=drop because duplicate alert
+85.456254957s 145 caf.Forwarder:OnIncomingAlert(): [DEBUG] in=257 alert=/alert/emergency/veh/159/seq=0/zor=[MASKED]
+85.456254957s 145 caf.Forwarder:AlertVehicleHandler(): [DEBUG] in=(257,0) alert=/alert/emergency/veh/159/seq=0/zor=[MASKED] decision=forward to vehicles deferred until 0ms
+85.456254957s 145 caf.Forwarder:OnOutgoingAlert(): [DEBUG] out=257 alert=/alert/emergency/veh/159/seq=0/zor=[MASKED]
+85.456254957s 145 ndn.AlertConsumer:doReceive(): [INFO ] Received alert: /alert/emergency/veh/159/seq=0/zor=[MASKED]
+85.456254974s 57 caf.Forwarder:OnIncomingAlert(): [DEBUG] in=257 alert=/alert/emergency/veh/159/seq=0/zor=[MASKED]
+85.456254974s 57 caf.Forwarder:AlertVehicleHandler(): [DEBUG] in=(257,0) alert=/alert/emergency/veh/159/seq=0/zor=[MASKED] decision=drop because duplicate alert
+85.456255030s 25 caf.Forwarder:OnIncomingAlert(): [DEBUG] in=257 alert=/alert/emergency/veh/159/seq=0/zor=[MASKED]
+85.456255030s 25 caf.Forwarder:AlertVehicleHandler(): [DEBUG] in=(257,0) alert=/alert/emergency/veh/159/seq=0/zor=[MASKED] decision=forward to vehicles deferred until 0ms
+85.456255030s 25 caf.Forwarder:OnOutgoingAlert(): [DEBUG] out=257 alert=/alert/emergency/veh/159/seq=0/zor=[MASKED]
+85.456255030s 25 ndn.AlertConsumer:doReceive(): [INFO ] Received alert: /alert/emergency/veh/159/seq=0/zor=[MASKED]
+85.456255032s 137 caf.Forwarder:OnIncomingAlert(): [DEBUG] in=257 alert=/alert/emergency/veh/159/seq=0/zor=[MASKED]
+85.456255032s 137 caf.Forwarder:AlertVehicleHandler(): [DEBUG] in=(257,0) alert=/alert/emergency/veh/159/seq=0/zor=[MASKED] decision=forward to vehicles deferred until 0ms
+85.456255032s 137 caf.Forwarder:OnOutgoingAlert(): [DEBUG] out=257 alert=/alert/emergency/veh/159/seq=0/zor=[MASKED]
+85.456255032s 137 ndn.AlertConsumer:doReceive(): [INFO ] Received alert: /alert/emergency/veh/159/seq=0/zor=[MASKED]
+85.457129008s 39 caf.Forwarder:OnIncomingAlert(): [DEBUG] in=257 alert=/alert/emergency/veh/159/seq=0/zor=[MASKED]
+85.457129008s 39 caf.Forwarder:AlertVehicleHandler(): [DEBUG] in=(257,0) alert=/alert/emergency/veh/159/seq=0/zor=[MASKED] decision=drop because duplicate alert
+85.707470335s 160 ndn.RandomAlertProducer:SendAlert(): [LOGIC] Don't send alert; condition failed
+86.029075558s 162 ndn.RandomAlertProducer:AlertSupplier(): [LOGIC] Send alert=/alert/emergency/veh/162/seq=0/zor=[MASKED] vehCount=102 rsuCount=9
+86.029075558s 162 caf.Forwarder:OnIncomingAlert(): [DEBUG] in=260 alert=/alert/emergency/veh/162/seq=0/zor=[MASKED]
+86.029075558s 162 caf.Forwarder:AlertVehicleHandler(): [DEBUG] in=(260,0) alert=/alert/emergency/veh/162/seq=0/zor=[MASKED] decision=forward to vehicles
+86.029075558s 162 caf.Forwarder:OnOutgoingAlert(): [DEBUG] out=257 alert=/alert/emergency/veh/162/seq=0/zor=[MASKED]
+86.029949613s 163 caf.Forwarder:OnIncomingAlert(): [DEBUG] in=257 alert=/alert/emergency/veh/162/seq=0/zor=[MASKED]
+86.029949613s 163 caf.Forwarder:AlertVehicleHandler(): [DEBUG] in=(257,0) alert=/alert/emergency/veh/162/seq=0/zor=[MASKED] decision=forward to vehicles deferred until 3.38051ms
+86.029949640s 170 caf.Forwarder:OnIncomingAlert(): [DEBUG] in=257 alert=/alert/emergency/veh/162/seq=0/zor=[MASKED]
+86.029949640s 170 caf.Forwarder:AlertVehicleHandler(): [DEBUG] in=(257,0) alert=/alert/emergency/veh/162/seq=0/zor=[MASKED] decision=drop since sender is closer
+86.029949648s 21 caf.Forwarder:OnIncomingAlert(): [DEBUG] in=257 alert=/alert/emergency/veh/162/seq=0/zor=[MASKED]
+86.029949648s 21 caf.Forwarder:AlertVehicleHandler(): [DEBUG] in=(257,0) alert=/alert/emergency/veh/162/seq=0/zor=[MASKED] decision=forward to vehicles deferred until 2.33806ms
+86.029949691s 155 caf.Forwarder:OnIncomingAlert(): [DEBUG] in=257 alert=/alert/emergency/veh/162/seq=0/zor=[MASKED]
+86.029949691s 155 caf.Forwarder:AlertVehicleHandler(): [DEBUG] in=(257,0) alert=/alert/emergency/veh/162/seq=0/zor=[MASKED] decision=forward to vehicles deferred until 1.03638ms
+86.029949695s 67 caf.Forwarder:OnIncomingAlert(): [DEBUG] in=257 alert=/alert/emergency/veh/162/seq=0/zor=[MASKED]
+86.029949695s 67 caf.Forwarder:AlertVehicleHandler(): [DEBUG] in=(257,0) alert=/alert/emergency/veh/162/seq=0/zor=[MASKED] decision=forward to vehicles deferred until 0.897822ms
+86.029949725s 176 caf.Forwarder:OnIncomingAlert(): [DEBUG] in=257 alert=/alert/emergency/veh/162/seq=0/zor=[MASKED]
+86.029949725s 176 caf.Forwarder:AlertVehicleHandler(): [DEBUG] in=(257,0) alert=/alert/emergency/veh/162/seq=0/zor=[MASKED] decision=drop since sender is closer
+86.030847517s 67 caf.Forwarder:OnOutgoingAlert(): [DEBUG] out=257 alert=/alert/emergency/veh/162/seq=0/zor=[MASKED]
+86.030986072s 155 caf.Forwarder:OnOutgoingAlert(): [DEBUG] out=257 alert=/alert/emergency/veh/162/seq=0/zor=[MASKED]
+86.031721539s 155 caf.Forwarder:OnIncomingAlert(): [DEBUG] in=257 alert=/alert/emergency/veh/162/seq=0/zor=[MASKED]
+86.031721539s 155 caf.Forwarder:AlertVehicleHandler(): [DEBUG] in=(257,0) alert=/alert/emergency/veh/162/seq=0/zor=[MASKED] decision=drop because duplicate alert
+86.031721570s 21 caf.Forwarder:OnIncomingAlert(): [DEBUG] in=257 alert=/alert/emergency/veh/162/seq=0/zor=[MASKED]
+86.031721570s 21 caf.Forwarder:AlertVehicleHandler(): [DEBUG] in= (257,0) alert=/alert/emergency/veh/162/seq=0/zor=[MASKED] timer cancelled because sender closer to ZoR
+86.031721572s 148 caf.Forwarder:OnIncomingAlert(): [DEBUG] in=257 alert=/alert/emergency/veh/162/seq=0/zor=[MASKED]
+86.031721572s 148 caf.Forwarder:AlertVehicleHandler(): [DEBUG] in=(257,0) alert=/alert/emergency/veh/162/seq=0/zor=[MASKED] decision=forward to vehicles deferred until 3.3916ms
+86.031721600s 163 caf.Forwarder:OnIncomingAlert(): [DEBUG] in=257 alert=/alert/emergency/veh/162/seq=0/zor=[MASKED]
+86.031721600s 163 caf.Forwarder:AlertVehicleHandler(): [DEBUG] in= (257,0) alert=/alert/emergency/veh/162/seq=0/zor=[MASKED] timer cancelled because sender closer to ZoR
+86.031721654s 162 caf.Forwarder:OnIncomingAlert(): [DEBUG] in=257 alert=/alert/emergency/veh/162/seq=0/zor=[MASKED]
+86.031721654s 162 caf.Forwarder:AlertVehicleHandler(): [DEBUG] in=(257,0) alert=/alert/emergency/veh/162/seq=0/zor=[MASKED] decision=drop because duplicate alert
+86.031721685s 149 caf.Forwarder:OnIncomingAlert(): [DEBUG] in=257 alert=/alert/emergency/veh/162/seq=0/zor=[MASKED]
+86.031721685s 149 caf.Forwarder:AlertVehicleHandler(): [DEBUG] in=(257,0) alert=/alert/emergency/veh/162/seq=0/zor=[MASKED] decision=forward to vehicles deferred until 0ms
+86.031721685s 149 caf.Forwarder:OnOutgoingAlert(): [DEBUG] out=257 alert=/alert/emergency/veh/162/seq=0/zor=[MASKED]
+86.031721685s 149 ndn.AlertConsumer:doReceive(): [INFO ] Received alert: /alert/emergency/veh/162/seq=0/zor=[MASKED]
+86.032595740s 140 caf.Forwarder:OnIncomingAlert(): [DEBUG] in=257 alert=/alert/emergency/veh/162/seq=0/zor=[MASKED]
+86.032595740s 140 caf.Forwarder:AlertVehicleHandler(): [DEBUG] in=(257,0) alert=/alert/emergency/veh/162/seq=0/zor=[MASKED] decision=forward to vehicles deferred until 0ms
+86.032595740s 140 caf.Forwarder:OnOutgoingAlert(): [DEBUG] out=257 alert=/alert/emergency/veh/162/seq=0/zor=[MASKED]
+86.032595740s 140 ndn.AlertConsumer:doReceive(): [INFO ] Received alert: /alert/emergency/veh/162/seq=0/zor=[MASKED]
+86.032595791s 74 caf.Forwarder:OnIncomingAlert(): [DEBUG] in=257 alert=/alert/emergency/veh/162/seq=0/zor=[MASKED]
+86.032595791s 74 caf.Forwarder:AlertVehicleHandler(): [DEBUG] in=(257,0) alert=/alert/emergency/veh/162/seq=0/zor=[MASKED] decision=forward to vehicles deferred until 0ms
+86.032595791s 74 caf.Forwarder:OnOutgoingAlert(): [DEBUG] out=257 alert=/alert/emergency/veh/162/seq=0/zor=[MASKED]
+86.032595791s 74 ndn.AlertConsumer:doReceive(): [INFO ] Received alert: /alert/emergency/veh/162/seq=0/zor=[MASKED]
+86.032595799s 148 caf.Forwarder:OnIncomingAlert(): [DEBUG] in=257 alert=/alert/emergency/veh/162/seq=0/zor=[MASKED]
+86.032595799s 148 caf.Forwarder:AlertVehicleHandler(): [DEBUG] in= (257,0) alert=/alert/emergency/veh/162/seq=0/zor=[MASKED] timer cancelled because sender closer to ZoR
+86.032595802s 141 caf.Forwarder:OnIncomingAlert(): [DEBUG] in=257 alert=/alert/emergency/veh/162/seq=0/zor=[MASKED]
+86.032595802s 141 caf.Forwarder:AlertVehicleHandler(): [DEBUG] in=(257,0) alert=/alert/emergency/veh/162/seq=0/zor=[MASKED] decision=forward to vehicles deferred until 0ms
+86.032595802s 141 caf.Forwarder:OnOutgoingAlert(): [DEBUG] out=257 alert=/alert/emergency/veh/162/seq=0/zor=[MASKED]
+86.032595802s 141 ndn.AlertConsumer:doReceive(): [INFO ] Received alert: /alert/emergency/veh/162/seq=0/zor=[MASKED]
+86.032595853s 67 caf.Forwarder:OnIncomingAlert(): [DEBUG] in=257 alert=/alert/emergency/veh/162/seq=0/zor=[MASKED]
+86.032595853s 67 caf.Forwarder:AlertVehicleHandler(): [DEBUG] in=(257,0) alert=/alert/emergency/veh/162/seq=0/zor=[MASKED] decision=drop because duplicate alert
+86.032595856s 155 caf.Forwarder:OnIncomingAlert(): [DEBUG] in=257 alert=/alert/emergency/veh/162/seq=0/zor=[MASKED]
+86.032595856s 155 caf.Forwarder:AlertVehicleHandler(): [DEBUG] in=(257,0) alert=/alert/emergency/veh/162/seq=0/zor=[MASKED] decision=drop because duplicate alert
+86.033469795s 149 caf.Forwarder:OnIncomingAlert(): [DEBUG] in=257 alert=/alert/emergency/veh/162/seq=0/zor=[MASKED]
+86.033469795s 149 caf.Forwarder:AlertVehicleHandler(): [DEBUG] in=(257,0) alert=/alert/emergency/veh/162/seq=0/zor=[MASKED] decision=drop because duplicate alert
+86.033651878s 67 caf.Forwarder:OnIncomingAlert(): [DEBUG] in=257 alert=/alert/emergency/veh/162/seq=0/zor=[MASKED]
+86.033651878s 67 caf.Forwarder:AlertVehicleHandler(): [DEBUG] in=(257,0) alert=/alert/emergency/veh/162/seq=0/zor=[MASKED] decision=drop because duplicate alert
+86.033651914s 148 caf.Forwarder:OnIncomingAlert(): [DEBUG] in=257 alert=/alert/emergency/veh/162/seq=0/zor=[MASKED]
+86.033651914s 148 caf.Forwarder:AlertVehicleHandler(): [DEBUG] in=(257,0) alert=/alert/emergency/veh/162/seq=0/zor=[MASKED] decision=drop because duplicate alert
+86.033651915s 21 caf.Forwarder:OnIncomingAlert(): [DEBUG] in=257 alert=/alert/emergency/veh/162/seq=0/zor=[MASKED]
+86.033651915s 21 caf.Forwarder:AlertVehicleHandler(): [DEBUG] in=(257,0) alert=/alert/emergency/veh/162/seq=0/zor=[MASKED] decision=drop because duplicate alert
+86.033651933s 163 caf.Forwarder:OnIncomingAlert(): [DEBUG] in=257 alert=/alert/emergency/veh/162/seq=0/zor=[MASKED]
+86.033651933s 163 caf.Forwarder:AlertVehicleHandler(): [DEBUG] in=(257,0) alert=/alert/emergency/veh/162/seq=0/zor=[MASKED] decision=drop because duplicate alert
+86.033651989s 162 caf.Forwarder:OnIncomingAlert(): [DEBUG] in=257 alert=/alert/emergency/veh/162/seq=0/zor=[MASKED]
+86.033651989s 162 caf.Forwarder:AlertVehicleHandler(): [DEBUG] in=(257,0) alert=/alert/emergency/veh/162/seq=0/zor=[MASKED] decision=drop because duplicate alert
+86.236709168s 161 ndn.RandomAlertProducer:SendAlert(): [LOGIC] Don't send alert; condition failed
+87.375722279s 163 ndn.RandomAlertProducer:AlertSupplier(): [LOGIC] Send alert=/alert/emergency/veh/163/seq=0/zor=[MASKED] vehCount=105 rsuCount=9
+87.375722279s 163 caf.Forwarder:OnIncomingAlert(): [DEBUG] in=260 alert=/alert/emergency/veh/163/seq=0/zor=[MASKED]
+87.375722279s 163 caf.Forwarder:AlertVehicleHandler(): [DEBUG] in=(260,0) alert=/alert/emergency/veh/163/seq=0/zor=[MASKED] decision=forward to vehicles
+87.375722279s 163 caf.Forwarder:OnOutgoingAlert(): [DEBUG] out=257 alert=/alert/emergency/veh/163/seq=0/zor=[MASKED]
+87.376596328s 67 caf.Forwarder:OnIncomingAlert(): [DEBUG] in=257 alert=/alert/emergency/veh/163/seq=0/zor=[MASKED]
+87.376596328s 67 caf.Forwarder:AlertVehicleHandler(): [DEBUG] in=(257,0) alert=/alert/emergency/veh/163/seq=0/zor=[MASKED] decision=drop since sender is closer
+87.376596356s 162 caf.Forwarder:OnIncomingAlert(): [DEBUG] in=257 alert=/alert/emergency/veh/163/seq=0/zor=[MASKED]
+87.376596356s 162 caf.Forwarder:AlertVehicleHandler(): [DEBUG] in=(257,0) alert=/alert/emergency/veh/163/seq=0/zor=[MASKED] decision=drop since sender is closer
+87.376596357s 155 caf.Forwarder:OnIncomingAlert(): [DEBUG] in=257 alert=/alert/emergency/veh/163/seq=0/zor=[MASKED]
+87.376596357s 155 caf.Forwarder:AlertVehicleHandler(): [DEBUG] in=(257,0) alert=/alert/emergency/veh/163/seq=0/zor=[MASKED] decision=forward to vehicles deferred until 2.70452ms
+87.376596375s 21 caf.Forwarder:OnIncomingAlert(): [DEBUG] in=257 alert=/alert/emergency/veh/163/seq=0/zor=[MASKED]
+87.376596375s 21 caf.Forwarder:AlertVehicleHandler(): [DEBUG] in=(257,0) alert=/alert/emergency/veh/163/seq=0/zor=[MASKED] decision=drop since sender is closer
+87.376596403s 148 caf.Forwarder:OnIncomingAlert(): [DEBUG] in=257 alert=/alert/emergency/veh/163/seq=0/zor=[MASKED]
+87.376596403s 148 caf.Forwarder:AlertVehicleHandler(): [DEBUG] in=(257,0) alert=/alert/emergency/veh/163/seq=0/zor=[MASKED] decision=forward to vehicles deferred until 0ms
+87.376596403s 148 caf.Forwarder:OnOutgoingAlert(): [DEBUG] out=257 alert=/alert/emergency/veh/163/seq=0/zor=[MASKED]
+87.376596403s 148 ndn.AlertConsumer:doReceive(): [INFO ] Received alert: /alert/emergency/veh/163/seq=0/zor=[MASKED]
+87.376596432s 170 caf.Forwarder:OnIncomingAlert(): [DEBUG] in=257 alert=/alert/emergency/veh/163/seq=0/zor=[MASKED]
+87.376596432s 170 caf.Forwarder:AlertVehicleHandler(): [DEBUG] in=(257,0) alert=/alert/emergency/veh/163/seq=0/zor=[MASKED] decision=drop since sender is closer
+87.377470450s 155 caf.Forwarder:OnIncomingAlert(): [DEBUG] in=257 alert=/alert/emergency/veh/163/seq=0/zor=[MASKED]
+87.377470450s 155 caf.Forwarder:AlertVehicleHandler(): [DEBUG] in= (257,0) alert=/alert/emergency/veh/163/seq=0/zor=[MASKED] timer cancelled because sender closer to ZoR
+87.377470516s 74 caf.Forwarder:OnIncomingAlert(): [DEBUG] in=257 alert=/alert/emergency/veh/163/seq=0/zor=[MASKED]
+87.377470516s 74 caf.Forwarder:AlertVehicleHandler(): [DEBUG] in=(257,0) alert=/alert/emergency/veh/163/seq=0/zor=[MASKED] decision=forward to vehicles deferred until 0ms
+87.377470516s 74 caf.Forwarder:OnOutgoingAlert(): [DEBUG] out=257 alert=/alert/emergency/veh/163/seq=0/zor=[MASKED]
+87.377470516s 74 ndn.AlertConsumer:doReceive(): [INFO ] Received alert: /alert/emergency/veh/163/seq=0/zor=[MASKED]
+87.377470527s 149 caf.Forwarder:OnIncomingAlert(): [DEBUG] in=257 alert=/alert/emergency/veh/163/seq=0/zor=[MASKED]
+87.377470527s 149 caf.Forwarder:AlertVehicleHandler(): [DEBUG] in=(257,0) alert=/alert/emergency/veh/163/seq=0/zor=[MASKED] decision=forward to vehicles deferred until 0ms
+87.377470527s 163 caf.Forwarder:OnIncomingAlert(): [DEBUG] in=257 alert=/alert/emergency/veh/163/seq=0/zor=[MASKED]
+87.377470527s 163 caf.Forwarder:AlertVehicleHandler(): [DEBUG] in=(257,0) alert=/alert/emergency/veh/163/seq=0/zor=[MASKED] decision=drop because duplicate alert
+87.377470527s 149 caf.Forwarder:OnOutgoingAlert(): [DEBUG] out=257 alert=/alert/emergency/veh/163/seq=0/zor=[MASKED]
+87.377470527s 149 ndn.AlertConsumer:doReceive(): [INFO ] Received alert: /alert/emergency/veh/163/seq=0/zor=[MASKED]
+87.377470571s 67 caf.Forwarder:OnIncomingAlert(): [DEBUG] in=257 alert=/alert/emergency/veh/163/seq=0/zor=[MASKED]
+87.377470571s 67 caf.Forwarder:AlertVehicleHandler(): [DEBUG] in=(257,0) alert=/alert/emergency/veh/163/seq=0/zor=[MASKED] decision=drop because duplicate alert
+87.378344580s 140 caf.Forwarder:OnIncomingAlert(): [DEBUG] in=257 alert=/alert/emergency/veh/163/seq=0/zor=[MASKED]
+87.378344580s 140 caf.Forwarder:AlertVehicleHandler(): [DEBUG] in=(257,0) alert=/alert/emergency/veh/163/seq=0/zor=[MASKED] decision=forward to vehicles deferred until 0ms
+87.378344580s 140 caf.Forwarder:OnOutgoingAlert(): [DEBUG] out=257 alert=/alert/emergency/veh/163/seq=0/zor=[MASKED]
+87.378344580s 140 ndn.AlertConsumer:doReceive(): [INFO ] Received alert: /alert/emergency/veh/163/seq=0/zor=[MASKED]
+87.379218616s 54 caf.Forwarder:OnIncomingAlert(): [DEBUG] in=257 alert=/alert/emergency/veh/163/seq=0/zor=[MASKED]
+87.379218616s 54 caf.Forwarder:AlertVehicleHandler(): [DEBUG] in=(257,0) alert=/alert/emergency/veh/163/seq=0/zor=[MASKED] decision=forward to vehicles deferred until 0ms
+87.379218616s 54 caf.Forwarder:OnOutgoingAlert(): [DEBUG] out=257 alert=/alert/emergency/veh/163/seq=0/zor=[MASKED]
+87.379218616s 54 ndn.AlertConsumer:doReceive(): [INFO ] Received alert: /alert/emergency/veh/163/seq=0/zor=[MASKED]
+87.379218630s 141 caf.Forwarder:OnIncomingAlert(): [DEBUG] in=257 alert=/alert/emergency/veh/163/seq=0/zor=[MASKED]
+87.379218630s 141 caf.Forwarder:AlertVehicleHandler(): [DEBUG] in=(257,0) alert=/alert/emergency/veh/163/seq=0/zor=[MASKED] decision=forward to vehicles deferred until 0ms
+87.379218630s 141 caf.Forwarder:OnOutgoingAlert(): [DEBUG] out=257 alert=/alert/emergency/veh/163/seq=0/zor=[MASKED]
+87.379218630s 141 ndn.AlertConsumer:doReceive(): [INFO ] Received alert: /alert/emergency/veh/163/seq=0/zor=[MASKED]
+87.379218633s 149 caf.Forwarder:OnIncomingAlert(): [DEBUG] in=257 alert=/alert/emergency/veh/163/seq=0/zor=[MASKED]
+87.379218633s 149 caf.Forwarder:AlertVehicleHandler(): [DEBUG] in=(257,0) alert=/alert/emergency/veh/163/seq=0/zor=[MASKED] decision=drop because duplicate alert
+87.379218652s 74 caf.Forwarder:OnIncomingAlert(): [DEBUG] in=257 alert=/alert/emergency/veh/163/seq=0/zor=[MASKED]
+87.379218652s 74 caf.Forwarder:AlertVehicleHandler(): [DEBUG] in=(257,0) alert=/alert/emergency/veh/163/seq=0/zor=[MASKED] decision=drop because duplicate alert
+87.379218682s 134 caf.Forwarder:OnIncomingAlert(): [DEBUG] in=257 alert=/alert/emergency/veh/163/seq=0/zor=[MASKED]
+87.379218682s 134 caf.Forwarder:AlertVehicleHandler(): [DEBUG] in=(257,0) alert=/alert/emergency/veh/163/seq=0/zor=[MASKED] decision=forward to vehicles deferred until 0ms
+87.379218682s 134 caf.Forwarder:OnOutgoingAlert(): [DEBUG] out=257 alert=/alert/emergency/veh/163/seq=0/zor=[MASKED]
+87.379218682s 134 ndn.AlertConsumer:doReceive(): [INFO ] Received alert: /alert/emergency/veh/163/seq=0/zor=[MASKED]
+87.379218683s 128 caf.Forwarder:OnIncomingAlert(): [DEBUG] in=257 alert=/alert/emergency/veh/163/seq=0/zor=[MASKED]
+87.379218683s 128 caf.Forwarder:AlertVehicleHandler(): [DEBUG] in=(257,0) alert=/alert/emergency/veh/163/seq=0/zor=[MASKED] decision=forward to vehicles deferred until 0ms
+87.379218683s 128 caf.Forwarder:OnOutgoingAlert(): [DEBUG] out=257 alert=/alert/emergency/veh/163/seq=0/zor=[MASKED]
+87.379218683s 128 ndn.AlertConsumer:doReceive(): [INFO ] Received alert: /alert/emergency/veh/163/seq=0/zor=[MASKED]
+87.379218717s 127 caf.Forwarder:OnIncomingAlert(): [DEBUG] in=257 alert=/alert/emergency/veh/163/seq=0/zor=[MASKED]
+87.379218717s 127 caf.Forwarder:AlertVehicleHandler(): [DEBUG] in=(257,0) alert=/alert/emergency/veh/163/seq=0/zor=[MASKED] decision=forward to vehicles deferred until 0ms
+87.379218717s 127 caf.Forwarder:OnOutgoingAlert(): [DEBUG] out=257 alert=/alert/emergency/veh/163/seq=0/zor=[MASKED]
+87.379218717s 127 ndn.AlertConsumer:doReceive(): [INFO ] Received alert: /alert/emergency/veh/163/seq=0/zor=[MASKED]
+87.379218719s 133 caf.Forwarder:OnIncomingAlert(): [DEBUG] in=257 alert=/alert/emergency/veh/163/seq=0/zor=[MASKED]
+87.379218719s 133 caf.Forwarder:AlertVehicleHandler(): [DEBUG] in=(257,0) alert=/alert/emergency/veh/163/seq=0/zor=[MASKED] decision=forward to vehicles deferred until 0ms
+87.379218719s 133 caf.Forwarder:OnOutgoingAlert(): [DEBUG] out=257 alert=/alert/emergency/veh/163/seq=0/zor=[MASKED]
+87.379218719s 133 ndn.AlertConsumer:doReceive(): [INFO ] Received alert: /alert/emergency/veh/163/seq=0/zor=[MASKED]
+87.379218745s 122 caf.Forwarder:OnIncomingAlert(): [DEBUG] in=257 alert=/alert/emergency/veh/163/seq=0/zor=[MASKED]
+87.379218745s 122 caf.Forwarder:AlertVehicleHandler(): [DEBUG] in=(257,0) alert=/alert/emergency/veh/163/seq=0/zor=[MASKED] decision=forward to vehicles deferred until 0ms
+87.379218745s 122 caf.Forwarder:OnOutgoingAlert(): [DEBUG] out=257 alert=/alert/emergency/veh/163/seq=0/zor=[MASKED]
+87.379218745s 122 ndn.AlertConsumer:doReceive(): [INFO ] Received alert: /alert/emergency/veh/163/seq=0/zor=[MASKED]
+87.379218749s 121 caf.Forwarder:OnIncomingAlert(): [DEBUG] in=257 alert=/alert/emergency/veh/163/seq=0/zor=[MASKED]
+87.379218749s 121 caf.Forwarder:AlertVehicleHandler(): [DEBUG] in=(257,0) alert=/alert/emergency/veh/163/seq=0/zor=[MASKED] decision=forward to vehicles deferred until 0ms
+87.379218749s 121 caf.Forwarder:OnOutgoingAlert(): [DEBUG] out=257 alert=/alert/emergency/veh/163/seq=0/zor=[MASKED]
+87.379218749s 121 ndn.AlertConsumer:doReceive(): [INFO ] Received alert: /alert/emergency/veh/163/seq=0/zor=[MASKED]
+88.084698327s 167 ndn.RandomAlertProducer:SendAlert(): [LOGIC] Don't send alert; condition failed
+88.132584170s 168 ndn.RandomAlertProducer:SendAlert(): [LOGIC] Don't send alert; condition failed
+88.259390505s 166 ndn.RandomAlertProducer:AlertSupplier(): [LOGIC] Send alert=/alert/emergency/veh/166/seq=0/zor=[MASKED] vehCount=106 rsuCount=9
+88.259390505s 166 caf.Forwarder:OnIncomingAlert(): [DEBUG] in=260 alert=/alert/emergency/veh/166/seq=0/zor=[MASKED]
+88.259390505s 166 caf.Forwarder:AlertVehicleHandler(): [DEBUG] in=(260,0) alert=/alert/emergency/veh/166/seq=0/zor=[MASKED] decision=forward to vehicles
+88.259390505s 166 caf.Forwarder:OnOutgoingAlert(): [DEBUG] out=257 alert=/alert/emergency/veh/166/seq=0/zor=[MASKED]
+88.260264550s 22 caf.Forwarder:OnIncomingAlert(): [DEBUG] in=257 alert=/alert/emergency/veh/166/seq=0/zor=[MASKED]
+88.260264550s 22 caf.Forwarder:AlertVehicleHandler(): [DEBUG] in=(257,0) alert=/alert/emergency/veh/166/seq=0/zor=[MASKED] decision=forward to vehicles deferred until 3.69882ms
+88.260264570s 159 caf.Forwarder:OnIncomingAlert(): [DEBUG] in=257 alert=/alert/emergency/veh/166/seq=0/zor=[MASKED]
+88.260264570s 159 caf.Forwarder:AlertVehicleHandler(): [DEBUG] in=(257,0) alert=/alert/emergency/veh/166/seq=0/zor=[MASKED] decision=forward to vehicles deferred until 3.08558ms
+88.260264584s 173 caf.Forwarder:OnIncomingAlert(): [DEBUG] in=257 alert=/alert/emergency/veh/166/seq=0/zor=[MASKED]
+88.260264584s 173 caf.Forwarder:AlertVehicleHandler(): [DEBUG] in=(257,0) alert=/alert/emergency/veh/166/seq=0/zor=[MASKED] decision=drop since sender is closer
+88.260264588s 29 caf.Forwarder:OnIncomingAlert(): [DEBUG] in=257 alert=/alert/emergency/veh/166/seq=0/zor=[MASKED]
+88.260264588s 29 caf.Forwarder:AlertVehicleHandler(): [DEBUG] in=(257,0) alert=/alert/emergency/veh/166/seq=0/zor=[MASKED] decision=forward to vehicles deferred until 2.53331ms
+88.260264592s 167 caf.Forwarder:OnIncomingAlert(): [DEBUG] in=257 alert=/alert/emergency/veh/166/seq=0/zor=[MASKED]
+88.260264592s 167 caf.Forwarder:AlertVehicleHandler(): [DEBUG] in=(257,0) alert=/alert/emergency/veh/166/seq=0/zor=[MASKED] decision=forward to vehicles deferred until 2.41508ms
+88.260264664s 158 caf.Forwarder:OnIncomingAlert(): [DEBUG] in=257 alert=/alert/emergency/veh/166/seq=0/zor=[MASKED]
+88.260264664s 158 caf.Forwarder:AlertVehicleHandler(): [DEBUG] in=(257,0) alert=/alert/emergency/veh/166/seq=0/zor=[MASKED] decision=forward to vehicles deferred until 0.245203ms
+88.260509867s 158 caf.Forwarder:OnOutgoingAlert(): [DEBUG] out=257 alert=/alert/emergency/veh/166/seq=0/zor=[MASKED]
+88.261383886s 153 caf.Forwarder:OnIncomingAlert(): [DEBUG] in=257 alert=/alert/emergency/veh/166/seq=0/zor=[MASKED]
+88.261383886s 153 caf.Forwarder:AlertVehicleHandler(): [DEBUG] in=(257,0) alert=/alert/emergency/veh/166/seq=0/zor=[MASKED] decision=forward to vehicles deferred until 4.49427ms
+88.261383906s 57 caf.Forwarder:OnIncomingAlert(): [DEBUG] in=257 alert=/alert/emergency/veh/166/seq=0/zor=[MASKED]
+88.261383906s 57 caf.Forwarder:AlertVehicleHandler(): [DEBUG] in=(257,0) alert=/alert/emergency/veh/166/seq=0/zor=[MASKED] decision=forward to vehicles deferred until 0ms
+88.261383906s 57 caf.Forwarder:OnOutgoingAlert(): [DEBUG] out=257 alert=/alert/emergency/veh/166/seq=0/zor=[MASKED]
+88.261383906s 57 ndn.AlertConsumer:doReceive(): [INFO ] Received alert: /alert/emergency/veh/166/seq=0/zor=[MASKED]
+88.261383939s 167 caf.Forwarder:OnIncomingAlert(): [DEBUG] in=257 alert=/alert/emergency/veh/166/seq=0/zor=[MASKED]
+88.261383939s 167 caf.Forwarder:AlertVehicleHandler(): [DEBUG] in= (257,0) alert=/alert/emergency/veh/166/seq=0/zor=[MASKED] timer cancelled because sender closer to ZoR
+88.261383946s 29 caf.Forwarder:OnIncomingAlert(): [DEBUG] in=257 alert=/alert/emergency/veh/166/seq=0/zor=[MASKED]
+88.261383946s 29 caf.Forwarder:AlertVehicleHandler(): [DEBUG] in= (257,0) alert=/alert/emergency/veh/166/seq=0/zor=[MASKED] timer cancelled because sender closer to ZoR
+88.261383952s 39 caf.Forwarder:OnIncomingAlert(): [DEBUG] in=257 alert=/alert/emergency/veh/166/seq=0/zor=[MASKED]
+88.261383952s 39 caf.Forwarder:AlertVehicleHandler(): [DEBUG] in=(257,0) alert=/alert/emergency/veh/166/seq=0/zor=[MASKED] decision=forward to vehicles deferred until 0ms
+88.261383952s 152 caf.Forwarder:OnIncomingAlert(): [DEBUG] in=257 alert=/alert/emergency/veh/166/seq=0/zor=[MASKED]
+88.261383952s 152 caf.Forwarder:AlertVehicleHandler(): [DEBUG] in=(257,0) alert=/alert/emergency/veh/166/seq=0/zor=[MASKED] decision=forward to vehicles deferred until 0ms
+88.261383952s 39 caf.Forwarder:OnOutgoingAlert(): [DEBUG] out=257 alert=/alert/emergency/veh/166/seq=0/zor=[MASKED]
+88.261383952s 39 ndn.AlertConsumer:doReceive(): [INFO ] Received alert: /alert/emergency/veh/166/seq=0/zor=[MASKED]
+88.261383952s 152 caf.Forwarder:OnOutgoingAlert(): [DEBUG] out=257 alert=/alert/emergency/veh/166/seq=0/zor=[MASKED]
+88.261383952s 152 ndn.AlertConsumer:doReceive(): [INFO ] Received alert: /alert/emergency/veh/166/seq=0/zor=[MASKED]
+88.261383961s 159 caf.Forwarder:OnIncomingAlert(): [DEBUG] in=257 alert=/alert/emergency/veh/166/seq=0/zor=[MASKED]
+88.261383961s 159 caf.Forwarder:AlertVehicleHandler(): [DEBUG] in= (257,0) alert=/alert/emergency/veh/166/seq=0/zor=[MASKED] timer cancelled because sender closer to ZoR
+88.261383995s 144 caf.Forwarder:OnIncomingAlert(): [DEBUG] in=257 alert=/alert/emergency/veh/166/seq=0/zor=[MASKED]
+88.261383995s 144 caf.Forwarder:AlertVehicleHandler(): [DEBUG] in=(257,0) alert=/alert/emergency/veh/166/seq=0/zor=[MASKED] decision=forward to vehicles deferred until 0ms
+88.261383995s 144 caf.Forwarder:OnOutgoingAlert(): [DEBUG] out=257 alert=/alert/emergency/veh/166/seq=0/zor=[MASKED]
+88.261383995s 144 ndn.AlertConsumer:doReceive(): [INFO ] Received alert: /alert/emergency/veh/166/seq=0/zor=[MASKED]
+88.261383996s 22 caf.Forwarder:OnIncomingAlert(): [DEBUG] in=257 alert=/alert/emergency/veh/166/seq=0/zor=[MASKED]
+88.261383996s 22 caf.Forwarder:AlertVehicleHandler(): [DEBUG] in= (257,0) alert=/alert/emergency/veh/166/seq=0/zor=[MASKED] timer cancelled because sender closer to ZoR
+88.261384026s 166 caf.Forwarder:OnIncomingAlert(): [DEBUG] in=257 alert=/alert/emergency/veh/166/seq=0/zor=[MASKED]
+88.261384026s 166 caf.Forwarder:AlertVehicleHandler(): [DEBUG] in=(257,0) alert=/alert/emergency/veh/166/seq=0/zor=[MASKED] decision=drop because duplicate alert
+88.262257942s 153 caf.Forwarder:OnIncomingAlert(): [DEBUG] in=257 alert=/alert/emergency/veh/166/seq=0/zor=[MASKED]
+88.262257942s 153 caf.Forwarder:AlertVehicleHandler(): [DEBUG] in= (257,0) alert=/alert/emergency/veh/166/seq=0/zor=[MASKED] timer cancelled because sender closer to ZoR
+88.262257945s 158 caf.Forwarder:OnIncomingAlert(): [DEBUG] in=257 alert=/alert/emergency/veh/166/seq=0/zor=[MASKED]
+88.262257945s 158 caf.Forwarder:AlertVehicleHandler(): [DEBUG] in=(257,0) alert=/alert/emergency/veh/166/seq=0/zor=[MASKED] decision=drop because duplicate alert
+88.550068796s 169 ndn.RandomAlertProducer:AlertSupplier(): [LOGIC] Send alert=/alert/emergency/veh/169/seq=0/zor=[MASKED] vehCount=107 rsuCount=9
+88.550068796s 169 caf.Forwarder:OnIncomingAlert(): [DEBUG] in=260 alert=/alert/emergency/veh/169/seq=0/zor=[MASKED]
+88.550068796s 169 caf.Forwarder:AlertVehicleHandler(): [DEBUG] in=(260,0) alert=/alert/emergency/veh/169/seq=0/zor=[MASKED] decision=forward to vehicles
+88.550068796s 169 caf.Forwarder:OnOutgoingAlert(): [DEBUG] out=257 alert=/alert/emergency/veh/169/seq=0/zor=[MASKED]
+88.550942807s 175 caf.Forwarder:OnIncomingAlert(): [DEBUG] in=257 alert=/alert/emergency/veh/169/seq=0/zor=[MASKED]
+88.550942807s 175 caf.Forwarder:AlertVehicleHandler(): [DEBUG] in=(257,0) alert=/alert/emergency/veh/169/seq=0/zor=[MASKED] decision=forward to vehicles deferred until 4.72028ms
+88.550942832s 45 caf.Forwarder:OnIncomingAlert(): [DEBUG] in=257 alert=/alert/emergency/veh/169/seq=0/zor=[MASKED]
+88.550942832s 45 caf.Forwarder:AlertVehicleHandler(): [DEBUG] in=(257,0) alert=/alert/emergency/veh/169/seq=0/zor=[MASKED] decision=forward to vehicles deferred until 3.96211ms
+88.550942868s 33 caf.Forwarder:OnIncomingAlert(): [DEBUG] in=257 alert=/alert/emergency/veh/169/seq=0/zor=[MASKED]
+88.550942868s 33 caf.Forwarder:AlertVehicleHandler(): [DEBUG] in=(257,0) alert=/alert/emergency/veh/169/seq=0/zor=[MASKED] decision=drop since sender is closer
+88.550942892s 179 caf.Forwarder:OnIncomingAlert(): [DEBUG] in=257 alert=/alert/emergency/veh/169/seq=0/zor=[MASKED]
+88.550942892s 179 caf.Forwarder:AlertVehicleHandler(): [DEBUG] in=(257,0) alert=/alert/emergency/veh/169/seq=0/zor=[MASKED] decision=drop since sender is closer
+88.550942899s 168 caf.Forwarder:OnIncomingAlert(): [DEBUG] in=257 alert=/alert/emergency/veh/169/seq=0/zor=[MASKED]
+88.550942899s 168 caf.Forwarder:AlertVehicleHandler(): [DEBUG] in=(257,0) alert=/alert/emergency/veh/169/seq=0/zor=[MASKED] decision=forward to vehicles deferred until 1.93806ms
+88.550942904s 27 caf.Forwarder:OnIncomingAlert(): [DEBUG] in=257 alert=/alert/emergency/veh/169/seq=0/zor=[MASKED]
+88.550942904s 27 caf.Forwarder:AlertVehicleHandler(): [DEBUG] in=(257,0) alert=/alert/emergency/veh/169/seq=0/zor=[MASKED] decision=forward to vehicles deferred until 1.79047ms
+88.550942917s 161 caf.Forwarder:OnIncomingAlert(): [DEBUG] in=257 alert=/alert/emergency/veh/169/seq=0/zor=[MASKED]
+88.550942917s 161 caf.Forwarder:AlertVehicleHandler(): [DEBUG] in=(257,0) alert=/alert/emergency/veh/169/seq=0/zor=[MASKED] decision=forward to vehicles deferred until 1.39515ms
+88.550942934s 182 caf.Forwarder:OnIncomingAlert(): [DEBUG] in=257 alert=/alert/emergency/veh/169/seq=0/zor=[MASKED]
+88.550942934s 182 caf.Forwarder:AlertVehicleHandler(): [DEBUG] in=(257,0) alert=/alert/emergency/veh/169/seq=0/zor=[MASKED] decision=drop since sender is closer
+88.552338067s 161 caf.Forwarder:OnOutgoingAlert(): [DEBUG] out=257 alert=/alert/emergency/veh/169/seq=0/zor=[MASKED]
+88.552733369s 27 caf.Forwarder:OnOutgoingAlert(): [DEBUG] out=257 alert=/alert/emergency/veh/169/seq=0/zor=[MASKED]
+88.552880958s 168 caf.Forwarder:OnOutgoingAlert(): [DEBUG] out=257 alert=/alert/emergency/veh/169/seq=0/zor=[MASKED]
+88.553212088s 168 caf.Forwarder:OnIncomingAlert(): [DEBUG] in=257 alert=/alert/emergency/veh/169/seq=0/zor=[MASKED]
+88.553212088s 168 caf.Forwarder:AlertVehicleHandler(): [DEBUG] in=(257,0) alert=/alert/emergency/veh/169/seq=0/zor=[MASKED] decision=drop because duplicate alert
+88.553212093s 27 caf.Forwarder:OnIncomingAlert(): [DEBUG] in=257 alert=/alert/emergency/veh/169/seq=0/zor=[MASKED]
+88.553212093s 27 caf.Forwarder:AlertVehicleHandler(): [DEBUG] in=(257,0) alert=/alert/emergency/veh/169/seq=0/zor=[MASKED] decision=drop because duplicate alert
+88.553212128s 76 caf.Forwarder:OnIncomingAlert(): [DEBUG] in=257 alert=/alert/emergency/veh/169/seq=0/zor=[MASKED]
+88.553212128s 76 caf.Forwarder:AlertVehicleHandler(): [DEBUG] in=(257,0) alert=/alert/emergency/veh/169/seq=0/zor=[MASKED] decision=forward to vehicles deferred until 3.19682ms
+88.553212154s 45 caf.Forwarder:OnIncomingAlert(): [DEBUG] in=257 alert=/alert/emergency/veh/169/seq=0/zor=[MASKED]
+88.553212154s 45 caf.Forwarder:AlertVehicleHandler(): [DEBUG] in= (257,0) alert=/alert/emergency/veh/169/seq=0/zor=[MASKED] timer cancelled because sender closer to ZoR
+88.553212185s 175 caf.Forwarder:OnIncomingAlert(): [DEBUG] in=257 alert=/alert/emergency/veh/169/seq=0/zor=[MASKED]
+88.553212185s 175 caf.Forwarder:AlertVehicleHandler(): [DEBUG] in= (257,0) alert=/alert/emergency/veh/169/seq=0/zor=[MASKED] timer cancelled because sender closer to ZoR
+88.553212188s 169 caf.Forwarder:OnIncomingAlert(): [DEBUG] in=257 alert=/alert/emergency/veh/169/seq=0/zor=[MASKED]
+88.553212188s 169 caf.Forwarder:AlertVehicleHandler(): [DEBUG] in=(257,0) alert=/alert/emergency/veh/169/seq=0/zor=[MASKED] decision=drop because duplicate alert
+88.553212189s 160 caf.Forwarder:OnIncomingAlert(): [DEBUG] in=257 alert=/alert/emergency/veh/169/seq=0/zor=[MASKED]
+88.553212189s 160 caf.Forwarder:AlertVehicleHandler(): [DEBUG] in=(257,0) alert=/alert/emergency/veh/169/seq=0/zor=[MASKED] decision=forward to vehicles deferred until 0ms
+88.553212189s 160 caf.Forwarder:OnOutgoingAlert(): [DEBUG] out=257 alert=/alert/emergency/veh/169/seq=0/zor=[MASKED]
+88.553212189s 160 ndn.AlertConsumer:doReceive(): [INFO ] Received alert: /alert/emergency/veh/169/seq=0/zor=[MASKED]
+88.554086255s 76 caf.Forwarder:OnIncomingAlert(): [DEBUG] in=257 alert=/alert/emergency/veh/169/seq=0/zor=[MASKED]
+88.554086255s 76 caf.Forwarder:AlertVehicleHandler(): [DEBUG] in= (257,0) alert=/alert/emergency/veh/169/seq=0/zor=[MASKED] timer cancelled because sender closer to ZoR
+88.554086257s 49 caf.Forwarder:OnIncomingAlert(): [DEBUG] in=257 alert=/alert/emergency/veh/169/seq=0/zor=[MASKED]
+88.554086257s 49 caf.Forwarder:AlertVehicleHandler(): [DEBUG] in=(257,0) alert=/alert/emergency/veh/169/seq=0/zor=[MASKED] decision=forward to vehicles deferred until 0ms
+88.554086257s 49 caf.Forwarder:OnOutgoingAlert(): [DEBUG] out=257 alert=/alert/emergency/veh/169/seq=0/zor=[MASKED]
+88.554086257s 49 ndn.AlertConsumer:doReceive(): [INFO ] Received alert: /alert/emergency/veh/169/seq=0/zor=[MASKED]
+88.554086265s 154 caf.Forwarder:OnIncomingAlert(): [DEBUG] in=257 alert=/alert/emergency/veh/169/seq=0/zor=[MASKED]
+88.554086265s 154 caf.Forwarder:AlertVehicleHandler(): [DEBUG] in=(257,0) alert=/alert/emergency/veh/169/seq=0/zor=[MASKED] decision=forward to vehicles deferred until 0ms
+88.554086265s 154 caf.Forwarder:OnOutgoingAlert(): [DEBUG] out=257 alert=/alert/emergency/veh/169/seq=0/zor=[MASKED]
+88.554086265s 154 ndn.AlertConsumer:doReceive(): [INFO ] Received alert: /alert/emergency/veh/169/seq=0/zor=[MASKED]
+88.554086311s 161 caf.Forwarder:OnIncomingAlert(): [DEBUG] in=257 alert=/alert/emergency/veh/169/seq=0/zor=[MASKED]
+88.554086311s 161 caf.Forwarder:AlertVehicleHandler(): [DEBUG] in=(257,0) alert=/alert/emergency/veh/169/seq=0/zor=[MASKED] decision=drop because duplicate alert
+88.554086329s 168 caf.Forwarder:OnIncomingAlert(): [DEBUG] in=257 alert=/alert/emergency/veh/169/seq=0/zor=[MASKED]
+88.554086329s 168 caf.Forwarder:AlertVehicleHandler(): [DEBUG] in=(257,0) alert=/alert/emergency/veh/169/seq=0/zor=[MASKED] decision=drop because duplicate alert
+88.554086330s 27 caf.Forwarder:OnIncomingAlert(): [DEBUG] in=257 alert=/alert/emergency/veh/169/seq=0/zor=[MASKED]
+88.554086330s 27 caf.Forwarder:AlertVehicleHandler(): [DEBUG] in=(257,0) alert=/alert/emergency/veh/169/seq=0/zor=[MASKED] decision=drop because duplicate alert
+88.554086342s 147 caf.Forwarder:OnIncomingAlert(): [DEBUG] in=257 alert=/alert/emergency/veh/169/seq=0/zor=[MASKED]
+88.554086342s 147 caf.Forwarder:AlertVehicleHandler(): [DEBUG] in=(257,0) alert=/alert/emergency/veh/169/seq=0/zor=[MASKED] decision=forward to vehicles deferred until 0ms
+88.554086342s 147 caf.Forwarder:OnOutgoingAlert(): [DEBUG] out=257 alert=/alert/emergency/veh/169/seq=0/zor=[MASKED]
+88.554086342s 147 ndn.AlertConsumer:doReceive(): [INFO ] Received alert: /alert/emergency/veh/169/seq=0/zor=[MASKED]
+88.554960409s 146 caf.Forwarder:OnIncomingAlert(): [DEBUG] in=257 alert=/alert/emergency/veh/169/seq=0/zor=[MASKED]
+88.554960409s 146 caf.Forwarder:AlertVehicleHandler(): [DEBUG] in=(257,0) alert=/alert/emergency/veh/169/seq=0/zor=[MASKED] decision=forward to vehicles deferred until 0ms
+88.554960409s 146 caf.Forwarder:OnOutgoingAlert(): [DEBUG] out=257 alert=/alert/emergency/veh/169/seq=0/zor=[MASKED]
+88.554960409s 146 ndn.AlertConsumer:doReceive(): [INFO ] Received alert: /alert/emergency/veh/169/seq=0/zor=[MASKED]
+88.554960429s 138 caf.Forwarder:OnIncomingAlert(): [DEBUG] in=257 alert=/alert/emergency/veh/169/seq=0/zor=[MASKED]
+88.554960429s 138 caf.Forwarder:AlertVehicleHandler(): [DEBUG] in=(257,0) alert=/alert/emergency/veh/169/seq=0/zor=[MASKED] decision=forward to vehicles deferred until 0ms
+88.554960429s 138 caf.Forwarder:OnOutgoingAlert(): [DEBUG] out=257 alert=/alert/emergency/veh/169/seq=0/zor=[MASKED]
+88.554960429s 138 ndn.AlertConsumer:doReceive(): [INFO ] Received alert: /alert/emergency/veh/169/seq=0/zor=[MASKED]
+88.555077356s 161 caf.Forwarder:OnIncomingAlert(): [DEBUG] in=257 alert=/alert/emergency/veh/169/seq=0/zor=[MASKED]
+88.555077356s 161 caf.Forwarder:AlertVehicleHandler(): [DEBUG] in=(257,0) alert=/alert/emergency/veh/169/seq=0/zor=[MASKED] decision=drop because duplicate alert
+88.555077362s 168 caf.Forwarder:OnIncomingAlert(): [DEBUG] in=257 alert=/alert/emergency/veh/169/seq=0/zor=[MASKED]
+88.555077362s 168 caf.Forwarder:AlertVehicleHandler(): [DEBUG] in=(257,0) alert=/alert/emergency/veh/169/seq=0/zor=[MASKED] decision=drop because duplicate alert
+88.555077402s 45 caf.Forwarder:OnIncomingAlert(): [DEBUG] in=257 alert=/alert/emergency/veh/169/seq=0/zor=[MASKED]
+88.555077402s 45 caf.Forwarder:AlertVehicleHandler(): [DEBUG] in=(257,0) alert=/alert/emergency/veh/169/seq=0/zor=[MASKED] decision=drop because duplicate alert
+88.555077437s 169 caf.Forwarder:OnIncomingAlert(): [DEBUG] in=257 alert=/alert/emergency/veh/169/seq=0/zor=[MASKED]
+88.555077437s 169 caf.Forwarder:AlertVehicleHandler(): [DEBUG] in=(257,0) alert=/alert/emergency/veh/169/seq=0/zor=[MASKED] decision=drop because duplicate alert
+88.555077437s 175 caf.Forwarder:OnIncomingAlert(): [DEBUG] in=257 alert=/alert/emergency/veh/169/seq=0/zor=[MASKED]
+88.555077437s 175 caf.Forwarder:AlertVehicleHandler(): [DEBUG] in=(257,0) alert=/alert/emergency/veh/169/seq=0/zor=[MASKED] decision=drop because duplicate alert
+88.555123608s 165 ndn.RandomAlertProducer:AlertSupplier(): [LOGIC] Send alert=/alert/emergency/veh/165/seq=0/zor=[MASKED] vehCount=107 rsuCount=9
+88.555123608s 165 caf.Forwarder:OnIncomingAlert(): [DEBUG] in=260 alert=/alert/emergency/veh/165/seq=0/zor=[MASKED]
+88.555123608s 165 caf.Forwarder:AlertVehicleHandler(): [DEBUG] in=(260,0) alert=/alert/emergency/veh/165/seq=0/zor=[MASKED] decision=forward to vehicles
+88.555123608s 165 caf.Forwarder:OnOutgoingAlert(): [DEBUG] out=257 alert=/alert/emergency/veh/165/seq=0/zor=[MASKED]
+88.555997623s 164 caf.Forwarder:OnIncomingAlert(): [DEBUG] in=257 alert=/alert/emergency/veh/165/seq=0/zor=[MASKED]
+88.555997623s 164 caf.Forwarder:AlertVehicleHandler(): [DEBUG] in=(257,0) alert=/alert/emergency/veh/165/seq=0/zor=[MASKED] decision=drop since sender is closer
+88.555997648s 60 caf.Forwarder:OnIncomingAlert(): [DEBUG] in=257 alert=/alert/emergency/veh/165/seq=0/zor=[MASKED]
+88.555997648s 60 caf.Forwarder:AlertVehicleHandler(): [DEBUG] in=(257,0) alert=/alert/emergency/veh/165/seq=0/zor=[MASKED] decision=drop since sender is closer
+88.555997687s 171 caf.Forwarder:OnIncomingAlert(): [DEBUG] in=257 alert=/alert/emergency/veh/165/seq=0/zor=[MASKED]
+88.555997687s 171 caf.Forwarder:AlertVehicleHandler(): [DEBUG] in=(257,0) alert=/alert/emergency/veh/165/seq=0/zor=[MASKED] decision=drop since sender is closer
+88.555997713s 157 caf.Forwarder:OnIncomingAlert(): [DEBUG] in=257 alert=/alert/emergency/veh/165/seq=0/zor=[MASKED]
+88.555997713s 157 caf.Forwarder:AlertVehicleHandler(): [DEBUG] in=(257,0) alert=/alert/emergency/veh/165/seq=0/zor=[MASKED] decision=forward to vehicles deferred until 1.86542ms
+88.555997746s 41 caf.Forwarder:OnIncomingAlert(): [DEBUG] in=257 alert=/alert/emergency/veh/165/seq=0/zor=[MASKED]
+88.555997746s 41 caf.Forwarder:AlertVehicleHandler(): [DEBUG] in=(257,0) alert=/alert/emergency/veh/165/seq=0/zor=[MASKED] decision=drop since sender is closer
+88.555997755s 172 caf.Forwarder:OnIncomingAlert(): [DEBUG] in=257 alert=/alert/emergency/veh/165/seq=0/zor=[MASKED]
+88.555997755s 172 caf.Forwarder:AlertVehicleHandler(): [DEBUG] in=(257,0) alert=/alert/emergency/veh/165/seq=0/zor=[MASKED] decision=drop since sender is closer
+88.556016383s 161 caf.Forwarder:OnIncomingAlert(): [DEBUG] in=257 alert=/alert/emergency/veh/169/seq=0/zor=[MASKED]
+88.556016383s 161 caf.Forwarder:AlertVehicleHandler(): [DEBUG] in=(257,0) alert=/alert/emergency/veh/169/seq=0/zor=[MASKED] decision=drop because duplicate alert
+88.556016394s 27 caf.Forwarder:OnIncomingAlert(): [DEBUG] in=257 alert=/alert/emergency/veh/169/seq=0/zor=[MASKED]
+88.556016394s 27 caf.Forwarder:AlertVehicleHandler(): [DEBUG] in=(257,0) alert=/alert/emergency/veh/169/seq=0/zor=[MASKED] decision=drop because duplicate alert
+88.556016433s 45 caf.Forwarder:OnIncomingAlert(): [DEBUG] in=257 alert=/alert/emergency/veh/169/seq=0/zor=[MASKED]
+88.556016433s 45 caf.Forwarder:AlertVehicleHandler(): [DEBUG] in=(257,0) alert=/alert/emergency/veh/169/seq=0/zor=[MASKED] decision=drop because duplicate alert
+88.556016444s 76 caf.Forwarder:OnIncomingAlert(): [DEBUG] in=257 alert=/alert/emergency/veh/169/seq=0/zor=[MASKED]
+88.556016444s 76 caf.Forwarder:AlertVehicleHandler(): [DEBUG] in=(257,0) alert=/alert/emergency/veh/169/seq=0/zor=[MASKED] decision=drop because duplicate alert
+88.556016461s 175 caf.Forwarder:OnIncomingAlert(): [DEBUG] in=257 alert=/alert/emergency/veh/169/seq=0/zor=[MASKED]
+88.556016461s 175 caf.Forwarder:AlertVehicleHandler(): [DEBUG] in=(257,0) alert=/alert/emergency/veh/169/seq=0/zor=[MASKED] decision=drop because duplicate alert
+88.556016465s 169 caf.Forwarder:OnIncomingAlert(): [DEBUG] in=257 alert=/alert/emergency/veh/169/seq=0/zor=[MASKED]
+88.556016465s 169 caf.Forwarder:AlertVehicleHandler(): [DEBUG] in=(257,0) alert=/alert/emergency/veh/169/seq=0/zor=[MASKED] decision=drop because duplicate alert
+88.557863135s 157 caf.Forwarder:OnOutgoingAlert(): [DEBUG] out=257 alert=/alert/emergency/veh/165/seq=0/zor=[MASKED]
+88.558737203s 156 caf.Forwarder:OnIncomingAlert(): [DEBUG] in=257 alert=/alert/emergency/veh/165/seq=0/zor=[MASKED]
+88.558737203s 156 caf.Forwarder:AlertVehicleHandler(): [DEBUG] in=(257,0) alert=/alert/emergency/veh/165/seq=0/zor=[MASKED] decision=forward to vehicles deferred until 0ms
+88.558737203s 156 caf.Forwarder:OnOutgoingAlert(): [DEBUG] out=257 alert=/alert/emergency/veh/165/seq=0/zor=[MASKED]
+88.558737203s 156 ndn.AlertConsumer:doReceive(): [INFO ] Received alert: /alert/emergency/veh/165/seq=0/zor=[MASKED]
+88.558737238s 59 caf.Forwarder:OnIncomingAlert(): [DEBUG] in=257 alert=/alert/emergency/veh/165/seq=0/zor=[MASKED]
+88.558737238s 59 caf.Forwarder:AlertVehicleHandler(): [DEBUG] in=(257,0) alert=/alert/emergency/veh/165/seq=0/zor=[MASKED] decision=forward to vehicles deferred until 0ms
+88.558737238s 59 caf.Forwarder:OnOutgoingAlert(): [DEBUG] out=257 alert=/alert/emergency/veh/165/seq=0/zor=[MASKED]
+88.558737238s 59 ndn.AlertConsumer:doReceive(): [INFO ] Received alert: /alert/emergency/veh/165/seq=0/zor=[MASKED]
+88.558737240s 165 caf.Forwarder:OnIncomingAlert(): [DEBUG] in=257 alert=/alert/emergency/veh/165/seq=0/zor=[MASKED]
+88.558737240s 165 caf.Forwarder:AlertVehicleHandler(): [DEBUG] in=(257,0) alert=/alert/emergency/veh/165/seq=0/zor=[MASKED] decision=drop because duplicate alert
+88.558737251s 164 caf.Forwarder:OnIncomingAlert(): [DEBUG] in=257 alert=/alert/emergency/veh/165/seq=0/zor=[MASKED]
+88.558737251s 164 caf.Forwarder:AlertVehicleHandler(): [DEBUG] in=(257,0) alert=/alert/emergency/veh/165/seq=0/zor=[MASKED] decision=drop because duplicate alert
+88.558737258s 64 caf.Forwarder:OnIncomingAlert(): [DEBUG] in=257 alert=/alert/emergency/veh/165/seq=0/zor=[MASKED]
+88.558737258s 64 caf.Forwarder:AlertVehicleHandler(): [DEBUG] in=(257,0) alert=/alert/emergency/veh/165/seq=0/zor=[MASKED] decision=forward to vehicles deferred until 0ms
+88.558737258s 64 caf.Forwarder:OnOutgoingAlert(): [DEBUG] out=257 alert=/alert/emergency/veh/165/seq=0/zor=[MASKED]
+88.558737258s 64 ndn.AlertConsumer:doReceive(): [INFO ] Received alert: /alert/emergency/veh/165/seq=0/zor=[MASKED]
+88.558737268s 60 caf.Forwarder:OnIncomingAlert(): [DEBUG] in=257 alert=/alert/emergency/veh/165/seq=0/zor=[MASKED]
+88.558737268s 60 caf.Forwarder:AlertVehicleHandler(): [DEBUG] in=(257,0) alert=/alert/emergency/veh/165/seq=0/zor=[MASKED] decision=drop because duplicate alert
+88.558737282s 150 caf.Forwarder:OnIncomingAlert(): [DEBUG] in=257 alert=/alert/emergency/veh/165/seq=0/zor=[MASKED]
+88.558737282s 150 caf.Forwarder:AlertVehicleHandler(): [DEBUG] in=(257,0) alert=/alert/emergency/veh/165/seq=0/zor=[MASKED] decision=forward to vehicles deferred until 0ms
+88.558737282s 150 caf.Forwarder:OnOutgoingAlert(): [DEBUG] out=257 alert=/alert/emergency/veh/165/seq=0/zor=[MASKED]
+88.558737282s 150 ndn.AlertConsumer:doReceive(): [INFO ] Received alert: /alert/emergency/veh/165/seq=0/zor=[MASKED]
+88.732253788s 164 ndn.RandomAlertProducer:SendAlert(): [LOGIC] Don't send alert; condition failed
+89.092238657s 170 ndn.RandomAlertProducer:SendAlert(): [LOGIC] Don't send alert; condition failed
+90.843399214s 171 ndn.RandomAlertProducer:SendAlert(): [LOGIC] Don't send alert; condition failed
+91.070490328s 173 ndn.RandomAlertProducer:AlertSupplier(): [LOGIC] Send alert=/alert/emergency/veh/173/seq=0/zor=[MASKED] vehCount=107 rsuCount=9
+91.070490328s 173 caf.Forwarder:OnIncomingAlert(): [DEBUG] in=260 alert=/alert/emergency/veh/173/seq=0/zor=[MASKED]
+91.070490328s 173 caf.Forwarder:AlertVehicleHandler(): [DEBUG] in=(260,0) alert=/alert/emergency/veh/173/seq=0/zor=[MASKED] decision=forward to vehicles
+91.070490328s 173 caf.Forwarder:OnOutgoingAlert(): [DEBUG] out=257 alert=/alert/emergency/veh/173/seq=0/zor=[MASKED]
+91.071364376s 29 caf.Forwarder:OnIncomingAlert(): [DEBUG] in=257 alert=/alert/emergency/veh/173/seq=0/zor=[MASKED]
+91.071364376s 29 caf.Forwarder:AlertVehicleHandler(): [DEBUG] in=(257,0) alert=/alert/emergency/veh/173/seq=0/zor=[MASKED] decision=drop since sender is closer
+91.071364395s 166 caf.Forwarder:OnIncomingAlert(): [DEBUG] in=257 alert=/alert/emergency/veh/173/seq=0/zor=[MASKED]
+91.071364395s 166 caf.Forwarder:AlertVehicleHandler(): [DEBUG] in=(257,0) alert=/alert/emergency/veh/173/seq=0/zor=[MASKED] decision=forward to vehicles deferred until 3.02832ms
+91.071364396s 57 caf.Forwarder:OnIncomingAlert(): [DEBUG] in=257 alert=/alert/emergency/veh/173/seq=0/zor=[MASKED]
+91.071364396s 57 caf.Forwarder:AlertVehicleHandler(): [DEBUG] in=(257,0) alert=/alert/emergency/veh/173/seq=0/zor=[MASKED] decision=forward to vehicles deferred until 3.00245ms
+91.071364423s 22 caf.Forwarder:OnIncomingAlert(): [DEBUG] in=257 alert=/alert/emergency/veh/173/seq=0/zor=[MASKED]
+91.071364423s 22 caf.Forwarder:AlertVehicleHandler(): [DEBUG] in=(257,0) alert=/alert/emergency/veh/173/seq=0/zor=[MASKED] decision=drop since sender is closer
+91.071364428s 39 caf.Forwarder:OnIncomingAlert(): [DEBUG] in=257 alert=/alert/emergency/veh/173/seq=0/zor=[MASKED]
+91.071364428s 39 caf.Forwarder:AlertVehicleHandler(): [DEBUG] in=(257,0) alert=/alert/emergency/veh/173/seq=0/zor=[MASKED] decision=forward to vehicles deferred until 2.02103ms
+91.071364460s 159 caf.Forwarder:OnIncomingAlert(): [DEBUG] in=257 alert=/alert/emergency/veh/173/seq=0/zor=[MASKED]
+91.071364460s 159 caf.Forwarder:AlertVehicleHandler(): [DEBUG] in=(257,0) alert=/alert/emergency/veh/173/seq=0/zor=[MASKED] decision=forward to vehicles deferred until 1.05354ms
+91.071364488s 180 caf.Forwarder:OnIncomingAlert(): [DEBUG] in=257 alert=/alert/emergency/veh/173/seq=0/zor=[MASKED]
+91.071364488s 180 caf.Forwarder:AlertVehicleHandler(): [DEBUG] in=(257,0) alert=/alert/emergency/veh/173/seq=0/zor=[MASKED] decision=drop since sender is closer
+91.072418003s 159 caf.Forwarder:OnOutgoingAlert(): [DEBUG] out=257 alert=/alert/emergency/veh/173/seq=0/zor=[MASKED]
+91.073292039s 39 caf.Forwarder:OnIncomingAlert(): [DEBUG] in=257 alert=/alert/emergency/veh/173/seq=0/zor=[MASKED]
+91.073292039s 39 caf.Forwarder:AlertVehicleHandler(): [DEBUG] in= (257,0) alert=/alert/emergency/veh/173/seq=0/zor=[MASKED] timer cancelled because sender closer to ZoR
+91.073292054s 167 caf.Forwarder:OnIncomingAlert(): [DEBUG] in=257 alert=/alert/emergency/veh/173/seq=0/zor=[MASKED]
+91.073292054s 167 caf.Forwarder:AlertVehicleHandler(): [DEBUG] in=(257,0) alert=/alert/emergency/veh/173/seq=0/zor=[MASKED] decision=forward to vehicles deferred until 0ms
+91.073292054s 167 caf.Forwarder:OnOutgoingAlert(): [DEBUG] out=257 alert=/alert/emergency/veh/173/seq=0/zor=[MASKED]
+91.073292054s 167 ndn.AlertConsumer:doReceive(): [INFO ] Received alert: /alert/emergency/veh/173/seq=0/zor=[MASKED]
+91.073292069s 166 caf.Forwarder:OnIncomingAlert(): [DEBUG] in=257 alert=/alert/emergency/veh/173/seq=0/zor=[MASKED]
+91.073292069s 166 caf.Forwarder:AlertVehicleHandler(): [DEBUG] in= (257,0) alert=/alert/emergency/veh/173/seq=0/zor=[MASKED] timer cancelled because sender closer to ZoR
+91.073292078s 57 caf.Forwarder:OnIncomingAlert(): [DEBUG] in=257 alert=/alert/emergency/veh/173/seq=0/zor=[MASKED]
+91.073292078s 57 caf.Forwarder:AlertVehicleHandler(): [DEBUG] in= (257,0) alert=/alert/emergency/veh/173/seq=0/zor=[MASKED] timer cancelled because sender closer to ZoR
+91.073292094s 47 caf.Forwarder:OnIncomingAlert(): [DEBUG] in=257 alert=/alert/emergency/veh/173/seq=0/zor=[MASKED]
+91.073292094s 47 caf.Forwarder:AlertVehicleHandler(): [DEBUG] in=(257,0) alert=/alert/emergency/veh/173/seq=0/zor=[MASKED] decision=forward to vehicles deferred until 0ms
+91.073292094s 47 caf.Forwarder:OnOutgoingAlert(): [DEBUG] out=257 alert=/alert/emergency/veh/173/seq=0/zor=[MASKED]
+91.073292094s 47 ndn.AlertConsumer:doReceive(): [INFO ] Received alert: /alert/emergency/veh/173/seq=0/zor=[MASKED]
+91.073292127s 25 caf.Forwarder:OnIncomingAlert(): [DEBUG] in=257 alert=/alert/emergency/veh/173/seq=0/zor=[MASKED]
+91.073292127s 25 caf.Forwarder:AlertVehicleHandler(): [DEBUG] in=(257,0) alert=/alert/emergency/veh/173/seq=0/zor=[MASKED] decision=forward to vehicles deferred until 0ms
+91.073292127s 25 caf.Forwarder:OnOutgoingAlert(): [DEBUG] out=257 alert=/alert/emergency/veh/173/seq=0/zor=[MASKED]
+91.073292127s 25 ndn.AlertConsumer:doReceive(): [INFO ] Received alert: /alert/emergency/veh/173/seq=0/zor=[MASKED]
+91.073292129s 158 caf.Forwarder:OnIncomingAlert(): [DEBUG] in=257 alert=/alert/emergency/veh/173/seq=0/zor=[MASKED]
+91.073292129s 158 caf.Forwarder:AlertVehicleHandler(): [DEBUG] in=(257,0) alert=/alert/emergency/veh/173/seq=0/zor=[MASKED] decision=forward to vehicles deferred until 0ms
+91.073292129s 158 caf.Forwarder:OnOutgoingAlert(): [DEBUG] out=257 alert=/alert/emergency/veh/173/seq=0/zor=[MASKED]
+91.073292129s 158 ndn.AlertConsumer:doReceive(): [INFO ] Received alert: /alert/emergency/veh/173/seq=0/zor=[MASKED]
+91.073292135s 173 caf.Forwarder:OnIncomingAlert(): [DEBUG] in=257 alert=/alert/emergency/veh/173/seq=0/zor=[MASKED]
+91.073292135s 173 caf.Forwarder:AlertVehicleHandler(): [DEBUG] in=(257,0) alert=/alert/emergency/veh/173/seq=0/zor=[MASKED] decision=drop because duplicate alert
+91.073292139s 153 caf.Forwarder:OnIncomingAlert(): [DEBUG] in=257 alert=/alert/emergency/veh/173/seq=0/zor=[MASKED]
+91.073292139s 153 caf.Forwarder:AlertVehicleHandler(): [DEBUG] in=(257,0) alert=/alert/emergency/veh/173/seq=0/zor=[MASKED] decision=forward to vehicles deferred until 0ms
+91.073292139s 153 caf.Forwarder:OnOutgoingAlert(): [DEBUG] out=257 alert=/alert/emergency/veh/173/seq=0/zor=[MASKED]
+91.073292139s 153 ndn.AlertConsumer:doReceive(): [INFO ] Received alert: /alert/emergency/veh/173/seq=0/zor=[MASKED]
+91.074166105s 159 caf.Forwarder:OnIncomingAlert(): [DEBUG] in=257 alert=/alert/emergency/veh/173/seq=0/zor=[MASKED]
+91.074166105s 159 caf.Forwarder:AlertVehicleHandler(): [DEBUG] in=(257,0) alert=/alert/emergency/veh/173/seq=0/zor=[MASKED] decision=drop because duplicate alert
+91.877193324s 174 ndn.RandomAlertProducer:SendAlert(): [LOGIC] Don't send alert; condition failed
+91.881387137s 172 ndn.RandomAlertProducer:SendAlert(): [LOGIC] Don't send alert; condition failed
+92.435422639s 176 ndn.RandomAlertProducer:AlertSupplier(): [LOGIC] Send alert=/alert/emergency/veh/176/seq=0/zor=[MASKED] vehCount=109 rsuCount=9
+92.435422639s 176 caf.Forwarder:OnIncomingAlert(): [DEBUG] in=260 alert=/alert/emergency/veh/176/seq=0/zor=[MASKED]
+92.435422639s 176 caf.Forwarder:AlertVehicleHandler(): [DEBUG] in=(260,0) alert=/alert/emergency/veh/176/seq=0/zor=[MASKED] decision=forward to vehicles
+92.435422639s 176 caf.Forwarder:OnOutgoingAlert(): [DEBUG] out=257 alert=/alert/emergency/veh/176/seq=0/zor=[MASKED]
+92.436296701s 74 caf.Forwarder:OnIncomingAlert(): [DEBUG] in=257 alert=/alert/emergency/veh/176/seq=0/zor=[MASKED]
+92.436296701s 74 caf.Forwarder:AlertVehicleHandler(): [DEBUG] in=(257,0) alert=/alert/emergency/veh/176/seq=0/zor=[MASKED] decision=forward to vehicles deferred until 3.18227ms
+92.436296711s 170 caf.Forwarder:OnIncomingAlert(): [DEBUG] in=257 alert=/alert/emergency/veh/176/seq=0/zor=[MASKED]
+92.436296711s 170 caf.Forwarder:AlertVehicleHandler(): [DEBUG] in=(257,0) alert=/alert/emergency/veh/176/seq=0/zor=[MASKED] decision=forward to vehicles deferred until 2.86771ms
+92.436296724s 177 caf.Forwarder:OnIncomingAlert(): [DEBUG] in=257 alert=/alert/emergency/veh/176/seq=0/zor=[MASKED]
+92.436296724s 177 caf.Forwarder:AlertVehicleHandler(): [DEBUG] in=(257,0) alert=/alert/emergency/veh/176/seq=0/zor=[MASKED] decision=drop since sender is closer
+92.436296762s 54 caf.Forwarder:OnIncomingAlert(): [DEBUG] in=257 alert=/alert/emergency/veh/176/seq=0/zor=[MASKED]
+92.436296762s 54 caf.Forwarder:AlertVehicleHandler(): [DEBUG] in=(257,0) alert=/alert/emergency/veh/176/seq=0/zor=[MASKED] decision=forward to vehicles deferred until 1.32815ms
+92.437624907s 54 caf.Forwarder:OnOutgoingAlert(): [DEBUG] out=257 alert=/alert/emergency/veh/176/seq=0/zor=[MASKED]
+92.438498960s 170 caf.Forwarder:OnIncomingAlert(): [DEBUG] in=257 alert=/alert/emergency/veh/176/seq=0/zor=[MASKED]
+92.438498960s 170 caf.Forwarder:AlertVehicleHandler(): [DEBUG] in= (257,0) alert=/alert/emergency/veh/176/seq=0/zor=[MASKED] timer cancelled because sender closer to ZoR
+92.438498967s 162 caf.Forwarder:OnIncomingAlert(): [DEBUG] in=257 alert=/alert/emergency/veh/176/seq=0/zor=[MASKED]
+92.438498967s 162 caf.Forwarder:AlertVehicleHandler(): [DEBUG] in=(257,0) alert=/alert/emergency/veh/176/seq=0/zor=[MASKED] decision=forward to vehicles deferred until 0ms
+92.438498967s 162 caf.Forwarder:OnOutgoingAlert(): [DEBUG] out=257 alert=/alert/emergency/veh/176/seq=0/zor=[MASKED]
+92.438498967s 162 ndn.AlertConsumer:doReceive(): [INFO ] Received alert: /alert/emergency/veh/176/seq=0/zor=[MASKED]
+92.438498976s 74 caf.Forwarder:OnIncomingAlert(): [DEBUG] in=257 alert=/alert/emergency/veh/176/seq=0/zor=[MASKED]
+92.438498976s 74 caf.Forwarder:AlertVehicleHandler(): [DEBUG] in= (257,0) alert=/alert/emergency/veh/176/seq=0/zor=[MASKED] timer cancelled because sender closer to ZoR
+92.438499030s 176 caf.Forwarder:OnIncomingAlert(): [DEBUG] in=257 alert=/alert/emergency/veh/176/seq=0/zor=[MASKED]
+92.438499030s 176 caf.Forwarder:AlertVehicleHandler(): [DEBUG] in=(257,0) alert=/alert/emergency/veh/176/seq=0/zor=[MASKED] decision=drop because duplicate alert
+92.438499045s 163 caf.Forwarder:OnIncomingAlert(): [DEBUG] in=257 alert=/alert/emergency/veh/176/seq=0/zor=[MASKED]
+92.438499045s 163 caf.Forwarder:AlertVehicleHandler(): [DEBUG] in=(257,0) alert=/alert/emergency/veh/176/seq=0/zor=[MASKED] decision=forward to vehicles deferred until 0ms
+92.438499045s 163 caf.Forwarder:OnOutgoingAlert(): [DEBUG] out=257 alert=/alert/emergency/veh/176/seq=0/zor=[MASKED]
+92.438499045s 163 ndn.AlertConsumer:doReceive(): [INFO ] Received alert: /alert/emergency/veh/176/seq=0/zor=[MASKED]
+92.439373027s 54 caf.Forwarder:OnIncomingAlert(): [DEBUG] in=257 alert=/alert/emergency/veh/176/seq=0/zor=[MASKED]
+92.439373027s 54 caf.Forwarder:AlertVehicleHandler(): [DEBUG] in=(257,0) alert=/alert/emergency/veh/176/seq=0/zor=[MASKED] decision=drop because duplicate alert
+92.439373071s 170 caf.Forwarder:OnIncomingAlert(): [DEBUG] in=257 alert=/alert/emergency/veh/176/seq=0/zor=[MASKED]
+92.439373071s 170 caf.Forwarder:AlertVehicleHandler(): [DEBUG] in=(257,0) alert=/alert/emergency/veh/176/seq=0/zor=[MASKED] decision=drop because duplicate alert
+92.439373095s 74 caf.Forwarder:OnIncomingAlert(): [DEBUG] in=257 alert=/alert/emergency/veh/176/seq=0/zor=[MASKED]
+92.439373095s 74 caf.Forwarder:AlertVehicleHandler(): [DEBUG] in=(257,0) alert=/alert/emergency/veh/176/seq=0/zor=[MASKED] decision=drop because duplicate alert
+92.439373117s 155 caf.Forwarder:OnIncomingAlert(): [DEBUG] in=257 alert=/alert/emergency/veh/176/seq=0/zor=[MASKED]
+92.439373117s 155 caf.Forwarder:AlertVehicleHandler(): [DEBUG] in=(257,0) alert=/alert/emergency/veh/176/seq=0/zor=[MASKED] decision=forward to vehicles deferred until 0ms
+92.439373117s 155 caf.Forwarder:OnOutgoingAlert(): [DEBUG] out=257 alert=/alert/emergency/veh/176/seq=0/zor=[MASKED]
+92.439373117s 155 ndn.AlertConsumer:doReceive(): [INFO ] Received alert: /alert/emergency/veh/176/seq=0/zor=[MASKED]
+92.439373122s 148 caf.Forwarder:OnIncomingAlert(): [DEBUG] in=257 alert=/alert/emergency/veh/176/seq=0/zor=[MASKED]
+92.439373122s 148 caf.Forwarder:AlertVehicleHandler(): [DEBUG] in=(257,0) alert=/alert/emergency/veh/176/seq=0/zor=[MASKED] decision=forward to vehicles deferred until 0ms
+92.439373122s 148 caf.Forwarder:OnOutgoingAlert(): [DEBUG] out=257 alert=/alert/emergency/veh/176/seq=0/zor=[MASKED]
+92.439373122s 148 ndn.AlertConsumer:doReceive(): [INFO ] Received alert: /alert/emergency/veh/176/seq=0/zor=[MASKED]
+92.439373170s 149 caf.Forwarder:OnIncomingAlert(): [DEBUG] in=257 alert=/alert/emergency/veh/176/seq=0/zor=[MASKED]
+92.439373170s 149 caf.Forwarder:AlertVehicleHandler(): [DEBUG] in=(257,0) alert=/alert/emergency/veh/176/seq=0/zor=[MASKED] decision=forward to vehicles deferred until 0ms
+92.439373170s 149 caf.Forwarder:OnOutgoingAlert(): [DEBUG] out=257 alert=/alert/emergency/veh/176/seq=0/zor=[MASKED]
+92.439373170s 149 ndn.AlertConsumer:doReceive(): [INFO ] Received alert: /alert/emergency/veh/176/seq=0/zor=[MASKED]
+92.439373198s 140 caf.Forwarder:OnIncomingAlert(): [DEBUG] in=257 alert=/alert/emergency/veh/176/seq=0/zor=[MASKED]
+92.439373198s 140 caf.Forwarder:AlertVehicleHandler(): [DEBUG] in=(257,0) alert=/alert/emergency/veh/176/seq=0/zor=[MASKED] decision=forward to vehicles deferred until 0ms
+92.439373198s 140 caf.Forwarder:OnOutgoingAlert(): [DEBUG] out=257 alert=/alert/emergency/veh/176/seq=0/zor=[MASKED]
+92.439373198s 140 ndn.AlertConsumer:doReceive(): [INFO ] Received alert: /alert/emergency/veh/176/seq=0/zor=[MASKED]
+92.439373200s 36 caf.Forwarder:OnIncomingAlert(): [DEBUG] in=257 alert=/alert/emergency/veh/176/seq=0/zor=[MASKED]
+92.439373200s 36 caf.Forwarder:AlertVehicleHandler(): [DEBUG] in=(257,0) alert=/alert/emergency/veh/176/seq=0/zor=[MASKED] decision=forward to vehicles deferred until 0ms
+92.439373200s 141 caf.Forwarder:OnIncomingAlert(): [DEBUG] in=257 alert=/alert/emergency/veh/176/seq=0/zor=[MASKED]
+92.439373200s 141 caf.Forwarder:AlertVehicleHandler(): [DEBUG] in=(257,0) alert=/alert/emergency/veh/176/seq=0/zor=[MASKED] decision=forward to vehicles deferred until 0ms
+92.439373200s 36 caf.Forwarder:OnOutgoingAlert(): [DEBUG] out=257 alert=/alert/emergency/veh/176/seq=0/zor=[MASKED]
+92.439373200s 36 ndn.AlertConsumer:doReceive(): [INFO ] Received alert: /alert/emergency/veh/176/seq=0/zor=[MASKED]
+92.439373200s 141 caf.Forwarder:OnOutgoingAlert(): [DEBUG] out=257 alert=/alert/emergency/veh/176/seq=0/zor=[MASKED]
+92.439373200s 141 ndn.AlertConsumer:doReceive(): [INFO ] Received alert: /alert/emergency/veh/176/seq=0/zor=[MASKED]
+92.584717752s 175 ndn.RandomAlertProducer:SendAlert(): [LOGIC] Don't send alert; condition failed
+93.091714200s 177 ndn.RandomAlertProducer:AlertSupplier(): [LOGIC] Send alert=/alert/emergency/veh/177/seq=0/zor=[MASKED] vehCount=111 rsuCount=9
+93.091714200s 177 caf.Forwarder:OnIncomingAlert(): [DEBUG] in=260 alert=/alert/emergency/veh/177/seq=0/zor=[MASKED]
+93.091714200s 177 caf.Forwarder:AlertVehicleHandler(): [DEBUG] in=(260,0) alert=/alert/emergency/veh/177/seq=0/zor=[MASKED] decision=forward to vehicles
+93.091714200s 177 caf.Forwarder:OnOutgoingAlert(): [DEBUG] out=257 alert=/alert/emergency/veh/177/seq=0/zor=[MASKED]
+93.092588283s 176 caf.Forwarder:OnIncomingAlert(): [DEBUG] in=257 alert=/alert/emergency/veh/177/seq=0/zor=[MASKED]
+93.092588283s 176 caf.Forwarder:AlertVehicleHandler(): [DEBUG] in=(257,0) alert=/alert/emergency/veh/177/seq=0/zor=[MASKED] decision=forward to vehicles deferred until 2.53438ms
+93.092588290s 74 caf.Forwarder:OnIncomingAlert(): [DEBUG] in=257 alert=/alert/emergency/veh/177/seq=0/zor=[MASKED]
+93.092588290s 74 caf.Forwarder:AlertVehicleHandler(): [DEBUG] in=(257,0) alert=/alert/emergency/veh/177/seq=0/zor=[MASKED] decision=forward to vehicles deferred until 2.32796ms
+93.092588351s 54 caf.Forwarder:OnIncomingAlert(): [DEBUG] in=257 alert=/alert/emergency/veh/177/seq=0/zor=[MASKED]
+93.092588351s 54 caf.Forwarder:AlertVehicleHandler(): [DEBUG] in=(257,0) alert=/alert/emergency/veh/177/seq=0/zor=[MASKED] decision=forward to vehicles deferred until 0.483691ms
+93.092588352s 170 caf.Forwarder:OnIncomingAlert(): [DEBUG] in=257 alert=/alert/emergency/veh/177/seq=0/zor=[MASKED]
+93.092588352s 170 caf.Forwarder:AlertVehicleHandler(): [DEBUG] in=(257,0) alert=/alert/emergency/veh/177/seq=0/zor=[MASKED] decision=forward to vehicles deferred until 0.437818ms
+93.092588359s 184 caf.Forwarder:OnIncomingAlert(): [DEBUG] in=257 alert=/alert/emergency/veh/177/seq=0/zor=[MASKED]
+93.092588359s 184 caf.Forwarder:AlertVehicleHandler(): [DEBUG] in=(257,0) alert=/alert/emergency/veh/177/seq=0/zor=[MASKED] decision=drop since sender is closer
+93.093026170s 170 caf.Forwarder:OnOutgoingAlert(): [DEBUG] out=257 alert=/alert/emergency/veh/177/seq=0/zor=[MASKED]
+93.093072041s 54 caf.Forwarder:OnOutgoingAlert(): [DEBUG] out=257 alert=/alert/emergency/veh/177/seq=0/zor=[MASKED]
+93.093900192s 54 caf.Forwarder:OnIncomingAlert(): [DEBUG] in=257 alert=/alert/emergency/veh/177/seq=0/zor=[MASKED]
+93.093900192s 54 caf.Forwarder:AlertVehicleHandler(): [DEBUG] in=(257,0) alert=/alert/emergency/veh/177/seq=0/zor=[MASKED] decision=drop because duplicate alert
+93.093900239s 176 caf.Forwarder:OnIncomingAlert(): [DEBUG] in=257 alert=/alert/emergency/veh/177/seq=0/zor=[MASKED]
+93.093900239s 176 caf.Forwarder:AlertVehicleHandler(): [DEBUG] in= (257,0) alert=/alert/emergency/veh/177/seq=0/zor=[MASKED] timer cancelled because sender closer to ZoR
+93.093900245s 74 caf.Forwarder:OnIncomingAlert(): [DEBUG] in=257 alert=/alert/emergency/veh/177/seq=0/zor=[MASKED]
+93.093900245s 74 caf.Forwarder:AlertVehicleHandler(): [DEBUG] in= (257,0) alert=/alert/emergency/veh/177/seq=0/zor=[MASKED] timer cancelled because sender closer to ZoR
+93.093900281s 162 caf.Forwarder:OnIncomingAlert(): [DEBUG] in=257 alert=/alert/emergency/veh/177/seq=0/zor=[MASKED]
+93.093900281s 162 caf.Forwarder:AlertVehicleHandler(): [DEBUG] in=(257,0) alert=/alert/emergency/veh/177/seq=0/zor=[MASKED] decision=forward to vehicles deferred until 0ms
+93.093900281s 162 caf.Forwarder:OnOutgoingAlert(): [DEBUG] out=257 alert=/alert/emergency/veh/177/seq=0/zor=[MASKED]
+93.093900281s 162 ndn.AlertConsumer:doReceive(): [INFO ] Received alert: /alert/emergency/veh/177/seq=0/zor=[MASKED]
+93.093900322s 177 caf.Forwarder:OnIncomingAlert(): [DEBUG] in=257 alert=/alert/emergency/veh/177/seq=0/zor=[MASKED]
+93.093900322s 177 caf.Forwarder:AlertVehicleHandler(): [DEBUG] in=(257,0) alert=/alert/emergency/veh/177/seq=0/zor=[MASKED] decision=drop because duplicate alert
+93.094774214s 170 caf.Forwarder:OnIncomingAlert(): [DEBUG] in=257 alert=/alert/emergency/veh/177/seq=0/zor=[MASKED]
+93.094774214s 170 caf.Forwarder:AlertVehicleHandler(): [DEBUG] in=(257,0) alert=/alert/emergency/veh/177/seq=0/zor=[MASKED] decision=drop because duplicate alert
+93.094774258s 74 caf.Forwarder:OnIncomingAlert(): [DEBUG] in=257 alert=/alert/emergency/veh/177/seq=0/zor=[MASKED]
+93.094774258s 74 caf.Forwarder:AlertVehicleHandler(): [DEBUG] in=(257,0) alert=/alert/emergency/veh/177/seq=0/zor=[MASKED] decision=drop because duplicate alert
+93.094774261s 176 caf.Forwarder:OnIncomingAlert(): [DEBUG] in=257 alert=/alert/emergency/veh/177/seq=0/zor=[MASKED]
+93.094774261s 176 caf.Forwarder:AlertVehicleHandler(): [DEBUG] in=(257,0) alert=/alert/emergency/veh/177/seq=0/zor=[MASKED] decision=drop because duplicate alert
+93.094774343s 177 caf.Forwarder:OnIncomingAlert(): [DEBUG] in=257 alert=/alert/emergency/veh/177/seq=0/zor=[MASKED]
+93.094774343s 177 caf.Forwarder:AlertVehicleHandler(): [DEBUG] in=(257,0) alert=/alert/emergency/veh/177/seq=0/zor=[MASKED] decision=drop because duplicate alert
+93.094774361s 163 caf.Forwarder:OnIncomingAlert(): [DEBUG] in=257 alert=/alert/emergency/veh/177/seq=0/zor=[MASKED]
+93.094774361s 163 caf.Forwarder:AlertVehicleHandler(): [DEBUG] in=(257,0) alert=/alert/emergency/veh/177/seq=0/zor=[MASKED] decision=forward to vehicles deferred until 0ms
+93.094774361s 163 caf.Forwarder:OnOutgoingAlert(): [DEBUG] out=257 alert=/alert/emergency/veh/177/seq=0/zor=[MASKED]
+93.094774361s 163 ndn.AlertConsumer:doReceive(): [INFO ] Received alert: /alert/emergency/veh/177/seq=0/zor=[MASKED]
+93.094774422s 148 caf.Forwarder:OnIncomingAlert(): [DEBUG] in=257 alert=/alert/emergency/veh/177/seq=0/zor=[MASKED]
+93.094774422s 148 caf.Forwarder:AlertVehicleHandler(): [DEBUG] in=(257,0) alert=/alert/emergency/veh/177/seq=0/zor=[MASKED] decision=forward to vehicles deferred until 0ms
+93.094774422s 148 caf.Forwarder:OnOutgoingAlert(): [DEBUG] out=257 alert=/alert/emergency/veh/177/seq=0/zor=[MASKED]
+93.094774422s 148 ndn.AlertConsumer:doReceive(): [INFO ] Received alert: /alert/emergency/veh/177/seq=0/zor=[MASKED]
+93.094774426s 155 caf.Forwarder:OnIncomingAlert(): [DEBUG] in=257 alert=/alert/emergency/veh/177/seq=0/zor=[MASKED]
+93.094774426s 155 caf.Forwarder:AlertVehicleHandler(): [DEBUG] in=(257,0) alert=/alert/emergency/veh/177/seq=0/zor=[MASKED] decision=forward to vehicles deferred until 0ms
+93.094774426s 155 caf.Forwarder:OnOutgoingAlert(): [DEBUG] out=257 alert=/alert/emergency/veh/177/seq=0/zor=[MASKED]
+93.094774426s 155 ndn.AlertConsumer:doReceive(): [INFO ] Received alert: /alert/emergency/veh/177/seq=0/zor=[MASKED]
+93.095648441s 162 caf.Forwarder:OnIncomingAlert(): [DEBUG] in=257 alert=/alert/emergency/veh/177/seq=0/zor=[MASKED]
+93.095648441s 162 caf.Forwarder:AlertVehicleHandler(): [DEBUG] in=(257,0) alert=/alert/emergency/veh/177/seq=0/zor=[MASKED] decision=drop because duplicate alert
+93.270683940s 178 ndn.RandomAlertProducer:SendAlert(): [LOGIC] Don't send alert; condition failed
+93.971129282s 179 ndn.RandomAlertProducer:AlertSupplier(): [LOGIC] Send alert=/alert/emergency/veh/179/seq=0/zor=[MASKED] vehCount=112 rsuCount=9
+93.971129282s 179 caf.Forwarder:OnIncomingAlert(): [DEBUG] in=260 alert=/alert/emergency/veh/179/seq=0/zor=[MASKED]
+93.971129282s 179 caf.Forwarder:AlertVehicleHandler(): [DEBUG] in=(260,0) alert=/alert/emergency/veh/179/seq=0/zor=[MASKED] decision=forward to vehicles
+93.971129282s 179 caf.Forwarder:OnOutgoingAlert(): [DEBUG] out=257 alert=/alert/emergency/veh/179/seq=0/zor=[MASKED]
+93.972003336s 182 caf.Forwarder:OnIncomingAlert(): [DEBUG] in=257 alert=/alert/emergency/veh/179/seq=0/zor=[MASKED]
+93.972003336s 182 caf.Forwarder:AlertVehicleHandler(): [DEBUG] in=(257,0) alert=/alert/emergency/veh/179/seq=0/zor=[MASKED] decision=drop since sender is closer
+93.972003350s 175 caf.Forwarder:OnIncomingAlert(): [DEBUG] in=257 alert=/alert/emergency/veh/179/seq=0/zor=[MASKED]
+93.972003350s 175 caf.Forwarder:AlertVehicleHandler(): [DEBUG] in=(257,0) alert=/alert/emergency/veh/179/seq=0/zor=[MASKED] decision=forward to vehicles deferred until 2.98584ms
+93.972003360s 49 caf.Forwarder:OnIncomingAlert(): [DEBUG] in=257 alert=/alert/emergency/veh/179/seq=0/zor=[MASKED]
+93.972003360s 49 caf.Forwarder:AlertVehicleHandler(): [DEBUG] in=(257,0) alert=/alert/emergency/veh/179/seq=0/zor=[MASKED] decision=drop since sender is closer
+93.972003381s 169 caf.Forwarder:OnIncomingAlert(): [DEBUG] in=257 alert=/alert/emergency/veh/179/seq=0/zor=[MASKED]
+93.972003381s 169 caf.Forwarder:AlertVehicleHandler(): [DEBUG] in=(257,0) alert=/alert/emergency/veh/179/seq=0/zor=[MASKED] decision=forward to vehicles deferred until 2.05629ms
+93.972003422s 186 caf.Forwarder:OnIncomingAlert(): [DEBUG] in=257 alert=/alert/emergency/veh/179/seq=0/zor=[MASKED]
+93.972003422s 186 caf.Forwarder:AlertVehicleHandler(): [DEBUG] in=(257,0) alert=/alert/emergency/veh/179/seq=0/zor=[MASKED] decision=drop since sender is closer
+93.972003435s 168 caf.Forwarder:OnIncomingAlert(): [DEBUG] in=257 alert=/alert/emergency/veh/179/seq=0/zor=[MASKED]
+93.972003435s 168 caf.Forwarder:AlertVehicleHandler(): [DEBUG] in=(257,0) alert=/alert/emergency/veh/179/seq=0/zor=[MASKED] decision=forward to vehicles deferred until 0ms
+93.972003435s 168 caf.Forwarder:OnOutgoingAlert(): [DEBUG] out=257 alert=/alert/emergency/veh/179/seq=0/zor=[MASKED]
+93.972003435s 168 ndn.AlertConsumer:doReceive(): [INFO ] Received alert: /alert/emergency/veh/179/seq=0/zor=[MASKED]
+93.972003449s 189 caf.Forwarder:OnIncomingAlert(): [DEBUG] in=257 alert=/alert/emergency/veh/179/seq=0/zor=[MASKED]
+93.972003449s 189 caf.Forwarder:AlertVehicleHandler(): [DEBUG] in=(257,0) alert=/alert/emergency/veh/179/seq=0/zor=[MASKED] decision=drop since sender is closer
+93.972877486s 43 caf.Forwarder:OnIncomingAlert(): [DEBUG] in=257 alert=/alert/emergency/veh/179/seq=0/zor=[MASKED]
+93.972877486s 43 caf.Forwarder:AlertVehicleHandler(): [DEBUG] in=(257,0) alert=/alert/emergency/veh/179/seq=0/zor=[MASKED] decision=forward to vehicles deferred until 0ms
+93.972877486s 43 caf.Forwarder:OnOutgoingAlert(): [DEBUG] out=257 alert=/alert/emergency/veh/179/seq=0/zor=[MASKED]
+93.972877486s 43 ndn.AlertConsumer:doReceive(): [INFO ] Received alert: /alert/emergency/veh/179/seq=0/zor=[MASKED]
+93.972877489s 169 caf.Forwarder:OnIncomingAlert(): [DEBUG] in=257 alert=/alert/emergency/veh/179/seq=0/zor=[MASKED]
+93.972877489s 169 caf.Forwarder:AlertVehicleHandler(): [DEBUG] in= (257,0) alert=/alert/emergency/veh/179/seq=0/zor=[MASKED] timer cancelled because sender closer to ZoR
+93.972877493s 161 caf.Forwarder:OnIncomingAlert(): [DEBUG] in=257 alert=/alert/emergency/veh/179/seq=0/zor=[MASKED]
+93.972877493s 161 caf.Forwarder:AlertVehicleHandler(): [DEBUG] in=(257,0) alert=/alert/emergency/veh/179/seq=0/zor=[MASKED] decision=forward to vehicles deferred until 0ms
+93.972877493s 161 caf.Forwarder:OnOutgoingAlert(): [DEBUG] out=257 alert=/alert/emergency/veh/179/seq=0/zor=[MASKED]
+93.972877493s 161 ndn.AlertConsumer:doReceive(): [INFO ] Received alert: /alert/emergency/veh/179/seq=0/zor=[MASKED]
+93.972877520s 175 caf.Forwarder:OnIncomingAlert(): [DEBUG] in=257 alert=/alert/emergency/veh/179/seq=0/zor=[MASKED]
+93.972877520s 175 caf.Forwarder:AlertVehicleHandler(): [DEBUG] in= (257,0) alert=/alert/emergency/veh/179/seq=0/zor=[MASKED] timer cancelled because sender closer to ZoR
+93.972877524s 52 caf.Forwarder:OnIncomingAlert(): [DEBUG] in=257 alert=/alert/emergency/veh/179/seq=0/zor=[MASKED]
+93.972877524s 52 caf.Forwarder:AlertVehicleHandler(): [DEBUG] in=(257,0) alert=/alert/emergency/veh/179/seq=0/zor=[MASKED] decision=forward to vehicles deferred until 0ms
+93.972877524s 52 caf.Forwarder:OnOutgoingAlert(): [DEBUG] out=257 alert=/alert/emergency/veh/179/seq=0/zor=[MASKED]
+93.972877524s 52 ndn.AlertConsumer:doReceive(): [INFO ] Received alert: /alert/emergency/veh/179/seq=0/zor=[MASKED]
+93.972877588s 179 caf.Forwarder:OnIncomingAlert(): [DEBUG] in=257 alert=/alert/emergency/veh/179/seq=0/zor=[MASKED]
+93.972877588s 179 caf.Forwarder:AlertVehicleHandler(): [DEBUG] in=(257,0) alert=/alert/emergency/veh/179/seq=0/zor=[MASKED] decision=drop because duplicate alert
+94.286380661s 181 ndn.RandomAlertProducer:AlertSupplier(): [LOGIC] Send alert=/alert/emergency/veh/181/seq=0/zor=[MASKED] vehCount=113 rsuCount=9
+94.286380661s 181 caf.Forwarder:OnIncomingAlert(): [DEBUG] in=260 alert=/alert/emergency/veh/181/seq=0/zor=[MASKED]
+94.286380661s 181 caf.Forwarder:AlertVehicleHandler(): [DEBUG] in=(260,0) alert=/alert/emergency/veh/181/seq=0/zor=[MASKED] decision=forward to vehicles
+94.286380661s 181 caf.Forwarder:OnOutgoingAlert(): [DEBUG] out=257 alert=/alert/emergency/veh/181/seq=0/zor=[MASKED]
+94.287254687s 29 caf.Forwarder:OnIncomingAlert(): [DEBUG] in=257 alert=/alert/emergency/veh/181/seq=0/zor=[MASKED]
+94.287254687s 29 caf.Forwarder:AlertVehicleHandler(): [DEBUG] in=(257,0) alert=/alert/emergency/veh/181/seq=0/zor=[MASKED] decision=drop since sender is closer
+94.287254698s 188 caf.Forwarder:OnIncomingAlert(): [DEBUG] in=257 alert=/alert/emergency/veh/181/seq=0/zor=[MASKED]
+94.287254698s 188 caf.Forwarder:AlertVehicleHandler(): [DEBUG] in=(257,0) alert=/alert/emergency/veh/181/seq=0/zor=[MASKED] decision=forward to vehicles deferred until 3.94658ms
+94.287254704s 195 caf.Forwarder:OnIncomingAlert(): [DEBUG] in=257 alert=/alert/emergency/veh/181/seq=0/zor=[MASKED]
+94.287254704s 195 caf.Forwarder:AlertVehicleHandler(): [DEBUG] in=(257,0) alert=/alert/emergency/veh/181/seq=0/zor=[MASKED] decision=drop since sender is closer
+94.287254721s 187 caf.Forwarder:OnIncomingAlert(): [DEBUG] in=257 alert=/alert/emergency/veh/181/seq=0/zor=[MASKED]
+94.287254721s 187 caf.Forwarder:AlertVehicleHandler(): [DEBUG] in=(257,0) alert=/alert/emergency/veh/181/seq=0/zor=[MASKED] decision=drop since sender is closer
+94.287254724s 174 caf.Forwarder:OnIncomingAlert(): [DEBUG] in=257 alert=/alert/emergency/veh/181/seq=0/zor=[MASKED]
+94.287254724s 174 caf.Forwarder:AlertVehicleHandler(): [DEBUG] in=(257,0) alert=/alert/emergency/veh/181/seq=0/zor=[MASKED] decision=forward to vehicles deferred until 3.14743ms
+94.287254726s 22 caf.Forwarder:OnIncomingAlert(): [DEBUG] in=257 alert=/alert/emergency/veh/181/seq=0/zor=[MASKED]
+94.287254726s 22 caf.Forwarder:AlertVehicleHandler(): [DEBUG] in=(257,0) alert=/alert/emergency/veh/181/seq=0/zor=[MASKED] decision=drop since sender is closer
+94.287254744s 57 caf.Forwarder:OnIncomingAlert(): [DEBUG] in=257 alert=/alert/emergency/veh/181/seq=0/zor=[MASKED]
+94.287254744s 57 caf.Forwarder:AlertVehicleHandler(): [DEBUG] in=(257,0) alert=/alert/emergency/veh/181/seq=0/zor=[MASKED] decision=forward to vehicles deferred until 2.54227ms
+94.287254767s 39 caf.Forwarder:OnIncomingAlert(): [DEBUG] in=257 alert=/alert/emergency/veh/181/seq=0/zor=[MASKED]
+94.287254767s 39 caf.Forwarder:AlertVehicleHandler(): [DEBUG] in=(257,0) alert=/alert/emergency/veh/181/seq=0/zor=[MASKED] decision=forward to vehicles deferred until 1.83996ms
+94.287254768s 180 caf.Forwarder:OnIncomingAlert(): [DEBUG] in=257 alert=/alert/emergency/veh/181/seq=0/zor=[MASKED]
+94.287254768s 180 caf.Forwarder:AlertVehicleHandler(): [DEBUG] in=(257,0) alert=/alert/emergency/veh/181/seq=0/zor=[MASKED] decision=forward to vehicles deferred until 1.79791ms
+94.287254779s 196 caf.Forwarder:OnIncomingAlert(): [DEBUG] in=257 alert=/alert/emergency/veh/181/seq=0/zor=[MASKED]
+94.287254779s 196 caf.Forwarder:AlertVehicleHandler(): [DEBUG] in=(257,0) alert=/alert/emergency/veh/181/seq=0/zor=[MASKED] decision=drop since sender is closer
+94.289052677s 180 caf.Forwarder:OnOutgoingAlert(): [DEBUG] out=257 alert=/alert/emergency/veh/181/seq=0/zor=[MASKED]
+94.289094729s 39 caf.Forwarder:OnOutgoingAlert(): [DEBUG] out=257 alert=/alert/emergency/veh/181/seq=0/zor=[MASKED]
+94.289797017s 57 caf.Forwarder:OnOutgoingAlert(): [DEBUG] out=257 alert=/alert/emergency/veh/181/seq=0/zor=[MASKED]
+94.289926698s 39 caf.Forwarder:OnIncomingAlert(): [DEBUG] in=257 alert=/alert/emergency/veh/181/seq=0/zor=[MASKED]
+94.289926698s 39 caf.Forwarder:AlertVehicleHandler(): [DEBUG] in=(257,0) alert=/alert/emergency/veh/181/seq=0/zor=[MASKED] decision=drop because duplicate alert
+94.289926719s 57 caf.Forwarder:OnIncomingAlert(): [DEBUG] in=257 alert=/alert/emergency/veh/181/seq=0/zor=[MASKED]
+94.289926719s 57 caf.Forwarder:AlertVehicleHandler(): [DEBUG] in=(257,0) alert=/alert/emergency/veh/181/seq=0/zor=[MASKED] decision=drop because duplicate alert
+94.289926722s 174 caf.Forwarder:OnIncomingAlert(): [DEBUG] in=257 alert=/alert/emergency/veh/181/seq=0/zor=[MASKED]
+94.289926722s 174 caf.Forwarder:AlertVehicleHandler(): [DEBUG] in= (257,0) alert=/alert/emergency/veh/181/seq=0/zor=[MASKED] timer cancelled because sender closer to ZoR
+94.289926749s 188 caf.Forwarder:OnIncomingAlert(): [DEBUG] in=257 alert=/alert/emergency/veh/181/seq=0/zor=[MASKED]
+94.289926749s 188 caf.Forwarder:AlertVehicleHandler(): [DEBUG] in= (257,0) alert=/alert/emergency/veh/181/seq=0/zor=[MASKED] timer cancelled because sender closer to ZoR
+94.289926774s 47 caf.Forwarder:OnIncomingAlert(): [DEBUG] in=257 alert=/alert/emergency/veh/181/seq=0/zor=[MASKED]
+94.289926774s 47 caf.Forwarder:AlertVehicleHandler(): [DEBUG] in=(257,0) alert=/alert/emergency/veh/181/seq=0/zor=[MASKED] decision=forward to vehicles deferred until 2.1219ms
+94.289926784s 181 caf.Forwarder:OnIncomingAlert(): [DEBUG] in=257 alert=/alert/emergency/veh/181/seq=0/zor=[MASKED]
+94.289926784s 181 caf.Forwarder:AlertVehicleHandler(): [DEBUG] in=(257,0) alert=/alert/emergency/veh/181/seq=0/zor=[MASKED] decision=drop because duplicate alert
+94.289926809s 29 caf.Forwarder:OnIncomingAlert(): [DEBUG] in=257 alert=/alert/emergency/veh/181/seq=0/zor=[MASKED]
+94.289926809s 29 caf.Forwarder:AlertVehicleHandler(): [DEBUG] in=(257,0) alert=/alert/emergency/veh/181/seq=0/zor=[MASKED] decision=drop because duplicate alert
+94.289926826s 195 caf.Forwarder:OnIncomingAlert(): [DEBUG] in=257 alert=/alert/emergency/veh/181/seq=0/zor=[MASKED]
+94.289926826s 195 caf.Forwarder:AlertVehicleHandler(): [DEBUG] in=(257,0) alert=/alert/emergency/veh/181/seq=0/zor=[MASKED] decision=drop because duplicate alert
+94.289926829s 173 caf.Forwarder:OnIncomingAlert(): [DEBUG] in=257 alert=/alert/emergency/veh/181/seq=0/zor=[MASKED]
+94.289926829s 173 caf.Forwarder:AlertVehicleHandler(): [DEBUG] in=(257,0) alert=/alert/emergency/veh/181/seq=0/zor=[MASKED] decision=forward to vehicles deferred until 0.456971ms
+94.289926844s 187 caf.Forwarder:OnIncomingAlert(): [DEBUG] in=257 alert=/alert/emergency/veh/181/seq=0/zor=[MASKED]
+94.289926844s 187 caf.Forwarder:AlertVehicleHandler(): [DEBUG] in=(257,0) alert=/alert/emergency/veh/181/seq=0/zor=[MASKED] decision=drop because duplicate alert
+94.289926845s 25 caf.Forwarder:OnIncomingAlert(): [DEBUG] in=257 alert=/alert/emergency/veh/181/seq=0/zor=[MASKED]
+94.289926845s 25 caf.Forwarder:AlertVehicleHandler(): [DEBUG] in=(257,0) alert=/alert/emergency/veh/181/seq=0/zor=[MASKED] decision=forward to vehicles deferred until 0ms
+94.289926845s 25 caf.Forwarder:OnOutgoingAlert(): [DEBUG] out=257 alert=/alert/emergency/veh/181/seq=0/zor=[MASKED]
+94.289926848s 22 caf.Forwarder:OnIncomingAlert(): [DEBUG] in=257 alert=/alert/emergency/veh/181/seq=0/zor=[MASKED]
+94.289926848s 22 caf.Forwarder:AlertVehicleHandler(): [DEBUG] in=(257,0) alert=/alert/emergency/veh/181/seq=0/zor=[MASKED] decision=drop because duplicate alert
+94.290383799s 173 caf.Forwarder:OnOutgoingAlert(): [DEBUG] out=257 alert=/alert/emergency/veh/181/seq=0/zor=[MASKED]
+94.290800719s 180 caf.Forwarder:OnIncomingAlert(): [DEBUG] in=257 alert=/alert/emergency/veh/181/seq=0/zor=[MASKED]
+94.290800719s 180 caf.Forwarder:AlertVehicleHandler(): [DEBUG] in=(257,0) alert=/alert/emergency/veh/181/seq=0/zor=[MASKED] decision=drop because duplicate alert
+94.290800726s 57 caf.Forwarder:OnIncomingAlert(): [DEBUG] in=257 alert=/alert/emergency/veh/181/seq=0/zor=[MASKED]
+94.290800726s 57 caf.Forwarder:AlertVehicleHandler(): [DEBUG] in=(257,0) alert=/alert/emergency/veh/181/seq=0/zor=[MASKED] decision=drop because duplicate alert
+94.290800742s 174 caf.Forwarder:OnIncomingAlert(): [DEBUG] in=257 alert=/alert/emergency/veh/181/seq=0/zor=[MASKED]
+94.290800742s 174 caf.Forwarder:AlertVehicleHandler(): [DEBUG] in=(257,0) alert=/alert/emergency/veh/181/seq=0/zor=[MASKED] decision=drop because duplicate alert
+94.290800771s 188 caf.Forwarder:OnIncomingAlert(): [DEBUG] in=257 alert=/alert/emergency/veh/181/seq=0/zor=[MASKED]
+94.290800771s 188 caf.Forwarder:AlertVehicleHandler(): [DEBUG] in=(257,0) alert=/alert/emergency/veh/181/seq=0/zor=[MASKED] decision=drop because duplicate alert
+94.290800804s 181 caf.Forwarder:OnIncomingAlert(): [DEBUG] in=257 alert=/alert/emergency/veh/181/seq=0/zor=[MASKED]
+94.290800804s 181 caf.Forwarder:AlertVehicleHandler(): [DEBUG] in=(257,0) alert=/alert/emergency/veh/181/seq=0/zor=[MASKED] decision=drop because duplicate alert
+94.290800827s 29 caf.Forwarder:OnIncomingAlert(): [DEBUG] in=257 alert=/alert/emergency/veh/181/seq=0/zor=[MASKED]
+94.290800827s 29 caf.Forwarder:AlertVehicleHandler(): [DEBUG] in=(257,0) alert=/alert/emergency/veh/181/seq=0/zor=[MASKED] decision=drop because duplicate alert
+94.290800847s 195 caf.Forwarder:OnIncomingAlert(): [DEBUG] in=257 alert=/alert/emergency/veh/181/seq=0/zor=[MASKED]
+94.290800847s 195 caf.Forwarder:AlertVehicleHandler(): [DEBUG] in=(257,0) alert=/alert/emergency/veh/181/seq=0/zor=[MASKED] decision=drop because duplicate alert
+94.290800864s 187 caf.Forwarder:OnIncomingAlert(): [DEBUG] in=257 alert=/alert/emergency/veh/181/seq=0/zor=[MASKED]
+94.290800864s 187 caf.Forwarder:AlertVehicleHandler(): [DEBUG] in=(257,0) alert=/alert/emergency/veh/181/seq=0/zor=[MASKED] decision=drop because duplicate alert
+94.290800865s 22 caf.Forwarder:OnIncomingAlert(): [DEBUG] in=257 alert=/alert/emergency/veh/181/seq=0/zor=[MASKED]
+94.290800865s 22 caf.Forwarder:AlertVehicleHandler(): [DEBUG] in=(257,0) alert=/alert/emergency/veh/181/seq=0/zor=[MASKED] decision=drop because duplicate alert
+94.290800870s 173 caf.Forwarder:OnIncomingAlert(): [DEBUG] in=257 alert=/alert/emergency/veh/181/seq=0/zor=[MASKED]
+94.290800870s 173 caf.Forwarder:AlertVehicleHandler(): [DEBUG] in=(257,0) alert=/alert/emergency/veh/181/seq=0/zor=[MASKED] decision=drop because duplicate alert
+94.290800920s 166 caf.Forwarder:OnIncomingAlert(): [DEBUG] in=257 alert=/alert/emergency/veh/181/seq=0/zor=[MASKED]
+94.290800920s 166 caf.Forwarder:AlertVehicleHandler(): [DEBUG] in=(257,0) alert=/alert/emergency/veh/181/seq=0/zor=[MASKED] decision=forward to vehicles deferred until 0ms
+94.290800920s 166 caf.Forwarder:OnOutgoingAlert(): [DEBUG] out=257 alert=/alert/emergency/veh/181/seq=0/zor=[MASKED]
+94.290800920s 166 ndn.AlertConsumer:doReceive(): [INFO ] Received alert: /alert/emergency/veh/181/seq=0/zor=[MASKED]
+94.290800968s 159 caf.Forwarder:OnIncomingAlert(): [DEBUG] in=257 alert=/alert/emergency/veh/181/seq=0/zor=[MASKED]
+94.290800968s 159 caf.Forwarder:AlertVehicleHandler(): [DEBUG] in=(257,0) alert=/alert/emergency/veh/181/seq=0/zor=[MASKED] decision=forward to vehicles deferred until 0ms
+94.290800968s 159 caf.Forwarder:OnOutgoingAlert(): [DEBUG] out=257 alert=/alert/emergency/veh/181/seq=0/zor=[MASKED]
+94.290800968s 159 ndn.AlertConsumer:doReceive(): [INFO ] Received alert: /alert/emergency/veh/181/seq=0/zor=[MASKED]
+94.290800972s 63 caf.Forwarder:OnIncomingAlert(): [DEBUG] in=257 alert=/alert/emergency/veh/181/seq=0/zor=[MASKED]
+94.290800972s 63 caf.Forwarder:AlertVehicleHandler(): [DEBUG] in=(257,0) alert=/alert/emergency/veh/181/seq=0/zor=[MASKED] decision=forward to vehicles deferred until 0ms
+94.290800972s 63 caf.Forwarder:OnOutgoingAlert(): [DEBUG] out=257 alert=/alert/emergency/veh/181/seq=0/zor=[MASKED]
+94.290800972s 63 ndn.AlertConsumer:doReceive(): [INFO ] Received alert: /alert/emergency/veh/181/seq=0/zor=[MASKED]
+94.291700753s 174 caf.Forwarder:OnIncomingAlert(): [DEBUG] in=257 alert=/alert/emergency/veh/181/seq=0/zor=[MASKED]
+94.291700753s 174 caf.Forwarder:AlertVehicleHandler(): [DEBUG] in=(257,0) alert=/alert/emergency/veh/181/seq=0/zor=[MASKED] decision=drop because duplicate alert
+94.291700754s 39 caf.Forwarder:OnIncomingAlert(): [DEBUG] in=257 alert=/alert/emergency/veh/181/seq=0/zor=[MASKED]
+94.291700754s 39 caf.Forwarder:AlertVehicleHandler(): [DEBUG] in=(257,0) alert=/alert/emergency/veh/181/seq=0/zor=[MASKED] decision=drop because duplicate alert
+94.291700768s 180 caf.Forwarder:OnIncomingAlert(): [DEBUG] in=257 alert=/alert/emergency/veh/181/seq=0/zor=[MASKED]
+94.291700768s 180 caf.Forwarder:AlertVehicleHandler(): [DEBUG] in=(257,0) alert=/alert/emergency/veh/181/seq=0/zor=[MASKED] decision=drop because duplicate alert
+94.291700781s 188 caf.Forwarder:OnIncomingAlert(): [DEBUG] in=257 alert=/alert/emergency/veh/181/seq=0/zor=[MASKED]
+94.291700781s 188 caf.Forwarder:AlertVehicleHandler(): [DEBUG] in=(257,0) alert=/alert/emergency/veh/181/seq=0/zor=[MASKED] decision=drop because duplicate alert
+94.291700809s 181 caf.Forwarder:OnIncomingAlert(): [DEBUG] in=257 alert=/alert/emergency/veh/181/seq=0/zor=[MASKED]
+94.291700809s 181 caf.Forwarder:AlertVehicleHandler(): [DEBUG] in=(257,0) alert=/alert/emergency/veh/181/seq=0/zor=[MASKED] decision=drop because duplicate alert
+94.291700830s 29 caf.Forwarder:OnIncomingAlert(): [DEBUG] in=257 alert=/alert/emergency/veh/181/seq=0/zor=[MASKED]
+94.291700830s 29 caf.Forwarder:AlertVehicleHandler(): [DEBUG] in=(257,0) alert=/alert/emergency/veh/181/seq=0/zor=[MASKED] decision=drop because duplicate alert
+94.291700852s 195 caf.Forwarder:OnIncomingAlert(): [DEBUG] in=257 alert=/alert/emergency/veh/181/seq=0/zor=[MASKED]
+94.291700852s 195 caf.Forwarder:AlertVehicleHandler(): [DEBUG] in=(257,0) alert=/alert/emergency/veh/181/seq=0/zor=[MASKED] decision=drop because duplicate alert
+94.291700868s 22 caf.Forwarder:OnIncomingAlert(): [DEBUG] in=257 alert=/alert/emergency/veh/181/seq=0/zor=[MASKED]
+94.291700868s 22 caf.Forwarder:AlertVehicleHandler(): [DEBUG] in=(257,0) alert=/alert/emergency/veh/181/seq=0/zor=[MASKED] decision=drop because duplicate alert
+94.291700868s 187 caf.Forwarder:OnIncomingAlert(): [DEBUG] in=257 alert=/alert/emergency/veh/181/seq=0/zor=[MASKED]
+94.291700868s 187 caf.Forwarder:AlertVehicleHandler(): [DEBUG] in=(257,0) alert=/alert/emergency/veh/181/seq=0/zor=[MASKED] decision=drop because duplicate alert
+94.291791895s 25 caf.Forwarder:OnIncomingAlert(): [DEBUG] in=257 alert=/alert/emergency/veh/181/seq=0/zor=[MASKED]
+94.291791895s 25 caf.Forwarder:AlertVehicleHandler(): [DEBUG] in=(257,0) alert=/alert/emergency/veh/181/seq=0/zor=[MASKED] decision=drop because duplicate alert
+94.291791928s 47 caf.Forwarder:OnIncomingAlert(): [DEBUG] in=257 alert=/alert/emergency/veh/181/seq=0/zor=[MASKED]
+94.291791928s 47 caf.Forwarder:AlertVehicleHandler(): [DEBUG] in= (257,0) alert=/alert/emergency/veh/181/seq=0/zor=[MASKED] timer cancelled because sender closer to ZoR
+94.601972908s 180 ndn.RandomAlertProducer:SendAlert(): [LOGIC] Don't send alert; condition failed
+95.293179578s 182 ndn.RandomAlertProducer:AlertSupplier(): [LOGIC] Send alert=/alert/emergency/veh/182/seq=0/zor=[MASKED] vehCount=115 rsuCount=9
+95.293179578s 182 caf.Forwarder:OnIncomingAlert(): [DEBUG] in=260 alert=/alert/emergency/veh/182/seq=0/zor=[MASKED]
+95.293179578s 182 caf.Forwarder:AlertVehicleHandler(): [DEBUG] in=(260,0) alert=/alert/emergency/veh/182/seq=0/zor=[MASKED] decision=forward to vehicles
+95.293179578s 182 caf.Forwarder:OnOutgoingAlert(): [DEBUG] out=257 alert=/alert/emergency/veh/182/seq=0/zor=[MASKED]
+95.294053633s 179 caf.Forwarder:OnIncomingAlert(): [DEBUG] in=257 alert=/alert/emergency/veh/182/seq=0/zor=[MASKED]
+95.294053633s 179 caf.Forwarder:AlertVehicleHandler(): [DEBUG] in=(257,0) alert=/alert/emergency/veh/182/seq=0/zor=[MASKED] decision=forward to vehicles deferred until 3.3769ms
+95.294053638s 186 caf.Forwarder:OnIncomingAlert(): [DEBUG] in=257 alert=/alert/emergency/veh/182/seq=0/zor=[MASKED]
+95.294053638s 186 caf.Forwarder:AlertVehicleHandler(): [DEBUG] in=(257,0) alert=/alert/emergency/veh/182/seq=0/zor=[MASKED] decision=drop since sender is closer
+95.294053668s 189 caf.Forwarder:OnIncomingAlert(): [DEBUG] in=257 alert=/alert/emergency/veh/182/seq=0/zor=[MASKED]
+95.294053668s 189 caf.Forwarder:AlertVehicleHandler(): [DEBUG] in=(257,0) alert=/alert/emergency/veh/182/seq=0/zor=[MASKED] decision=drop since sender is closer
+95.294053699s 49 caf.Forwarder:OnIncomingAlert(): [DEBUG] in=257 alert=/alert/emergency/veh/182/seq=0/zor=[MASKED]
+95.294053699s 49 caf.Forwarder:AlertVehicleHandler(): [DEBUG] in=(257,0) alert=/alert/emergency/veh/182/seq=0/zor=[MASKED] decision=drop since sender is closer
+95.294053708s 175 caf.Forwarder:OnIncomingAlert(): [DEBUG] in=257 alert=/alert/emergency/veh/182/seq=0/zor=[MASKED]
+95.294053708s 175 caf.Forwarder:AlertVehicleHandler(): [DEBUG] in=(257,0) alert=/alert/emergency/veh/182/seq=0/zor=[MASKED] decision=forward to vehicles deferred until 0ms
+95.294053708s 175 caf.Forwarder:OnOutgoingAlert(): [DEBUG] out=257 alert=/alert/emergency/veh/182/seq=0/zor=[MASKED]
+95.294053708s 175 ndn.AlertConsumer:doReceive(): [INFO ] Received alert: /alert/emergency/veh/182/seq=0/zor=[MASKED]
+95.294053744s 43 caf.Forwarder:OnIncomingAlert(): [DEBUG] in=257 alert=/alert/emergency/veh/182/seq=0/zor=[MASKED]
+95.294053744s 43 caf.Forwarder:AlertVehicleHandler(): [DEBUG] in=(257,0) alert=/alert/emergency/veh/182/seq=0/zor=[MASKED] decision=forward to vehicles deferred until 0ms
+95.294053744s 43 caf.Forwarder:OnOutgoingAlert(): [DEBUG] out=257 alert=/alert/emergency/veh/182/seq=0/zor=[MASKED]
+95.294053744s 43 ndn.AlertConsumer:doReceive(): [INFO ] Received alert: /alert/emergency/veh/182/seq=0/zor=[MASKED]
+95.294053749s 169 caf.Forwarder:OnIncomingAlert(): [DEBUG] in=257 alert=/alert/emergency/veh/182/seq=0/zor=[MASKED]
+95.294053749s 169 caf.Forwarder:AlertVehicleHandler(): [DEBUG] in=(257,0) alert=/alert/emergency/veh/182/seq=0/zor=[MASKED] decision=forward to vehicles deferred until 0ms
+95.294053749s 169 caf.Forwarder:OnOutgoingAlert(): [DEBUG] out=257 alert=/alert/emergency/veh/182/seq=0/zor=[MASKED]
+95.294053749s 169 ndn.AlertConsumer:doReceive(): [INFO ] Received alert: /alert/emergency/veh/182/seq=0/zor=[MASKED]
+95.297430532s 179 caf.Forwarder:OnOutgoingAlert(): [DEBUG] out=257 alert=/alert/emergency/veh/182/seq=0/zor=[MASKED]
+95.298304587s 182 caf.Forwarder:OnIncomingAlert(): [DEBUG] in=257 alert=/alert/emergency/veh/182/seq=0/zor=[MASKED]
+95.298304587s 182 caf.Forwarder:AlertVehicleHandler(): [DEBUG] in=(257,0) alert=/alert/emergency/veh/182/seq=0/zor=[MASKED] decision=drop because duplicate alert
+95.298304606s 175 caf.Forwarder:OnIncomingAlert(): [DEBUG] in=257 alert=/alert/emergency/veh/182/seq=0/zor=[MASKED]
+95.298304606s 175 caf.Forwarder:AlertVehicleHandler(): [DEBUG] in=(257,0) alert=/alert/emergency/veh/182/seq=0/zor=[MASKED] decision=drop because duplicate alert
+95.298304644s 43 caf.Forwarder:OnIncomingAlert(): [DEBUG] in=257 alert=/alert/emergency/veh/182/seq=0/zor=[MASKED]
+95.298304644s 43 caf.Forwarder:AlertVehicleHandler(): [DEBUG] in=(257,0) alert=/alert/emergency/veh/182/seq=0/zor=[MASKED] decision=drop because duplicate alert
+95.298304647s 186 caf.Forwarder:OnIncomingAlert(): [DEBUG] in=257 alert=/alert/emergency/veh/182/seq=0/zor=[MASKED]
+95.298304647s 186 caf.Forwarder:AlertVehicleHandler(): [DEBUG] in=(257,0) alert=/alert/emergency/veh/182/seq=0/zor=[MASKED] decision=drop because duplicate alert
+95.298304648s 169 caf.Forwarder:OnIncomingAlert(): [DEBUG] in=257 alert=/alert/emergency/veh/182/seq=0/zor=[MASKED]
+95.298304648s 169 caf.Forwarder:AlertVehicleHandler(): [DEBUG] in=(257,0) alert=/alert/emergency/veh/182/seq=0/zor=[MASKED] decision=drop because duplicate alert
+95.298304678s 189 caf.Forwarder:OnIncomingAlert(): [DEBUG] in=257 alert=/alert/emergency/veh/182/seq=0/zor=[MASKED]
+95.298304678s 189 caf.Forwarder:AlertVehicleHandler(): [DEBUG] in=(257,0) alert=/alert/emergency/veh/182/seq=0/zor=[MASKED] decision=drop because duplicate alert
+95.298304683s 52 caf.Forwarder:OnIncomingAlert(): [DEBUG] in=257 alert=/alert/emergency/veh/182/seq=0/zor=[MASKED]
+95.298304683s 52 caf.Forwarder:AlertVehicleHandler(): [DEBUG] in=(257,0) alert=/alert/emergency/veh/182/seq=0/zor=[MASKED] decision=forward to vehicles deferred until 0ms
+95.298304683s 52 caf.Forwarder:OnOutgoingAlert(): [DEBUG] out=257 alert=/alert/emergency/veh/182/seq=0/zor=[MASKED]
+95.298304683s 52 ndn.AlertConsumer:doReceive(): [INFO ] Received alert: /alert/emergency/veh/182/seq=0/zor=[MASKED]
+95.298304696s 168 caf.Forwarder:OnIncomingAlert(): [DEBUG] in=257 alert=/alert/emergency/veh/182/seq=0/zor=[MASKED]
+95.298304696s 168 caf.Forwarder:AlertVehicleHandler(): [DEBUG] in=(257,0) alert=/alert/emergency/veh/182/seq=0/zor=[MASKED] decision=forward to vehicles deferred until 0ms
+95.298304696s 168 caf.Forwarder:OnOutgoingAlert(): [DEBUG] out=257 alert=/alert/emergency/veh/182/seq=0/zor=[MASKED]
+95.298304696s 168 ndn.AlertConsumer:doReceive(): [INFO ] Received alert: /alert/emergency/veh/182/seq=0/zor=[MASKED]
+95.299178719s 169 caf.Forwarder:OnIncomingAlert(): [DEBUG] in=257 alert=/alert/emergency/veh/182/seq=0/zor=[MASKED]
+95.299178719s 169 caf.Forwarder:AlertVehicleHandler(): [DEBUG] in=(257,0) alert=/alert/emergency/veh/182/seq=0/zor=[MASKED] decision=drop because duplicate alert
+95.299178727s 43 caf.Forwarder:OnIncomingAlert(): [DEBUG] in=257 alert=/alert/emergency/veh/182/seq=0/zor=[MASKED]
+95.299178727s 43 caf.Forwarder:AlertVehicleHandler(): [DEBUG] in=(257,0) alert=/alert/emergency/veh/182/seq=0/zor=[MASKED] decision=drop because duplicate alert
+95.381804319s 183 ndn.RandomAlertProducer:AlertSupplier(): [LOGIC] Send alert=/alert/emergency/veh/183/seq=0/zor=[MASKED] vehCount=115 rsuCount=9
+95.381804319s 183 caf.Forwarder:OnIncomingAlert(): [DEBUG] in=260 alert=/alert/emergency/veh/183/seq=0/zor=[MASKED]
+95.381804319s 183 caf.Forwarder:AlertVehicleHandler(): [DEBUG] in=(260,0) alert=/alert/emergency/veh/183/seq=0/zor=[MASKED] decision=forward to vehicles
+95.381804319s 183 caf.Forwarder:OnOutgoingAlert(): [DEBUG] out=257 alert=/alert/emergency/veh/183/seq=0/zor=[MASKED]
+95.382678367s 59 caf.Forwarder:OnIncomingAlert(): [DEBUG] in=257 alert=/alert/emergency/veh/183/seq=0/zor=[MASKED]
+95.382678367s 59 caf.Forwarder:AlertVehicleHandler(): [DEBUG] in=(257,0) alert=/alert/emergency/veh/183/seq=0/zor=[MASKED] decision=drop since sender is closer
+95.382678389s 185 caf.Forwarder:OnIncomingAlert(): [DEBUG] in=257 alert=/alert/emergency/veh/183/seq=0/zor=[MASKED]
+95.382678389s 185 caf.Forwarder:AlertVehicleHandler(): [DEBUG] in=(257,0) alert=/alert/emergency/veh/183/seq=0/zor=[MASKED] decision=drop since sender is closer
+95.382678395s 64 caf.Forwarder:OnIncomingAlert(): [DEBUG] in=257 alert=/alert/emergency/veh/183/seq=0/zor=[MASKED]
+95.382678395s 64 caf.Forwarder:AlertVehicleHandler(): [DEBUG] in=(257,0) alert=/alert/emergency/veh/183/seq=0/zor=[MASKED] decision=drop since sender is closer
+95.382678395s 178 caf.Forwarder:OnIncomingAlert(): [DEBUG] in=257 alert=/alert/emergency/veh/183/seq=0/zor=[MASKED]
+95.382678395s 178 caf.Forwarder:AlertVehicleHandler(): [DEBUG] in=(257,0) alert=/alert/emergency/veh/183/seq=0/zor=[MASKED] decision=forward to vehicles deferred until 2.74532ms
+95.382678399s 190 caf.Forwarder:OnIncomingAlert(): [DEBUG] in=257 alert=/alert/emergency/veh/183/seq=0/zor=[MASKED]
+95.382678399s 190 caf.Forwarder:AlertVehicleHandler(): [DEBUG] in=(257,0) alert=/alert/emergency/veh/183/seq=0/zor=[MASKED] decision=drop since sender is closer
+95.382678462s 193 caf.Forwarder:OnIncomingAlert(): [DEBUG] in=257 alert=/alert/emergency/veh/183/seq=0/zor=[MASKED]
+95.382678462s 193 caf.Forwarder:AlertVehicleHandler(): [DEBUG] in=(257,0) alert=/alert/emergency/veh/183/seq=0/zor=[MASKED] decision=drop since sender is closer
+95.385423716s 178 caf.Forwarder:OnOutgoingAlert(): [DEBUG] out=257 alert=/alert/emergency/veh/183/seq=0/zor=[MASKED]
+95.386297792s 183 caf.Forwarder:OnIncomingAlert(): [DEBUG] in=257 alert=/alert/emergency/veh/183/seq=0/zor=[MASKED]
+95.386297792s 183 caf.Forwarder:AlertVehicleHandler(): [DEBUG] in=(257,0) alert=/alert/emergency/veh/183/seq=0/zor=[MASKED] decision=drop because duplicate alert
+95.386297832s 59 caf.Forwarder:OnIncomingAlert(): [DEBUG] in=257 alert=/alert/emergency/veh/183/seq=0/zor=[MASKED]
+95.386297832s 59 caf.Forwarder:AlertVehicleHandler(): [DEBUG] in=(257,0) alert=/alert/emergency/veh/183/seq=0/zor=[MASKED] decision=drop because duplicate alert
+95.386297835s 172 caf.Forwarder:OnIncomingAlert(): [DEBUG] in=257 alert=/alert/emergency/veh/183/seq=0/zor=[MASKED]
+95.386297835s 172 caf.Forwarder:AlertVehicleHandler(): [DEBUG] in=(257,0) alert=/alert/emergency/veh/183/seq=0/zor=[MASKED] decision=forward to vehicles deferred until 0ms
+95.386297835s 172 caf.Forwarder:OnOutgoingAlert(): [DEBUG] out=257 alert=/alert/emergency/veh/183/seq=0/zor=[MASKED]
+95.386297835s 172 ndn.AlertConsumer:doReceive(): [INFO ] Received alert: /alert/emergency/veh/183/seq=0/zor=[MASKED]
+95.386297841s 66 caf.Forwarder:OnIncomingAlert(): [DEBUG] in=257 alert=/alert/emergency/veh/183/seq=0/zor=[MASKED]
+95.386297841s 66 caf.Forwarder:AlertVehicleHandler(): [DEBUG] in=(257,0) alert=/alert/emergency/veh/183/seq=0/zor=[MASKED] decision=forward to vehicles deferred until 0ms
+95.386297841s 66 caf.Forwarder:OnOutgoingAlert(): [DEBUG] out=257 alert=/alert/emergency/veh/183/seq=0/zor=[MASKED]
+95.386297841s 66 ndn.AlertConsumer:doReceive(): [INFO ] Received alert: /alert/emergency/veh/183/seq=0/zor=[MASKED]
+95.386297862s 185 caf.Forwarder:OnIncomingAlert(): [DEBUG] in=257 alert=/alert/emergency/veh/183/seq=0/zor=[MASKED]
+95.386297862s 185 caf.Forwarder:AlertVehicleHandler(): [DEBUG] in=(257,0) alert=/alert/emergency/veh/183/seq=0/zor=[MASKED] decision=drop because duplicate alert
+95.386297867s 64 caf.Forwarder:OnIncomingAlert(): [DEBUG] in=257 alert=/alert/emergency/veh/183/seq=0/zor=[MASKED]
+95.386297867s 64 caf.Forwarder:AlertVehicleHandler(): [DEBUG] in=(257,0) alert=/alert/emergency/veh/183/seq=0/zor=[MASKED] decision=drop because duplicate alert
+95.386297872s 190 caf.Forwarder:OnIncomingAlert(): [DEBUG] in=257 alert=/alert/emergency/veh/183/seq=0/zor=[MASKED]
+95.386297872s 190 caf.Forwarder:AlertVehicleHandler(): [DEBUG] in=(257,0) alert=/alert/emergency/veh/183/seq=0/zor=[MASKED] decision=drop because duplicate alert
+95.747430900s 184 ndn.RandomAlertProducer:AlertSupplier(): [LOGIC] Send alert=/alert/emergency/veh/184/seq=0/zor=[MASKED] vehCount=117 rsuCount=9
+95.747430900s 184 caf.Forwarder:OnIncomingAlert(): [DEBUG] in=260 alert=/alert/emergency/veh/184/seq=0/zor=[MASKED]
+95.747430900s 184 caf.Forwarder:AlertVehicleHandler(): [DEBUG] in=(260,0) alert=/alert/emergency/veh/184/seq=0/zor=[MASKED] decision=forward to vehicles
+95.747430900s 184 caf.Forwarder:OnOutgoingAlert(): [DEBUG] out=257 alert=/alert/emergency/veh/184/seq=0/zor=[MASKED]
+95.748304949s 74 caf.Forwarder:OnIncomingAlert(): [DEBUG] in=257 alert=/alert/emergency/veh/184/seq=0/zor=[MASKED]
+95.748304949s 74 caf.Forwarder:AlertVehicleHandler(): [DEBUG] in=(257,0) alert=/alert/emergency/veh/184/seq=0/zor=[MASKED] decision=forward to vehicles deferred until 3.58261ms
+95.748304960s 191 caf.Forwarder:OnIncomingAlert(): [DEBUG] in=257 alert=/alert/emergency/veh/184/seq=0/zor=[MASKED]
+95.748304960s 191 caf.Forwarder:AlertVehicleHandler(): [DEBUG] in=(257,0) alert=/alert/emergency/veh/184/seq=0/zor=[MASKED] decision=drop since sender is closer
+95.748304994s 54 caf.Forwarder:OnIncomingAlert(): [DEBUG] in=257 alert=/alert/emergency/veh/184/seq=0/zor=[MASKED]
+95.748304994s 54 caf.Forwarder:AlertVehicleHandler(): [DEBUG] in=(257,0) alert=/alert/emergency/veh/184/seq=0/zor=[MASKED] decision=forward to vehicles deferred until 2.20405ms
+95.748305056s 192 caf.Forwarder:OnIncomingAlert(): [DEBUG] in=257 alert=/alert/emergency/veh/184/seq=0/zor=[MASKED]
+95.748305056s 192 caf.Forwarder:AlertVehicleHandler(): [DEBUG] in=(257,0) alert=/alert/emergency/veh/184/seq=0/zor=[MASKED] decision=drop since sender is closer
+95.748305068s 177 caf.Forwarder:OnIncomingAlert(): [DEBUG] in=257 alert=/alert/emergency/veh/184/seq=0/zor=[MASKED]
+95.748305068s 177 caf.Forwarder:AlertVehicleHandler(): [DEBUG] in=(257,0) alert=/alert/emergency/veh/184/seq=0/zor=[MASKED] decision=forward to vehicles deferred until 0ms
+95.748305068s 177 caf.Forwarder:OnOutgoingAlert(): [DEBUG] out=257 alert=/alert/emergency/veh/184/seq=0/zor=[MASKED]
+95.749179147s 54 caf.Forwarder:OnIncomingAlert(): [DEBUG] in=257 alert=/alert/emergency/veh/184/seq=0/zor=[MASKED]
+95.749179147s 54 caf.Forwarder:AlertVehicleHandler(): [DEBUG] in= (257,0) alert=/alert/emergency/veh/184/seq=0/zor=[MASKED] timer cancelled because sender closer to ZoR
+95.749179152s 176 caf.Forwarder:OnIncomingAlert(): [DEBUG] in=257 alert=/alert/emergency/veh/184/seq=0/zor=[MASKED]
+95.749179152s 176 caf.Forwarder:AlertVehicleHandler(): [DEBUG] in=(257,0) alert=/alert/emergency/veh/184/seq=0/zor=[MASKED] decision=forward to vehicles deferred until 0ms
+95.749179152s 176 caf.Forwarder:OnOutgoingAlert(): [DEBUG] out=257 alert=/alert/emergency/veh/184/seq=0/zor=[MASKED]
+95.749179152s 176 ndn.AlertConsumer:doReceive(): [INFO ] Received alert: /alert/emergency/veh/184/seq=0/zor=[MASKED]
+95.749179203s 74 caf.Forwarder:OnIncomingAlert(): [DEBUG] in=257 alert=/alert/emergency/veh/184/seq=0/zor=[MASKED]
+95.749179203s 74 caf.Forwarder:AlertVehicleHandler(): [DEBUG] in= (257,0) alert=/alert/emergency/veh/184/seq=0/zor=[MASKED] timer cancelled because sender closer to ZoR
+95.749179230s 170 caf.Forwarder:OnIncomingAlert(): [DEBUG] in=257 alert=/alert/emergency/veh/184/seq=0/zor=[MASKED]
+95.749179230s 170 caf.Forwarder:AlertVehicleHandler(): [DEBUG] in=(257,0) alert=/alert/emergency/veh/184/seq=0/zor=[MASKED] decision=forward to vehicles deferred until 0ms
+95.749179230s 170 caf.Forwarder:OnOutgoingAlert(): [DEBUG] out=257 alert=/alert/emergency/veh/184/seq=0/zor=[MASKED]
+95.749179230s 170 ndn.AlertConsumer:doReceive(): [INFO ] Received alert: /alert/emergency/veh/184/seq=0/zor=[MASKED]
+95.749179236s 184 caf.Forwarder:OnIncomingAlert(): [DEBUG] in=257 alert=/alert/emergency/veh/184/seq=0/zor=[MASKED]
+95.749179236s 184 caf.Forwarder:AlertVehicleHandler(): [DEBUG] in=(257,0) alert=/alert/emergency/veh/184/seq=0/zor=[MASKED] decision=drop because duplicate alert
+95.750053236s 177 caf.Forwarder:OnIncomingAlert(): [DEBUG] in=257 alert=/alert/emergency/veh/184/seq=0/zor=[MASKED]
+95.750053236s 177 caf.Forwarder:AlertVehicleHandler(): [DEBUG] in=(257,0) alert=/alert/emergency/veh/184/seq=0/zor=[MASKED] decision=drop because duplicate alert
+95.750053301s 36 caf.Forwarder:OnIncomingAlert(): [DEBUG] in=257 alert=/alert/emergency/veh/184/seq=0/zor=[MASKED]
+95.750053301s 36 caf.Forwarder:AlertVehicleHandler(): [DEBUG] in=(257,0) alert=/alert/emergency/veh/184/seq=0/zor=[MASKED] decision=forward to vehicles deferred until 0ms
+95.750053301s 36 caf.Forwarder:OnOutgoingAlert(): [DEBUG] out=257 alert=/alert/emergency/veh/184/seq=0/zor=[MASKED]
+95.750053301s 36 ndn.AlertConsumer:doReceive(): [INFO ] Received alert: /alert/emergency/veh/184/seq=0/zor=[MASKED]
+95.750053314s 54 caf.Forwarder:OnIncomingAlert(): [DEBUG] in=257 alert=/alert/emergency/veh/184/seq=0/zor=[MASKED]
+95.750053314s 54 caf.Forwarder:AlertVehicleHandler(): [DEBUG] in=(257,0) alert=/alert/emergency/veh/184/seq=0/zor=[MASKED] decision=drop because duplicate alert
+95.750053324s 162 caf.Forwarder:OnIncomingAlert(): [DEBUG] in=257 alert=/alert/emergency/veh/184/seq=0/zor=[MASKED]
+95.750053324s 162 caf.Forwarder:AlertVehicleHandler(): [DEBUG] in=(257,0) alert=/alert/emergency/veh/184/seq=0/zor=[MASKED] decision=forward to vehicles deferred until 0ms
+95.750053324s 162 caf.Forwarder:OnOutgoingAlert(): [DEBUG] out=257 alert=/alert/emergency/veh/184/seq=0/zor=[MASKED]
+95.750053324s 162 ndn.AlertConsumer:doReceive(): [INFO ] Received alert: /alert/emergency/veh/184/seq=0/zor=[MASKED]
+95.750053373s 163 caf.Forwarder:OnIncomingAlert(): [DEBUG] in=257 alert=/alert/emergency/veh/184/seq=0/zor=[MASKED]
+95.750053373s 163 caf.Forwarder:AlertVehicleHandler(): [DEBUG] in=(257,0) alert=/alert/emergency/veh/184/seq=0/zor=[MASKED] decision=forward to vehicles deferred until 0ms
+95.750053373s 163 caf.Forwarder:OnOutgoingAlert(): [DEBUG] out=257 alert=/alert/emergency/veh/184/seq=0/zor=[MASKED]
+95.750053373s 163 ndn.AlertConsumer:doReceive(): [INFO ] Received alert: /alert/emergency/veh/184/seq=0/zor=[MASKED]
+95.750053375s 148 caf.Forwarder:OnIncomingAlert(): [DEBUG] in=257 alert=/alert/emergency/veh/184/seq=0/zor=[MASKED]
+95.750053375s 148 caf.Forwarder:AlertVehicleHandler(): [DEBUG] in=(257,0) alert=/alert/emergency/veh/184/seq=0/zor=[MASKED] decision=forward to vehicles deferred until 0ms
+95.750053375s 148 caf.Forwarder:OnOutgoingAlert(): [DEBUG] out=257 alert=/alert/emergency/veh/184/seq=0/zor=[MASKED]
+95.750053375s 148 ndn.AlertConsumer:doReceive(): [INFO ] Received alert: /alert/emergency/veh/184/seq=0/zor=[MASKED]
+95.750053400s 149 caf.Forwarder:OnIncomingAlert(): [DEBUG] in=257 alert=/alert/emergency/veh/184/seq=0/zor=[MASKED]
+95.750053400s 149 caf.Forwarder:AlertVehicleHandler(): [DEBUG] in=(257,0) alert=/alert/emergency/veh/184/seq=0/zor=[MASKED] decision=forward to vehicles deferred until 0ms
+95.750053400s 149 caf.Forwarder:OnOutgoingAlert(): [DEBUG] out=257 alert=/alert/emergency/veh/184/seq=0/zor=[MASKED]
+95.750053400s 149 ndn.AlertConsumer:doReceive(): [INFO ] Received alert: /alert/emergency/veh/184/seq=0/zor=[MASKED]
+95.750927414s 155 caf.Forwarder:OnIncomingAlert(): [DEBUG] in=257 alert=/alert/emergency/veh/184/seq=0/zor=[MASKED]
+95.750927414s 155 caf.Forwarder:AlertVehicleHandler(): [DEBUG] in=(257,0) alert=/alert/emergency/veh/184/seq=0/zor=[MASKED] decision=forward to vehicles deferred until 0ms
+95.750927414s 155 caf.Forwarder:OnOutgoingAlert(): [DEBUG] out=257 alert=/alert/emergency/veh/184/seq=0/zor=[MASKED]
+95.750927414s 155 ndn.AlertConsumer:doReceive(): [INFO ] Received alert: /alert/emergency/veh/184/seq=0/zor=[MASKED]
+95.750927428s 141 caf.Forwarder:OnIncomingAlert(): [DEBUG] in=257 alert=/alert/emergency/veh/184/seq=0/zor=[MASKED]
+95.750927428s 141 caf.Forwarder:AlertVehicleHandler(): [DEBUG] in=(257,0) alert=/alert/emergency/veh/184/seq=0/zor=[MASKED] decision=forward to vehicles deferred until 0ms
+95.750927428s 141 caf.Forwarder:OnOutgoingAlert(): [DEBUG] out=257 alert=/alert/emergency/veh/184/seq=0/zor=[MASKED]
+95.750927428s 141 ndn.AlertConsumer:doReceive(): [INFO ] Received alert: /alert/emergency/veh/184/seq=0/zor=[MASKED]
+95.751801428s 149 caf.Forwarder:OnIncomingAlert(): [DEBUG] in=257 alert=/alert/emergency/veh/184/seq=0/zor=[MASKED]
+95.751801428s 149 caf.Forwarder:AlertVehicleHandler(): [DEBUG] in=(257,0) alert=/alert/emergency/veh/184/seq=0/zor=[MASKED] decision=drop because duplicate alert
+95.751801445s 140 caf.Forwarder:OnIncomingAlert(): [DEBUG] in=257 alert=/alert/emergency/veh/184/seq=0/zor=[MASKED]
+95.751801445s 140 caf.Forwarder:AlertVehicleHandler(): [DEBUG] in=(257,0) alert=/alert/emergency/veh/184/seq=0/zor=[MASKED] decision=forward to vehicles deferred until 0ms
+95.751801445s 140 caf.Forwarder:OnOutgoingAlert(): [DEBUG] out=257 alert=/alert/emergency/veh/184/seq=0/zor=[MASKED]
+95.751801445s 140 ndn.AlertConsumer:doReceive(): [INFO ] Received alert: /alert/emergency/veh/184/seq=0/zor=[MASKED]
+95.751801449s 148 caf.Forwarder:OnIncomingAlert(): [DEBUG] in=257 alert=/alert/emergency/veh/184/seq=0/zor=[MASKED]
+95.751801449s 148 caf.Forwarder:AlertVehicleHandler(): [DEBUG] in=(257,0) alert=/alert/emergency/veh/184/seq=0/zor=[MASKED] decision=drop because duplicate alert
+95.751801449s 163 caf.Forwarder:OnIncomingAlert(): [DEBUG] in=257 alert=/alert/emergency/veh/184/seq=0/zor=[MASKED]
+95.751801449s 163 caf.Forwarder:AlertVehicleHandler(): [DEBUG] in=(257,0) alert=/alert/emergency/veh/184/seq=0/zor=[MASKED] decision=drop because duplicate alert
+95.751801453s 134 caf.Forwarder:OnIncomingAlert(): [DEBUG] in=257 alert=/alert/emergency/veh/184/seq=0/zor=[MASKED]
+95.751801453s 134 caf.Forwarder:AlertVehicleHandler(): [DEBUG] in=(257,0) alert=/alert/emergency/veh/184/seq=0/zor=[MASKED] decision=forward to vehicles deferred until 0ms
+95.751801453s 134 caf.Forwarder:OnOutgoingAlert(): [DEBUG] out=257 alert=/alert/emergency/veh/184/seq=0/zor=[MASKED]
+95.751801453s 134 ndn.AlertConsumer:doReceive(): [INFO ] Received alert: /alert/emergency/veh/184/seq=0/zor=[MASKED]
+95.751801463s 105 caf.Forwarder:OnIncomingAlert(): [DEBUG] in=257 alert=/alert/emergency/veh/184/seq=0/zor=[MASKED]
+95.751801463s 105 caf.Forwarder:AlertVehicleHandler(): [DEBUG] in=(257,0) alert=/alert/emergency/veh/184/seq=0/zor=[MASKED] decision=forward to vehicles deferred until 0ms
+95.751801463s 105 caf.Forwarder:OnOutgoingAlert(): [DEBUG] out=257 alert=/alert/emergency/veh/184/seq=0/zor=[MASKED]
+95.751801463s 105 ndn.AlertConsumer:doReceive(): [INFO ] Received alert: /alert/emergency/veh/184/seq=0/zor=[MASKED]
+95.751801474s 128 caf.Forwarder:OnIncomingAlert(): [DEBUG] in=257 alert=/alert/emergency/veh/184/seq=0/zor=[MASKED]
+95.751801474s 128 caf.Forwarder:AlertVehicleHandler(): [DEBUG] in=(257,0) alert=/alert/emergency/veh/184/seq=0/zor=[MASKED] decision=forward to vehicles deferred until 0ms
+95.751801474s 128 caf.Forwarder:OnOutgoingAlert(): [DEBUG] out=257 alert=/alert/emergency/veh/184/seq=0/zor=[MASKED]
+95.751801474s 128 ndn.AlertConsumer:doReceive(): [INFO ] Received alert: /alert/emergency/veh/184/seq=0/zor=[MASKED]
+95.751801477s 133 caf.Forwarder:OnIncomingAlert(): [DEBUG] in=257 alert=/alert/emergency/veh/184/seq=0/zor=[MASKED]
+95.751801477s 133 caf.Forwarder:AlertVehicleHandler(): [DEBUG] in=(257,0) alert=/alert/emergency/veh/184/seq=0/zor=[MASKED] decision=forward to vehicles deferred until 0ms
+95.751801477s 133 caf.Forwarder:OnOutgoingAlert(): [DEBUG] out=257 alert=/alert/emergency/veh/184/seq=0/zor=[MASKED]
+95.751801477s 133 ndn.AlertConsumer:doReceive(): [INFO ] Received alert: /alert/emergency/veh/184/seq=0/zor=[MASKED]
+95.752675469s 140 caf.Forwarder:OnIncomingAlert(): [DEBUG] in=257 alert=/alert/emergency/veh/184/seq=0/zor=[MASKED]
+95.752675469s 140 caf.Forwarder:AlertVehicleHandler(): [DEBUG] in=(257,0) alert=/alert/emergency/veh/184/seq=0/zor=[MASKED] decision=drop because duplicate alert
+95.753731530s 134 caf.Forwarder:OnIncomingAlert(): [DEBUG] in=257 alert=/alert/emergency/veh/184/seq=0/zor=[MASKED]
+95.753731530s 134 caf.Forwarder:AlertVehicleHandler(): [DEBUG] in=(257,0) alert=/alert/emergency/veh/184/seq=0/zor=[MASKED] decision=drop because duplicate alert
+95.753731531s 141 caf.Forwarder:OnIncomingAlert(): [DEBUG] in=257 alert=/alert/emergency/veh/184/seq=0/zor=[MASKED]
+95.753731531s 141 caf.Forwarder:AlertVehicleHandler(): [DEBUG] in=(257,0) alert=/alert/emergency/veh/184/seq=0/zor=[MASKED] decision=drop because duplicate alert
+95.753731545s 128 caf.Forwarder:OnIncomingAlert(): [DEBUG] in=257 alert=/alert/emergency/veh/184/seq=0/zor=[MASKED]
+95.753731545s 128 caf.Forwarder:AlertVehicleHandler(): [DEBUG] in=(257,0) alert=/alert/emergency/veh/184/seq=0/zor=[MASKED] decision=drop because duplicate alert
+95.753731546s 155 caf.Forwarder:OnIncomingAlert(): [DEBUG] in=257 alert=/alert/emergency/veh/184/seq=0/zor=[MASKED]
+95.753731546s 155 caf.Forwarder:AlertVehicleHandler(): [DEBUG] in=(257,0) alert=/alert/emergency/veh/184/seq=0/zor=[MASKED] decision=drop because duplicate alert
+95.753731549s 105 caf.Forwarder:OnIncomingAlert(): [DEBUG] in=257 alert=/alert/emergency/veh/184/seq=0/zor=[MASKED]
+95.753731549s 105 caf.Forwarder:AlertVehicleHandler(): [DEBUG] in=(257,0) alert=/alert/emergency/veh/184/seq=0/zor=[MASKED] decision=drop because duplicate alert
+95.753731551s 133 caf.Forwarder:OnIncomingAlert(): [DEBUG] in=257 alert=/alert/emergency/veh/184/seq=0/zor=[MASKED]
+95.753731551s 133 caf.Forwarder:AlertVehicleHandler(): [DEBUG] in=(257,0) alert=/alert/emergency/veh/184/seq=0/zor=[MASKED] decision=drop because duplicate alert
+95.753731557s 149 caf.Forwarder:OnIncomingAlert(): [DEBUG] in=257 alert=/alert/emergency/veh/184/seq=0/zor=[MASKED]
+95.753731557s 149 caf.Forwarder:AlertVehicleHandler(): [DEBUG] in=(257,0) alert=/alert/emergency/veh/184/seq=0/zor=[MASKED] decision=drop because duplicate alert
+95.753731573s 127 caf.Forwarder:OnIncomingAlert(): [DEBUG] in=257 alert=/alert/emergency/veh/184/seq=0/zor=[MASKED]
+95.753731573s 127 caf.Forwarder:AlertVehicleHandler(): [DEBUG] in=(257,0) alert=/alert/emergency/veh/184/seq=0/zor=[MASKED] decision=forward to vehicles deferred until 0ms
+95.753731573s 127 caf.Forwarder:OnOutgoingAlert(): [DEBUG] out=257 alert=/alert/emergency/veh/184/seq=0/zor=[MASKED]
+95.753731573s 127 ndn.AlertConsumer:doReceive(): [INFO ] Received alert: /alert/emergency/veh/184/seq=0/zor=[MASKED]
+95.753731576s 122 caf.Forwarder:OnIncomingAlert(): [DEBUG] in=257 alert=/alert/emergency/veh/184/seq=0/zor=[MASKED]
+95.753731576s 122 caf.Forwarder:AlertVehicleHandler(): [DEBUG] in=(257,0) alert=/alert/emergency/veh/184/seq=0/zor=[MASKED] decision=forward to vehicles deferred until 0ms
+95.753731576s 122 caf.Forwarder:OnOutgoingAlert(): [DEBUG] out=257 alert=/alert/emergency/veh/184/seq=0/zor=[MASKED]
+95.753731576s 122 ndn.AlertConsumer:doReceive(): [INFO ] Received alert: /alert/emergency/veh/184/seq=0/zor=[MASKED]
+95.753731580s 148 caf.Forwarder:OnIncomingAlert(): [DEBUG] in=257 alert=/alert/emergency/veh/184/seq=0/zor=[MASKED]
+95.753731580s 148 caf.Forwarder:AlertVehicleHandler(): [DEBUG] in=(257,0) alert=/alert/emergency/veh/184/seq=0/zor=[MASKED] decision=drop because duplicate alert
+95.753731581s 163 caf.Forwarder:OnIncomingAlert(): [DEBUG] in=257 alert=/alert/emergency/veh/184/seq=0/zor=[MASKED]
+95.753731581s 163 caf.Forwarder:AlertVehicleHandler(): [DEBUG] in=(257,0) alert=/alert/emergency/veh/184/seq=0/zor=[MASKED] decision=drop because duplicate alert
+95.753731601s 115 caf.Forwarder:OnIncomingAlert(): [DEBUG] in=257 alert=/alert/emergency/veh/184/seq=0/zor=[MASKED]
+95.753731601s 115 caf.Forwarder:AlertVehicleHandler(): [DEBUG] in=(257,0) alert=/alert/emergency/veh/184/seq=0/zor=[MASKED] decision=forward to vehicles deferred until 0ms
+95.753731601s 121 caf.Forwarder:OnIncomingAlert(): [DEBUG] in=257 alert=/alert/emergency/veh/184/seq=0/zor=[MASKED]
+95.753731601s 121 caf.Forwarder:AlertVehicleHandler(): [DEBUG] in=(257,0) alert=/alert/emergency/veh/184/seq=0/zor=[MASKED] decision=forward to vehicles deferred until 0ms
+95.753731601s 115 caf.Forwarder:OnOutgoingAlert(): [DEBUG] out=257 alert=/alert/emergency/veh/184/seq=0/zor=[MASKED]
+95.753731601s 115 ndn.AlertConsumer:doReceive(): [INFO ] Received alert: /alert/emergency/veh/184/seq=0/zor=[MASKED]
+95.753731601s 121 caf.Forwarder:OnOutgoingAlert(): [DEBUG] out=257 alert=/alert/emergency/veh/184/seq=0/zor=[MASKED]
+95.753731601s 121 ndn.AlertConsumer:doReceive(): [INFO ] Received alert: /alert/emergency/veh/184/seq=0/zor=[MASKED]
+95.753731626s 100 caf.Forwarder:OnIncomingAlert(): [DEBUG] in=257 alert=/alert/emergency/veh/184/seq=0/zor=[MASKED]
+95.753731626s 100 caf.Forwarder:AlertVehicleHandler(): [DEBUG] in=(257,0) alert=/alert/emergency/veh/184/seq=0/zor=[MASKED] decision=forward to vehicles deferred until 0ms
+95.753731626s 100 caf.Forwarder:OnOutgoingAlert(): [DEBUG] out=257 alert=/alert/emergency/veh/184/seq=0/zor=[MASKED]
+95.753731626s 100 ndn.AlertConsumer:doReceive(): [INFO ] Received alert: /alert/emergency/veh/184/seq=0/zor=[MASKED]
+95.753731630s 162 caf.Forwarder:OnIncomingAlert(): [DEBUG] in=257 alert=/alert/emergency/veh/184/seq=0/zor=[MASKED]
+95.753731630s 162 caf.Forwarder:AlertVehicleHandler(): [DEBUG] in=(257,0) alert=/alert/emergency/veh/184/seq=0/zor=[MASKED] decision=drop because duplicate alert
+95.753731633s 114 caf.Forwarder:OnIncomingAlert(): [DEBUG] in=257 alert=/alert/emergency/veh/184/seq=0/zor=[MASKED]
+95.753731633s 114 caf.Forwarder:AlertVehicleHandler(): [DEBUG] in=(257,0) alert=/alert/emergency/veh/184/seq=0/zor=[MASKED] decision=forward to vehicles deferred until 0ms
+95.753731633s 114 caf.Forwarder:OnOutgoingAlert(): [DEBUG] out=257 alert=/alert/emergency/veh/184/seq=0/zor=[MASKED]
+95.753731633s 114 ndn.AlertConsumer:doReceive(): [INFO ] Received alert: /alert/emergency/veh/184/seq=0/zor=[MASKED]
+95.753731649s 92 caf.Forwarder:OnIncomingAlert(): [DEBUG] in=257 alert=/alert/emergency/veh/184/seq=0/zor=[MASKED]
+95.753731649s 92 caf.Forwarder:AlertVehicleHandler(): [DEBUG] in=(257,0) alert=/alert/emergency/veh/184/seq=0/zor=[MASKED] decision=forward to vehicles deferred until 0ms
+95.753731649s 92 caf.Forwarder:OnOutgoingAlert(): [DEBUG] out=257 alert=/alert/emergency/veh/184/seq=0/zor=[MASKED]
+95.753731649s 92 ndn.AlertConsumer:doReceive(): [INFO ] Received alert: /alert/emergency/veh/184/seq=0/zor=[MASKED]
+95.753731651s 112 caf.Forwarder:OnIncomingAlert(): [DEBUG] in=257 alert=/alert/emergency/veh/184/seq=0/zor=[MASKED]
+95.753731651s 112 caf.Forwarder:AlertVehicleHandler(): [DEBUG] in=(257,0) alert=/alert/emergency/veh/184/seq=0/zor=[MASKED] decision=forward to vehicles deferred until 0ms
+95.753731651s 112 caf.Forwarder:OnOutgoingAlert(): [DEBUG] out=257 alert=/alert/emergency/veh/184/seq=0/zor=[MASKED]
+95.753731651s 112 ndn.AlertConsumer:doReceive(): [INFO ] Received alert: /alert/emergency/veh/184/seq=0/zor=[MASKED]
+95.753731664s 106 caf.Forwarder:OnIncomingAlert(): [DEBUG] in=257 alert=/alert/emergency/veh/184/seq=0/zor=[MASKED]
+95.753731664s 106 caf.Forwarder:AlertVehicleHandler(): [DEBUG] in=(257,0) alert=/alert/emergency/veh/184/seq=0/zor=[MASKED] decision=forward to vehicles deferred until 0ms
+95.753731664s 106 caf.Forwarder:OnOutgoingAlert(): [DEBUG] out=257 alert=/alert/emergency/veh/184/seq=0/zor=[MASKED]
+95.753731664s 106 ndn.AlertConsumer:doReceive(): [INFO ] Received alert: /alert/emergency/veh/184/seq=0/zor=[MASKED]
+95.753731665s 36 caf.Forwarder:OnIncomingAlert(): [DEBUG] in=257 alert=/alert/emergency/veh/184/seq=0/zor=[MASKED]
+95.753731665s 36 caf.Forwarder:AlertVehicleHandler(): [DEBUG] in=(257,0) alert=/alert/emergency/veh/184/seq=0/zor=[MASKED] decision=drop because duplicate alert
+95.753731675s 78 caf.Forwarder:OnIncomingAlert(): [DEBUG] in=257 alert=/alert/emergency/veh/184/seq=0/zor=[MASKED]
+95.753731675s 78 caf.Forwarder:AlertVehicleHandler(): [DEBUG] in=(257,0) alert=/alert/emergency/veh/184/seq=0/zor=[MASKED] decision=forward to vehicles deferred until 0ms
+95.753731675s 78 caf.Forwarder:OnOutgoingAlert(): [DEBUG] out=257 alert=/alert/emergency/veh/184/seq=0/zor=[MASKED]
+95.753731675s 78 ndn.AlertConsumer:doReceive(): [INFO ] Received alert: /alert/emergency/veh/184/seq=0/zor=[MASKED]
+96.672540162s 185 ndn.RandomAlertProducer:AlertSupplier(): [LOGIC] Send alert=/alert/emergency/veh/185/seq=0/zor=[MASKED] vehCount=114 rsuCount=9
+96.672540162s 185 caf.Forwarder:OnIncomingAlert(): [DEBUG] in=260 alert=/alert/emergency/veh/185/seq=0/zor=[MASKED]
+96.672540162s 185 caf.Forwarder:AlertVehicleHandler(): [DEBUG] in=(260,0) alert=/alert/emergency/veh/185/seq=0/zor=[MASKED] decision=forward to vehicles
+96.672540162s 185 caf.Forwarder:OnOutgoingAlert(): [DEBUG] out=257 alert=/alert/emergency/veh/185/seq=0/zor=[MASKED]
+96.673414175s 190 caf.Forwarder:OnIncomingAlert(): [DEBUG] in=257 alert=/alert/emergency/veh/185/seq=0/zor=[MASKED]
+96.673414175s 190 caf.Forwarder:AlertVehicleHandler(): [DEBUG] in=(257,0) alert=/alert/emergency/veh/185/seq=0/zor=[MASKED] decision=drop since sender is closer
+96.673414233s 183 caf.Forwarder:OnIncomingAlert(): [DEBUG] in=257 alert=/alert/emergency/veh/185/seq=0/zor=[MASKED]
+96.673414233s 183 caf.Forwarder:AlertVehicleHandler(): [DEBUG] in=(257,0) alert=/alert/emergency/veh/185/seq=0/zor=[MASKED] decision=forward to vehicles deferred until 2.9062ms
+96.673414239s 193 caf.Forwarder:OnIncomingAlert(): [DEBUG] in=257 alert=/alert/emergency/veh/185/seq=0/zor=[MASKED]
+96.673414239s 193 caf.Forwarder:AlertVehicleHandler(): [DEBUG] in=(257,0) alert=/alert/emergency/veh/185/seq=0/zor=[MASKED] decision=drop since sender is closer
+96.673414242s 59 caf.Forwarder:OnIncomingAlert(): [DEBUG] in=257 alert=/alert/emergency/veh/185/seq=0/zor=[MASKED]
+96.673414242s 59 caf.Forwarder:AlertVehicleHandler(): [DEBUG] in=(257,0) alert=/alert/emergency/veh/185/seq=0/zor=[MASKED] decision=drop since sender is closer
+96.673414284s 198 caf.Forwarder:OnIncomingAlert(): [DEBUG] in=257 alert=/alert/emergency/veh/185/seq=0/zor=[MASKED]
+96.673414284s 198 caf.Forwarder:AlertVehicleHandler(): [DEBUG] in=(257,0) alert=/alert/emergency/veh/185/seq=0/zor=[MASKED] decision=drop since sender is closer
+96.673414288s 64 caf.Forwarder:OnIncomingAlert(): [DEBUG] in=257 alert=/alert/emergency/veh/185/seq=0/zor=[MASKED]
+96.673414288s 64 caf.Forwarder:AlertVehicleHandler(): [DEBUG] in=(257,0) alert=/alert/emergency/veh/185/seq=0/zor=[MASKED] decision=drop since sender is closer
+96.673414307s 178 caf.Forwarder:OnIncomingAlert(): [DEBUG] in=257 alert=/alert/emergency/veh/185/seq=0/zor=[MASKED]
+96.673414307s 178 caf.Forwarder:AlertVehicleHandler(): [DEBUG] in=(257,0) alert=/alert/emergency/veh/185/seq=0/zor=[MASKED] decision=forward to vehicles deferred until 0.65214ms
+96.673414324s 66 caf.Forwarder:OnIncomingAlert(): [DEBUG] in=257 alert=/alert/emergency/veh/185/seq=0/zor=[MASKED]
+96.673414324s 66 caf.Forwarder:AlertVehicleHandler(): [DEBUG] in=(257,0) alert=/alert/emergency/veh/185/seq=0/zor=[MASKED] decision=forward to vehicles deferred until 0.1594ms
+96.673573723s 66 caf.Forwarder:OnOutgoingAlert(): [DEBUG] out=257 alert=/alert/emergency/veh/185/seq=0/zor=[MASKED]
+96.674066447s 178 caf.Forwarder:OnOutgoingAlert(): [DEBUG] out=257 alert=/alert/emergency/veh/185/seq=0/zor=[MASKED]
+96.674447758s 178 caf.Forwarder:OnIncomingAlert(): [DEBUG] in=257 alert=/alert/emergency/veh/185/seq=0/zor=[MASKED]
+96.674447758s 178 caf.Forwarder:AlertVehicleHandler(): [DEBUG] in=(257,0) alert=/alert/emergency/veh/185/seq=0/zor=[MASKED] decision=drop because duplicate alert
+96.674447801s 69 caf.Forwarder:OnIncomingAlert(): [DEBUG] in=257 alert=/alert/emergency/veh/185/seq=0/zor=[MASKED]
+96.674447801s 69 caf.Forwarder:AlertVehicleHandler(): [DEBUG] in=(257,0) alert=/alert/emergency/veh/185/seq=0/zor=[MASKED] decision=forward to vehicles deferred until 0ms
+96.674447801s 69 caf.Forwarder:OnOutgoingAlert(): [DEBUG] out=257 alert=/alert/emergency/veh/185/seq=0/zor=[MASKED]
+96.674447801s 69 ndn.AlertConsumer:doReceive(): [INFO ] Received alert: /alert/emergency/veh/185/seq=0/zor=[MASKED]
+96.674447819s 183 caf.Forwarder:OnIncomingAlert(): [DEBUG] in=257 alert=/alert/emergency/veh/185/seq=0/zor=[MASKED]
+96.674447819s 183 caf.Forwarder:AlertVehicleHandler(): [DEBUG] in= (257,0) alert=/alert/emergency/veh/185/seq=0/zor=[MASKED] timer cancelled because sender closer to ZoR
+96.674447834s 172 caf.Forwarder:OnIncomingAlert(): [DEBUG] in=257 alert=/alert/emergency/veh/185/seq=0/zor=[MASKED]
+96.674447834s 172 caf.Forwarder:AlertVehicleHandler(): [DEBUG] in=(257,0) alert=/alert/emergency/veh/185/seq=0/zor=[MASKED] decision=forward to vehicles deferred until 0ms
+96.674447834s 172 caf.Forwarder:OnOutgoingAlert(): [DEBUG] out=257 alert=/alert/emergency/veh/185/seq=0/zor=[MASKED]
+96.674447834s 172 ndn.AlertConsumer:doReceive(): [INFO ] Received alert: /alert/emergency/veh/185/seq=0/zor=[MASKED]
+96.674447884s 185 caf.Forwarder:OnIncomingAlert(): [DEBUG] in=257 alert=/alert/emergency/veh/185/seq=0/zor=[MASKED]
+96.674447884s 185 caf.Forwarder:AlertVehicleHandler(): [DEBUG] in=(257,0) alert=/alert/emergency/veh/185/seq=0/zor=[MASKED] decision=drop because duplicate alert
+96.674447894s 190 caf.Forwarder:OnIncomingAlert(): [DEBUG] in=257 alert=/alert/emergency/veh/185/seq=0/zor=[MASKED]
+96.674447894s 190 caf.Forwarder:AlertVehicleHandler(): [DEBUG] in=(257,0) alert=/alert/emergency/veh/185/seq=0/zor=[MASKED] decision=drop because duplicate alert
+96.675321919s 171 caf.Forwarder:OnIncomingAlert(): [DEBUG] in=257 alert=/alert/emergency/veh/185/seq=0/zor=[MASKED]
+96.675321919s 171 caf.Forwarder:AlertVehicleHandler(): [DEBUG] in=(257,0) alert=/alert/emergency/veh/185/seq=0/zor=[MASKED] decision=forward to vehicles deferred until 0ms
+96.675321919s 171 caf.Forwarder:OnOutgoingAlert(): [DEBUG] out=257 alert=/alert/emergency/veh/185/seq=0/zor=[MASKED]
+96.675321919s 171 ndn.AlertConsumer:doReceive(): [INFO ] Received alert: /alert/emergency/veh/185/seq=0/zor=[MASKED]
+96.675464833s 183 caf.Forwarder:OnIncomingAlert(): [DEBUG] in=257 alert=/alert/emergency/veh/185/seq=0/zor=[MASKED]
+96.675464833s 183 caf.Forwarder:AlertVehicleHandler(): [DEBUG] in=(257,0) alert=/alert/emergency/veh/185/seq=0/zor=[MASKED] decision=drop because duplicate alert
+96.676195946s 164 caf.Forwarder:OnIncomingAlert(): [DEBUG] in=257 alert=/alert/emergency/veh/185/seq=0/zor=[MASKED]
+96.676195946s 164 caf.Forwarder:AlertVehicleHandler(): [DEBUG] in=(257,0) alert=/alert/emergency/veh/185/seq=0/zor=[MASKED] decision=forward to vehicles deferred until 0ms
+96.676195946s 164 caf.Forwarder:OnOutgoingAlert(): [DEBUG] out=257 alert=/alert/emergency/veh/185/seq=0/zor=[MASKED]
+96.676195946s 164 ndn.AlertConsumer:doReceive(): [INFO ] Received alert: /alert/emergency/veh/185/seq=0/zor=[MASKED]
+96.676195952s 87 caf.Forwarder:OnIncomingAlert(): [DEBUG] in=257 alert=/alert/emergency/veh/185/seq=0/zor=[MASKED]
+96.676195952s 87 caf.Forwarder:AlertVehicleHandler(): [DEBUG] in=(257,0) alert=/alert/emergency/veh/185/seq=0/zor=[MASKED] decision=forward to vehicles deferred until 0ms
+96.676195952s 87 caf.Forwarder:OnOutgoingAlert(): [DEBUG] out=257 alert=/alert/emergency/veh/185/seq=0/zor=[MASKED]
+96.676195952s 87 ndn.AlertConsumer:doReceive(): [INFO ] Received alert: /alert/emergency/veh/185/seq=0/zor=[MASKED]
+96.676195981s 95 caf.Forwarder:OnIncomingAlert(): [DEBUG] in=257 alert=/alert/emergency/veh/185/seq=0/zor=[MASKED]
+96.676195981s 95 caf.Forwarder:AlertVehicleHandler(): [DEBUG] in=(257,0) alert=/alert/emergency/veh/185/seq=0/zor=[MASKED] decision=forward to vehicles deferred until 0ms
+96.676195981s 95 caf.Forwarder:OnOutgoingAlert(): [DEBUG] out=257 alert=/alert/emergency/veh/185/seq=0/zor=[MASKED]
+96.676195981s 95 ndn.AlertConsumer:doReceive(): [INFO ] Received alert: /alert/emergency/veh/185/seq=0/zor=[MASKED]
+96.676195983s 150 caf.Forwarder:OnIncomingAlert(): [DEBUG] in=257 alert=/alert/emergency/veh/185/seq=0/zor=[MASKED]
+96.676195983s 150 caf.Forwarder:AlertVehicleHandler(): [DEBUG] in=(257,0) alert=/alert/emergency/veh/185/seq=0/zor=[MASKED] decision=forward to vehicles deferred until 0ms
+96.676195983s 150 caf.Forwarder:OnOutgoingAlert(): [DEBUG] out=257 alert=/alert/emergency/veh/185/seq=0/zor=[MASKED]
+96.676195983s 150 ndn.AlertConsumer:doReceive(): [INFO ] Received alert: /alert/emergency/veh/185/seq=0/zor=[MASKED]
+96.676195993s 165 caf.Forwarder:OnIncomingAlert(): [DEBUG] in=257 alert=/alert/emergency/veh/185/seq=0/zor=[MASKED]
+96.676195993s 165 caf.Forwarder:AlertVehicleHandler(): [DEBUG] in=(257,0) alert=/alert/emergency/veh/185/seq=0/zor=[MASKED] decision=forward to vehicles deferred until 0ms
+96.676195993s 165 caf.Forwarder:OnOutgoingAlert(): [DEBUG] out=257 alert=/alert/emergency/veh/185/seq=0/zor=[MASKED]
+96.676195993s 165 ndn.AlertConsumer:doReceive(): [INFO ] Received alert: /alert/emergency/veh/185/seq=0/zor=[MASKED]
+96.676196004s 172 caf.Forwarder:OnIncomingAlert(): [DEBUG] in=257 alert=/alert/emergency/veh/185/seq=0/zor=[MASKED]
+96.676196004s 172 caf.Forwarder:AlertVehicleHandler(): [DEBUG] in=(257,0) alert=/alert/emergency/veh/185/seq=0/zor=[MASKED] decision=drop because duplicate alert
+96.676196009s 151 caf.Forwarder:OnIncomingAlert(): [DEBUG] in=257 alert=/alert/emergency/veh/185/seq=0/zor=[MASKED]
+96.676196009s 151 caf.Forwarder:AlertVehicleHandler(): [DEBUG] in=(257,0) alert=/alert/emergency/veh/185/seq=0/zor=[MASKED] decision=forward to vehicles deferred until 0ms
+96.676196009s 151 caf.Forwarder:OnOutgoingAlert(): [DEBUG] out=257 alert=/alert/emergency/veh/185/seq=0/zor=[MASKED]
+96.676196009s 151 ndn.AlertConsumer:doReceive(): [INFO ] Received alert: /alert/emergency/veh/185/seq=0/zor=[MASKED]
+96.676196032s 135 caf.Forwarder:OnIncomingAlert(): [DEBUG] in=257 alert=/alert/emergency/veh/185/seq=0/zor=[MASKED]
+96.676196032s 135 caf.Forwarder:AlertVehicleHandler(): [DEBUG] in=(257,0) alert=/alert/emergency/veh/185/seq=0/zor=[MASKED] decision=forward to vehicles deferred until 0ms
+96.676196032s 135 caf.Forwarder:OnOutgoingAlert(): [DEBUG] out=257 alert=/alert/emergency/veh/185/seq=0/zor=[MASKED]
+96.676196032s 135 ndn.AlertConsumer:doReceive(): [INFO ] Received alert: /alert/emergency/veh/185/seq=0/zor=[MASKED]
+96.676196059s 143 caf.Forwarder:OnIncomingAlert(): [DEBUG] in=257 alert=/alert/emergency/veh/185/seq=0/zor=[MASKED]
+96.676196059s 143 caf.Forwarder:AlertVehicleHandler(): [DEBUG] in=(257,0) alert=/alert/emergency/veh/185/seq=0/zor=[MASKED] decision=forward to vehicles deferred until 0ms
+96.676196059s 143 caf.Forwarder:OnOutgoingAlert(): [DEBUG] out=257 alert=/alert/emergency/veh/185/seq=0/zor=[MASKED]
+96.676196059s 143 ndn.AlertConsumer:doReceive(): [INFO ] Received alert: /alert/emergency/veh/185/seq=0/zor=[MASKED]
+96.676196073s 157 caf.Forwarder:OnIncomingAlert(): [DEBUG] in=257 alert=/alert/emergency/veh/185/seq=0/zor=[MASKED]
+96.676196073s 157 caf.Forwarder:AlertVehicleHandler(): [DEBUG] in=(257,0) alert=/alert/emergency/veh/185/seq=0/zor=[MASKED] decision=forward to vehicles deferred until 0ms
+96.676196073s 157 caf.Forwarder:OnOutgoingAlert(): [DEBUG] out=257 alert=/alert/emergency/veh/185/seq=0/zor=[MASKED]
+96.676196073s 157 ndn.AlertConsumer:doReceive(): [INFO ] Received alert: /alert/emergency/veh/185/seq=0/zor=[MASKED]
+96.676196082s 123 caf.Forwarder:OnIncomingAlert(): [DEBUG] in=257 alert=/alert/emergency/veh/185/seq=0/zor=[MASKED]
+96.676196082s 123 caf.Forwarder:AlertVehicleHandler(): [DEBUG] in=(257,0) alert=/alert/emergency/veh/185/seq=0/zor=[MASKED] decision=forward to vehicles deferred until 0ms
+96.676196082s 123 caf.Forwarder:OnOutgoingAlert(): [DEBUG] out=257 alert=/alert/emergency/veh/185/seq=0/zor=[MASKED]
+96.676196082s 123 ndn.AlertConsumer:doReceive(): [INFO ] Received alert: /alert/emergency/veh/185/seq=0/zor=[MASKED]
+97.258234984s 188 ndn.RandomAlertProducer:SendAlert(): [LOGIC] Don't send alert; condition failed
+97.613100474s 187 ndn.RandomAlertProducer:AlertSupplier(): [LOGIC] Send alert=/alert/emergency/veh/187/seq=0/zor=[MASKED] vehCount=116 rsuCount=9
+97.613100474s 187 caf.Forwarder:OnIncomingAlert(): [DEBUG] in=260 alert=/alert/emergency/veh/187/seq=0/zor=[MASKED]
+97.613100474s 187 caf.Forwarder:AlertVehicleHandler(): [DEBUG] in=(260,0) alert=/alert/emergency/veh/187/seq=0/zor=[MASKED] decision=forward to vehicles
+97.613100474s 187 caf.Forwarder:OnOutgoingAlert(): [DEBUG] out=257 alert=/alert/emergency/veh/187/seq=0/zor=[MASKED]
+97.613974485s 47 caf.Forwarder:OnIncomingAlert(): [DEBUG] in=257 alert=/alert/emergency/veh/187/seq=0/zor=[MASKED]
+97.613974485s 47 caf.Forwarder:AlertVehicleHandler(): [DEBUG] in=(257,0) alert=/alert/emergency/veh/187/seq=0/zor=[MASKED] decision=drop since sender is closer
+97.613974500s 196 caf.Forwarder:OnIncomingAlert(): [DEBUG] in=257 alert=/alert/emergency/veh/187/seq=0/zor=[MASKED]
+97.613974500s 196 caf.Forwarder:AlertVehicleHandler(): [DEBUG] in=(257,0) alert=/alert/emergency/veh/187/seq=0/zor=[MASKED] decision=drop since sender is closer
+97.613974526s 195 caf.Forwarder:OnIncomingAlert(): [DEBUG] in=257 alert=/alert/emergency/veh/187/seq=0/zor=[MASKED]
+97.613974526s 195 caf.Forwarder:AlertVehicleHandler(): [DEBUG] in=(257,0) alert=/alert/emergency/veh/187/seq=0/zor=[MASKED] decision=forward to vehicles deferred until 3.48323ms
+97.613974536s 181 caf.Forwarder:OnIncomingAlert(): [DEBUG] in=257 alert=/alert/emergency/veh/187/seq=0/zor=[MASKED]
+97.613974536s 181 caf.Forwarder:AlertVehicleHandler(): [DEBUG] in=(257,0) alert=/alert/emergency/veh/187/seq=0/zor=[MASKED] decision=forward to vehicles deferred until 3.18992ms
+97.613974559s 39 caf.Forwarder:OnIncomingAlert(): [DEBUG] in=257 alert=/alert/emergency/veh/187/seq=0/zor=[MASKED]
+97.613974559s 39 caf.Forwarder:AlertVehicleHandler(): [DEBUG] in=(257,0) alert=/alert/emergency/veh/187/seq=0/zor=[MASKED] decision=drop since sender is closer
+97.613974567s 57 caf.Forwarder:OnIncomingAlert(): [DEBUG] in=257 alert=/alert/emergency/veh/187/seq=0/zor=[MASKED]
+97.613974567s 57 caf.Forwarder:AlertVehicleHandler(): [DEBUG] in=(257,0) alert=/alert/emergency/veh/187/seq=0/zor=[MASKED] decision=drop since sender is closer
+97.613974577s 25 caf.Forwarder:OnIncomingAlert(): [DEBUG] in=257 alert=/alert/emergency/veh/187/seq=0/zor=[MASKED]
+97.613974577s 25 caf.Forwarder:AlertVehicleHandler(): [DEBUG] in=(257,0) alert=/alert/emergency/veh/187/seq=0/zor=[MASKED] decision=forward to vehicles deferred until 1.94019ms
+97.613974580s 203 caf.Forwarder:OnIncomingAlert(): [DEBUG] in=257 alert=/alert/emergency/veh/187/seq=0/zor=[MASKED]
+97.613974580s 203 caf.Forwarder:AlertVehicleHandler(): [DEBUG] in=(257,0) alert=/alert/emergency/veh/187/seq=0/zor=[MASKED] decision=drop since sender is closer
+97.613974594s 174 caf.Forwarder:OnIncomingAlert(): [DEBUG] in=257 alert=/alert/emergency/veh/187/seq=0/zor=[MASKED]
+97.613974594s 174 caf.Forwarder:AlertVehicleHandler(): [DEBUG] in=(257,0) alert=/alert/emergency/veh/187/seq=0/zor=[MASKED] decision=forward to vehicles deferred until 1.4078ms
+97.613974594s 188 caf.Forwarder:OnIncomingAlert(): [DEBUG] in=257 alert=/alert/emergency/veh/187/seq=0/zor=[MASKED]
+97.613974594s 188 caf.Forwarder:AlertVehicleHandler(): [DEBUG] in=(257,0) alert=/alert/emergency/veh/187/seq=0/zor=[MASKED] decision=forward to vehicles deferred until 1.43001ms
+97.615382395s 174 caf.Forwarder:OnOutgoingAlert(): [DEBUG] out=257 alert=/alert/emergency/veh/187/seq=0/zor=[MASKED]
+97.615404608s 188 caf.Forwarder:OnOutgoingAlert(): [DEBUG] out=257 alert=/alert/emergency/veh/187/seq=0/zor=[MASKED]
+97.615914771s 25 caf.Forwarder:OnOutgoingAlert(): [DEBUG] out=257 alert=/alert/emergency/veh/187/seq=0/zor=[MASKED]
+97.616256406s 188 caf.Forwarder:OnIncomingAlert(): [DEBUG] in=257 alert=/alert/emergency/veh/187/seq=0/zor=[MASKED]
+97.616256406s 188 caf.Forwarder:AlertVehicleHandler(): [DEBUG] in=(257,0) alert=/alert/emergency/veh/187/seq=0/zor=[MASKED] decision=drop because duplicate alert
+97.616256424s 25 caf.Forwarder:OnIncomingAlert(): [DEBUG] in=257 alert=/alert/emergency/veh/187/seq=0/zor=[MASKED]
+97.616256424s 25 caf.Forwarder:AlertVehicleHandler(): [DEBUG] in=(257,0) alert=/alert/emergency/veh/187/seq=0/zor=[MASKED] decision=drop because duplicate alert
+97.616256454s 181 caf.Forwarder:OnIncomingAlert(): [DEBUG] in=257 alert=/alert/emergency/veh/187/seq=0/zor=[MASKED]
+97.616256454s 181 caf.Forwarder:AlertVehicleHandler(): [DEBUG] in= (257,0) alert=/alert/emergency/veh/187/seq=0/zor=[MASKED] timer cancelled because sender closer to ZoR
+97.616256465s 180 caf.Forwarder:OnIncomingAlert(): [DEBUG] in=257 alert=/alert/emergency/veh/187/seq=0/zor=[MASKED]
+97.616256465s 180 caf.Forwarder:AlertVehicleHandler(): [DEBUG] in=(257,0) alert=/alert/emergency/veh/187/seq=0/zor=[MASKED] decision=forward to vehicles deferred until 2.91994ms
+97.616256465s 195 caf.Forwarder:OnIncomingAlert(): [DEBUG] in=257 alert=/alert/emergency/veh/187/seq=0/zor=[MASKED]
+97.616256465s 195 caf.Forwarder:AlertVehicleHandler(): [DEBUG] in= (257,0) alert=/alert/emergency/veh/187/seq=0/zor=[MASKED] timer cancelled because sender closer to ZoR
+97.616256483s 63 caf.Forwarder:OnIncomingAlert(): [DEBUG] in=257 alert=/alert/emergency/veh/187/seq=0/zor=[MASKED]
+97.616256483s 63 caf.Forwarder:AlertVehicleHandler(): [DEBUG] in=(257,0) alert=/alert/emergency/veh/187/seq=0/zor=[MASKED] decision=forward to vehicles deferred until 2.38194ms
+97.616256515s 187 caf.Forwarder:OnIncomingAlert(): [DEBUG] in=257 alert=/alert/emergency/veh/187/seq=0/zor=[MASKED]
+97.616256515s 187 caf.Forwarder:AlertVehicleHandler(): [DEBUG] in=(257,0) alert=/alert/emergency/veh/187/seq=0/zor=[MASKED] decision=drop because duplicate alert
+97.616256517s 47 caf.Forwarder:OnIncomingAlert(): [DEBUG] in=257 alert=/alert/emergency/veh/187/seq=0/zor=[MASKED]
+97.616256517s 47 caf.Forwarder:AlertVehicleHandler(): [DEBUG] in=(257,0) alert=/alert/emergency/veh/187/seq=0/zor=[MASKED] decision=drop because duplicate alert
+97.616256540s 196 caf.Forwarder:OnIncomingAlert(): [DEBUG] in=257 alert=/alert/emergency/veh/187/seq=0/zor=[MASKED]
+97.616256540s 196 caf.Forwarder:AlertVehicleHandler(): [DEBUG] in=(257,0) alert=/alert/emergency/veh/187/seq=0/zor=[MASKED] decision=drop because duplicate alert
+97.617130417s 174 caf.Forwarder:OnIncomingAlert(): [DEBUG] in=257 alert=/alert/emergency/veh/187/seq=0/zor=[MASKED]
+97.617130417s 174 caf.Forwarder:AlertVehicleHandler(): [DEBUG] in=(257,0) alert=/alert/emergency/veh/187/seq=0/zor=[MASKED] decision=drop because duplicate alert
+97.617130443s 25 caf.Forwarder:OnIncomingAlert(): [DEBUG] in=257 alert=/alert/emergency/veh/187/seq=0/zor=[MASKED]
+97.617130443s 25 caf.Forwarder:AlertVehicleHandler(): [DEBUG] in=(257,0) alert=/alert/emergency/veh/187/seq=0/zor=[MASKED] decision=drop because duplicate alert
+97.617130465s 181 caf.Forwarder:OnIncomingAlert(): [DEBUG] in=257 alert=/alert/emergency/veh/187/seq=0/zor=[MASKED]
+97.617130465s 181 caf.Forwarder:AlertVehicleHandler(): [DEBUG] in=(257,0) alert=/alert/emergency/veh/187/seq=0/zor=[MASKED] decision=drop because duplicate alert
+97.617130474s 195 caf.Forwarder:OnIncomingAlert(): [DEBUG] in=257 alert=/alert/emergency/veh/187/seq=0/zor=[MASKED]
+97.617130474s 195 caf.Forwarder:AlertVehicleHandler(): [DEBUG] in=(257,0) alert=/alert/emergency/veh/187/seq=0/zor=[MASKED] decision=drop because duplicate alert
+97.617130477s 180 caf.Forwarder:OnIncomingAlert(): [DEBUG] in=257 alert=/alert/emergency/veh/187/seq=0/zor=[MASKED]
+97.617130498s 63 caf.Forwarder:OnIncomingAlert(): [DEBUG] in=257 alert=/alert/emergency/veh/187/seq=0/zor=[MASKED]
+97.617130526s 187 caf.Forwarder:OnIncomingAlert(): [DEBUG] in=257 alert=/alert/emergency/veh/187/seq=0/zor=[MASKED]
+97.617130526s 187 caf.Forwarder:AlertVehicleHandler(): [DEBUG] in=(257,0) alert=/alert/emergency/veh/187/seq=0/zor=[MASKED] decision=drop because duplicate alert
+97.617130528s 47 caf.Forwarder:OnIncomingAlert(): [DEBUG] in=257 alert=/alert/emergency/veh/187/seq=0/zor=[MASKED]
+97.617130528s 47 caf.Forwarder:AlertVehicleHandler(): [DEBUG] in=(257,0) alert=/alert/emergency/veh/187/seq=0/zor=[MASKED] decision=drop because duplicate alert
+97.617130549s 196 caf.Forwarder:OnIncomingAlert(): [DEBUG] in=257 alert=/alert/emergency/veh/187/seq=0/zor=[MASKED]
+97.617130549s 196 caf.Forwarder:AlertVehicleHandler(): [DEBUG] in=(257,0) alert=/alert/emergency/veh/187/seq=0/zor=[MASKED] decision=drop because duplicate alert
+97.618147472s 174 caf.Forwarder:OnIncomingAlert(): [DEBUG] in=257 alert=/alert/emergency/veh/187/seq=0/zor=[MASKED]
+97.618147472s 174 caf.Forwarder:AlertVehicleHandler(): [DEBUG] in=(257,0) alert=/alert/emergency/veh/187/seq=0/zor=[MASKED] decision=drop because duplicate alert
+97.618147480s 188 caf.Forwarder:OnIncomingAlert(): [DEBUG] in=257 alert=/alert/emergency/veh/187/seq=0/zor=[MASKED]
+97.618147480s 188 caf.Forwarder:AlertVehicleHandler(): [DEBUG] in=(257,0) alert=/alert/emergency/veh/187/seq=0/zor=[MASKED] decision=drop because duplicate alert
+97.618147487s 181 caf.Forwarder:OnIncomingAlert(): [DEBUG] in=257 alert=/alert/emergency/veh/187/seq=0/zor=[MASKED]
+97.618147487s 181 caf.Forwarder:AlertVehicleHandler(): [DEBUG] in=(257,0) alert=/alert/emergency/veh/187/seq=0/zor=[MASKED] decision=drop because duplicate alert
+97.618147502s 195 caf.Forwarder:OnIncomingAlert(): [DEBUG] in=257 alert=/alert/emergency/veh/187/seq=0/zor=[MASKED]
+97.618147502s 195 caf.Forwarder:AlertVehicleHandler(): [DEBUG] in=(257,0) alert=/alert/emergency/veh/187/seq=0/zor=[MASKED] decision=drop because duplicate alert
+97.618147538s 180 caf.Forwarder:OnIncomingAlert(): [DEBUG] in=257 alert=/alert/emergency/veh/187/seq=0/zor=[MASKED]
+97.618147545s 47 caf.Forwarder:OnIncomingAlert(): [DEBUG] in=257 alert=/alert/emergency/veh/187/seq=0/zor=[MASKED]
+97.618147545s 47 caf.Forwarder:AlertVehicleHandler(): [DEBUG] in=(257,0) alert=/alert/emergency/veh/187/seq=0/zor=[MASKED] decision=drop because duplicate alert
+97.618147546s 187 caf.Forwarder:OnIncomingAlert(): [DEBUG] in=257 alert=/alert/emergency/veh/187/seq=0/zor=[MASKED]
+97.618147546s 187 caf.Forwarder:AlertVehicleHandler(): [DEBUG] in=(257,0) alert=/alert/emergency/veh/187/seq=0/zor=[MASKED] decision=drop because duplicate alert
+97.618147549s 63 caf.Forwarder:OnIncomingAlert(): [DEBUG] in=257 alert=/alert/emergency/veh/187/seq=0/zor=[MASKED]
+97.618147571s 196 caf.Forwarder:OnIncomingAlert(): [DEBUG] in=257 alert=/alert/emergency/veh/187/seq=0/zor=[MASKED]
+97.618147571s 196 caf.Forwarder:AlertVehicleHandler(): [DEBUG] in=(257,0) alert=/alert/emergency/veh/187/seq=0/zor=[MASKED] decision=drop because duplicate alert
+97.618638421s 63 caf.Forwarder:OnOutgoingAlert(): [DEBUG] out=257 alert=/alert/emergency/veh/187/seq=0/zor=[MASKED]
+97.619176401s 180 caf.Forwarder:OnOutgoingAlert(): [DEBUG] out=257 alert=/alert/emergency/veh/187/seq=0/zor=[MASKED]
+97.619512457s 180 caf.Forwarder:OnIncomingAlert(): [DEBUG] in=257 alert=/alert/emergency/veh/187/seq=0/zor=[MASKED]
+97.619512457s 180 caf.Forwarder:AlertVehicleHandler(): [DEBUG] in=(257,0) alert=/alert/emergency/veh/187/seq=0/zor=[MASKED] decision=drop because duplicate alert
+97.619512509s 174 caf.Forwarder:OnIncomingAlert(): [DEBUG] in=257 alert=/alert/emergency/veh/187/seq=0/zor=[MASKED]
+97.619512509s 174 caf.Forwarder:AlertVehicleHandler(): [DEBUG] in=(257,0) alert=/alert/emergency/veh/187/seq=0/zor=[MASKED] decision=drop because duplicate alert
+97.619512511s 55 caf.Forwarder:OnIncomingAlert(): [DEBUG] in=257 alert=/alert/emergency/veh/187/seq=0/zor=[MASKED]
+97.619512511s 55 caf.Forwarder:AlertVehicleHandler(): [DEBUG] in=(257,0) alert=/alert/emergency/veh/187/seq=0/zor=[MASKED] decision=forward to vehicles deferred until 0ms
+97.619512511s 55 caf.Forwarder:OnOutgoingAlert(): [DEBUG] out=257 alert=/alert/emergency/veh/187/seq=0/zor=[MASKED]
+97.619512511s 55 ndn.AlertConsumer:doReceive(): [INFO ] Received alert: /alert/emergency/veh/187/seq=0/zor=[MASKED]
+97.619512513s 188 caf.Forwarder:OnIncomingAlert(): [DEBUG] in=257 alert=/alert/emergency/veh/187/seq=0/zor=[MASKED]
+97.619512513s 188 caf.Forwarder:AlertVehicleHandler(): [DEBUG] in=(257,0) alert=/alert/emergency/veh/187/seq=0/zor=[MASKED] decision=drop because duplicate alert
+97.619512527s 25 caf.Forwarder:OnIncomingAlert(): [DEBUG] in=257 alert=/alert/emergency/veh/187/seq=0/zor=[MASKED]
+97.619512527s 25 caf.Forwarder:AlertVehicleHandler(): [DEBUG] in=(257,0) alert=/alert/emergency/veh/187/seq=0/zor=[MASKED] decision=drop because duplicate alert
+97.619512567s 181 caf.Forwarder:OnIncomingAlert(): [DEBUG] in=257 alert=/alert/emergency/veh/187/seq=0/zor=[MASKED]
+97.619512567s 181 caf.Forwarder:AlertVehicleHandler(): [DEBUG] in=(257,0) alert=/alert/emergency/veh/187/seq=0/zor=[MASKED] decision=drop because duplicate alert
+97.619512576s 173 caf.Forwarder:OnIncomingAlert(): [DEBUG] in=257 alert=/alert/emergency/veh/187/seq=0/zor=[MASKED]
+97.619512576s 173 caf.Forwarder:AlertVehicleHandler(): [DEBUG] in=(257,0) alert=/alert/emergency/veh/187/seq=0/zor=[MASKED] decision=forward to vehicles deferred until 0ms
+97.619512576s 173 caf.Forwarder:OnOutgoingAlert(): [DEBUG] out=257 alert=/alert/emergency/veh/187/seq=0/zor=[MASKED]
+97.619512576s 173 ndn.AlertConsumer:doReceive(): [INFO ] Received alert: /alert/emergency/veh/187/seq=0/zor=[MASKED]
+97.619512579s 195 caf.Forwarder:OnIncomingAlert(): [DEBUG] in=257 alert=/alert/emergency/veh/187/seq=0/zor=[MASKED]
+97.619512579s 195 caf.Forwarder:AlertVehicleHandler(): [DEBUG] in=(257,0) alert=/alert/emergency/veh/187/seq=0/zor=[MASKED] decision=drop because duplicate alert
+97.620386601s 63 caf.Forwarder:OnIncomingAlert(): [DEBUG] in=257 alert=/alert/emergency/veh/187/seq=0/zor=[MASKED]
+97.620386601s 63 caf.Forwarder:AlertVehicleHandler(): [DEBUG] in=(257,0) alert=/alert/emergency/veh/187/seq=0/zor=[MASKED] decision=drop because duplicate alert
+97.620386621s 180 caf.Forwarder:OnIncomingAlert(): [DEBUG] in=257 alert=/alert/emergency/veh/187/seq=0/zor=[MASKED]
+97.620386621s 180 caf.Forwarder:AlertVehicleHandler(): [DEBUG] in=(257,0) alert=/alert/emergency/veh/187/seq=0/zor=[MASKED] decision=drop because duplicate alert
+97.620386675s 166 caf.Forwarder:OnIncomingAlert(): [DEBUG] in=257 alert=/alert/emergency/veh/187/seq=0/zor=[MASKED]
+97.620386675s 166 caf.Forwarder:AlertVehicleHandler(): [DEBUG] in=(257,0) alert=/alert/emergency/veh/187/seq=0/zor=[MASKED] decision=forward to vehicles deferred until 0ms
+97.620386675s 166 caf.Forwarder:OnOutgoingAlert(): [DEBUG] out=257 alert=/alert/emergency/veh/187/seq=0/zor=[MASKED]
+97.620386675s 166 ndn.AlertConsumer:doReceive(): [INFO ] Received alert: /alert/emergency/veh/187/seq=0/zor=[MASKED]
+97.620386693s 159 caf.Forwarder:OnIncomingAlert(): [DEBUG] in=257 alert=/alert/emergency/veh/187/seq=0/zor=[MASKED]
+97.620386693s 159 caf.Forwarder:AlertVehicleHandler(): [DEBUG] in=(257,0) alert=/alert/emergency/veh/187/seq=0/zor=[MASKED] decision=forward to vehicles deferred until 0ms
+97.620386693s 159 caf.Forwarder:OnOutgoingAlert(): [DEBUG] out=257 alert=/alert/emergency/veh/187/seq=0/zor=[MASKED]
+97.620386693s 159 ndn.AlertConsumer:doReceive(): [INFO ] Received alert: /alert/emergency/veh/187/seq=0/zor=[MASKED]
+97.620386709s 70 caf.Forwarder:OnIncomingAlert(): [DEBUG] in=257 alert=/alert/emergency/veh/187/seq=0/zor=[MASKED]
+97.620386709s 70 caf.Forwarder:AlertVehicleHandler(): [DEBUG] in=(257,0) alert=/alert/emergency/veh/187/seq=0/zor=[MASKED] decision=forward to vehicles deferred until 0ms
+97.620386709s 70 caf.Forwarder:OnOutgoingAlert(): [DEBUG] out=257 alert=/alert/emergency/veh/187/seq=0/zor=[MASKED]
+97.620386709s 70 ndn.AlertConsumer:doReceive(): [INFO ] Received alert: /alert/emergency/veh/187/seq=0/zor=[MASKED]
+97.621351657s 63 caf.Forwarder:OnIncomingAlert(): [DEBUG] in=257 alert=/alert/emergency/veh/187/seq=0/zor=[MASKED]
+97.621351657s 63 caf.Forwarder:AlertVehicleHandler(): [DEBUG] in=(257,0) alert=/alert/emergency/veh/187/seq=0/zor=[MASKED] decision=drop because duplicate alert
+97.621351691s 174 caf.Forwarder:OnIncomingAlert(): [DEBUG] in=257 alert=/alert/emergency/veh/187/seq=0/zor=[MASKED]
+97.621351691s 174 caf.Forwarder:AlertVehicleHandler(): [DEBUG] in=(257,0) alert=/alert/emergency/veh/187/seq=0/zor=[MASKED] decision=drop because duplicate alert
+97.621351692s 188 caf.Forwarder:OnIncomingAlert(): [DEBUG] in=257 alert=/alert/emergency/veh/187/seq=0/zor=[MASKED]
+97.621351692s 188 caf.Forwarder:AlertVehicleHandler(): [DEBUG] in=(257,0) alert=/alert/emergency/veh/187/seq=0/zor=[MASKED] decision=drop because duplicate alert
+97.621351716s 25 caf.Forwarder:OnIncomingAlert(): [DEBUG] in=257 alert=/alert/emergency/veh/187/seq=0/zor=[MASKED]
+97.621351716s 25 caf.Forwarder:AlertVehicleHandler(): [DEBUG] in=(257,0) alert=/alert/emergency/veh/187/seq=0/zor=[MASKED] decision=drop because duplicate alert
+97.621351750s 181 caf.Forwarder:OnIncomingAlert(): [DEBUG] in=257 alert=/alert/emergency/veh/187/seq=0/zor=[MASKED]
+97.621351750s 181 caf.Forwarder:AlertVehicleHandler(): [DEBUG] in=(257,0) alert=/alert/emergency/veh/187/seq=0/zor=[MASKED] decision=drop because duplicate alert
+97.621351760s 195 caf.Forwarder:OnIncomingAlert(): [DEBUG] in=257 alert=/alert/emergency/veh/187/seq=0/zor=[MASKED]
+97.621351760s 195 caf.Forwarder:AlertVehicleHandler(): [DEBUG] in=(257,0) alert=/alert/emergency/veh/187/seq=0/zor=[MASKED] decision=drop because duplicate alert
+97.751450112s 186 ndn.RandomAlertProducer:SendAlert(): [LOGIC] Don't send alert; condition failed
+98.022543347s 191 ndn.RandomAlertProducer:AlertSupplier(): [LOGIC] Send alert=/alert/emergency/veh/191/seq=0/zor=[MASKED] vehCount=116 rsuCount=9
+98.022543347s 191 caf.Forwarder:OnIncomingAlert(): [DEBUG] in=260 alert=/alert/emergency/veh/191/seq=0/zor=[MASKED]
+98.022543347s 191 caf.Forwarder:AlertVehicleHandler(): [DEBUG] in=(260,0) alert=/alert/emergency/veh/191/seq=0/zor=[MASKED] decision=forward to vehicles
+98.022543347s 191 caf.Forwarder:OnOutgoingAlert(): [DEBUG] out=257 alert=/alert/emergency/veh/191/seq=0/zor=[MASKED]
+98.023417381s 54 caf.Forwarder:OnIncomingAlert(): [DEBUG] in=257 alert=/alert/emergency/veh/191/seq=0/zor=[MASKED]
+98.023417381s 54 caf.Forwarder:AlertVehicleHandler(): [DEBUG] in=(257,0) alert=/alert/emergency/veh/191/seq=0/zor=[MASKED] decision=drop since sender is closer
+98.023417416s 184 caf.Forwarder:OnIncomingAlert(): [DEBUG] in=257 alert=/alert/emergency/veh/191/seq=0/zor=[MASKED]
+98.023417416s 184 caf.Forwarder:AlertVehicleHandler(): [DEBUG] in=(257,0) alert=/alert/emergency/veh/191/seq=0/zor=[MASKED] decision=forward to vehicles deferred until 2.9686ms
+98.023417427s 74 caf.Forwarder:OnIncomingAlert(): [DEBUG] in=257 alert=/alert/emergency/veh/191/seq=0/zor=[MASKED]
+98.023417427s 74 caf.Forwarder:AlertVehicleHandler(): [DEBUG] in=(257,0) alert=/alert/emergency/veh/191/seq=0/zor=[MASKED] decision=drop since sender is closer
+98.023417437s 192 caf.Forwarder:OnIncomingAlert(): [DEBUG] in=257 alert=/alert/emergency/veh/191/seq=0/zor=[MASKED]
+98.023417437s 192 caf.Forwarder:AlertVehicleHandler(): [DEBUG] in=(257,0) alert=/alert/emergency/veh/191/seq=0/zor=[MASKED] decision=drop since sender is closer
+98.023417506s 199 caf.Forwarder:OnIncomingAlert(): [DEBUG] in=257 alert=/alert/emergency/veh/191/seq=0/zor=[MASKED]
+98.023417506s 199 caf.Forwarder:AlertVehicleHandler(): [DEBUG] in=(257,0) alert=/alert/emergency/veh/191/seq=0/zor=[MASKED] decision=drop since sender is closer
+98.023417518s 200 caf.Forwarder:OnIncomingAlert(): [DEBUG] in=257 alert=/alert/emergency/veh/191/seq=0/zor=[MASKED]
+98.023417518s 200 caf.Forwarder:AlertVehicleHandler(): [DEBUG] in=(257,0) alert=/alert/emergency/veh/191/seq=0/zor=[MASKED] decision=drop since sender is closer
+98.026386016s 184 caf.Forwarder:OnOutgoingAlert(): [DEBUG] out=257 alert=/alert/emergency/veh/191/seq=0/zor=[MASKED]
+98.027260085s 191 caf.Forwarder:OnIncomingAlert(): [DEBUG] in=257 alert=/alert/emergency/veh/191/seq=0/zor=[MASKED]
+98.027260085s 191 caf.Forwarder:AlertVehicleHandler(): [DEBUG] in=(257,0) alert=/alert/emergency/veh/191/seq=0/zor=[MASKED] decision=drop because duplicate alert
+98.027260114s 54 caf.Forwarder:OnIncomingAlert(): [DEBUG] in=257 alert=/alert/emergency/veh/191/seq=0/zor=[MASKED]
+98.027260114s 54 caf.Forwarder:AlertVehicleHandler(): [DEBUG] in=(257,0) alert=/alert/emergency/veh/191/seq=0/zor=[MASKED] decision=drop because duplicate alert
+98.027260162s 74 caf.Forwarder:OnIncomingAlert(): [DEBUG] in=257 alert=/alert/emergency/veh/191/seq=0/zor=[MASKED]
+98.027260162s 74 caf.Forwarder:AlertVehicleHandler(): [DEBUG] in=(257,0) alert=/alert/emergency/veh/191/seq=0/zor=[MASKED] decision=drop because duplicate alert
+98.027260175s 192 caf.Forwarder:OnIncomingAlert(): [DEBUG] in=257 alert=/alert/emergency/veh/191/seq=0/zor=[MASKED]
+98.027260175s 192 caf.Forwarder:AlertVehicleHandler(): [DEBUG] in=(257,0) alert=/alert/emergency/veh/191/seq=0/zor=[MASKED] decision=drop because duplicate alert
+98.566457008s 189 ndn.RandomAlertProducer:AlertSupplier(): [LOGIC] Send alert=/alert/emergency/veh/189/seq=0/zor=[MASKED] vehCount=114 rsuCount=9
+98.566457008s 189 caf.Forwarder:OnIncomingAlert(): [DEBUG] in=260 alert=/alert/emergency/veh/189/seq=0/zor=[MASKED]
+98.566457008s 189 caf.Forwarder:AlertVehicleHandler(): [DEBUG] in=(260,0) alert=/alert/emergency/veh/189/seq=0/zor=[MASKED] decision=forward to vehicles
+98.566457008s 189 caf.Forwarder:OnOutgoingAlert(): [DEBUG] out=257 alert=/alert/emergency/veh/189/seq=0/zor=[MASKED]
+98.567331049s 43 caf.Forwarder:OnIncomingAlert(): [DEBUG] in=257 alert=/alert/emergency/veh/189/seq=0/zor=[MASKED]
+98.567331049s 43 caf.Forwarder:AlertVehicleHandler(): [DEBUG] in=(257,0) alert=/alert/emergency/veh/189/seq=0/zor=[MASKED] decision=forward to vehicles deferred until 3.81033ms
+98.567331068s 52 caf.Forwarder:OnIncomingAlert(): [DEBUG] in=257 alert=/alert/emergency/veh/189/seq=0/zor=[MASKED]
+98.567331068s 52 caf.Forwarder:AlertVehicleHandler(): [DEBUG] in=(257,0) alert=/alert/emergency/veh/189/seq=0/zor=[MASKED] decision=forward to vehicles deferred until 3.22517ms
+98.567331076s 182 caf.Forwarder:OnIncomingAlert(): [DEBUG] in=257 alert=/alert/emergency/veh/189/seq=0/zor=[MASKED]
+98.567331076s 182 caf.Forwarder:AlertVehicleHandler(): [DEBUG] in=(257,0) alert=/alert/emergency/veh/189/seq=0/zor=[MASKED] decision=forward to vehicles deferred until 2.98729ms
+98.567331081s 186 caf.Forwarder:OnIncomingAlert(): [DEBUG] in=257 alert=/alert/emergency/veh/189/seq=0/zor=[MASKED]
+98.567331081s 186 caf.Forwarder:AlertVehicleHandler(): [DEBUG] in=(257,0) alert=/alert/emergency/veh/189/seq=0/zor=[MASKED] decision=forward to vehicles deferred until 2.83461ms
+98.567331144s 81 caf.Forwarder:OnIncomingAlert(): [DEBUG] in=257 alert=/alert/emergency/veh/189/seq=0/zor=[MASKED]
+98.567331144s 81 caf.Forwarder:AlertVehicleHandler(): [DEBUG] in=(257,0) alert=/alert/emergency/veh/189/seq=0/zor=[MASKED] decision=forward to vehicles deferred until 0ms
+98.567331144s 81 caf.Forwarder:OnOutgoingAlert(): [DEBUG] out=257 alert=/alert/emergency/veh/189/seq=0/zor=[MASKED]
+98.567331144s 81 ndn.AlertConsumer:doReceive(): [INFO ] Received alert: /alert/emergency/veh/189/seq=0/zor=[MASKED]
+98.567331175s 179 caf.Forwarder:OnIncomingAlert(): [DEBUG] in=257 alert=/alert/emergency/veh/189/seq=0/zor=[MASKED]
+98.567331175s 179 caf.Forwarder:AlertVehicleHandler(): [DEBUG] in=(257,0) alert=/alert/emergency/veh/189/seq=0/zor=[MASKED] decision=forward to vehicles deferred until 0ms
+98.567331175s 197 caf.Forwarder:OnIncomingAlert(): [DEBUG] in=257 alert=/alert/emergency/veh/189/seq=0/zor=[MASKED]
+98.567331175s 197 caf.Forwarder:AlertVehicleHandler(): [DEBUG] in=(257,0) alert=/alert/emergency/veh/189/seq=0/zor=[MASKED] decision=drop since sender is closer
+98.567331175s 179 caf.Forwarder:OnOutgoingAlert(): [DEBUG] out=257 alert=/alert/emergency/veh/189/seq=0/zor=[MASKED]
+98.567331175s 179 ndn.AlertConsumer:doReceive(): [INFO ] Received alert: /alert/emergency/veh/189/seq=0/zor=[MASKED]
+98.567331178s 93 caf.Forwarder:OnIncomingAlert(): [DEBUG] in=257 alert=/alert/emergency/veh/189/seq=0/zor=[MASKED]
+98.567331178s 93 caf.Forwarder:AlertVehicleHandler(): [DEBUG] in=(257,0) alert=/alert/emergency/veh/189/seq=0/zor=[MASKED] decision=forward to vehicles deferred until 0ms
+98.567331178s 93 caf.Forwarder:OnOutgoingAlert(): [DEBUG] out=257 alert=/alert/emergency/veh/189/seq=0/zor=[MASKED]
+98.567331178s 93 ndn.AlertConsumer:doReceive(): [INFO ] Received alert: /alert/emergency/veh/189/seq=0/zor=[MASKED]
+98.570165687s 186 caf.Forwarder:OnOutgoingAlert(): [DEBUG] out=257 alert=/alert/emergency/veh/189/seq=0/zor=[MASKED]
+98.570318370s 182 caf.Forwarder:OnOutgoingAlert(): [DEBUG] out=257 alert=/alert/emergency/veh/189/seq=0/zor=[MASKED]
+98.570556240s 52 caf.Forwarder:OnOutgoingAlert(): [DEBUG] out=257 alert=/alert/emergency/veh/189/seq=0/zor=[MASKED]
+98.571039699s 182 caf.Forwarder:OnIncomingAlert(): [DEBUG] in=257 alert=/alert/emergency/veh/189/seq=0/zor=[MASKED]
+98.571039699s 182 caf.Forwarder:AlertVehicleHandler(): [DEBUG] in=(257,0) alert=/alert/emergency/veh/189/seq=0/zor=[MASKED] decision=drop because duplicate alert
+98.571039706s 52 caf.Forwarder:OnIncomingAlert(): [DEBUG] in=257 alert=/alert/emergency/veh/189/seq=0/zor=[MASKED]
+98.571039706s 52 caf.Forwarder:AlertVehicleHandler(): [DEBUG] in=(257,0) alert=/alert/emergency/veh/189/seq=0/zor=[MASKED] decision=drop because duplicate alert
+98.571039739s 43 caf.Forwarder:OnIncomingAlert(): [DEBUG] in=257 alert=/alert/emergency/veh/189/seq=0/zor=[MASKED]
+98.571039739s 43 caf.Forwarder:AlertVehicleHandler(): [DEBUG] in= (257,0) alert=/alert/emergency/veh/189/seq=0/zor=[MASKED] timer cancelled because sender closer to ZoR
+98.571039750s 81 caf.Forwarder:OnIncomingAlert(): [DEBUG] in=257 alert=/alert/emergency/veh/189/seq=0/zor=[MASKED]
+98.571039750s 81 caf.Forwarder:AlertVehicleHandler(): [DEBUG] in=(257,0) alert=/alert/emergency/veh/189/seq=0/zor=[MASKED] decision=drop because duplicate alert
+98.571039760s 189 caf.Forwarder:OnIncomingAlert(): [DEBUG] in=257 alert=/alert/emergency/veh/189/seq=0/zor=[MASKED]
+98.571039760s 189 caf.Forwarder:AlertVehicleHandler(): [DEBUG] in=(257,0) alert=/alert/emergency/veh/189/seq=0/zor=[MASKED] decision=drop because duplicate alert
+98.571039782s 179 caf.Forwarder:OnIncomingAlert(): [DEBUG] in=257 alert=/alert/emergency/veh/189/seq=0/zor=[MASKED]
+98.571039782s 179 caf.Forwarder:AlertVehicleHandler(): [DEBUG] in=(257,0) alert=/alert/emergency/veh/189/seq=0/zor=[MASKED] decision=drop because duplicate alert
+98.571039783s 93 caf.Forwarder:OnIncomingAlert(): [DEBUG] in=257 alert=/alert/emergency/veh/189/seq=0/zor=[MASKED]
+98.571039783s 93 caf.Forwarder:AlertVehicleHandler(): [DEBUG] in=(257,0) alert=/alert/emergency/veh/189/seq=0/zor=[MASKED] decision=drop because duplicate alert
+98.571039836s 175 caf.Forwarder:OnIncomingAlert(): [DEBUG] in=257 alert=/alert/emergency/veh/189/seq=0/zor=[MASKED]
+98.571039836s 175 caf.Forwarder:AlertVehicleHandler(): [DEBUG] in=(257,0) alert=/alert/emergency/veh/189/seq=0/zor=[MASKED] decision=forward to vehicles deferred until 0ms
+98.571039836s 175 caf.Forwarder:OnOutgoingAlert(): [DEBUG] out=257 alert=/alert/emergency/veh/189/seq=0/zor=[MASKED]
+98.571039836s 175 ndn.AlertConsumer:doReceive(): [INFO ] Received alert: /alert/emergency/veh/189/seq=0/zor=[MASKED]
+98.571913726s 186 caf.Forwarder:OnIncomingAlert(): [DEBUG] in=257 alert=/alert/emergency/veh/189/seq=0/zor=[MASKED]
+98.571913726s 186 caf.Forwarder:AlertVehicleHandler(): [DEBUG] in=(257,0) alert=/alert/emergency/veh/189/seq=0/zor=[MASKED] decision=drop because duplicate alert
+98.571913731s 182 caf.Forwarder:OnIncomingAlert(): [DEBUG] in=257 alert=/alert/emergency/veh/189/seq=0/zor=[MASKED]
+98.571913731s 182 caf.Forwarder:AlertVehicleHandler(): [DEBUG] in=(257,0) alert=/alert/emergency/veh/189/seq=0/zor=[MASKED] decision=drop because duplicate alert
+98.571913739s 43 caf.Forwarder:OnIncomingAlert(): [DEBUG] in=257 alert=/alert/emergency/veh/189/seq=0/zor=[MASKED]
+98.571913739s 43 caf.Forwarder:AlertVehicleHandler(): [DEBUG] in=(257,0) alert=/alert/emergency/veh/189/seq=0/zor=[MASKED] decision=drop because duplicate alert
+98.571913766s 189 caf.Forwarder:OnIncomingAlert(): [DEBUG] in=257 alert=/alert/emergency/veh/189/seq=0/zor=[MASKED]
+98.571913766s 189 caf.Forwarder:AlertVehicleHandler(): [DEBUG] in=(257,0) alert=/alert/emergency/veh/189/seq=0/zor=[MASKED] decision=drop because duplicate alert
+98.571913890s 93 caf.Forwarder:OnIncomingAlert(): [DEBUG] in=257 alert=/alert/emergency/veh/189/seq=0/zor=[MASKED]
+98.571913890s 93 caf.Forwarder:AlertVehicleHandler(): [DEBUG] in=(257,0) alert=/alert/emergency/veh/189/seq=0/zor=[MASKED] decision=drop because duplicate alert
+98.571913891s 179 caf.Forwarder:OnIncomingAlert(): [DEBUG] in=257 alert=/alert/emergency/veh/189/seq=0/zor=[MASKED]
+98.571913891s 179 caf.Forwarder:AlertVehicleHandler(): [DEBUG] in=(257,0) alert=/alert/emergency/veh/189/seq=0/zor=[MASKED] decision=drop because duplicate alert
+98.571913900s 169 caf.Forwarder:OnIncomingAlert(): [DEBUG] in=257 alert=/alert/emergency/veh/189/seq=0/zor=[MASKED]
+98.571913900s 169 caf.Forwarder:AlertVehicleHandler(): [DEBUG] in=(257,0) alert=/alert/emergency/veh/189/seq=0/zor=[MASKED] decision=forward to vehicles deferred until 0ms
+98.571913900s 169 caf.Forwarder:OnOutgoingAlert(): [DEBUG] out=257 alert=/alert/emergency/veh/189/seq=0/zor=[MASKED]
+98.571913900s 169 ndn.AlertConsumer:doReceive(): [INFO ] Received alert: /alert/emergency/veh/189/seq=0/zor=[MASKED]
+98.571913939s 168 caf.Forwarder:OnIncomingAlert(): [DEBUG] in=257 alert=/alert/emergency/veh/189/seq=0/zor=[MASKED]
+98.571913939s 168 caf.Forwarder:AlertVehicleHandler(): [DEBUG] in=(257,0) alert=/alert/emergency/veh/189/seq=0/zor=[MASKED] decision=forward to vehicles deferred until 0ms
+98.571913939s 168 caf.Forwarder:OnOutgoingAlert(): [DEBUG] out=257 alert=/alert/emergency/veh/189/seq=0/zor=[MASKED]
+98.571913939s 168 ndn.AlertConsumer:doReceive(): [INFO ] Received alert: /alert/emergency/veh/189/seq=0/zor=[MASKED]
+98.571913955s 44 caf.Forwarder:OnIncomingAlert(): [DEBUG] in=257 alert=/alert/emergency/veh/189/seq=0/zor=[MASKED]
+98.571913955s 44 caf.Forwarder:AlertVehicleHandler(): [DEBUG] in=(257,0) alert=/alert/emergency/veh/189/seq=0/zor=[MASKED] decision=forward to vehicles deferred until 0ms
+98.571913955s 44 caf.Forwarder:OnOutgoingAlert(): [DEBUG] out=257 alert=/alert/emergency/veh/189/seq=0/zor=[MASKED]
+98.571913955s 44 ndn.AlertConsumer:doReceive(): [INFO ] Received alert: /alert/emergency/veh/189/seq=0/zor=[MASKED]
+98.571914004s 161 caf.Forwarder:OnIncomingAlert(): [DEBUG] in=257 alert=/alert/emergency/veh/189/seq=0/zor=[MASKED]
+98.571914004s 161 caf.Forwarder:AlertVehicleHandler(): [DEBUG] in=(257,0) alert=/alert/emergency/veh/189/seq=0/zor=[MASKED] decision=forward to vehicles deferred until 0ms
+98.571914004s 161 caf.Forwarder:OnOutgoingAlert(): [DEBUG] out=257 alert=/alert/emergency/veh/189/seq=0/zor=[MASKED]
+98.571914004s 161 ndn.AlertConsumer:doReceive(): [INFO ] Received alert: /alert/emergency/veh/189/seq=0/zor=[MASKED]
+98.572788048s 96 caf.Forwarder:OnIncomingAlert(): [DEBUG] in=257 alert=/alert/emergency/veh/189/seq=0/zor=[MASKED]
+98.572788048s 96 caf.Forwarder:AlertVehicleHandler(): [DEBUG] in=(257,0) alert=/alert/emergency/veh/189/seq=0/zor=[MASKED] decision=forward to vehicles deferred until 0ms
+98.572788048s 96 caf.Forwarder:OnOutgoingAlert(): [DEBUG] out=257 alert=/alert/emergency/veh/189/seq=0/zor=[MASKED]
+98.572788048s 96 ndn.AlertConsumer:doReceive(): [INFO ] Received alert: /alert/emergency/veh/189/seq=0/zor=[MASKED]
+98.572904743s 186 caf.Forwarder:OnIncomingAlert(): [DEBUG] in=257 alert=/alert/emergency/veh/189/seq=0/zor=[MASKED]
+98.572904743s 186 caf.Forwarder:AlertVehicleHandler(): [DEBUG] in=(257,0) alert=/alert/emergency/veh/189/seq=0/zor=[MASKED] decision=drop because duplicate alert
+98.572904756s 52 caf.Forwarder:OnIncomingAlert(): [DEBUG] in=257 alert=/alert/emergency/veh/189/seq=0/zor=[MASKED]
+98.572904756s 52 caf.Forwarder:AlertVehicleHandler(): [DEBUG] in=(257,0) alert=/alert/emergency/veh/189/seq=0/zor=[MASKED] decision=drop because duplicate alert
+98.572904784s 43 caf.Forwarder:OnIncomingAlert(): [DEBUG] in=257 alert=/alert/emergency/veh/189/seq=0/zor=[MASKED]
+98.572904784s 43 caf.Forwarder:AlertVehicleHandler(): [DEBUG] in=(257,0) alert=/alert/emergency/veh/189/seq=0/zor=[MASKED] decision=drop because duplicate alert
+98.572904799s 189 caf.Forwarder:OnIncomingAlert(): [DEBUG] in=257 alert=/alert/emergency/veh/189/seq=0/zor=[MASKED]
+98.572904799s 189 caf.Forwarder:AlertVehicleHandler(): [DEBUG] in=(257,0) alert=/alert/emergency/veh/189/seq=0/zor=[MASKED] decision=drop because duplicate alert
+98.572904802s 81 caf.Forwarder:OnIncomingAlert(): [DEBUG] in=257 alert=/alert/emergency/veh/189/seq=0/zor=[MASKED]
+98.572904802s 81 caf.Forwarder:AlertVehicleHandler(): [DEBUG] in=(257,0) alert=/alert/emergency/veh/189/seq=0/zor=[MASKED] decision=drop because duplicate alert
+98.573662092s 161 caf.Forwarder:OnIncomingAlert(): [DEBUG] in=257 alert=/alert/emergency/veh/189/seq=0/zor=[MASKED]
+98.573662092s 161 caf.Forwarder:AlertVehicleHandler(): [DEBUG] in=(257,0) alert=/alert/emergency/veh/189/seq=0/zor=[MASKED] decision=drop because duplicate alert
+98.573662129s 44 caf.Forwarder:OnIncomingAlert(): [DEBUG] in=257 alert=/alert/emergency/veh/189/seq=0/zor=[MASKED]
+98.573662129s 44 caf.Forwarder:AlertVehicleHandler(): [DEBUG] in=(257,0) alert=/alert/emergency/veh/189/seq=0/zor=[MASKED] decision=drop because duplicate alert
+98.573662131s 65 caf.Forwarder:OnIncomingAlert(): [DEBUG] in=257 alert=/alert/emergency/veh/189/seq=0/zor=[MASKED]
+98.573662131s 65 caf.Forwarder:AlertVehicleHandler(): [DEBUG] in=(257,0) alert=/alert/emergency/veh/189/seq=0/zor=[MASKED] decision=forward to vehicles deferred until 0ms
+98.573662131s 65 caf.Forwarder:OnOutgoingAlert(): [DEBUG] out=257 alert=/alert/emergency/veh/189/seq=0/zor=[MASKED]
+98.573662131s 65 ndn.AlertConsumer:doReceive(): [INFO ] Received alert: /alert/emergency/veh/189/seq=0/zor=[MASKED]
+98.573662149s 168 caf.Forwarder:OnIncomingAlert(): [DEBUG] in=257 alert=/alert/emergency/veh/189/seq=0/zor=[MASKED]
+98.573662149s 168 caf.Forwarder:AlertVehicleHandler(): [DEBUG] in=(257,0) alert=/alert/emergency/veh/189/seq=0/zor=[MASKED] decision=drop because duplicate alert
+98.573662159s 160 caf.Forwarder:OnIncomingAlert(): [DEBUG] in=257 alert=/alert/emergency/veh/189/seq=0/zor=[MASKED]
+98.573662159s 160 caf.Forwarder:AlertVehicleHandler(): [DEBUG] in=(257,0) alert=/alert/emergency/veh/189/seq=0/zor=[MASKED] decision=forward to vehicles deferred until 0ms
+98.573662159s 160 caf.Forwarder:OnOutgoingAlert(): [DEBUG] out=257 alert=/alert/emergency/veh/189/seq=0/zor=[MASKED]
+98.573662159s 160 ndn.AlertConsumer:doReceive(): [INFO ] Received alert: /alert/emergency/veh/189/seq=0/zor=[MASKED]
+98.573662183s 169 caf.Forwarder:OnIncomingAlert(): [DEBUG] in=257 alert=/alert/emergency/veh/189/seq=0/zor=[MASKED]
+98.573662183s 169 caf.Forwarder:AlertVehicleHandler(): [DEBUG] in=(257,0) alert=/alert/emergency/veh/189/seq=0/zor=[MASKED] decision=drop because duplicate alert
+98.573662204s 154 caf.Forwarder:OnIncomingAlert(): [DEBUG] in=257 alert=/alert/emergency/veh/189/seq=0/zor=[MASKED]
+98.573662204s 154 caf.Forwarder:AlertVehicleHandler(): [DEBUG] in=(257,0) alert=/alert/emergency/veh/189/seq=0/zor=[MASKED] decision=forward to vehicles deferred until 0ms
+98.573662204s 154 caf.Forwarder:OnOutgoingAlert(): [DEBUG] out=257 alert=/alert/emergency/veh/189/seq=0/zor=[MASKED]
+98.573662204s 154 ndn.AlertConsumer:doReceive(): [INFO ] Received alert: /alert/emergency/veh/189/seq=0/zor=[MASKED]
+98.573662210s 147 caf.Forwarder:OnIncomingAlert(): [DEBUG] in=257 alert=/alert/emergency/veh/189/seq=0/zor=[MASKED]
+98.573662210s 147 caf.Forwarder:AlertVehicleHandler(): [DEBUG] in=(257,0) alert=/alert/emergency/veh/189/seq=0/zor=[MASKED] decision=forward to vehicles deferred until 0ms
+98.573662210s 147 caf.Forwarder:OnOutgoingAlert(): [DEBUG] out=257 alert=/alert/emergency/veh/189/seq=0/zor=[MASKED]
+98.573662210s 147 ndn.AlertConsumer:doReceive(): [INFO ] Received alert: /alert/emergency/veh/189/seq=0/zor=[MASKED]
+98.742903050s 190 ndn.RandomAlertProducer:SendAlert(): [LOGIC] Don't send alert; condition failed
+99.287102195s 192 ndn.RandomAlertProducer:AlertSupplier(): [LOGIC] Send alert=/alert/emergency/veh/192/seq=0/zor=[MASKED] vehCount=115 rsuCount=9
+99.287102195s 192 caf.Forwarder:OnIncomingAlert(): [DEBUG] in=260 alert=/alert/emergency/veh/192/seq=0/zor=[MASKED]
+99.287102195s 192 caf.Forwarder:AlertVehicleHandler(): [DEBUG] in=(260,0) alert=/alert/emergency/veh/192/seq=0/zor=[MASKED] decision=forward to vehicles
+99.287102195s 192 caf.Forwarder:OnOutgoingAlert(): [DEBUG] out=257 alert=/alert/emergency/veh/192/seq=0/zor=[MASKED]
+99.287976240s 54 caf.Forwarder:OnIncomingAlert(): [DEBUG] in=257 alert=/alert/emergency/veh/192/seq=0/zor=[MASKED]
+99.287976240s 54 caf.Forwarder:AlertVehicleHandler(): [DEBUG] in=(257,0) alert=/alert/emergency/veh/192/seq=0/zor=[MASKED] decision=drop since sender is closer
+99.287976262s 199 caf.Forwarder:OnIncomingAlert(): [DEBUG] in=257 alert=/alert/emergency/veh/192/seq=0/zor=[MASKED]
+99.287976262s 199 caf.Forwarder:AlertVehicleHandler(): [DEBUG] in=(257,0) alert=/alert/emergency/veh/192/seq=0/zor=[MASKED] decision=drop since sender is closer
+99.287976283s 74 caf.Forwarder:OnIncomingAlert(): [DEBUG] in=257 alert=/alert/emergency/veh/192/seq=0/zor=[MASKED]
+99.287976283s 74 caf.Forwarder:AlertVehicleHandler(): [DEBUG] in=(257,0) alert=/alert/emergency/veh/192/seq=0/zor=[MASKED] decision=drop since sender is closer
+99.287976288s 191 caf.Forwarder:OnIncomingAlert(): [DEBUG] in=257 alert=/alert/emergency/veh/192/seq=0/zor=[MASKED]
+99.287976288s 191 caf.Forwarder:AlertVehicleHandler(): [DEBUG] in=(257,0) alert=/alert/emergency/veh/192/seq=0/zor=[MASKED] decision=forward to vehicles deferred until 2.24794ms
+99.287976293s 200 caf.Forwarder:OnIncomingAlert(): [DEBUG] in=257 alert=/alert/emergency/veh/192/seq=0/zor=[MASKED]
+99.287976293s 200 caf.Forwarder:AlertVehicleHandler(): [DEBUG] in=(257,0) alert=/alert/emergency/veh/192/seq=0/zor=[MASKED] decision=drop since sender is closer
+99.287976356s 208 caf.Forwarder:OnIncomingAlert(): [DEBUG] in=257 alert=/alert/emergency/veh/192/seq=0/zor=[MASKED]
+99.287976356s 208 caf.Forwarder:AlertVehicleHandler(): [DEBUG] in=(257,0) alert=/alert/emergency/veh/192/seq=0/zor=[MASKED] decision=drop since sender is closer
+99.287976357s 184 caf.Forwarder:OnIncomingAlert(): [DEBUG] in=257 alert=/alert/emergency/veh/192/seq=0/zor=[MASKED]
+99.287976357s 184 caf.Forwarder:AlertVehicleHandler(): [DEBUG] in=(257,0) alert=/alert/emergency/veh/192/seq=0/zor=[MASKED] decision=forward to vehicles deferred until 0.130953ms
+99.288107309s 184 caf.Forwarder:OnOutgoingAlert(): [DEBUG] out=257 alert=/alert/emergency/veh/192/seq=0/zor=[MASKED]
+99.288981379s 191 caf.Forwarder:OnIncomingAlert(): [DEBUG] in=257 alert=/alert/emergency/veh/192/seq=0/zor=[MASKED]
+99.288981379s 191 caf.Forwarder:AlertVehicleHandler(): [DEBUG] in= (257,0) alert=/alert/emergency/veh/192/seq=0/zor=[MASKED] timer cancelled because sender closer to ZoR
+99.288981430s 36 caf.Forwarder:OnIncomingAlert(): [DEBUG] in=257 alert=/alert/emergency/veh/192/seq=0/zor=[MASKED]
+99.288981430s 36 caf.Forwarder:AlertVehicleHandler(): [DEBUG] in=(257,0) alert=/alert/emergency/veh/192/seq=0/zor=[MASKED] decision=forward to vehicles deferred until 0ms
+99.288981430s 36 caf.Forwarder:OnOutgoingAlert(): [DEBUG] out=257 alert=/alert/emergency/veh/192/seq=0/zor=[MASKED]
+99.288981430s 36 ndn.AlertConsumer:doReceive(): [INFO ] Received alert: /alert/emergency/veh/192/seq=0/zor=[MASKED]
+99.288981471s 192 caf.Forwarder:OnIncomingAlert(): [DEBUG] in=257 alert=/alert/emergency/veh/192/seq=0/zor=[MASKED]
+99.288981471s 192 caf.Forwarder:AlertVehicleHandler(): [DEBUG] in=(257,0) alert=/alert/emergency/veh/192/seq=0/zor=[MASKED] decision=drop because duplicate alert
+99.289855495s 177 caf.Forwarder:OnIncomingAlert(): [DEBUG] in=257 alert=/alert/emergency/veh/192/seq=0/zor=[MASKED]
+99.289855495s 177 caf.Forwarder:AlertVehicleHandler(): [DEBUG] in=(257,0) alert=/alert/emergency/veh/192/seq=0/zor=[MASKED] decision=forward to vehicles deferred until 0ms
+99.289855495s 177 caf.Forwarder:OnOutgoingAlert(): [DEBUG] out=257 alert=/alert/emergency/veh/192/seq=0/zor=[MASKED]
+99.289855495s 177 ndn.AlertConsumer:doReceive(): [INFO ] Received alert: /alert/emergency/veh/192/seq=0/zor=[MASKED]
+99.289855550s 184 caf.Forwarder:OnIncomingAlert(): [DEBUG] in=257 alert=/alert/emergency/veh/192/seq=0/zor=[MASKED]
+99.289855550s 184 caf.Forwarder:AlertVehicleHandler(): [DEBUG] in=(257,0) alert=/alert/emergency/veh/192/seq=0/zor=[MASKED] decision=drop because duplicate alert
+99.289855558s 176 caf.Forwarder:OnIncomingAlert(): [DEBUG] in=257 alert=/alert/emergency/veh/192/seq=0/zor=[MASKED]
+99.289855558s 176 caf.Forwarder:AlertVehicleHandler(): [DEBUG] in=(257,0) alert=/alert/emergency/veh/192/seq=0/zor=[MASKED] decision=forward to vehicles deferred until 0ms
+99.289855558s 176 caf.Forwarder:OnOutgoingAlert(): [DEBUG] out=257 alert=/alert/emergency/veh/192/seq=0/zor=[MASKED]
+99.289855558s 176 ndn.AlertConsumer:doReceive(): [INFO ] Received alert: /alert/emergency/veh/192/seq=0/zor=[MASKED]
+99.289855571s 105 caf.Forwarder:OnIncomingAlert(): [DEBUG] in=257 alert=/alert/emergency/veh/192/seq=0/zor=[MASKED]
+99.289855571s 105 caf.Forwarder:AlertVehicleHandler(): [DEBUG] in=(257,0) alert=/alert/emergency/veh/192/seq=0/zor=[MASKED] decision=forward to vehicles deferred until 0ms
+99.289855571s 105 caf.Forwarder:OnOutgoingAlert(): [DEBUG] out=257 alert=/alert/emergency/veh/192/seq=0/zor=[MASKED]
+99.289855571s 105 ndn.AlertConsumer:doReceive(): [INFO ] Received alert: /alert/emergency/veh/192/seq=0/zor=[MASKED]
+99.289855600s 170 caf.Forwarder:OnIncomingAlert(): [DEBUG] in=257 alert=/alert/emergency/veh/192/seq=0/zor=[MASKED]
+99.289855600s 170 caf.Forwarder:AlertVehicleHandler(): [DEBUG] in=(257,0) alert=/alert/emergency/veh/192/seq=0/zor=[MASKED] decision=forward to vehicles deferred until 0ms
+99.289855600s 170 caf.Forwarder:OnOutgoingAlert(): [DEBUG] out=257 alert=/alert/emergency/veh/192/seq=0/zor=[MASKED]
+99.289855600s 170 ndn.AlertConsumer:doReceive(): [INFO ] Received alert: /alert/emergency/veh/192/seq=0/zor=[MASKED]
+99.290729560s 36 caf.Forwarder:OnIncomingAlert(): [DEBUG] in=257 alert=/alert/emergency/veh/192/seq=0/zor=[MASKED]
+99.290729560s 36 caf.Forwarder:AlertVehicleHandler(): [DEBUG] in=(257,0) alert=/alert/emergency/veh/192/seq=0/zor=[MASKED] decision=drop because duplicate alert
+99.290729637s 162 caf.Forwarder:OnIncomingAlert(): [DEBUG] in=257 alert=/alert/emergency/veh/192/seq=0/zor=[MASKED]
+99.290729637s 162 caf.Forwarder:AlertVehicleHandler(): [DEBUG] in=(257,0) alert=/alert/emergency/veh/192/seq=0/zor=[MASKED] decision=forward to vehicles deferred until 0ms
+99.290729637s 162 caf.Forwarder:OnOutgoingAlert(): [DEBUG] out=257 alert=/alert/emergency/veh/192/seq=0/zor=[MASKED]
+99.290729637s 162 ndn.AlertConsumer:doReceive(): [INFO ] Received alert: /alert/emergency/veh/192/seq=0/zor=[MASKED]
+99.291603654s 148 caf.Forwarder:OnIncomingAlert(): [DEBUG] in=257 alert=/alert/emergency/veh/192/seq=0/zor=[MASKED]
+99.291603654s 148 caf.Forwarder:AlertVehicleHandler(): [DEBUG] in=(257,0) alert=/alert/emergency/veh/192/seq=0/zor=[MASKED] decision=forward to vehicles deferred until 0ms
+99.291603654s 148 caf.Forwarder:OnOutgoingAlert(): [DEBUG] out=257 alert=/alert/emergency/veh/192/seq=0/zor=[MASKED]
+99.291603654s 148 ndn.AlertConsumer:doReceive(): [INFO ] Received alert: /alert/emergency/veh/192/seq=0/zor=[MASKED]
+99.291603664s 163 caf.Forwarder:OnIncomingAlert(): [DEBUG] in=257 alert=/alert/emergency/veh/192/seq=0/zor=[MASKED]
+99.291603664s 163 caf.Forwarder:AlertVehicleHandler(): [DEBUG] in=(257,0) alert=/alert/emergency/veh/192/seq=0/zor=[MASKED] decision=forward to vehicles deferred until 0ms
+99.291603664s 163 caf.Forwarder:OnOutgoingAlert(): [DEBUG] out=257 alert=/alert/emergency/veh/192/seq=0/zor=[MASKED]
+99.291603664s 163 ndn.AlertConsumer:doReceive(): [INFO ] Received alert: /alert/emergency/veh/192/seq=0/zor=[MASKED]
+99.291603674s 170 caf.Forwarder:OnIncomingAlert(): [DEBUG] in=257 alert=/alert/emergency/veh/192/seq=0/zor=[MASKED]
+99.291603674s 170 caf.Forwarder:AlertVehicleHandler(): [DEBUG] in=(257,0) alert=/alert/emergency/veh/192/seq=0/zor=[MASKED] decision=drop because duplicate alert
+99.291603676s 149 caf.Forwarder:OnIncomingAlert(): [DEBUG] in=257 alert=/alert/emergency/veh/192/seq=0/zor=[MASKED]
+99.291603676s 149 caf.Forwarder:AlertVehicleHandler(): [DEBUG] in=(257,0) alert=/alert/emergency/veh/192/seq=0/zor=[MASKED] decision=forward to vehicles deferred until 0ms
+99.291603676s 149 caf.Forwarder:OnOutgoingAlert(): [DEBUG] out=257 alert=/alert/emergency/veh/192/seq=0/zor=[MASKED]
+99.291603676s 149 ndn.AlertConsumer:doReceive(): [INFO ] Received alert: /alert/emergency/veh/192/seq=0/zor=[MASKED]
+99.291603689s 112 caf.Forwarder:OnIncomingAlert(): [DEBUG] in=257 alert=/alert/emergency/veh/192/seq=0/zor=[MASKED]
+99.291603689s 112 caf.Forwarder:AlertVehicleHandler(): [DEBUG] in=(257,0) alert=/alert/emergency/veh/192/seq=0/zor=[MASKED] decision=forward to vehicles deferred until 0ms
+99.291603689s 112 caf.Forwarder:OnOutgoingAlert(): [DEBUG] out=257 alert=/alert/emergency/veh/192/seq=0/zor=[MASKED]
+99.291603689s 112 ndn.AlertConsumer:doReceive(): [INFO ] Received alert: /alert/emergency/veh/192/seq=0/zor=[MASKED]
+99.291603693s 155 caf.Forwarder:OnIncomingAlert(): [DEBUG] in=257 alert=/alert/emergency/veh/192/seq=0/zor=[MASKED]
+99.291603693s 155 caf.Forwarder:AlertVehicleHandler(): [DEBUG] in=(257,0) alert=/alert/emergency/veh/192/seq=0/zor=[MASKED] decision=forward to vehicles deferred until 0ms
+99.291603693s 155 caf.Forwarder:OnOutgoingAlert(): [DEBUG] out=257 alert=/alert/emergency/veh/192/seq=0/zor=[MASKED]
+99.291603693s 155 ndn.AlertConsumer:doReceive(): [INFO ] Received alert: /alert/emergency/veh/192/seq=0/zor=[MASKED]
+99.291603703s 141 caf.Forwarder:OnIncomingAlert(): [DEBUG] in=257 alert=/alert/emergency/veh/192/seq=0/zor=[MASKED]
+99.291603703s 141 caf.Forwarder:AlertVehicleHandler(): [DEBUG] in=(257,0) alert=/alert/emergency/veh/192/seq=0/zor=[MASKED] decision=forward to vehicles deferred until 0ms
+99.291603703s 141 caf.Forwarder:OnOutgoingAlert(): [DEBUG] out=257 alert=/alert/emergency/veh/192/seq=0/zor=[MASKED]
+99.291603703s 141 ndn.AlertConsumer:doReceive(): [INFO ] Received alert: /alert/emergency/veh/192/seq=0/zor=[MASKED]
+99.291603708s 105 caf.Forwarder:OnIncomingAlert(): [DEBUG] in=257 alert=/alert/emergency/veh/192/seq=0/zor=[MASKED]
+99.291603708s 105 caf.Forwarder:AlertVehicleHandler(): [DEBUG] in=(257,0) alert=/alert/emergency/veh/192/seq=0/zor=[MASKED] decision=drop because duplicate alert
+99.291603717s 176 caf.Forwarder:OnIncomingAlert(): [DEBUG] in=257 alert=/alert/emergency/veh/192/seq=0/zor=[MASKED]
+99.291603717s 176 caf.Forwarder:AlertVehicleHandler(): [DEBUG] in=(257,0) alert=/alert/emergency/veh/192/seq=0/zor=[MASKED] decision=drop because duplicate alert
+99.291603724s 140 caf.Forwarder:OnIncomingAlert(): [DEBUG] in=257 alert=/alert/emergency/veh/192/seq=0/zor=[MASKED]
+99.291603724s 140 caf.Forwarder:AlertVehicleHandler(): [DEBUG] in=(257,0) alert=/alert/emergency/veh/192/seq=0/zor=[MASKED] decision=forward to vehicles deferred until 0ms
+99.291603724s 140 caf.Forwarder:OnOutgoingAlert(): [DEBUG] out=257 alert=/alert/emergency/veh/192/seq=0/zor=[MASKED]
+99.291603724s 140 ndn.AlertConsumer:doReceive(): [INFO ] Received alert: /alert/emergency/veh/192/seq=0/zor=[MASKED]
+99.291603728s 134 caf.Forwarder:OnIncomingAlert(): [DEBUG] in=257 alert=/alert/emergency/veh/192/seq=0/zor=[MASKED]
+99.291603728s 134 caf.Forwarder:AlertVehicleHandler(): [DEBUG] in=(257,0) alert=/alert/emergency/veh/192/seq=0/zor=[MASKED] decision=forward to vehicles deferred until 0ms
+99.291603728s 134 caf.Forwarder:OnOutgoingAlert(): [DEBUG] out=257 alert=/alert/emergency/veh/192/seq=0/zor=[MASKED]
+99.291603728s 134 ndn.AlertConsumer:doReceive(): [INFO ] Received alert: /alert/emergency/veh/192/seq=0/zor=[MASKED]
+99.291603751s 133 caf.Forwarder:OnIncomingAlert(): [DEBUG] in=257 alert=/alert/emergency/veh/192/seq=0/zor=[MASKED]
+99.291603751s 133 caf.Forwarder:AlertVehicleHandler(): [DEBUG] in=(257,0) alert=/alert/emergency/veh/192/seq=0/zor=[MASKED] decision=forward to vehicles deferred until 0ms
+99.291603751s 133 caf.Forwarder:OnOutgoingAlert(): [DEBUG] out=257 alert=/alert/emergency/veh/192/seq=0/zor=[MASKED]
+99.291603751s 133 ndn.AlertConsumer:doReceive(): [INFO ] Received alert: /alert/emergency/veh/192/seq=0/zor=[MASKED]
+99.291603754s 128 caf.Forwarder:OnIncomingAlert(): [DEBUG] in=257 alert=/alert/emergency/veh/192/seq=0/zor=[MASKED]
+99.291603754s 128 caf.Forwarder:AlertVehicleHandler(): [DEBUG] in=(257,0) alert=/alert/emergency/veh/192/seq=0/zor=[MASKED] decision=forward to vehicles deferred until 0ms
+99.291603754s 128 caf.Forwarder:OnOutgoingAlert(): [DEBUG] out=257 alert=/alert/emergency/veh/192/seq=0/zor=[MASKED]
+99.291603754s 128 ndn.AlertConsumer:doReceive(): [INFO ] Received alert: /alert/emergency/veh/192/seq=0/zor=[MASKED]
+99.291603778s 122 caf.Forwarder:OnIncomingAlert(): [DEBUG] in=257 alert=/alert/emergency/veh/192/seq=0/zor=[MASKED]
+99.291603778s 122 caf.Forwarder:AlertVehicleHandler(): [DEBUG] in=(257,0) alert=/alert/emergency/veh/192/seq=0/zor=[MASKED] decision=forward to vehicles deferred until 0ms
+99.291603778s 122 caf.Forwarder:OnOutgoingAlert(): [DEBUG] out=257 alert=/alert/emergency/veh/192/seq=0/zor=[MASKED]
+99.291603778s 122 ndn.AlertConsumer:doReceive(): [INFO ] Received alert: /alert/emergency/veh/192/seq=0/zor=[MASKED]
+99.291603784s 177 caf.Forwarder:OnIncomingAlert(): [DEBUG] in=257 alert=/alert/emergency/veh/192/seq=0/zor=[MASKED]
+99.291603784s 177 caf.Forwarder:AlertVehicleHandler(): [DEBUG] in=(257,0) alert=/alert/emergency/veh/192/seq=0/zor=[MASKED] decision=drop because duplicate alert
+99.291603785s 127 caf.Forwarder:OnIncomingAlert(): [DEBUG] in=257 alert=/alert/emergency/veh/192/seq=0/zor=[MASKED]
+99.291603785s 127 caf.Forwarder:AlertVehicleHandler(): [DEBUG] in=(257,0) alert=/alert/emergency/veh/192/seq=0/zor=[MASKED] decision=forward to vehicles deferred until 0ms
+99.291603785s 127 caf.Forwarder:OnOutgoingAlert(): [DEBUG] out=257 alert=/alert/emergency/veh/192/seq=0/zor=[MASKED]
+99.291603785s 127 ndn.AlertConsumer:doReceive(): [INFO ] Received alert: /alert/emergency/veh/192/seq=0/zor=[MASKED]
+99.291603800s 125 caf.Forwarder:OnIncomingAlert(): [DEBUG] in=257 alert=/alert/emergency/veh/192/seq=0/zor=[MASKED]
+99.291603800s 125 caf.Forwarder:AlertVehicleHandler(): [DEBUG] in=(257,0) alert=/alert/emergency/veh/192/seq=0/zor=[MASKED] decision=forward to vehicles deferred until 0ms
+99.291603800s 125 caf.Forwarder:OnOutgoingAlert(): [DEBUG] out=257 alert=/alert/emergency/veh/192/seq=0/zor=[MASKED]
+99.291603800s 125 ndn.AlertConsumer:doReceive(): [INFO ] Received alert: /alert/emergency/veh/192/seq=0/zor=[MASKED]
+99.291603803s 115 caf.Forwarder:OnIncomingAlert(): [DEBUG] in=257 alert=/alert/emergency/veh/192/seq=0/zor=[MASKED]
+99.291603803s 115 caf.Forwarder:AlertVehicleHandler(): [DEBUG] in=(257,0) alert=/alert/emergency/veh/192/seq=0/zor=[MASKED] decision=forward to vehicles deferred until 0ms
+99.291603803s 115 caf.Forwarder:OnOutgoingAlert(): [DEBUG] out=257 alert=/alert/emergency/veh/192/seq=0/zor=[MASKED]
+99.291603803s 115 ndn.AlertConsumer:doReceive(): [INFO ] Received alert: /alert/emergency/veh/192/seq=0/zor=[MASKED]
+100.369600088s 194 ndn.RandomAlertProducer:AlertSupplier(): [LOGIC] Send alert=/alert/emergency/veh/194/seq=0/zor=[MASKED] vehCount=114 rsuCount=9
+100.369600088s 194 caf.Forwarder:OnIncomingAlert(): [DEBUG] in=260 alert=/alert/emergency/veh/194/seq=0/zor=[MASKED]
+100.369600088s 194 caf.Forwarder:AlertVehicleHandler(): [DEBUG] in=(260,0) alert=/alert/emergency/veh/194/seq=0/zor=[MASKED] decision=forward to vehicles
+100.369600088s 194 caf.Forwarder:OnOutgoingAlert(): [DEBUG] out=257 alert=/alert/emergency/veh/194/seq=0/zor=[MASKED]
+100.370474111s 197 caf.Forwarder:OnIncomingAlert(): [DEBUG] in=257 alert=/alert/emergency/veh/194/seq=0/zor=[MASKED]
+100.370474111s 197 caf.Forwarder:AlertVehicleHandler(): [DEBUG] in=(257,0) alert=/alert/emergency/veh/194/seq=0/zor=[MASKED] decision=forward to vehicles deferred until 4.35193ms
+100.370474162s 43 caf.Forwarder:OnIncomingAlert(): [DEBUG] in=257 alert=/alert/emergency/veh/194/seq=0/zor=[MASKED]
+100.370474162s 43 caf.Forwarder:AlertVehicleHandler(): [DEBUG] in=(257,0) alert=/alert/emergency/veh/194/seq=0/zor=[MASKED] decision=forward to vehicles deferred until 2.80029ms
+100.370474176s 202 caf.Forwarder:OnIncomingAlert(): [DEBUG] in=257 alert=/alert/emergency/veh/194/seq=0/zor=[MASKED]
+100.370474176s 202 caf.Forwarder:AlertVehicleHandler(): [DEBUG] in=(257,0) alert=/alert/emergency/veh/194/seq=0/zor=[MASKED] decision=drop since sender is closer
+100.370474180s 52 caf.Forwarder:OnIncomingAlert(): [DEBUG] in=257 alert=/alert/emergency/veh/194/seq=0/zor=[MASKED]
+100.370474180s 52 caf.Forwarder:AlertVehicleHandler(): [DEBUG] in=(257,0) alert=/alert/emergency/veh/194/seq=0/zor=[MASKED] decision=forward to vehicles deferred until 2.28027ms
+100.370474205s 205 caf.Forwarder:OnIncomingAlert(): [DEBUG] in=257 alert=/alert/emergency/veh/194/seq=0/zor=[MASKED]
+100.370474205s 205 caf.Forwarder:AlertVehicleHandler(): [DEBUG] in=(257,0) alert=/alert/emergency/veh/194/seq=0/zor=[MASKED] decision=drop since sender is closer
+100.370474249s 210 caf.Forwarder:OnIncomingAlert(): [DEBUG] in=257 alert=/alert/emergency/veh/194/seq=0/zor=[MASKED]
+100.370474249s 210 caf.Forwarder:AlertVehicleHandler(): [DEBUG] in=(257,0) alert=/alert/emergency/veh/194/seq=0/zor=[MASKED] decision=drop since sender is closer
+100.370474257s 81 caf.Forwarder:OnIncomingAlert(): [DEBUG] in=257 alert=/alert/emergency/veh/194/seq=0/zor=[MASKED]
+100.370474257s 81 caf.Forwarder:AlertVehicleHandler(): [DEBUG] in=(257,0) alert=/alert/emergency/veh/194/seq=0/zor=[MASKED] decision=forward to vehicles deferred until 0ms
+100.370474257s 81 caf.Forwarder:OnOutgoingAlert(): [DEBUG] out=257 alert=/alert/emergency/veh/194/seq=0/zor=[MASKED]
+100.371348280s 93 caf.Forwarder:OnIncomingAlert(): [DEBUG] in=257 alert=/alert/emergency/veh/194/seq=0/zor=[MASKED]
+100.371348280s 93 caf.Forwarder:AlertVehicleHandler(): [DEBUG] in=(257,0) alert=/alert/emergency/veh/194/seq=0/zor=[MASKED] decision=forward to vehicles deferred until 4.37294ms
+100.371348289s 189 caf.Forwarder:OnIncomingAlert(): [DEBUG] in=257 alert=/alert/emergency/veh/194/seq=0/zor=[MASKED]
+100.371348289s 189 caf.Forwarder:AlertVehicleHandler(): [DEBUG] in=(257,0) alert=/alert/emergency/veh/194/seq=0/zor=[MASKED] decision=forward to vehicles deferred until 4.0719ms
+100.371348335s 52 caf.Forwarder:OnIncomingAlert(): [DEBUG] in=257 alert=/alert/emergency/veh/194/seq=0/zor=[MASKED]
+100.371348335s 52 caf.Forwarder:AlertVehicleHandler(): [DEBUG] in= (257,0) alert=/alert/emergency/veh/194/seq=0/zor=[MASKED] timer cancelled because sender closer to ZoR
+100.371348347s 182 caf.Forwarder:OnIncomingAlert(): [DEBUG] in=257 alert=/alert/emergency/veh/194/seq=0/zor=[MASKED]
+100.371348347s 182 caf.Forwarder:AlertVehicleHandler(): [DEBUG] in=(257,0) alert=/alert/emergency/veh/194/seq=0/zor=[MASKED] decision=forward to vehicles deferred until 0ms
+100.371348347s 182 caf.Forwarder:OnOutgoingAlert(): [DEBUG] out=257 alert=/alert/emergency/veh/194/seq=0/zor=[MASKED]
+100.371348347s 182 ndn.AlertConsumer:doReceive(): [INFO ] Received alert: /alert/emergency/veh/194/seq=0/zor=[MASKED]
+100.371348354s 43 caf.Forwarder:OnIncomingAlert(): [DEBUG] in=257 alert=/alert/emergency/veh/194/seq=0/zor=[MASKED]
+100.371348354s 43 caf.Forwarder:AlertVehicleHandler(): [DEBUG] in= (257,0) alert=/alert/emergency/veh/194/seq=0/zor=[MASKED] timer cancelled because sender closer to ZoR
+100.371348357s 186 caf.Forwarder:OnIncomingAlert(): [DEBUG] in=257 alert=/alert/emergency/veh/194/seq=0/zor=[MASKED]
+100.371348357s 186 caf.Forwarder:AlertVehicleHandler(): [DEBUG] in=(257,0) alert=/alert/emergency/veh/194/seq=0/zor=[MASKED] decision=forward to vehicles deferred until 0ms
+100.371348357s 186 caf.Forwarder:OnOutgoingAlert(): [DEBUG] out=257 alert=/alert/emergency/veh/194/seq=0/zor=[MASKED]
+100.371348357s 186 ndn.AlertConsumer:doReceive(): [INFO ] Received alert: /alert/emergency/veh/194/seq=0/zor=[MASKED]
+100.371348408s 197 caf.Forwarder:OnIncomingAlert(): [DEBUG] in=257 alert=/alert/emergency/veh/194/seq=0/zor=[MASKED]
+100.371348408s 197 caf.Forwarder:AlertVehicleHandler(): [DEBUG] in= (257,0) alert=/alert/emergency/veh/194/seq=0/zor=[MASKED] timer cancelled because sender closer to ZoR
+100.371348426s 194 caf.Forwarder:OnIncomingAlert(): [DEBUG] in=257 alert=/alert/emergency/veh/194/seq=0/zor=[MASKED]
+100.371348426s 194 caf.Forwarder:AlertVehicleHandler(): [DEBUG] in=(257,0) alert=/alert/emergency/veh/194/seq=0/zor=[MASKED] decision=drop because duplicate alert
+100.375420187s 189 caf.Forwarder:OnOutgoingAlert(): [DEBUG] out=257 alert=/alert/emergency/veh/194/seq=0/zor=[MASKED]
+100.375721215s 93 caf.Forwarder:OnOutgoingAlert(): [DEBUG] out=257 alert=/alert/emergency/veh/194/seq=0/zor=[MASKED]
+100.376294213s 93 caf.Forwarder:OnIncomingAlert(): [DEBUG] in=257 alert=/alert/emergency/veh/194/seq=0/zor=[MASKED]
+100.376294213s 93 caf.Forwarder:AlertVehicleHandler(): [DEBUG] in=(257,0) alert=/alert/emergency/veh/194/seq=0/zor=[MASKED] decision=drop because duplicate alert
+100.376294220s 81 caf.Forwarder:OnIncomingAlert(): [DEBUG] in=257 alert=/alert/emergency/veh/194/seq=0/zor=[MASKED]
+100.376294220s 81 caf.Forwarder:AlertVehicleHandler(): [DEBUG] in=(257,0) alert=/alert/emergency/veh/194/seq=0/zor=[MASKED] decision=drop because duplicate alert
+100.376294266s 182 caf.Forwarder:OnIncomingAlert(): [DEBUG] in=257 alert=/alert/emergency/veh/194/seq=0/zor=[MASKED]
+100.376294266s 182 caf.Forwarder:AlertVehicleHandler(): [DEBUG] in=(257,0) alert=/alert/emergency/veh/194/seq=0/zor=[MASKED] decision=drop because duplicate alert
+100.376294272s 52 caf.Forwarder:OnIncomingAlert(): [DEBUG] in=257 alert=/alert/emergency/veh/194/seq=0/zor=[MASKED]
+100.376294272s 52 caf.Forwarder:AlertVehicleHandler(): [DEBUG] in=(257,0) alert=/alert/emergency/veh/194/seq=0/zor=[MASKED] decision=drop because duplicate alert
+100.376294280s 186 caf.Forwarder:OnIncomingAlert(): [DEBUG] in=257 alert=/alert/emergency/veh/194/seq=0/zor=[MASKED]
+100.376294280s 186 caf.Forwarder:AlertVehicleHandler(): [DEBUG] in=(257,0) alert=/alert/emergency/veh/194/seq=0/zor=[MASKED] decision=drop because duplicate alert
+100.376294294s 43 caf.Forwarder:OnIncomingAlert(): [DEBUG] in=257 alert=/alert/emergency/veh/194/seq=0/zor=[MASKED]
+100.376294294s 43 caf.Forwarder:AlertVehicleHandler(): [DEBUG] in=(257,0) alert=/alert/emergency/veh/194/seq=0/zor=[MASKED] decision=drop because duplicate alert
+100.376294340s 197 caf.Forwarder:OnIncomingAlert(): [DEBUG] in=257 alert=/alert/emergency/veh/194/seq=0/zor=[MASKED]
+100.376294340s 197 caf.Forwarder:AlertVehicleHandler(): [DEBUG] in=(257,0) alert=/alert/emergency/veh/194/seq=0/zor=[MASKED] decision=drop because duplicate alert
+100.377363236s 81 caf.Forwarder:OnIncomingAlert(): [DEBUG] in=257 alert=/alert/emergency/veh/194/seq=0/zor=[MASKED]
+100.377363236s 81 caf.Forwarder:AlertVehicleHandler(): [DEBUG] in=(257,0) alert=/alert/emergency/veh/194/seq=0/zor=[MASKED] decision=drop because duplicate alert
+100.377363239s 189 caf.Forwarder:OnIncomingAlert(): [DEBUG] in=257 alert=/alert/emergency/veh/194/seq=0/zor=[MASKED]
+100.377363239s 189 caf.Forwarder:AlertVehicleHandler(): [DEBUG] in=(257,0) alert=/alert/emergency/veh/194/seq=0/zor=[MASKED] decision=drop because duplicate alert
+100.377363282s 182 caf.Forwarder:OnIncomingAlert(): [DEBUG] in=257 alert=/alert/emergency/veh/194/seq=0/zor=[MASKED]
+100.377363282s 182 caf.Forwarder:AlertVehicleHandler(): [DEBUG] in=(257,0) alert=/alert/emergency/veh/194/seq=0/zor=[MASKED] decision=drop because duplicate alert
+100.377363292s 186 caf.Forwarder:OnIncomingAlert(): [DEBUG] in=257 alert=/alert/emergency/veh/194/seq=0/zor=[MASKED]
+100.377363292s 186 caf.Forwarder:AlertVehicleHandler(): [DEBUG] in=(257,0) alert=/alert/emergency/veh/194/seq=0/zor=[MASKED] decision=drop because duplicate alert
+100.377363310s 52 caf.Forwarder:OnIncomingAlert(): [DEBUG] in=257 alert=/alert/emergency/veh/194/seq=0/zor=[MASKED]
+100.377363310s 52 caf.Forwarder:AlertVehicleHandler(): [DEBUG] in=(257,0) alert=/alert/emergency/veh/194/seq=0/zor=[MASKED] decision=drop because duplicate alert
+100.377363330s 43 caf.Forwarder:OnIncomingAlert(): [DEBUG] in=257 alert=/alert/emergency/veh/194/seq=0/zor=[MASKED]
+100.377363330s 43 caf.Forwarder:AlertVehicleHandler(): [DEBUG] in=(257,0) alert=/alert/emergency/veh/194/seq=0/zor=[MASKED] decision=drop because duplicate alert
+100.377363381s 197 caf.Forwarder:OnIncomingAlert(): [DEBUG] in=257 alert=/alert/emergency/veh/194/seq=0/zor=[MASKED]
+100.377363381s 197 caf.Forwarder:AlertVehicleHandler(): [DEBUG] in=(257,0) alert=/alert/emergency/veh/194/seq=0/zor=[MASKED] decision=drop because duplicate alert
+100.878026609s 193 ndn.RandomAlertProducer:SendAlert(): [LOGIC] Don't send alert; condition failed
+100.902075587s 195 ndn.RandomAlertProducer:SendAlert(): [LOGIC] Don't send alert; condition failed
+101.547375183s 198 ndn.RandomAlertProducer:AlertSupplier(): [LOGIC] Send alert=/alert/emergency/veh/198/seq=0/zor=[MASKED] vehCount=116 rsuCount=9
+101.547375183s 198 caf.Forwarder:OnIncomingAlert(): [DEBUG] in=260 alert=/alert/emergency/veh/198/seq=0/zor=[MASKED]
+101.547375183s 198 caf.Forwarder:AlertVehicleHandler(): [DEBUG] in=(260,0) alert=/alert/emergency/veh/198/seq=0/zor=[MASKED] decision=forward to vehicles
+101.547375183s 198 caf.Forwarder:OnOutgoingAlert(): [DEBUG] out=257 alert=/alert/emergency/veh/198/seq=0/zor=[MASKED]
+101.548249211s 69 caf.Forwarder:OnIncomingAlert(): [DEBUG] in=257 alert=/alert/emergency/veh/198/seq=0/zor=[MASKED]
+101.548249211s 69 caf.Forwarder:AlertVehicleHandler(): [DEBUG] in=(257,0) alert=/alert/emergency/veh/198/seq=0/zor=[MASKED] decision=drop since sender is closer
+101.548249241s 193 caf.Forwarder:OnIncomingAlert(): [DEBUG] in=257 alert=/alert/emergency/veh/198/seq=0/zor=[MASKED]
+101.548249241s 193 caf.Forwarder:AlertVehicleHandler(): [DEBUG] in=(257,0) alert=/alert/emergency/veh/198/seq=0/zor=[MASKED] decision=forward to vehicles deferred until 3.28518ms
+101.548249259s 87 caf.Forwarder:OnIncomingAlert(): [DEBUG] in=257 alert=/alert/emergency/veh/198/seq=0/zor=[MASKED]
+101.548249259s 87 caf.Forwarder:AlertVehicleHandler(): [DEBUG] in=(257,0) alert=/alert/emergency/veh/198/seq=0/zor=[MASKED] decision=forward to vehicles deferred until 2.74916ms
+101.548249272s 201 caf.Forwarder:OnIncomingAlert(): [DEBUG] in=257 alert=/alert/emergency/veh/198/seq=0/zor=[MASKED]
+101.548249272s 201 caf.Forwarder:AlertVehicleHandler(): [DEBUG] in=(257,0) alert=/alert/emergency/veh/198/seq=0/zor=[MASKED] decision=drop since sender is closer
+101.548249280s 66 caf.Forwarder:OnIncomingAlert(): [DEBUG] in=257 alert=/alert/emergency/veh/198/seq=0/zor=[MASKED]
+101.548249280s 66 caf.Forwarder:AlertVehicleHandler(): [DEBUG] in=(257,0) alert=/alert/emergency/veh/198/seq=0/zor=[MASKED] decision=drop since sender is closer
+101.548249294s 95 caf.Forwarder:OnIncomingAlert(): [DEBUG] in=257 alert=/alert/emergency/veh/198/seq=0/zor=[MASKED]
+101.548249294s 95 caf.Forwarder:AlertVehicleHandler(): [DEBUG] in=(257,0) alert=/alert/emergency/veh/198/seq=0/zor=[MASKED] decision=forward to vehicles deferred until 1.68342ms
+101.548249298s 190 caf.Forwarder:OnIncomingAlert(): [DEBUG] in=257 alert=/alert/emergency/veh/198/seq=0/zor=[MASKED]
+101.548249298s 190 caf.Forwarder:AlertVehicleHandler(): [DEBUG] in=(257,0) alert=/alert/emergency/veh/198/seq=0/zor=[MASKED] decision=forward to vehicles deferred until 1.55725ms
+101.548249322s 185 caf.Forwarder:OnIncomingAlert(): [DEBUG] in=257 alert=/alert/emergency/veh/198/seq=0/zor=[MASKED]
+101.548249322s 185 caf.Forwarder:AlertVehicleHandler(): [DEBUG] in=(257,0) alert=/alert/emergency/veh/198/seq=0/zor=[MASKED] decision=forward to vehicles deferred until 0ms
+101.548249322s 185 caf.Forwarder:OnOutgoingAlert(): [DEBUG] out=257 alert=/alert/emergency/veh/198/seq=0/zor=[MASKED]
+101.548249322s 185 ndn.AlertConsumer:doReceive(): [INFO ] Received alert: /alert/emergency/veh/198/seq=0/zor=[MASKED]
+101.548249343s 206 caf.Forwarder:OnIncomingAlert(): [DEBUG] in=257 alert=/alert/emergency/veh/198/seq=0/zor=[MASKED]
+101.548249343s 206 caf.Forwarder:AlertVehicleHandler(): [DEBUG] in=(257,0) alert=/alert/emergency/veh/198/seq=0/zor=[MASKED] decision=drop since sender is closer
+101.549123346s 190 caf.Forwarder:OnIncomingAlert(): [DEBUG] in=257 alert=/alert/emergency/veh/198/seq=0/zor=[MASKED]
+101.549123346s 190 caf.Forwarder:AlertVehicleHandler(): [DEBUG] in= (257,0) alert=/alert/emergency/veh/198/seq=0/zor=[MASKED] timer cancelled because sender closer to ZoR
+101.549123354s 95 caf.Forwarder:OnIncomingAlert(): [DEBUG] in=257 alert=/alert/emergency/veh/198/seq=0/zor=[MASKED]
+101.549123354s 95 caf.Forwarder:AlertVehicleHandler(): [DEBUG] in= (257,0) alert=/alert/emergency/veh/198/seq=0/zor=[MASKED] timer cancelled because sender closer to ZoR
+101.549123395s 87 caf.Forwarder:OnIncomingAlert(): [DEBUG] in=257 alert=/alert/emergency/veh/198/seq=0/zor=[MASKED]
+101.549123395s 87 caf.Forwarder:AlertVehicleHandler(): [DEBUG] in= (257,0) alert=/alert/emergency/veh/198/seq=0/zor=[MASKED] timer cancelled because sender closer to ZoR
+101.549123403s 193 caf.Forwarder:OnIncomingAlert(): [DEBUG] in=257 alert=/alert/emergency/veh/198/seq=0/zor=[MASKED]
+101.549123403s 193 caf.Forwarder:AlertVehicleHandler(): [DEBUG] in= (257,0) alert=/alert/emergency/veh/198/seq=0/zor=[MASKED] timer cancelled because sender closer to ZoR
+101.549123404s 183 caf.Forwarder:OnIncomingAlert(): [DEBUG] in=257 alert=/alert/emergency/veh/198/seq=0/zor=[MASKED]
+101.549123404s 183 caf.Forwarder:AlertVehicleHandler(): [DEBUG] in=(257,0) alert=/alert/emergency/veh/198/seq=0/zor=[MASKED] decision=forward to vehicles deferred until 0ms
+101.549123404s 183 caf.Forwarder:OnOutgoingAlert(): [DEBUG] out=257 alert=/alert/emergency/veh/198/seq=0/zor=[MASKED]
+101.549123404s 183 ndn.AlertConsumer:doReceive(): [INFO ] Received alert: /alert/emergency/veh/198/seq=0/zor=[MASKED]
+101.549123461s 198 caf.Forwarder:OnIncomingAlert(): [DEBUG] in=257 alert=/alert/emergency/veh/198/seq=0/zor=[MASKED]
+101.549123461s 198 caf.Forwarder:AlertVehicleHandler(): [DEBUG] in=(257,0) alert=/alert/emergency/veh/198/seq=0/zor=[MASKED] decision=drop because duplicate alert
+101.549123477s 178 caf.Forwarder:OnIncomingAlert(): [DEBUG] in=257 alert=/alert/emergency/veh/198/seq=0/zor=[MASKED]
+101.549123477s 178 caf.Forwarder:AlertVehicleHandler(): [DEBUG] in=(257,0) alert=/alert/emergency/veh/198/seq=0/zor=[MASKED] decision=forward to vehicles deferred until 0ms
+101.549123477s 178 caf.Forwarder:OnOutgoingAlert(): [DEBUG] out=257 alert=/alert/emergency/veh/198/seq=0/zor=[MASKED]
+101.549123477s 178 ndn.AlertConsumer:doReceive(): [INFO ] Received alert: /alert/emergency/veh/198/seq=0/zor=[MASKED]
+101.549123480s 69 caf.Forwarder:OnIncomingAlert(): [DEBUG] in=257 alert=/alert/emergency/veh/198/seq=0/zor=[MASKED]
+101.549123480s 69 caf.Forwarder:AlertVehicleHandler(): [DEBUG] in=(257,0) alert=/alert/emergency/veh/198/seq=0/zor=[MASKED] decision=drop because duplicate alert
+101.549997486s 185 caf.Forwarder:OnIncomingAlert(): [DEBUG] in=257 alert=/alert/emergency/veh/198/seq=0/zor=[MASKED]
+101.549997486s 185 caf.Forwarder:AlertVehicleHandler(): [DEBUG] in=(257,0) alert=/alert/emergency/veh/198/seq=0/zor=[MASKED] decision=drop because duplicate alert
+101.549997510s 190 caf.Forwarder:OnIncomingAlert(): [DEBUG] in=257 alert=/alert/emergency/veh/198/seq=0/zor=[MASKED]
+101.549997510s 190 caf.Forwarder:AlertVehicleHandler(): [DEBUG] in=(257,0) alert=/alert/emergency/veh/198/seq=0/zor=[MASKED] decision=drop because duplicate alert
+101.549997517s 95 caf.Forwarder:OnIncomingAlert(): [DEBUG] in=257 alert=/alert/emergency/veh/198/seq=0/zor=[MASKED]
+101.549997517s 95 caf.Forwarder:AlertVehicleHandler(): [DEBUG] in=(257,0) alert=/alert/emergency/veh/198/seq=0/zor=[MASKED] decision=drop because duplicate alert
+101.549997521s 164 caf.Forwarder:OnIncomingAlert(): [DEBUG] in=257 alert=/alert/emergency/veh/198/seq=0/zor=[MASKED]
+101.549997521s 164 caf.Forwarder:AlertVehicleHandler(): [DEBUG] in=(257,0) alert=/alert/emergency/veh/198/seq=0/zor=[MASKED] decision=forward to vehicles deferred until 0ms
+101.549997521s 164 caf.Forwarder:OnOutgoingAlert(): [DEBUG] out=257 alert=/alert/emergency/veh/198/seq=0/zor=[MASKED]
+101.549997521s 164 ndn.AlertConsumer:doReceive(): [INFO ] Received alert: /alert/emergency/veh/198/seq=0/zor=[MASKED]
+101.549997523s 84 caf.Forwarder:OnIncomingAlert(): [DEBUG] in=257 alert=/alert/emergency/veh/198/seq=0/zor=[MASKED]
+101.549997523s 84 caf.Forwarder:AlertVehicleHandler(): [DEBUG] in=(257,0) alert=/alert/emergency/veh/198/seq=0/zor=[MASKED] decision=forward to vehicles deferred until 0ms
+101.549997523s 84 caf.Forwarder:OnOutgoingAlert(): [DEBUG] out=257 alert=/alert/emergency/veh/198/seq=0/zor=[MASKED]
+101.549997523s 84 ndn.AlertConsumer:doReceive(): [INFO ] Received alert: /alert/emergency/veh/198/seq=0/zor=[MASKED]
+101.549997546s 150 caf.Forwarder:OnIncomingAlert(): [DEBUG] in=257 alert=/alert/emergency/veh/198/seq=0/zor=[MASKED]
+101.549997546s 150 caf.Forwarder:AlertVehicleHandler(): [DEBUG] in=(257,0) alert=/alert/emergency/veh/198/seq=0/zor=[MASKED] decision=forward to vehicles deferred until 0ms
+101.549997546s 150 caf.Forwarder:OnOutgoingAlert(): [DEBUG] out=257 alert=/alert/emergency/veh/198/seq=0/zor=[MASKED]
+101.549997546s 150 ndn.AlertConsumer:doReceive(): [INFO ] Received alert: /alert/emergency/veh/198/seq=0/zor=[MASKED]
+101.549997558s 87 caf.Forwarder:OnIncomingAlert(): [DEBUG] in=257 alert=/alert/emergency/veh/198/seq=0/zor=[MASKED]
+101.549997558s 87 caf.Forwarder:AlertVehicleHandler(): [DEBUG] in=(257,0) alert=/alert/emergency/veh/198/seq=0/zor=[MASKED] decision=drop because duplicate alert
+101.549997567s 193 caf.Forwarder:OnIncomingAlert(): [DEBUG] in=257 alert=/alert/emergency/veh/198/seq=0/zor=[MASKED]
+101.549997567s 193 caf.Forwarder:AlertVehicleHandler(): [DEBUG] in=(257,0) alert=/alert/emergency/veh/198/seq=0/zor=[MASKED] decision=drop because duplicate alert
+101.549997574s 94 caf.Forwarder:OnIncomingAlert(): [DEBUG] in=257 alert=/alert/emergency/veh/198/seq=0/zor=[MASKED]
+101.549997574s 94 caf.Forwarder:AlertVehicleHandler(): [DEBUG] in=(257,0) alert=/alert/emergency/veh/198/seq=0/zor=[MASKED] decision=forward to vehicles deferred until 0ms
+101.549997574s 151 caf.Forwarder:OnIncomingAlert(): [DEBUG] in=257 alert=/alert/emergency/veh/198/seq=0/zor=[MASKED]
+101.549997574s 151 caf.Forwarder:AlertVehicleHandler(): [DEBUG] in=(257,0) alert=/alert/emergency/veh/198/seq=0/zor=[MASKED] decision=forward to vehicles deferred until 0ms
+101.549997574s 94 caf.Forwarder:OnOutgoingAlert(): [DEBUG] out=257 alert=/alert/emergency/veh/198/seq=0/zor=[MASKED]
+101.549997574s 94 ndn.AlertConsumer:doReceive(): [INFO ] Received alert: /alert/emergency/veh/198/seq=0/zor=[MASKED]
+101.549997574s 151 caf.Forwarder:OnOutgoingAlert(): [DEBUG] out=257 alert=/alert/emergency/veh/198/seq=0/zor=[MASKED]
+101.549997574s 151 ndn.AlertConsumer:doReceive(): [INFO ] Received alert: /alert/emergency/veh/198/seq=0/zor=[MASKED]
+101.549997579s 172 caf.Forwarder:OnIncomingAlert(): [DEBUG] in=257 alert=/alert/emergency/veh/198/seq=0/zor=[MASKED]
+101.549997579s 172 caf.Forwarder:AlertVehicleHandler(): [DEBUG] in=(257,0) alert=/alert/emergency/veh/198/seq=0/zor=[MASKED] decision=forward to vehicles deferred until 0ms
+101.549997579s 172 caf.Forwarder:OnOutgoingAlert(): [DEBUG] out=257 alert=/alert/emergency/veh/198/seq=0/zor=[MASKED]
+101.549997579s 172 ndn.AlertConsumer:doReceive(): [INFO ] Received alert: /alert/emergency/veh/198/seq=0/zor=[MASKED]
+101.549997600s 135 caf.Forwarder:OnIncomingAlert(): [DEBUG] in=257 alert=/alert/emergency/veh/198/seq=0/zor=[MASKED]
+101.549997600s 135 caf.Forwarder:AlertVehicleHandler(): [DEBUG] in=(257,0) alert=/alert/emergency/veh/198/seq=0/zor=[MASKED] decision=forward to vehicles deferred until 0ms
+101.549997600s 135 caf.Forwarder:OnOutgoingAlert(): [DEBUG] out=257 alert=/alert/emergency/veh/198/seq=0/zor=[MASKED]
+101.549997600s 135 ndn.AlertConsumer:doReceive(): [INFO ] Received alert: /alert/emergency/veh/198/seq=0/zor=[MASKED]
+101.549997625s 171 caf.Forwarder:OnIncomingAlert(): [DEBUG] in=257 alert=/alert/emergency/veh/198/seq=0/zor=[MASKED]
+101.549997625s 171 caf.Forwarder:AlertVehicleHandler(): [DEBUG] in=(257,0) alert=/alert/emergency/veh/198/seq=0/zor=[MASKED] decision=forward to vehicles deferred until 0ms
+101.549997625s 171 caf.Forwarder:OnOutgoingAlert(): [DEBUG] out=257 alert=/alert/emergency/veh/198/seq=0/zor=[MASKED]
+101.549997625s 171 ndn.AlertConsumer:doReceive(): [INFO ] Received alert: /alert/emergency/veh/198/seq=0/zor=[MASKED]
+101.549997633s 143 caf.Forwarder:OnIncomingAlert(): [DEBUG] in=257 alert=/alert/emergency/veh/198/seq=0/zor=[MASKED]
+101.549997633s 143 caf.Forwarder:AlertVehicleHandler(): [DEBUG] in=(257,0) alert=/alert/emergency/veh/198/seq=0/zor=[MASKED] decision=forward to vehicles deferred until 0ms
+101.549997633s 143 caf.Forwarder:OnOutgoingAlert(): [DEBUG] out=257 alert=/alert/emergency/veh/198/seq=0/zor=[MASKED]
+101.549997633s 143 ndn.AlertConsumer:doReceive(): [INFO ] Received alert: /alert/emergency/veh/198/seq=0/zor=[MASKED]
+101.689747922s 196 ndn.RandomAlertProducer:AlertSupplier(): [LOGIC] Send alert=/alert/emergency/veh/196/seq=0/zor=[MASKED] vehCount=116 rsuCount=9
+101.689747922s 196 caf.Forwarder:OnIncomingAlert(): [DEBUG] in=260 alert=/alert/emergency/veh/196/seq=0/zor=[MASKED]
+101.689747922s 196 caf.Forwarder:AlertVehicleHandler(): [DEBUG] in=(260,0) alert=/alert/emergency/veh/196/seq=0/zor=[MASKED] decision=forward to vehicles
+101.689747922s 196 caf.Forwarder:OnOutgoingAlert(): [DEBUG] out=257 alert=/alert/emergency/veh/196/seq=0/zor=[MASKED]
+101.690621935s 187 caf.Forwarder:OnIncomingAlert(): [DEBUG] in=257 alert=/alert/emergency/veh/196/seq=0/zor=[MASKED]
+101.690621935s 187 caf.Forwarder:AlertVehicleHandler(): [DEBUG] in=(257,0) alert=/alert/emergency/veh/196/seq=0/zor=[MASKED] decision=forward to vehicles deferred until 4.65001ms
+101.690621954s 55 caf.Forwarder:OnIncomingAlert(): [DEBUG] in=257 alert=/alert/emergency/veh/196/seq=0/zor=[MASKED]
+101.690621954s 55 caf.Forwarder:AlertVehicleHandler(): [DEBUG] in=(257,0) alert=/alert/emergency/veh/196/seq=0/zor=[MASKED] decision=forward to vehicles deferred until 4.07378ms
+101.690621980s 203 caf.Forwarder:OnIncomingAlert(): [DEBUG] in=257 alert=/alert/emergency/veh/196/seq=0/zor=[MASKED]
+101.690621980s 203 caf.Forwarder:AlertVehicleHandler(): [DEBUG] in=(257,0) alert=/alert/emergency/veh/196/seq=0/zor=[MASKED] decision=drop since sender is closer
+101.690621983s 195 caf.Forwarder:OnIncomingAlert(): [DEBUG] in=257 alert=/alert/emergency/veh/196/seq=0/zor=[MASKED]
+101.690621983s 195 caf.Forwarder:AlertVehicleHandler(): [DEBUG] in=(257,0) alert=/alert/emergency/veh/196/seq=0/zor=[MASKED] decision=forward to vehicles deferred until 3.20294ms
+101.690621988s 181 caf.Forwarder:OnIncomingAlert(): [DEBUG] in=257 alert=/alert/emergency/veh/196/seq=0/zor=[MASKED]
+101.690621988s 181 caf.Forwarder:AlertVehicleHandler(): [DEBUG] in=(257,0) alert=/alert/emergency/veh/196/seq=0/zor=[MASKED] decision=forward to vehicles deferred until 3.0425ms
+101.690622003s 63 caf.Forwarder:OnIncomingAlert(): [DEBUG] in=257 alert=/alert/emergency/veh/196/seq=0/zor=[MASKED]
+101.690622003s 63 caf.Forwarder:AlertVehicleHandler(): [DEBUG] in=(257,0) alert=/alert/emergency/veh/196/seq=0/zor=[MASKED] decision=drop since sender is closer
+101.690622045s 174 caf.Forwarder:OnIncomingAlert(): [DEBUG] in=257 alert=/alert/emergency/veh/196/seq=0/zor=[MASKED]
+101.690622045s 174 caf.Forwarder:AlertVehicleHandler(): [DEBUG] in=(257,0) alert=/alert/emergency/veh/196/seq=0/zor=[MASKED] decision=forward to vehicles deferred until 1.33141ms
+101.690622052s 211 caf.Forwarder:OnIncomingAlert(): [DEBUG] in=257 alert=/alert/emergency/veh/196/seq=0/zor=[MASKED]
+101.690622052s 211 caf.Forwarder:AlertVehicleHandler(): [DEBUG] in=(257,0) alert=/alert/emergency/veh/196/seq=0/zor=[MASKED] decision=drop since sender is closer
+101.690622074s 204 caf.Forwarder:OnIncomingAlert(): [DEBUG] in=257 alert=/alert/emergency/veh/196/seq=0/zor=[MASKED]
+101.690622074s 204 caf.Forwarder:AlertVehicleHandler(): [DEBUG] in=(257,0) alert=/alert/emergency/veh/196/seq=0/zor=[MASKED] decision=drop since sender is closer
+101.690622085s 25 caf.Forwarder:OnIncomingAlert(): [DEBUG] in=257 alert=/alert/emergency/veh/196/seq=0/zor=[MASKED]
+101.690622085s 25 caf.Forwarder:AlertVehicleHandler(): [DEBUG] in=(257,0) alert=/alert/emergency/veh/196/seq=0/zor=[MASKED] decision=drop since sender is closer
+101.691953452s 174 caf.Forwarder:OnOutgoingAlert(): [DEBUG] out=257 alert=/alert/emergency/veh/196/seq=0/zor=[MASKED]
+101.692827504s 188 caf.Forwarder:OnIncomingAlert(): [DEBUG] in=257 alert=/alert/emergency/veh/196/seq=0/zor=[MASKED]
+101.692827504s 188 caf.Forwarder:AlertVehicleHandler(): [DEBUG] in=(257,0) alert=/alert/emergency/veh/196/seq=0/zor=[MASKED] decision=forward to vehicles deferred until 0ms
+101.692827504s 188 caf.Forwarder:OnOutgoingAlert(): [DEBUG] out=257 alert=/alert/emergency/veh/196/seq=0/zor=[MASKED]
+101.692827504s 188 ndn.AlertConsumer:doReceive(): [INFO ] Received alert: /alert/emergency/veh/196/seq=0/zor=[MASKED]
+101.692827510s 181 caf.Forwarder:OnIncomingAlert(): [DEBUG] in=257 alert=/alert/emergency/veh/196/seq=0/zor=[MASKED]
+101.692827510s 181 caf.Forwarder:AlertVehicleHandler(): [DEBUG] in= (257,0) alert=/alert/emergency/veh/196/seq=0/zor=[MASKED] timer cancelled because sender closer to ZoR
+101.692827514s 195 caf.Forwarder:OnIncomingAlert(): [DEBUG] in=257 alert=/alert/emergency/veh/196/seq=0/zor=[MASKED]
+101.692827514s 195 caf.Forwarder:AlertVehicleHandler(): [DEBUG] in= (257,0) alert=/alert/emergency/veh/196/seq=0/zor=[MASKED] timer cancelled because sender closer to ZoR
+101.692827560s 70 caf.Forwarder:OnIncomingAlert(): [DEBUG] in=257 alert=/alert/emergency/veh/196/seq=0/zor=[MASKED]
+101.692827560s 70 caf.Forwarder:AlertVehicleHandler(): [DEBUG] in=(257,0) alert=/alert/emergency/veh/196/seq=0/zor=[MASKED] decision=forward to vehicles deferred until 0ms
+101.692827560s 70 caf.Forwarder:OnOutgoingAlert(): [DEBUG] out=257 alert=/alert/emergency/veh/196/seq=0/zor=[MASKED]
+101.692827560s 70 ndn.AlertConsumer:doReceive(): [INFO ] Received alert: /alert/emergency/veh/196/seq=0/zor=[MASKED]
+101.692827565s 180 caf.Forwarder:OnIncomingAlert(): [DEBUG] in=257 alert=/alert/emergency/veh/196/seq=0/zor=[MASKED]
+101.692827565s 180 caf.Forwarder:AlertVehicleHandler(): [DEBUG] in=(257,0) alert=/alert/emergency/veh/196/seq=0/zor=[MASKED] decision=forward to vehicles deferred until 0ms
+101.692827565s 180 caf.Forwarder:OnOutgoingAlert(): [DEBUG] out=257 alert=/alert/emergency/veh/196/seq=0/zor=[MASKED]
+101.692827565s 180 ndn.AlertConsumer:doReceive(): [INFO ] Received alert: /alert/emergency/veh/196/seq=0/zor=[MASKED]
+101.692827567s 187 caf.Forwarder:OnIncomingAlert(): [DEBUG] in=257 alert=/alert/emergency/veh/196/seq=0/zor=[MASKED]
+101.692827567s 187 caf.Forwarder:AlertVehicleHandler(): [DEBUG] in= (257,0) alert=/alert/emergency/veh/196/seq=0/zor=[MASKED] timer cancelled because sender closer to ZoR
+101.692827573s 55 caf.Forwarder:OnIncomingAlert(): [DEBUG] in=257 alert=/alert/emergency/veh/196/seq=0/zor=[MASKED]
+101.692827573s 55 caf.Forwarder:AlertVehicleHandler(): [DEBUG] in= (257,0) alert=/alert/emergency/veh/196/seq=0/zor=[MASKED] timer cancelled because sender closer to ZoR
+101.692827575s 196 caf.Forwarder:OnIncomingAlert(): [DEBUG] in=257 alert=/alert/emergency/veh/196/seq=0/zor=[MASKED]
+101.692827575s 196 caf.Forwarder:AlertVehicleHandler(): [DEBUG] in=(257,0) alert=/alert/emergency/veh/196/seq=0/zor=[MASKED] decision=drop because duplicate alert
+101.693701556s 174 caf.Forwarder:OnIncomingAlert(): [DEBUG] in=257 alert=/alert/emergency/veh/196/seq=0/zor=[MASKED]
+101.693701556s 174 caf.Forwarder:AlertVehicleHandler(): [DEBUG] in=(257,0) alert=/alert/emergency/veh/196/seq=0/zor=[MASKED] decision=drop because duplicate alert
+101.758567336s 197 ndn.RandomAlertProducer:AlertSupplier(): [LOGIC] Send alert=/alert/emergency/veh/197/seq=0/zor=[MASKED] vehCount=116 rsuCount=9
+101.758567336s 197 caf.Forwarder:OnIncomingAlert(): [DEBUG] in=260 alert=/alert/emergency/veh/197/seq=0/zor=[MASKED]
+101.758567336s 197 caf.Forwarder:AlertVehicleHandler(): [DEBUG] in=(260,0) alert=/alert/emergency/veh/197/seq=0/zor=[MASKED] decision=forward to vehicles
+101.758567336s 197 caf.Forwarder:OnOutgoingAlert(): [DEBUG] out=257 alert=/alert/emergency/veh/197/seq=0/zor=[MASKED]
+101.759441377s 194 caf.Forwarder:OnIncomingAlert(): [DEBUG] in=257 alert=/alert/emergency/veh/197/seq=0/zor=[MASKED]
+101.759441377s 194 caf.Forwarder:AlertVehicleHandler(): [DEBUG] in=(257,0) alert=/alert/emergency/veh/197/seq=0/zor=[MASKED] decision=drop since sender is closer
+101.759441381s 81 caf.Forwarder:OnIncomingAlert(): [DEBUG] in=257 alert=/alert/emergency/veh/197/seq=0/zor=[MASKED]
+101.759441381s 81 caf.Forwarder:AlertVehicleHandler(): [DEBUG] in=(257,0) alert=/alert/emergency/veh/197/seq=0/zor=[MASKED] decision=forward to vehicles deferred until 3.68167ms
+101.759441384s 93 caf.Forwarder:OnIncomingAlert(): [DEBUG] in=257 alert=/alert/emergency/veh/197/seq=0/zor=[MASKED]
+101.759441384s 93 caf.Forwarder:AlertVehicleHandler(): [DEBUG] in=(257,0) alert=/alert/emergency/veh/197/seq=0/zor=[MASKED] decision=forward to vehicles deferred until 3.60404ms
+101.759441387s 52 caf.Forwarder:OnIncomingAlert(): [DEBUG] in=257 alert=/alert/emergency/veh/197/seq=0/zor=[MASKED]
+101.759441387s 52 caf.Forwarder:AlertVehicleHandler(): [DEBUG] in=(257,0) alert=/alert/emergency/veh/197/seq=0/zor=[MASKED] decision=drop since sender is closer
+101.759441402s 43 caf.Forwarder:OnIncomingAlert(): [DEBUG] in=257 alert=/alert/emergency/veh/197/seq=0/zor=[MASKED]
+101.759441402s 43 caf.Forwarder:AlertVehicleHandler(): [DEBUG] in=(257,0) alert=/alert/emergency/veh/197/seq=0/zor=[MASKED] decision=drop since sender is closer
+101.759441450s 202 caf.Forwarder:OnIncomingAlert(): [DEBUG] in=257 alert=/alert/emergency/veh/197/seq=0/zor=[MASKED]
+101.759441450s 202 caf.Forwarder:AlertVehicleHandler(): [DEBUG] in=(257,0) alert=/alert/emergency/veh/197/seq=0/zor=[MASKED] decision=drop since sender is closer
+101.759441477s 205 caf.Forwarder:OnIncomingAlert(): [DEBUG] in=257 alert=/alert/emergency/veh/197/seq=0/zor=[MASKED]
+101.759441477s 205 caf.Forwarder:AlertVehicleHandler(): [DEBUG] in=(257,0) alert=/alert/emergency/veh/197/seq=0/zor=[MASKED] decision=drop since sender is closer
+101.759441489s 189 caf.Forwarder:OnIncomingAlert(): [DEBUG] in=257 alert=/alert/emergency/veh/197/seq=0/zor=[MASKED]
+101.759441489s 189 caf.Forwarder:AlertVehicleHandler(): [DEBUG] in=(257,0) alert=/alert/emergency/veh/197/seq=0/zor=[MASKED] decision=forward to vehicles deferred until 0ms
+101.759441489s 189 caf.Forwarder:OnOutgoingAlert(): [DEBUG] out=257 alert=/alert/emergency/veh/197/seq=0/zor=[MASKED]
+101.759441489s 189 ndn.AlertConsumer:doReceive(): [INFO ] Received alert: /alert/emergency/veh/197/seq=0/zor=[MASKED]
+101.760315575s 182 caf.Forwarder:OnIncomingAlert(): [DEBUG] in=257 alert=/alert/emergency/veh/197/seq=0/zor=[MASKED]
+101.760315575s 182 caf.Forwarder:AlertVehicleHandler(): [DEBUG] in=(257,0) alert=/alert/emergency/veh/197/seq=0/zor=[MASKED] decision=forward to vehicles deferred until 0ms
+101.760315575s 182 caf.Forwarder:OnOutgoingAlert(): [DEBUG] out=257 alert=/alert/emergency/veh/197/seq=0/zor=[MASKED]
+101.760315575s 182 ndn.AlertConsumer:doReceive(): [INFO ] Received alert: /alert/emergency/veh/197/seq=0/zor=[MASKED]
+101.760315587s 186 caf.Forwarder:OnIncomingAlert(): [DEBUG] in=257 alert=/alert/emergency/veh/197/seq=0/zor=[MASKED]
+101.760315587s 186 caf.Forwarder:AlertVehicleHandler(): [DEBUG] in=(257,0) alert=/alert/emergency/veh/197/seq=0/zor=[MASKED] decision=forward to vehicles deferred until 0ms
+101.760315587s 186 caf.Forwarder:OnOutgoingAlert(): [DEBUG] out=257 alert=/alert/emergency/veh/197/seq=0/zor=[MASKED]
+101.760315587s 186 ndn.AlertConsumer:doReceive(): [INFO ] Received alert: /alert/emergency/veh/197/seq=0/zor=[MASKED]
+101.760315593s 44 caf.Forwarder:OnIncomingAlert(): [DEBUG] in=257 alert=/alert/emergency/veh/197/seq=0/zor=[MASKED]
+101.760315593s 44 caf.Forwarder:AlertVehicleHandler(): [DEBUG] in=(257,0) alert=/alert/emergency/veh/197/seq=0/zor=[MASKED] decision=forward to vehicles deferred until 0ms
+101.760315593s 44 caf.Forwarder:OnOutgoingAlert(): [DEBUG] out=257 alert=/alert/emergency/veh/197/seq=0/zor=[MASKED]
+101.760315593s 44 ndn.AlertConsumer:doReceive(): [INFO ] Received alert: /alert/emergency/veh/197/seq=0/zor=[MASKED]
+101.760315601s 93 caf.Forwarder:OnIncomingAlert(): [DEBUG] in=257 alert=/alert/emergency/veh/197/seq=0/zor=[MASKED]
+101.760315601s 93 caf.Forwarder:AlertVehicleHandler(): [DEBUG] in= (257,0) alert=/alert/emergency/veh/197/seq=0/zor=[MASKED] timer cancelled because sender closer to ZoR
+101.760315614s 81 caf.Forwarder:OnIncomingAlert(): [DEBUG] in=257 alert=/alert/emergency/veh/197/seq=0/zor=[MASKED]
+101.760315614s 81 caf.Forwarder:AlertVehicleHandler(): [DEBUG] in= (257,0) alert=/alert/emergency/veh/197/seq=0/zor=[MASKED] timer cancelled because sender closer to ZoR
+101.760315642s 197 caf.Forwarder:OnIncomingAlert(): [DEBUG] in=257 alert=/alert/emergency/veh/197/seq=0/zor=[MASKED]
+101.760315642s 197 caf.Forwarder:AlertVehicleHandler(): [DEBUG] in=(257,0) alert=/alert/emergency/veh/197/seq=0/zor=[MASKED] decision=drop because duplicate alert
+101.760315654s 96 caf.Forwarder:OnIncomingAlert(): [DEBUG] in=257 alert=/alert/emergency/veh/197/seq=0/zor=[MASKED]
+101.760315654s 96 caf.Forwarder:AlertVehicleHandler(): [DEBUG] in=(257,0) alert=/alert/emergency/veh/197/seq=0/zor=[MASKED] decision=forward to vehicles deferred until 0ms
+101.760315654s 96 caf.Forwarder:OnOutgoingAlert(): [DEBUG] out=257 alert=/alert/emergency/veh/197/seq=0/zor=[MASKED]
+101.760315654s 96 ndn.AlertConsumer:doReceive(): [INFO ] Received alert: /alert/emergency/veh/197/seq=0/zor=[MASKED]
+101.761189694s 179 caf.Forwarder:OnIncomingAlert(): [DEBUG] in=257 alert=/alert/emergency/veh/197/seq=0/zor=[MASKED]
+101.761189694s 179 caf.Forwarder:AlertVehicleHandler(): [DEBUG] in=(257,0) alert=/alert/emergency/veh/197/seq=0/zor=[MASKED] decision=forward to vehicles deferred until 0ms
+101.761189694s 179 caf.Forwarder:OnOutgoingAlert(): [DEBUG] out=257 alert=/alert/emergency/veh/197/seq=0/zor=[MASKED]
+101.761189694s 179 ndn.AlertConsumer:doReceive(): [INFO ] Received alert: /alert/emergency/veh/197/seq=0/zor=[MASKED]
+101.761189715s 175 caf.Forwarder:OnIncomingAlert(): [DEBUG] in=257 alert=/alert/emergency/veh/197/seq=0/zor=[MASKED]
+101.761189715s 175 caf.Forwarder:AlertVehicleHandler(): [DEBUG] in=(257,0) alert=/alert/emergency/veh/197/seq=0/zor=[MASKED] decision=forward to vehicles deferred until 0ms
+101.761189715s 175 caf.Forwarder:OnOutgoingAlert(): [DEBUG] out=257 alert=/alert/emergency/veh/197/seq=0/zor=[MASKED]
+101.761189715s 175 ndn.AlertConsumer:doReceive(): [INFO ] Received alert: /alert/emergency/veh/197/seq=0/zor=[MASKED]
+101.762063734s 96 caf.Forwarder:OnIncomingAlert(): [DEBUG] in=257 alert=/alert/emergency/veh/197/seq=0/zor=[MASKED]
+101.762063734s 96 caf.Forwarder:AlertVehicleHandler(): [DEBUG] in=(257,0) alert=/alert/emergency/veh/197/seq=0/zor=[MASKED] decision=drop because duplicate alert
+101.762063740s 65 caf.Forwarder:OnIncomingAlert(): [DEBUG] in=257 alert=/alert/emergency/veh/197/seq=0/zor=[MASKED]
+101.762063740s 65 caf.Forwarder:AlertVehicleHandler(): [DEBUG] in=(257,0) alert=/alert/emergency/veh/197/seq=0/zor=[MASKED] decision=forward to vehicles deferred until 0ms
+101.762063740s 65 caf.Forwarder:OnOutgoingAlert(): [DEBUG] out=257 alert=/alert/emergency/veh/197/seq=0/zor=[MASKED]
+101.762063740s 65 ndn.AlertConsumer:doReceive(): [INFO ] Received alert: /alert/emergency/veh/197/seq=0/zor=[MASKED]
+101.762063785s 169 caf.Forwarder:OnIncomingAlert(): [DEBUG] in=257 alert=/alert/emergency/veh/197/seq=0/zor=[MASKED]
+101.762063785s 169 caf.Forwarder:AlertVehicleHandler(): [DEBUG] in=(257,0) alert=/alert/emergency/veh/197/seq=0/zor=[MASKED] decision=forward to vehicles deferred until 0ms
+101.762063785s 169 caf.Forwarder:OnOutgoingAlert(): [DEBUG] out=257 alert=/alert/emergency/veh/197/seq=0/zor=[MASKED]
+101.762063785s 169 ndn.AlertConsumer:doReceive(): [INFO ] Received alert: /alert/emergency/veh/197/seq=0/zor=[MASKED]
+101.762937764s 175 caf.Forwarder:OnIncomingAlert(): [DEBUG] in=257 alert=/alert/emergency/veh/197/seq=0/zor=[MASKED]
+101.762937764s 175 caf.Forwarder:AlertVehicleHandler(): [DEBUG] in=(257,0) alert=/alert/emergency/veh/197/seq=0/zor=[MASKED] decision=drop because duplicate alert
+101.762937790s 179 caf.Forwarder:OnIncomingAlert(): [DEBUG] in=257 alert=/alert/emergency/veh/197/seq=0/zor=[MASKED]
+101.762937790s 179 caf.Forwarder:AlertVehicleHandler(): [DEBUG] in=(257,0) alert=/alert/emergency/veh/197/seq=0/zor=[MASKED] decision=drop because duplicate alert
+101.762937813s 96 caf.Forwarder:OnIncomingAlert(): [DEBUG] in=257 alert=/alert/emergency/veh/197/seq=0/zor=[MASKED]
+101.762937813s 96 caf.Forwarder:AlertVehicleHandler(): [DEBUG] in=(257,0) alert=/alert/emergency/veh/197/seq=0/zor=[MASKED] decision=drop because duplicate alert
+101.762937822s 168 caf.Forwarder:OnIncomingAlert(): [DEBUG] in=257 alert=/alert/emergency/veh/197/seq=0/zor=[MASKED]
+101.762937822s 168 caf.Forwarder:AlertVehicleHandler(): [DEBUG] in=(257,0) alert=/alert/emergency/veh/197/seq=0/zor=[MASKED] decision=forward to vehicles deferred until 0ms
+101.762937822s 168 caf.Forwarder:OnOutgoingAlert(): [DEBUG] out=257 alert=/alert/emergency/veh/197/seq=0/zor=[MASKED]
+101.762937822s 168 ndn.AlertConsumer:doReceive(): [INFO ] Received alert: /alert/emergency/veh/197/seq=0/zor=[MASKED]
+101.762937836s 80 caf.Forwarder:OnIncomingAlert(): [DEBUG] in=257 alert=/alert/emergency/veh/197/seq=0/zor=[MASKED]
+101.762937836s 80 caf.Forwarder:AlertVehicleHandler(): [DEBUG] in=(257,0) alert=/alert/emergency/veh/197/seq=0/zor=[MASKED] decision=forward to vehicles deferred until 0ms
+101.762937836s 80 caf.Forwarder:OnOutgoingAlert(): [DEBUG] out=257 alert=/alert/emergency/veh/197/seq=0/zor=[MASKED]
+101.762937836s 80 ndn.AlertConsumer:doReceive(): [INFO ] Received alert: /alert/emergency/veh/197/seq=0/zor=[MASKED]
+101.762937878s 44 caf.Forwarder:OnIncomingAlert(): [DEBUG] in=257 alert=/alert/emergency/veh/197/seq=0/zor=[MASKED]
+101.762937878s 44 caf.Forwarder:AlertVehicleHandler(): [DEBUG] in=(257,0) alert=/alert/emergency/veh/197/seq=0/zor=[MASKED] decision=drop because duplicate alert
+101.762937880s 186 caf.Forwarder:OnIncomingAlert(): [DEBUG] in=257 alert=/alert/emergency/veh/197/seq=0/zor=[MASKED]
+101.762937880s 186 caf.Forwarder:AlertVehicleHandler(): [DEBUG] in=(257,0) alert=/alert/emergency/veh/197/seq=0/zor=[MASKED] decision=drop because duplicate alert
+101.762937881s 161 caf.Forwarder:OnIncomingAlert(): [DEBUG] in=257 alert=/alert/emergency/veh/197/seq=0/zor=[MASKED]
+101.762937881s 161 caf.Forwarder:AlertVehicleHandler(): [DEBUG] in=(257,0) alert=/alert/emergency/veh/197/seq=0/zor=[MASKED] decision=forward to vehicles deferred until 0ms
+101.762937881s 161 caf.Forwarder:OnOutgoingAlert(): [DEBUG] out=257 alert=/alert/emergency/veh/197/seq=0/zor=[MASKED]
+101.762937881s 161 ndn.AlertConsumer:doReceive(): [INFO ] Received alert: /alert/emergency/veh/197/seq=0/zor=[MASKED]
+102.213714312s 199 ndn.RandomAlertProducer:SendAlert(): [LOGIC] Don't send alert; condition failed
+102.725164250s 200 ndn.RandomAlertProducer:AlertSupplier(): [LOGIC] Send alert=/alert/emergency/veh/200/seq=0/zor=[MASKED] vehCount=119 rsuCount=9
+102.725164250s 200 caf.Forwarder:OnIncomingAlert(): [DEBUG] in=260 alert=/alert/emergency/veh/200/seq=0/zor=[MASKED]
+102.725164250s 200 caf.Forwarder:AlertVehicleHandler(): [DEBUG] in=(260,0) alert=/alert/emergency/veh/200/seq=0/zor=[MASKED] decision=forward to vehicles
+102.725164250s 200 caf.Forwarder:OnOutgoingAlert(): [DEBUG] out=257 alert=/alert/emergency/veh/200/seq=0/zor=[MASKED]
+102.726038303s 199 caf.Forwarder:OnIncomingAlert(): [DEBUG] in=257 alert=/alert/emergency/veh/200/seq=0/zor=[MASKED]
+102.726038303s 199 caf.Forwarder:AlertVehicleHandler(): [DEBUG] in=(257,0) alert=/alert/emergency/veh/200/seq=0/zor=[MASKED] decision=forward to vehicles deferred until 3.441ms
+102.726038303s 208 caf.Forwarder:OnIncomingAlert(): [DEBUG] in=257 alert=/alert/emergency/veh/200/seq=0/zor=[MASKED]
+102.726038303s 208 caf.Forwarder:AlertVehicleHandler(): [DEBUG] in=(257,0) alert=/alert/emergency/veh/200/seq=0/zor=[MASKED] decision=drop since sender is closer
+102.726038371s 192 caf.Forwarder:OnIncomingAlert(): [DEBUG] in=257 alert=/alert/emergency/veh/200/seq=0/zor=[MASKED]
+102.726038371s 192 caf.Forwarder:AlertVehicleHandler(): [DEBUG] in=(257,0) alert=/alert/emergency/veh/200/seq=0/zor=[MASKED] decision=forward to vehicles deferred until 1.38696ms
+102.726038374s 207 caf.Forwarder:OnIncomingAlert(): [DEBUG] in=257 alert=/alert/emergency/veh/200/seq=0/zor=[MASKED]
+102.726038374s 207 caf.Forwarder:AlertVehicleHandler(): [DEBUG] in=(257,0) alert=/alert/emergency/veh/200/seq=0/zor=[MASKED] decision=drop since sender is closer
+102.726038391s 36 caf.Forwarder:OnIncomingAlert(): [DEBUG] in=257 alert=/alert/emergency/veh/200/seq=0/zor=[MASKED]
+102.726038391s 36 caf.Forwarder:AlertVehicleHandler(): [DEBUG] in=(257,0) alert=/alert/emergency/veh/200/seq=0/zor=[MASKED] decision=forward to vehicles deferred until 0.794544ms
+102.726832934s 36 caf.Forwarder:OnOutgoingAlert(): [DEBUG] out=257 alert=/alert/emergency/veh/200/seq=0/zor=[MASKED]
+102.727425335s 192 caf.Forwarder:OnOutgoingAlert(): [DEBUG] out=257 alert=/alert/emergency/veh/200/seq=0/zor=[MASKED]
+102.727706971s 192 caf.Forwarder:OnIncomingAlert(): [DEBUG] in=257 alert=/alert/emergency/veh/200/seq=0/zor=[MASKED]
+102.727706971s 192 caf.Forwarder:AlertVehicleHandler(): [DEBUG] in=(257,0) alert=/alert/emergency/veh/200/seq=0/zor=[MASKED] decision=drop because duplicate alert
+102.727707015s 191 caf.Forwarder:OnIncomingAlert(): [DEBUG] in=257 alert=/alert/emergency/veh/200/seq=0/zor=[MASKED]
+102.727707015s 191 caf.Forwarder:AlertVehicleHandler(): [DEBUG] in=(257,0) alert=/alert/emergency/veh/200/seq=0/zor=[MASKED] decision=forward to vehicles deferred until 2.5943ms
+102.727707026s 199 caf.Forwarder:OnIncomingAlert(): [DEBUG] in=257 alert=/alert/emergency/veh/200/seq=0/zor=[MASKED]
+102.727707026s 199 caf.Forwarder:AlertVehicleHandler(): [DEBUG] in= (257,0) alert=/alert/emergency/veh/200/seq=0/zor=[MASKED] timer cancelled because sender closer to ZoR
+102.727707058s 105 caf.Forwarder:OnIncomingAlert(): [DEBUG] in=257 alert=/alert/emergency/veh/200/seq=0/zor=[MASKED]
+102.727707058s 105 caf.Forwarder:AlertVehicleHandler(): [DEBUG] in=(257,0) alert=/alert/emergency/veh/200/seq=0/zor=[MASKED] decision=forward to vehicles deferred until 0ms
+102.727707058s 105 caf.Forwarder:OnOutgoingAlert(): [DEBUG] out=257 alert=/alert/emergency/veh/200/seq=0/zor=[MASKED]
+102.727707058s 105 ndn.AlertConsumer:doReceive(): [INFO ] Received alert: /alert/emergency/veh/200/seq=0/zor=[MASKED]
+102.727707064s 184 caf.Forwarder:OnIncomingAlert(): [DEBUG] in=257 alert=/alert/emergency/veh/200/seq=0/zor=[MASKED]
+102.727707064s 184 caf.Forwarder:AlertVehicleHandler(): [DEBUG] in=(257,0) alert=/alert/emergency/veh/200/seq=0/zor=[MASKED] decision=forward to vehicles deferred until 0ms
+102.727707064s 184 caf.Forwarder:OnOutgoingAlert(): [DEBUG] out=257 alert=/alert/emergency/veh/200/seq=0/zor=[MASKED]
+102.727707064s 184 ndn.AlertConsumer:doReceive(): [INFO ] Received alert: /alert/emergency/veh/200/seq=0/zor=[MASKED]
+102.727707074s 200 caf.Forwarder:OnIncomingAlert(): [DEBUG] in=257 alert=/alert/emergency/veh/200/seq=0/zor=[MASKED]
+102.727707074s 200 caf.Forwarder:AlertVehicleHandler(): [DEBUG] in=(257,0) alert=/alert/emergency/veh/200/seq=0/zor=[MASKED] decision=drop because duplicate alert
+102.728698008s 36 caf.Forwarder:OnIncomingAlert(): [DEBUG] in=257 alert=/alert/emergency/veh/200/seq=0/zor=[MASKED]
+102.728698008s 36 caf.Forwarder:AlertVehicleHandler(): [DEBUG] in=(257,0) alert=/alert/emergency/veh/200/seq=0/zor=[MASKED] decision=drop because duplicate alert
+102.728698039s 199 caf.Forwarder:OnIncomingAlert(): [DEBUG] in=257 alert=/alert/emergency/veh/200/seq=0/zor=[MASKED]
+102.728698039s 199 caf.Forwarder:AlertVehicleHandler(): [DEBUG] in=(257,0) alert=/alert/emergency/veh/200/seq=0/zor=[MASKED] decision=drop because duplicate alert
+102.728698092s 200 caf.Forwarder:OnIncomingAlert(): [DEBUG] in=257 alert=/alert/emergency/veh/200/seq=0/zor=[MASKED]
+102.728698092s 200 caf.Forwarder:AlertVehicleHandler(): [DEBUG] in=(257,0) alert=/alert/emergency/veh/200/seq=0/zor=[MASKED] decision=drop because duplicate alert
+102.730301313s 191 caf.Forwarder:OnOutgoingAlert(): [DEBUG] out=257 alert=/alert/emergency/veh/200/seq=0/zor=[MASKED]
+102.731175368s 184 caf.Forwarder:OnIncomingAlert(): [DEBUG] in=257 alert=/alert/emergency/veh/200/seq=0/zor=[MASKED]
+102.731175368s 184 caf.Forwarder:AlertVehicleHandler(): [DEBUG] in=(257,0) alert=/alert/emergency/veh/200/seq=0/zor=[MASKED] decision=drop because duplicate alert
+102.731175372s 105 caf.Forwarder:OnIncomingAlert(): [DEBUG] in=257 alert=/alert/emergency/veh/200/seq=0/zor=[MASKED]
+102.731175372s 105 caf.Forwarder:AlertVehicleHandler(): [DEBUG] in=(257,0) alert=/alert/emergency/veh/200/seq=0/zor=[MASKED] decision=drop because duplicate alert
+102.731175394s 36 caf.Forwarder:OnIncomingAlert(): [DEBUG] in=257 alert=/alert/emergency/veh/200/seq=0/zor=[MASKED]
+102.731175394s 36 caf.Forwarder:AlertVehicleHandler(): [DEBUG] in=(257,0) alert=/alert/emergency/veh/200/seq=0/zor=[MASKED] decision=drop because duplicate alert
+102.731175406s 192 caf.Forwarder:OnIncomingAlert(): [DEBUG] in=257 alert=/alert/emergency/veh/200/seq=0/zor=[MASKED]
+102.731175406s 192 caf.Forwarder:AlertVehicleHandler(): [DEBUG] in=(257,0) alert=/alert/emergency/veh/200/seq=0/zor=[MASKED] decision=drop because duplicate alert
+102.731175454s 112 caf.Forwarder:OnIncomingAlert(): [DEBUG] in=257 alert=/alert/emergency/veh/200/seq=0/zor=[MASKED]
+102.731175454s 112 caf.Forwarder:AlertVehicleHandler(): [DEBUG] in=(257,0) alert=/alert/emergency/veh/200/seq=0/zor=[MASKED] decision=forward to vehicles deferred until 0ms
+102.731175454s 112 caf.Forwarder:OnOutgoingAlert(): [DEBUG] out=257 alert=/alert/emergency/veh/200/seq=0/zor=[MASKED]
+102.731175454s 112 ndn.AlertConsumer:doReceive(): [INFO ] Received alert: /alert/emergency/veh/200/seq=0/zor=[MASKED]
+102.731175474s 199 caf.Forwarder:OnIncomingAlert(): [DEBUG] in=257 alert=/alert/emergency/veh/200/seq=0/zor=[MASKED]
+102.731175474s 199 caf.Forwarder:AlertVehicleHandler(): [DEBUG] in=(257,0) alert=/alert/emergency/veh/200/seq=0/zor=[MASKED] decision=drop because duplicate alert
+102.732049523s 177 caf.Forwarder:OnIncomingAlert(): [DEBUG] in=257 alert=/alert/emergency/veh/200/seq=0/zor=[MASKED]
+102.732049523s 177 caf.Forwarder:AlertVehicleHandler(): [DEBUG] in=(257,0) alert=/alert/emergency/veh/200/seq=0/zor=[MASKED] decision=forward to vehicles deferred until 0ms
+102.732049523s 177 caf.Forwarder:OnOutgoingAlert(): [DEBUG] out=257 alert=/alert/emergency/veh/200/seq=0/zor=[MASKED]
+102.732049523s 177 ndn.AlertConsumer:doReceive(): [INFO ] Received alert: /alert/emergency/veh/200/seq=0/zor=[MASKED]
+102.732049540s 184 caf.Forwarder:OnIncomingAlert(): [DEBUG] in=257 alert=/alert/emergency/veh/200/seq=0/zor=[MASKED]
+102.732049540s 184 caf.Forwarder:AlertVehicleHandler(): [DEBUG] in=(257,0) alert=/alert/emergency/veh/200/seq=0/zor=[MASKED] decision=drop because duplicate alert
+102.732049542s 105 caf.Forwarder:OnIncomingAlert(): [DEBUG] in=257 alert=/alert/emergency/veh/200/seq=0/zor=[MASKED]
+102.732049542s 105 caf.Forwarder:AlertVehicleHandler(): [DEBUG] in=(257,0) alert=/alert/emergency/veh/200/seq=0/zor=[MASKED] decision=drop because duplicate alert
+102.732049563s 176 caf.Forwarder:OnIncomingAlert(): [DEBUG] in=257 alert=/alert/emergency/veh/200/seq=0/zor=[MASKED]
+102.732049563s 176 caf.Forwarder:AlertVehicleHandler(): [DEBUG] in=(257,0) alert=/alert/emergency/veh/200/seq=0/zor=[MASKED] decision=forward to vehicles deferred until 0ms
+102.732049563s 176 caf.Forwarder:OnOutgoingAlert(): [DEBUG] out=257 alert=/alert/emergency/veh/200/seq=0/zor=[MASKED]
+102.732049563s 176 ndn.AlertConsumer:doReceive(): [INFO ] Received alert: /alert/emergency/veh/200/seq=0/zor=[MASKED]
+102.732049568s 170 caf.Forwarder:OnIncomingAlert(): [DEBUG] in=257 alert=/alert/emergency/veh/200/seq=0/zor=[MASKED]
+102.732049568s 170 caf.Forwarder:AlertVehicleHandler(): [DEBUG] in=(257,0) alert=/alert/emergency/veh/200/seq=0/zor=[MASKED] decision=forward to vehicles deferred until 0ms
+102.732049568s 170 caf.Forwarder:OnOutgoingAlert(): [DEBUG] out=257 alert=/alert/emergency/veh/200/seq=0/zor=[MASKED]
+102.732049568s 170 ndn.AlertConsumer:doReceive(): [INFO ] Received alert: /alert/emergency/veh/200/seq=0/zor=[MASKED]
+102.732049576s 125 caf.Forwarder:OnIncomingAlert(): [DEBUG] in=257 alert=/alert/emergency/veh/200/seq=0/zor=[MASKED]
+102.732049576s 125 caf.Forwarder:AlertVehicleHandler(): [DEBUG] in=(257,0) alert=/alert/emergency/veh/200/seq=0/zor=[MASKED] decision=forward to vehicles deferred until 0ms
+102.732049576s 125 caf.Forwarder:OnOutgoingAlert(): [DEBUG] out=257 alert=/alert/emergency/veh/200/seq=0/zor=[MASKED]
+102.732049576s 125 ndn.AlertConsumer:doReceive(): [INFO ] Received alert: /alert/emergency/veh/200/seq=0/zor=[MASKED]
+102.732049594s 162 caf.Forwarder:OnIncomingAlert(): [DEBUG] in=257 alert=/alert/emergency/veh/200/seq=0/zor=[MASKED]
+102.732049594s 162 caf.Forwarder:AlertVehicleHandler(): [DEBUG] in=(257,0) alert=/alert/emergency/veh/200/seq=0/zor=[MASKED] decision=forward to vehicles deferred until 0ms
+102.732049594s 162 caf.Forwarder:OnOutgoingAlert(): [DEBUG] out=257 alert=/alert/emergency/veh/200/seq=0/zor=[MASKED]
+102.732049594s 162 ndn.AlertConsumer:doReceive(): [INFO ] Received alert: /alert/emergency/veh/200/seq=0/zor=[MASKED]
+102.732049595s 191 caf.Forwarder:OnIncomingAlert(): [DEBUG] in=257 alert=/alert/emergency/veh/200/seq=0/zor=[MASKED]
+102.732049595s 191 caf.Forwarder:AlertVehicleHandler(): [DEBUG] in=(257,0) alert=/alert/emergency/veh/200/seq=0/zor=[MASKED] decision=drop because duplicate alert
+102.732049596s 148 caf.Forwarder:OnIncomingAlert(): [DEBUG] in=257 alert=/alert/emergency/veh/200/seq=0/zor=[MASKED]
+102.732049596s 148 caf.Forwarder:AlertVehicleHandler(): [DEBUG] in=(257,0) alert=/alert/emergency/veh/200/seq=0/zor=[MASKED] decision=forward to vehicles deferred until 0ms
+102.732049596s 148 caf.Forwarder:OnOutgoingAlert(): [DEBUG] out=257 alert=/alert/emergency/veh/200/seq=0/zor=[MASKED]
+102.732049596s 148 ndn.AlertConsumer:doReceive(): [INFO ] Received alert: /alert/emergency/veh/200/seq=0/zor=[MASKED]
+102.732049620s 149 caf.Forwarder:OnIncomingAlert(): [DEBUG] in=257 alert=/alert/emergency/veh/200/seq=0/zor=[MASKED]
+102.732049620s 149 caf.Forwarder:AlertVehicleHandler(): [DEBUG] in=(257,0) alert=/alert/emergency/veh/200/seq=0/zor=[MASKED] decision=forward to vehicles deferred until 0ms
+102.732049620s 149 caf.Forwarder:OnOutgoingAlert(): [DEBUG] out=257 alert=/alert/emergency/veh/200/seq=0/zor=[MASKED]
+102.732049620s 149 ndn.AlertConsumer:doReceive(): [INFO ] Received alert: /alert/emergency/veh/200/seq=0/zor=[MASKED]
+102.732049622s 163 caf.Forwarder:OnIncomingAlert(): [DEBUG] in=257 alert=/alert/emergency/veh/200/seq=0/zor=[MASKED]
+102.732049622s 163 caf.Forwarder:AlertVehicleHandler(): [DEBUG] in=(257,0) alert=/alert/emergency/veh/200/seq=0/zor=[MASKED] decision=forward to vehicles deferred until 0ms
+102.732049622s 163 caf.Forwarder:OnOutgoingAlert(): [DEBUG] out=257 alert=/alert/emergency/veh/200/seq=0/zor=[MASKED]
+102.732049622s 163 ndn.AlertConsumer:doReceive(): [INFO ] Received alert: /alert/emergency/veh/200/seq=0/zor=[MASKED]
+103.064331730s 202 ndn.RandomAlertProducer:AlertSupplier(): [LOGIC] Send alert=/alert/emergency/veh/202/seq=0/zor=[MASKED] vehCount=118 rsuCount=9
+103.064331730s 202 caf.Forwarder:OnIncomingAlert(): [DEBUG] in=260 alert=/alert/emergency/veh/202/seq=0/zor=[MASKED]
+103.064331730s 202 caf.Forwarder:AlertVehicleHandler(): [DEBUG] in=(260,0) alert=/alert/emergency/veh/202/seq=0/zor=[MASKED] decision=forward to vehicles
+103.064331730s 202 caf.Forwarder:OnOutgoingAlert(): [DEBUG] out=257 alert=/alert/emergency/veh/202/seq=0/zor=[MASKED]
+103.065205752s 205 caf.Forwarder:OnIncomingAlert(): [DEBUG] in=257 alert=/alert/emergency/veh/202/seq=0/zor=[MASKED]
+103.065205752s 205 caf.Forwarder:AlertVehicleHandler(): [DEBUG] in=(257,0) alert=/alert/emergency/veh/202/seq=0/zor=[MASKED] decision=drop since sender is closer
+103.065205763s 52 caf.Forwarder:OnIncomingAlert(): [DEBUG] in=257 alert=/alert/emergency/veh/202/seq=0/zor=[MASKED]
+103.065205763s 52 caf.Forwarder:AlertVehicleHandler(): [DEBUG] in=(257,0) alert=/alert/emergency/veh/202/seq=0/zor=[MASKED] decision=drop since sender is closer
+103.065205771s 43 caf.Forwarder:OnIncomingAlert(): [DEBUG] in=257 alert=/alert/emergency/veh/202/seq=0/zor=[MASKED]
+103.065205771s 43 caf.Forwarder:AlertVehicleHandler(): [DEBUG] in=(257,0) alert=/alert/emergency/veh/202/seq=0/zor=[MASKED] decision=drop since sender is closer
+103.065205782s 81 caf.Forwarder:OnIncomingAlert(): [DEBUG] in=257 alert=/alert/emergency/veh/202/seq=0/zor=[MASKED]
+103.065205782s 81 caf.Forwarder:AlertVehicleHandler(): [DEBUG] in=(257,0) alert=/alert/emergency/veh/202/seq=0/zor=[MASKED] decision=forward to vehicles deferred until 3.4908ms
+103.065205785s 93 caf.Forwarder:OnIncomingAlert(): [DEBUG] in=257 alert=/alert/emergency/veh/202/seq=0/zor=[MASKED]
+103.065205785s 93 caf.Forwarder:AlertVehicleHandler(): [DEBUG] in=(257,0) alert=/alert/emergency/veh/202/seq=0/zor=[MASKED] decision=forward to vehicles deferred until 3.39383ms
+103.065205796s 210 caf.Forwarder:OnIncomingAlert(): [DEBUG] in=257 alert=/alert/emergency/veh/202/seq=0/zor=[MASKED]
+103.065205796s 210 caf.Forwarder:AlertVehicleHandler(): [DEBUG] in=(257,0) alert=/alert/emergency/veh/202/seq=0/zor=[MASKED] decision=drop since sender is closer
+103.065205800s 194 caf.Forwarder:OnIncomingAlert(): [DEBUG] in=257 alert=/alert/emergency/veh/202/seq=0/zor=[MASKED]
+103.065205800s 194 caf.Forwarder:AlertVehicleHandler(): [DEBUG] in=(257,0) alert=/alert/emergency/veh/202/seq=0/zor=[MASKED] decision=forward to vehicles deferred until 2.92201ms
+103.065205823s 213 caf.Forwarder:OnIncomingAlert(): [DEBUG] in=257 alert=/alert/emergency/veh/202/seq=0/zor=[MASKED]
+103.065205823s 213 caf.Forwarder:AlertVehicleHandler(): [DEBUG] in=(257,0) alert=/alert/emergency/veh/202/seq=0/zor=[MASKED] decision=drop since sender is closer
+103.065205854s 197 caf.Forwarder:OnIncomingAlert(): [DEBUG] in=257 alert=/alert/emergency/veh/202/seq=0/zor=[MASKED]
+103.065205854s 197 caf.Forwarder:AlertVehicleHandler(): [DEBUG] in=(257,0) alert=/alert/emergency/veh/202/seq=0/zor=[MASKED] decision=forward to vehicles deferred until 1.29302ms
+103.065205897s 218 caf.Forwarder:OnIncomingAlert(): [DEBUG] in=257 alert=/alert/emergency/veh/202/seq=0/zor=[MASKED]
+103.065205897s 218 caf.Forwarder:AlertVehicleHandler(): [DEBUG] in=(257,0) alert=/alert/emergency/veh/202/seq=0/zor=[MASKED] decision=drop since sender is closer
+103.066498871s 197 caf.Forwarder:OnOutgoingAlert(): [DEBUG] out=257 alert=/alert/emergency/veh/202/seq=0/zor=[MASKED]
+103.067372925s 194 caf.Forwarder:OnIncomingAlert(): [DEBUG] in=257 alert=/alert/emergency/veh/202/seq=0/zor=[MASKED]
+103.067372925s 194 caf.Forwarder:AlertVehicleHandler(): [DEBUG] in= (257,0) alert=/alert/emergency/veh/202/seq=0/zor=[MASKED] timer cancelled because sender closer to ZoR
+103.067372944s 93 caf.Forwarder:OnIncomingAlert(): [DEBUG] in=257 alert=/alert/emergency/veh/202/seq=0/zor=[MASKED]
+103.067372944s 93 caf.Forwarder:AlertVehicleHandler(): [DEBUG] in= (257,0) alert=/alert/emergency/veh/202/seq=0/zor=[MASKED] timer cancelled because sender closer to ZoR
+103.067372954s 81 caf.Forwarder:OnIncomingAlert(): [DEBUG] in=257 alert=/alert/emergency/veh/202/seq=0/zor=[MASKED]
+103.067372954s 81 caf.Forwarder:AlertVehicleHandler(): [DEBUG] in= (257,0) alert=/alert/emergency/veh/202/seq=0/zor=[MASKED] timer cancelled because sender closer to ZoR
+103.067372995s 202 caf.Forwarder:OnIncomingAlert(): [DEBUG] in=257 alert=/alert/emergency/veh/202/seq=0/zor=[MASKED]
+103.067372995s 202 caf.Forwarder:AlertVehicleHandler(): [DEBUG] in=(257,0) alert=/alert/emergency/veh/202/seq=0/zor=[MASKED] decision=drop because duplicate alert
+103.067373014s 205 caf.Forwarder:OnIncomingAlert(): [DEBUG] in=257 alert=/alert/emergency/veh/202/seq=0/zor=[MASKED]
+103.067373014s 205 caf.Forwarder:AlertVehicleHandler(): [DEBUG] in=(257,0) alert=/alert/emergency/veh/202/seq=0/zor=[MASKED] decision=drop because duplicate alert
+103.067373021s 44 caf.Forwarder:OnIncomingAlert(): [DEBUG] in=257 alert=/alert/emergency/veh/202/seq=0/zor=[MASKED]
+103.067373021s 44 caf.Forwarder:AlertVehicleHandler(): [DEBUG] in=(257,0) alert=/alert/emergency/veh/202/seq=0/zor=[MASKED] decision=forward to vehicles deferred until 0ms
+103.067373021s 44 caf.Forwarder:OnOutgoingAlert(): [DEBUG] out=257 alert=/alert/emergency/veh/202/seq=0/zor=[MASKED]
+103.067373021s 44 ndn.AlertConsumer:doReceive(): [INFO ] Received alert: /alert/emergency/veh/202/seq=0/zor=[MASKED]
+103.067373028s 52 caf.Forwarder:OnIncomingAlert(): [DEBUG] in=257 alert=/alert/emergency/veh/202/seq=0/zor=[MASKED]
+103.067373028s 52 caf.Forwarder:AlertVehicleHandler(): [DEBUG] in=(257,0) alert=/alert/emergency/veh/202/seq=0/zor=[MASKED] decision=drop because duplicate alert
+103.067373030s 189 caf.Forwarder:OnIncomingAlert(): [DEBUG] in=257 alert=/alert/emergency/veh/202/seq=0/zor=[MASKED]
+103.067373030s 189 caf.Forwarder:AlertVehicleHandler(): [DEBUG] in=(257,0) alert=/alert/emergency/veh/202/seq=0/zor=[MASKED] decision=forward to vehicles deferred until 0ms
+103.067373030s 189 caf.Forwarder:OnOutgoingAlert(): [DEBUG] out=257 alert=/alert/emergency/veh/202/seq=0/zor=[MASKED]
+103.067373030s 189 ndn.AlertConsumer:doReceive(): [INFO ] Received alert: /alert/emergency/veh/202/seq=0/zor=[MASKED]
+103.067373033s 43 caf.Forwarder:OnIncomingAlert(): [DEBUG] in=257 alert=/alert/emergency/veh/202/seq=0/zor=[MASKED]
+103.067373033s 43 caf.Forwarder:AlertVehicleHandler(): [DEBUG] in=(257,0) alert=/alert/emergency/veh/202/seq=0/zor=[MASKED] decision=drop because duplicate alert
+103.867137183s 201 ndn.RandomAlertProducer:SendAlert(): [LOGIC] Don't send alert; condition failed
+104.188555813s 205 ndn.RandomAlertProducer:AlertSupplier(): [LOGIC] Send alert=/alert/emergency/veh/205/seq=0/zor=[MASKED] vehCount=120 rsuCount=9
+104.188555813s 205 caf.Forwarder:OnIncomingAlert(): [DEBUG] in=260 alert=/alert/emergency/veh/205/seq=0/zor=[MASKED]
+104.188555813s 205 caf.Forwarder:AlertVehicleHandler(): [DEBUG] in=(260,0) alert=/alert/emergency/veh/205/seq=0/zor=[MASKED] decision=forward to vehicles
+104.188555813s 205 caf.Forwarder:OnOutgoingAlert(): [DEBUG] out=257 alert=/alert/emergency/veh/205/seq=0/zor=[MASKED]
+104.189429832s 202 caf.Forwarder:OnIncomingAlert(): [DEBUG] in=257 alert=/alert/emergency/veh/205/seq=0/zor=[MASKED]
+104.189429832s 202 caf.Forwarder:AlertVehicleHandler(): [DEBUG] in=(257,0) alert=/alert/emergency/veh/205/seq=0/zor=[MASKED] decision=forward to vehicles deferred until 4.48648ms
+104.189429845s 93 caf.Forwarder:OnIncomingAlert(): [DEBUG] in=257 alert=/alert/emergency/veh/205/seq=0/zor=[MASKED]
+104.189429845s 93 caf.Forwarder:AlertVehicleHandler(): [DEBUG] in=(257,0) alert=/alert/emergency/veh/205/seq=0/zor=[MASKED] decision=drop since sender is closer
+104.189429855s 81 caf.Forwarder:OnIncomingAlert(): [DEBUG] in=257 alert=/alert/emergency/veh/205/seq=0/zor=[MASKED]
+104.189429855s 81 caf.Forwarder:AlertVehicleHandler(): [DEBUG] in=(257,0) alert=/alert/emergency/veh/205/seq=0/zor=[MASKED] decision=drop since sender is closer
+104.189429868s 210 caf.Forwarder:OnIncomingAlert(): [DEBUG] in=257 alert=/alert/emergency/veh/205/seq=0/zor=[MASKED]
+104.189429868s 210 caf.Forwarder:AlertVehicleHandler(): [DEBUG] in=(257,0) alert=/alert/emergency/veh/205/seq=0/zor=[MASKED] decision=drop since sender is closer
+104.189429890s 213 caf.Forwarder:OnIncomingAlert(): [DEBUG] in=257 alert=/alert/emergency/veh/205/seq=0/zor=[MASKED]
+104.189429890s 213 caf.Forwarder:AlertVehicleHandler(): [DEBUG] in=(257,0) alert=/alert/emergency/veh/205/seq=0/zor=[MASKED] decision=drop since sender is closer
+104.189429898s 194 caf.Forwarder:OnIncomingAlert(): [DEBUG] in=257 alert=/alert/emergency/veh/205/seq=0/zor=[MASKED]
+104.189429898s 194 caf.Forwarder:AlertVehicleHandler(): [DEBUG] in=(257,0) alert=/alert/emergency/veh/205/seq=0/zor=[MASKED] decision=forward to vehicles deferred until 2.48597ms
+104.189429919s 52 caf.Forwarder:OnIncomingAlert(): [DEBUG] in=257 alert=/alert/emergency/veh/205/seq=0/zor=[MASKED]
+104.189429919s 52 caf.Forwarder:AlertVehicleHandler(): [DEBUG] in=(257,0) alert=/alert/emergency/veh/205/seq=0/zor=[MASKED] decision=drop since sender is closer
+104.189429921s 43 caf.Forwarder:OnIncomingAlert(): [DEBUG] in=257 alert=/alert/emergency/veh/205/seq=0/zor=[MASKED]
+104.189429921s 43 caf.Forwarder:AlertVehicleHandler(): [DEBUG] in=(257,0) alert=/alert/emergency/veh/205/seq=0/zor=[MASKED] decision=drop since sender is closer
+104.189429956s 218 caf.Forwarder:OnIncomingAlert(): [DEBUG] in=257 alert=/alert/emergency/veh/205/seq=0/zor=[MASKED]
+104.189429956s 218 caf.Forwarder:AlertVehicleHandler(): [DEBUG] in=(257,0) alert=/alert/emergency/veh/205/seq=0/zor=[MASKED] decision=drop since sender is closer
+104.189429957s 197 caf.Forwarder:OnIncomingAlert(): [DEBUG] in=257 alert=/alert/emergency/veh/205/seq=0/zor=[MASKED]
+104.189429957s 197 caf.Forwarder:AlertVehicleHandler(): [DEBUG] in=(257,0) alert=/alert/emergency/veh/205/seq=0/zor=[MASKED] decision=forward to vehicles deferred until 0.68631ms
+104.190116266s 197 caf.Forwarder:OnOutgoingAlert(): [DEBUG] out=257 alert=/alert/emergency/veh/205/seq=0/zor=[MASKED]
+104.190990325s 194 caf.Forwarder:OnIncomingAlert(): [DEBUG] in=257 alert=/alert/emergency/veh/205/seq=0/zor=[MASKED]
+104.190990325s 194 caf.Forwarder:AlertVehicleHandler(): [DEBUG] in= (257,0) alert=/alert/emergency/veh/205/seq=0/zor=[MASKED] timer cancelled because sender closer to ZoR
+104.190990331s 44 caf.Forwarder:OnIncomingAlert(): [DEBUG] in=257 alert=/alert/emergency/veh/205/seq=0/zor=[MASKED]
+104.190990331s 44 caf.Forwarder:AlertVehicleHandler(): [DEBUG] in=(257,0) alert=/alert/emergency/veh/205/seq=0/zor=[MASKED] decision=forward to vehicles deferred until 0ms
+104.190990331s 44 caf.Forwarder:OnOutgoingAlert(): [DEBUG] out=257 alert=/alert/emergency/veh/205/seq=0/zor=[MASKED]
+104.190990331s 44 ndn.AlertConsumer:doReceive(): [INFO ] Received alert: /alert/emergency/veh/205/seq=0/zor=[MASKED]
+104.190990377s 96 caf.Forwarder:OnIncomingAlert(): [DEBUG] in=257 alert=/alert/emergency/veh/205/seq=0/zor=[MASKED]
+104.190990377s 96 caf.Forwarder:AlertVehicleHandler(): [DEBUG] in=(257,0) alert=/alert/emergency/veh/205/seq=0/zor=[MASKED] decision=forward to vehicles deferred until 0ms
+104.190990377s 96 caf.Forwarder:OnOutgoingAlert(): [DEBUG] out=257 alert=/alert/emergency/veh/205/seq=0/zor=[MASKED]
+104.190990377s 96 ndn.AlertConsumer:doReceive(): [INFO ] Received alert: /alert/emergency/veh/205/seq=0/zor=[MASKED]
+104.190990395s 202 caf.Forwarder:OnIncomingAlert(): [DEBUG] in=257 alert=/alert/emergency/veh/205/seq=0/zor=[MASKED]
+104.190990395s 202 caf.Forwarder:AlertVehicleHandler(): [DEBUG] in= (257,0) alert=/alert/emergency/veh/205/seq=0/zor=[MASKED] timer cancelled because sender closer to ZoR
+104.190990410s 205 caf.Forwarder:OnIncomingAlert(): [DEBUG] in=257 alert=/alert/emergency/veh/205/seq=0/zor=[MASKED]
+104.190990410s 205 caf.Forwarder:AlertVehicleHandler(): [DEBUG] in=(257,0) alert=/alert/emergency/veh/205/seq=0/zor=[MASKED] decision=drop because duplicate alert
+104.190990432s 189 caf.Forwarder:OnIncomingAlert(): [DEBUG] in=257 alert=/alert/emergency/veh/205/seq=0/zor=[MASKED]
+104.190990432s 189 caf.Forwarder:AlertVehicleHandler(): [DEBUG] in=(257,0) alert=/alert/emergency/veh/205/seq=0/zor=[MASKED] decision=forward to vehicles deferred until 0ms
+104.190990432s 189 caf.Forwarder:OnOutgoingAlert(): [DEBUG] out=257 alert=/alert/emergency/veh/205/seq=0/zor=[MASKED]
+104.190990432s 189 ndn.AlertConsumer:doReceive(): [INFO ] Received alert: /alert/emergency/veh/205/seq=0/zor=[MASKED]
+104.190990435s 93 caf.Forwarder:OnIncomingAlert(): [DEBUG] in=257 alert=/alert/emergency/veh/205/seq=0/zor=[MASKED]
+104.190990435s 93 caf.Forwarder:AlertVehicleHandler(): [DEBUG] in=(257,0) alert=/alert/emergency/veh/205/seq=0/zor=[MASKED] decision=drop because duplicate alert
+104.191864395s 197 caf.Forwarder:OnIncomingAlert(): [DEBUG] in=257 alert=/alert/emergency/veh/205/seq=0/zor=[MASKED]
+104.191864395s 197 caf.Forwarder:AlertVehicleHandler(): [DEBUG] in=(257,0) alert=/alert/emergency/veh/205/seq=0/zor=[MASKED] decision=drop because duplicate alert
+104.191864466s 65 caf.Forwarder:OnIncomingAlert(): [DEBUG] in=257 alert=/alert/emergency/veh/205/seq=0/zor=[MASKED]
+104.191864466s 65 caf.Forwarder:AlertVehicleHandler(): [DEBUG] in=(257,0) alert=/alert/emergency/veh/205/seq=0/zor=[MASKED] decision=forward to vehicles deferred until 0ms
+104.191864466s 65 caf.Forwarder:OnOutgoingAlert(): [DEBUG] out=257 alert=/alert/emergency/veh/205/seq=0/zor=[MASKED]
+104.191864466s 65 ndn.AlertConsumer:doReceive(): [INFO ] Received alert: /alert/emergency/veh/205/seq=0/zor=[MASKED]
+104.191864520s 182 caf.Forwarder:OnIncomingAlert(): [DEBUG] in=257 alert=/alert/emergency/veh/205/seq=0/zor=[MASKED]
+104.191864520s 182 caf.Forwarder:AlertVehicleHandler(): [DEBUG] in=(257,0) alert=/alert/emergency/veh/205/seq=0/zor=[MASKED] decision=forward to vehicles deferred until 0ms
+104.191864520s 182 caf.Forwarder:OnOutgoingAlert(): [DEBUG] out=257 alert=/alert/emergency/veh/205/seq=0/zor=[MASKED]
+104.191864520s 182 ndn.AlertConsumer:doReceive(): [INFO ] Received alert: /alert/emergency/veh/205/seq=0/zor=[MASKED]
+104.191864524s 186 caf.Forwarder:OnIncomingAlert(): [DEBUG] in=257 alert=/alert/emergency/veh/205/seq=0/zor=[MASKED]
+104.191864524s 186 caf.Forwarder:AlertVehicleHandler(): [DEBUG] in=(257,0) alert=/alert/emergency/veh/205/seq=0/zor=[MASKED] decision=forward to vehicles deferred until 0ms
+104.191864524s 186 caf.Forwarder:OnOutgoingAlert(): [DEBUG] out=257 alert=/alert/emergency/veh/205/seq=0/zor=[MASKED]
+104.191864524s 186 ndn.AlertConsumer:doReceive(): [INFO ] Received alert: /alert/emergency/veh/205/seq=0/zor=[MASKED]
+104.192738500s 189 caf.Forwarder:OnIncomingAlert(): [DEBUG] in=257 alert=/alert/emergency/veh/205/seq=0/zor=[MASKED]
+104.192738500s 189 caf.Forwarder:AlertVehicleHandler(): [DEBUG] in=(257,0) alert=/alert/emergency/veh/205/seq=0/zor=[MASKED] decision=drop because duplicate alert
+104.192738537s 96 caf.Forwarder:OnIncomingAlert(): [DEBUG] in=257 alert=/alert/emergency/veh/205/seq=0/zor=[MASKED]
+104.192738537s 96 caf.Forwarder:AlertVehicleHandler(): [DEBUG] in=(257,0) alert=/alert/emergency/veh/205/seq=0/zor=[MASKED] decision=drop because duplicate alert
+104.669062387s 203 ndn.RandomAlertProducer:AlertSupplier(): [LOGIC] Send alert=/alert/emergency/veh/203/seq=0/zor=[MASKED] vehCount=120 rsuCount=9
+104.669062387s 203 caf.Forwarder:OnIncomingAlert(): [DEBUG] in=260 alert=/alert/emergency/veh/203/seq=0/zor=[MASKED]
+104.669062387s 203 caf.Forwarder:AlertVehicleHandler(): [DEBUG] in=(260,0) alert=/alert/emergency/veh/203/seq=0/zor=[MASKED] decision=forward to vehicles
+104.669062387s 203 caf.Forwarder:OnOutgoingAlert(): [DEBUG] out=257 alert=/alert/emergency/veh/203/seq=0/zor=[MASKED]
+104.669936423s 196 caf.Forwarder:OnIncomingAlert(): [DEBUG] in=257 alert=/alert/emergency/veh/203/seq=0/zor=[MASKED]
+104.669936423s 196 caf.Forwarder:AlertVehicleHandler(): [DEBUG] in=(257,0) alert=/alert/emergency/veh/203/seq=0/zor=[MASKED] decision=forward to vehicles deferred until 3.97251ms
+104.669936452s 211 caf.Forwarder:OnIncomingAlert(): [DEBUG] in=257 alert=/alert/emergency/veh/203/seq=0/zor=[MASKED]
+104.669936452s 211 caf.Forwarder:AlertVehicleHandler(): [DEBUG] in=(257,0) alert=/alert/emergency/veh/203/seq=0/zor=[MASKED] decision=drop since sender is closer
+104.669936460s 187 caf.Forwarder:OnIncomingAlert(): [DEBUG] in=257 alert=/alert/emergency/veh/203/seq=0/zor=[MASKED]
+104.669936460s 187 caf.Forwarder:AlertVehicleHandler(): [DEBUG] in=(257,0) alert=/alert/emergency/veh/203/seq=0/zor=[MASKED] decision=forward to vehicles deferred until 2.84578ms
+104.669936469s 204 caf.Forwarder:OnIncomingAlert(): [DEBUG] in=257 alert=/alert/emergency/veh/203/seq=0/zor=[MASKED]
+104.669936469s 204 caf.Forwarder:AlertVehicleHandler(): [DEBUG] in=(257,0) alert=/alert/emergency/veh/203/seq=0/zor=[MASKED] decision=drop since sender is closer
+104.669936473s 70 caf.Forwarder:OnIncomingAlert(): [DEBUG] in=257 alert=/alert/emergency/veh/203/seq=0/zor=[MASKED]
+104.669936473s 70 caf.Forwarder:AlertVehicleHandler(): [DEBUG] in=(257,0) alert=/alert/emergency/veh/203/seq=0/zor=[MASKED] decision=forward to vehicles deferred until 2.43593ms
+104.669936479s 195 caf.Forwarder:OnIncomingAlert(): [DEBUG] in=257 alert=/alert/emergency/veh/203/seq=0/zor=[MASKED]
+104.669936479s 195 caf.Forwarder:AlertVehicleHandler(): [DEBUG] in=(257,0) alert=/alert/emergency/veh/203/seq=0/zor=[MASKED] decision=forward to vehicles deferred until 2.26168ms
+104.669936538s 212 caf.Forwarder:OnIncomingAlert(): [DEBUG] in=257 alert=/alert/emergency/veh/203/seq=0/zor=[MASKED]
+104.669936538s 212 caf.Forwarder:AlertVehicleHandler(): [DEBUG] in=(257,0) alert=/alert/emergency/veh/203/seq=0/zor=[MASKED] decision=drop since sender is closer
+104.669936540s 181 caf.Forwarder:OnIncomingAlert(): [DEBUG] in=257 alert=/alert/emergency/veh/203/seq=0/zor=[MASKED]
+104.669936540s 181 caf.Forwarder:AlertVehicleHandler(): [DEBUG] in=(257,0) alert=/alert/emergency/veh/203/seq=0/zor=[MASKED] decision=forward to vehicles deferred until 0ms
+104.669936540s 181 caf.Forwarder:OnOutgoingAlert(): [DEBUG] out=257 alert=/alert/emergency/veh/203/seq=0/zor=[MASKED]
+104.669936540s 181 ndn.AlertConsumer:doReceive(): [INFO ] Received alert: /alert/emergency/veh/203/seq=0/zor=[MASKED]
+104.669936552s 62 caf.Forwarder:OnIncomingAlert(): [DEBUG] in=257 alert=/alert/emergency/veh/203/seq=0/zor=[MASKED]
+104.669936552s 62 caf.Forwarder:AlertVehicleHandler(): [DEBUG] in=(257,0) alert=/alert/emergency/veh/203/seq=0/zor=[MASKED] decision=forward to vehicles deferred until 0ms
+104.669936552s 62 caf.Forwarder:OnOutgoingAlert(): [DEBUG] out=257 alert=/alert/emergency/veh/203/seq=0/zor=[MASKED]
+104.669936552s 62 ndn.AlertConsumer:doReceive(): [INFO ] Received alert: /alert/emergency/veh/203/seq=0/zor=[MASKED]
+104.669936554s 55 caf.Forwarder:OnIncomingAlert(): [DEBUG] in=257 alert=/alert/emergency/veh/203/seq=0/zor=[MASKED]
+104.669936554s 55 caf.Forwarder:AlertVehicleHandler(): [DEBUG] in=(257,0) alert=/alert/emergency/veh/203/seq=0/zor=[MASKED] decision=drop since sender is closer
+104.670810576s 75 caf.Forwarder:OnIncomingAlert(): [DEBUG] in=257 alert=/alert/emergency/veh/203/seq=0/zor=[MASKED]
+104.670810576s 75 caf.Forwarder:AlertVehicleHandler(): [DEBUG] in=(257,0) alert=/alert/emergency/veh/203/seq=0/zor=[MASKED] decision=forward to vehicles deferred until 0ms
+104.670810576s 75 caf.Forwarder:OnOutgoingAlert(): [DEBUG] out=257 alert=/alert/emergency/veh/203/seq=0/zor=[MASKED]
+104.670810576s 75 ndn.AlertConsumer:doReceive(): [INFO ] Received alert: /alert/emergency/veh/203/seq=0/zor=[MASKED]
+104.671684600s 62 caf.Forwarder:OnIncomingAlert(): [DEBUG] in=257 alert=/alert/emergency/veh/203/seq=0/zor=[MASKED]
+104.671684600s 62 caf.Forwarder:AlertVehicleHandler(): [DEBUG] in=(257,0) alert=/alert/emergency/veh/203/seq=0/zor=[MASKED] decision=drop because duplicate alert
+104.671684610s 174 caf.Forwarder:OnIncomingAlert(): [DEBUG] in=257 alert=/alert/emergency/veh/203/seq=0/zor=[MASKED]
+104.671684610s 174 caf.Forwarder:AlertVehicleHandler(): [DEBUG] in=(257,0) alert=/alert/emergency/veh/203/seq=0/zor=[MASKED] decision=forward to vehicles deferred until 0ms
+104.671684610s 174 caf.Forwarder:OnOutgoingAlert(): [DEBUG] out=257 alert=/alert/emergency/veh/203/seq=0/zor=[MASKED]
+104.671684610s 174 ndn.AlertConsumer:doReceive(): [INFO ] Received alert: /alert/emergency/veh/203/seq=0/zor=[MASKED]
+104.671684614s 181 caf.Forwarder:OnIncomingAlert(): [DEBUG] in=257 alert=/alert/emergency/veh/203/seq=0/zor=[MASKED]
+104.671684614s 181 caf.Forwarder:AlertVehicleHandler(): [DEBUG] in=(257,0) alert=/alert/emergency/veh/203/seq=0/zor=[MASKED] decision=drop because duplicate alert
+104.671684643s 188 caf.Forwarder:OnIncomingAlert(): [DEBUG] in=257 alert=/alert/emergency/veh/203/seq=0/zor=[MASKED]
+104.671684643s 188 caf.Forwarder:AlertVehicleHandler(): [DEBUG] in=(257,0) alert=/alert/emergency/veh/203/seq=0/zor=[MASKED] decision=forward to vehicles deferred until 0ms
+104.671684643s 188 caf.Forwarder:OnOutgoingAlert(): [DEBUG] out=257 alert=/alert/emergency/veh/203/seq=0/zor=[MASKED]
+104.671684643s 188 ndn.AlertConsumer:doReceive(): [INFO ] Received alert: /alert/emergency/veh/203/seq=0/zor=[MASKED]
+104.671684675s 195 caf.Forwarder:OnIncomingAlert(): [DEBUG] in=257 alert=/alert/emergency/veh/203/seq=0/zor=[MASKED]
+104.671684675s 195 caf.Forwarder:AlertVehicleHandler(): [DEBUG] in= (257,0) alert=/alert/emergency/veh/203/seq=0/zor=[MASKED] timer cancelled because sender closer to ZoR
+104.671684678s 70 caf.Forwarder:OnIncomingAlert(): [DEBUG] in=257 alert=/alert/emergency/veh/203/seq=0/zor=[MASKED]
+104.671684678s 70 caf.Forwarder:AlertVehicleHandler(): [DEBUG] in= (257,0) alert=/alert/emergency/veh/203/seq=0/zor=[MASKED] timer cancelled because sender closer to ZoR
+104.671684690s 187 caf.Forwarder:OnIncomingAlert(): [DEBUG] in=257 alert=/alert/emergency/veh/203/seq=0/zor=[MASKED]
+104.671684690s 187 caf.Forwarder:AlertVehicleHandler(): [DEBUG] in= (257,0) alert=/alert/emergency/veh/203/seq=0/zor=[MASKED] timer cancelled because sender closer to ZoR
+104.671684702s 61 caf.Forwarder:OnIncomingAlert(): [DEBUG] in=257 alert=/alert/emergency/veh/203/seq=0/zor=[MASKED]
+104.671684702s 61 caf.Forwarder:AlertVehicleHandler(): [DEBUG] in=(257,0) alert=/alert/emergency/veh/203/seq=0/zor=[MASKED] decision=forward to vehicles deferred until 0ms
+104.671684702s 61 caf.Forwarder:OnOutgoingAlert(): [DEBUG] out=257 alert=/alert/emergency/veh/203/seq=0/zor=[MASKED]
+104.671684702s 61 ndn.AlertConsumer:doReceive(): [INFO ] Received alert: /alert/emergency/veh/203/seq=0/zor=[MASKED]
+104.671684707s 180 caf.Forwarder:OnIncomingAlert(): [DEBUG] in=257 alert=/alert/emergency/veh/203/seq=0/zor=[MASKED]
+104.671684707s 180 caf.Forwarder:AlertVehicleHandler(): [DEBUG] in=(257,0) alert=/alert/emergency/veh/203/seq=0/zor=[MASKED] decision=forward to vehicles deferred until 0ms
+104.671684707s 180 caf.Forwarder:OnOutgoingAlert(): [DEBUG] out=257 alert=/alert/emergency/veh/203/seq=0/zor=[MASKED]
+104.671684707s 180 ndn.AlertConsumer:doReceive(): [INFO ] Received alert: /alert/emergency/veh/203/seq=0/zor=[MASKED]
+104.671684730s 196 caf.Forwarder:OnIncomingAlert(): [DEBUG] in=257 alert=/alert/emergency/veh/203/seq=0/zor=[MASKED]
+104.671684730s 196 caf.Forwarder:AlertVehicleHandler(): [DEBUG] in= (257,0) alert=/alert/emergency/veh/203/seq=0/zor=[MASKED] timer cancelled because sender closer to ZoR
+104.672558632s 181 caf.Forwarder:OnIncomingAlert(): [DEBUG] in=257 alert=/alert/emergency/veh/203/seq=0/zor=[MASKED]
+104.672558632s 181 caf.Forwarder:AlertVehicleHandler(): [DEBUG] in=(257,0) alert=/alert/emergency/veh/203/seq=0/zor=[MASKED] decision=drop because duplicate alert
+104.672558633s 62 caf.Forwarder:OnIncomingAlert(): [DEBUG] in=257 alert=/alert/emergency/veh/203/seq=0/zor=[MASKED]
+104.672558633s 62 caf.Forwarder:AlertVehicleHandler(): [DEBUG] in=(257,0) alert=/alert/emergency/veh/203/seq=0/zor=[MASKED] decision=drop because duplicate alert
+104.672558644s 75 caf.Forwarder:OnIncomingAlert(): [DEBUG] in=257 alert=/alert/emergency/veh/203/seq=0/zor=[MASKED]
+104.672558644s 75 caf.Forwarder:AlertVehicleHandler(): [DEBUG] in=(257,0) alert=/alert/emergency/veh/203/seq=0/zor=[MASKED] decision=drop because duplicate alert
+104.672558691s 195 caf.Forwarder:OnIncomingAlert(): [DEBUG] in=257 alert=/alert/emergency/veh/203/seq=0/zor=[MASKED]
+104.672558691s 195 caf.Forwarder:AlertVehicleHandler(): [DEBUG] in=(257,0) alert=/alert/emergency/veh/203/seq=0/zor=[MASKED] decision=drop because duplicate alert
+104.672558705s 70 caf.Forwarder:OnIncomingAlert(): [DEBUG] in=257 alert=/alert/emergency/veh/203/seq=0/zor=[MASKED]
+104.672558705s 70 caf.Forwarder:AlertVehicleHandler(): [DEBUG] in=(257,0) alert=/alert/emergency/veh/203/seq=0/zor=[MASKED] decision=drop because duplicate alert
+104.672558711s 187 caf.Forwarder:OnIncomingAlert(): [DEBUG] in=257 alert=/alert/emergency/veh/203/seq=0/zor=[MASKED]
+104.672558711s 187 caf.Forwarder:AlertVehicleHandler(): [DEBUG] in=(257,0) alert=/alert/emergency/veh/203/seq=0/zor=[MASKED] decision=drop because duplicate alert
+104.710561873s 204 ndn.RandomAlertProducer:AlertSupplier(): [LOGIC] Send alert=/alert/emergency/veh/204/seq=0/zor=[MASKED] vehCount=120 rsuCount=9
+104.710561873s 204 caf.Forwarder:OnIncomingAlert(): [DEBUG] in=260 alert=/alert/emergency/veh/204/seq=0/zor=[MASKED]
+104.710561873s 204 caf.Forwarder:AlertVehicleHandler(): [DEBUG] in=(260,0) alert=/alert/emergency/veh/204/seq=0/zor=[MASKED] decision=forward to vehicles
+104.710561873s 204 caf.Forwarder:OnOutgoingAlert(): [DEBUG] out=257 alert=/alert/emergency/veh/204/seq=0/zor=[MASKED]
+104.711435892s 211 caf.Forwarder:OnIncomingAlert(): [DEBUG] in=257 alert=/alert/emergency/veh/204/seq=0/zor=[MASKED]
+104.711435892s 211 caf.Forwarder:AlertVehicleHandler(): [DEBUG] in=(257,0) alert=/alert/emergency/veh/204/seq=0/zor=[MASKED] decision=forward to vehicles deferred until 4.47493ms
+104.711435943s 212 caf.Forwarder:OnIncomingAlert(): [DEBUG] in=257 alert=/alert/emergency/veh/204/seq=0/zor=[MASKED]
+104.711435943s 212 caf.Forwarder:AlertVehicleHandler(): [DEBUG] in=(257,0) alert=/alert/emergency/veh/204/seq=0/zor=[MASKED] decision=drop since sender is closer
+104.711435955s 203 caf.Forwarder:OnIncomingAlert(): [DEBUG] in=257 alert=/alert/emergency/veh/204/seq=0/zor=[MASKED]
+104.711435955s 203 caf.Forwarder:AlertVehicleHandler(): [DEBUG] in=(257,0) alert=/alert/emergency/veh/204/seq=0/zor=[MASKED] decision=forward to vehicles deferred until 2.56484ms
+104.711435967s 55 caf.Forwarder:OnIncomingAlert(): [DEBUG] in=257 alert=/alert/emergency/veh/204/seq=0/zor=[MASKED]
+104.711435967s 55 caf.Forwarder:AlertVehicleHandler(): [DEBUG] in=(257,0) alert=/alert/emergency/veh/204/seq=0/zor=[MASKED] decision=drop since sender is closer
+104.711435983s 220 caf.Forwarder:OnIncomingAlert(): [DEBUG] in=257 alert=/alert/emergency/veh/204/seq=0/zor=[MASKED]
+104.711435983s 220 caf.Forwarder:AlertVehicleHandler(): [DEBUG] in=(257,0) alert=/alert/emergency/veh/204/seq=0/zor=[MASKED] decision=drop since sender is closer
+104.711435988s 196 caf.Forwarder:OnIncomingAlert(): [DEBUG] in=257 alert=/alert/emergency/veh/204/seq=0/zor=[MASKED]
+104.711435988s 196 caf.Forwarder:AlertVehicleHandler(): [DEBUG] in=(257,0) alert=/alert/emergency/veh/204/seq=0/zor=[MASKED] decision=forward to vehicles deferred until 1.57914ms
+104.711436008s 219 caf.Forwarder:OnIncomingAlert(): [DEBUG] in=257 alert=/alert/emergency/veh/204/seq=0/zor=[MASKED]
+104.711436008s 219 caf.Forwarder:AlertVehicleHandler(): [DEBUG] in=(257,0) alert=/alert/emergency/veh/204/seq=0/zor=[MASKED] decision=drop since sender is closer
+104.711436028s 187 caf.Forwarder:OnIncomingAlert(): [DEBUG] in=257 alert=/alert/emergency/veh/204/seq=0/zor=[MASKED]
+104.711436028s 187 caf.Forwarder:AlertVehicleHandler(): [DEBUG] in=(257,0) alert=/alert/emergency/veh/204/seq=0/zor=[MASKED] decision=forward to vehicles deferred until 0.356389ms
+104.711436036s 63 caf.Forwarder:OnIncomingAlert(): [DEBUG] in=257 alert=/alert/emergency/veh/204/seq=0/zor=[MASKED]
+104.711436036s 63 caf.Forwarder:AlertVehicleHandler(): [DEBUG] in=(257,0) alert=/alert/emergency/veh/204/seq=0/zor=[MASKED] decision=drop since sender is closer
+104.711436038s 70 caf.Forwarder:OnIncomingAlert(): [DEBUG] in=257 alert=/alert/emergency/veh/204/seq=0/zor=[MASKED]
+104.711436038s 70 caf.Forwarder:AlertVehicleHandler(): [DEBUG] in=(257,0) alert=/alert/emergency/veh/204/seq=0/zor=[MASKED] decision=forward to vehicles deferred until 0.042127ms
+104.711478164s 70 caf.Forwarder:OnOutgoingAlert(): [DEBUG] out=257 alert=/alert/emergency/veh/204/seq=0/zor=[MASKED]
+104.711792416s 187 caf.Forwarder:OnOutgoingAlert(): [DEBUG] out=257 alert=/alert/emergency/veh/204/seq=0/zor=[MASKED]
+104.712352187s 187 caf.Forwarder:OnIncomingAlert(): [DEBUG] in=257 alert=/alert/emergency/veh/204/seq=0/zor=[MASKED]
+104.712352187s 187 caf.Forwarder:AlertVehicleHandler(): [DEBUG] in=(257,0) alert=/alert/emergency/veh/204/seq=0/zor=[MASKED] decision=drop because duplicate alert
+104.712352198s 195 caf.Forwarder:OnIncomingAlert(): [DEBUG] in=257 alert=/alert/emergency/veh/204/seq=0/zor=[MASKED]
+104.712352198s 195 caf.Forwarder:AlertVehicleHandler(): [DEBUG] in=(257,0) alert=/alert/emergency/veh/204/seq=0/zor=[MASKED] decision=forward to vehicles deferred until 4.03596ms
+104.712352221s 196 caf.Forwarder:OnIncomingAlert(): [DEBUG] in=257 alert=/alert/emergency/veh/204/seq=0/zor=[MASKED]
+104.712352221s 196 caf.Forwarder:AlertVehicleHandler(): [DEBUG] in= (257,0) alert=/alert/emergency/veh/204/seq=0/zor=[MASKED] timer cancelled because sender closer to ZoR
+104.712352240s 181 caf.Forwarder:OnIncomingAlert(): [DEBUG] in=257 alert=/alert/emergency/veh/204/seq=0/zor=[MASKED]
+104.712352240s 181 caf.Forwarder:AlertVehicleHandler(): [DEBUG] in=(257,0) alert=/alert/emergency/veh/204/seq=0/zor=[MASKED] decision=forward to vehicles deferred until 0ms
+104.712352240s 181 caf.Forwarder:OnOutgoingAlert(): [DEBUG] out=257 alert=/alert/emergency/veh/204/seq=0/zor=[MASKED]
+104.712352240s 181 ndn.AlertConsumer:doReceive(): [INFO ] Received alert: /alert/emergency/veh/204/seq=0/zor=[MASKED]
+104.712352245s 62 caf.Forwarder:OnIncomingAlert(): [DEBUG] in=257 alert=/alert/emergency/veh/204/seq=0/zor=[MASKED]
+104.712352245s 62 caf.Forwarder:AlertVehicleHandler(): [DEBUG] in=(257,0) alert=/alert/emergency/veh/204/seq=0/zor=[MASKED] decision=forward to vehicles deferred until 0ms
+104.712352245s 62 caf.Forwarder:OnOutgoingAlert(): [DEBUG] out=257 alert=/alert/emergency/veh/204/seq=0/zor=[MASKED]
+104.712352245s 62 ndn.AlertConsumer:doReceive(): [INFO ] Received alert: /alert/emergency/veh/204/seq=0/zor=[MASKED]
+104.712352248s 203 caf.Forwarder:OnIncomingAlert(): [DEBUG] in=257 alert=/alert/emergency/veh/204/seq=0/zor=[MASKED]
+104.712352248s 203 caf.Forwarder:AlertVehicleHandler(): [DEBUG] in= (257,0) alert=/alert/emergency/veh/204/seq=0/zor=[MASKED] timer cancelled because sender closer to ZoR
+104.712352262s 174 caf.Forwarder:OnIncomingAlert(): [DEBUG] in=257 alert=/alert/emergency/veh/204/seq=0/zor=[MASKED]
+104.712352262s 174 caf.Forwarder:AlertVehicleHandler(): [DEBUG] in=(257,0) alert=/alert/emergency/veh/204/seq=0/zor=[MASKED] decision=forward to vehicles deferred until 0ms
+104.712352262s 174 caf.Forwarder:OnOutgoingAlert(): [DEBUG] out=257 alert=/alert/emergency/veh/204/seq=0/zor=[MASKED]
+104.712352262s 174 ndn.AlertConsumer:doReceive(): [INFO ] Received alert: /alert/emergency/veh/204/seq=0/zor=[MASKED]
+104.712352266s 75 caf.Forwarder:OnIncomingAlert(): [DEBUG] in=257 alert=/alert/emergency/veh/204/seq=0/zor=[MASKED]
+104.712352266s 75 caf.Forwarder:AlertVehicleHandler(): [DEBUG] in=(257,0) alert=/alert/emergency/veh/204/seq=0/zor=[MASKED] decision=forward to vehicles deferred until 0ms
+104.712352266s 75 caf.Forwarder:OnOutgoingAlert(): [DEBUG] out=257 alert=/alert/emergency/veh/204/seq=0/zor=[MASKED]
+104.712352266s 75 ndn.AlertConsumer:doReceive(): [INFO ] Received alert: /alert/emergency/veh/204/seq=0/zor=[MASKED]
+104.712352312s 211 caf.Forwarder:OnIncomingAlert(): [DEBUG] in=257 alert=/alert/emergency/veh/204/seq=0/zor=[MASKED]
+104.712352312s 211 caf.Forwarder:AlertVehicleHandler(): [DEBUG] in= (257,0) alert=/alert/emergency/veh/204/seq=0/zor=[MASKED] timer cancelled because sender closer to ZoR
+104.712352329s 204 caf.Forwarder:OnIncomingAlert(): [DEBUG] in=257 alert=/alert/emergency/veh/204/seq=0/zor=[MASKED]
+104.712352329s 204 caf.Forwarder:AlertVehicleHandler(): [DEBUG] in=(257,0) alert=/alert/emergency/veh/204/seq=0/zor=[MASKED] decision=drop because duplicate alert
+104.712352331s 188 caf.Forwarder:OnIncomingAlert(): [DEBUG] in=257 alert=/alert/emergency/veh/204/seq=0/zor=[MASKED]
+104.712352331s 188 caf.Forwarder:AlertVehicleHandler(): [DEBUG] in=(257,0) alert=/alert/emergency/veh/204/seq=0/zor=[MASKED] decision=forward to vehicles deferred until 0ms
+104.712352331s 188 caf.Forwarder:OnOutgoingAlert(): [DEBUG] out=257 alert=/alert/emergency/veh/204/seq=0/zor=[MASKED]
+104.712352331s 188 ndn.AlertConsumer:doReceive(): [INFO ] Received alert: /alert/emergency/veh/204/seq=0/zor=[MASKED]
+104.713369208s 195 caf.Forwarder:OnIncomingAlert(): [DEBUG] in=257 alert=/alert/emergency/veh/204/seq=0/zor=[MASKED]
+104.713369210s 70 caf.Forwarder:OnIncomingAlert(): [DEBUG] in=257 alert=/alert/emergency/veh/204/seq=0/zor=[MASKED]
+104.713369210s 70 caf.Forwarder:AlertVehicleHandler(): [DEBUG] in=(257,0) alert=/alert/emergency/veh/204/seq=0/zor=[MASKED] decision=drop because duplicate alert
+104.713369228s 196 caf.Forwarder:OnIncomingAlert(): [DEBUG] in=257 alert=/alert/emergency/veh/204/seq=0/zor=[MASKED]
+104.713369228s 196 caf.Forwarder:AlertVehicleHandler(): [DEBUG] in=(257,0) alert=/alert/emergency/veh/204/seq=0/zor=[MASKED] decision=drop because duplicate alert
+104.713369260s 203 caf.Forwarder:OnIncomingAlert(): [DEBUG] in=257 alert=/alert/emergency/veh/204/seq=0/zor=[MASKED]
+104.713369260s 203 caf.Forwarder:AlertVehicleHandler(): [DEBUG] in=(257,0) alert=/alert/emergency/veh/204/seq=0/zor=[MASKED] decision=drop because duplicate alert
+104.716388155s 195 caf.Forwarder:OnOutgoingAlert(): [DEBUG] out=257 alert=/alert/emergency/veh/204/seq=0/zor=[MASKED]
+104.717262176s 187 caf.Forwarder:OnIncomingAlert(): [DEBUG] in=257 alert=/alert/emergency/veh/204/seq=0/zor=[MASKED]
+104.717262176s 187 caf.Forwarder:AlertVehicleHandler(): [DEBUG] in=(257,0) alert=/alert/emergency/veh/204/seq=0/zor=[MASKED] decision=drop because duplicate alert
+104.717262189s 70 caf.Forwarder:OnIncomingAlert(): [DEBUG] in=257 alert=/alert/emergency/veh/204/seq=0/zor=[MASKED]
+104.717262189s 70 caf.Forwarder:AlertVehicleHandler(): [DEBUG] in=(257,0) alert=/alert/emergency/veh/204/seq=0/zor=[MASKED] decision=drop because duplicate alert
+104.717262213s 196 caf.Forwarder:OnIncomingAlert(): [DEBUG] in=257 alert=/alert/emergency/veh/204/seq=0/zor=[MASKED]
+104.717262213s 196 caf.Forwarder:AlertVehicleHandler(): [DEBUG] in=(257,0) alert=/alert/emergency/veh/204/seq=0/zor=[MASKED] decision=drop because duplicate alert
+104.717262218s 181 caf.Forwarder:OnIncomingAlert(): [DEBUG] in=257 alert=/alert/emergency/veh/204/seq=0/zor=[MASKED]
+104.717262218s 181 caf.Forwarder:AlertVehicleHandler(): [DEBUG] in=(257,0) alert=/alert/emergency/veh/204/seq=0/zor=[MASKED] decision=drop because duplicate alert
+104.717262228s 62 caf.Forwarder:OnIncomingAlert(): [DEBUG] in=257 alert=/alert/emergency/veh/204/seq=0/zor=[MASKED]
+104.717262228s 62 caf.Forwarder:AlertVehicleHandler(): [DEBUG] in=(257,0) alert=/alert/emergency/veh/204/seq=0/zor=[MASKED] decision=drop because duplicate alert
+104.717262237s 174 caf.Forwarder:OnIncomingAlert(): [DEBUG] in=257 alert=/alert/emergency/veh/204/seq=0/zor=[MASKED]
+104.717262237s 174 caf.Forwarder:AlertVehicleHandler(): [DEBUG] in=(257,0) alert=/alert/emergency/veh/204/seq=0/zor=[MASKED] decision=drop because duplicate alert
+104.717262247s 203 caf.Forwarder:OnIncomingAlert(): [DEBUG] in=257 alert=/alert/emergency/veh/204/seq=0/zor=[MASKED]
+104.717262247s 203 caf.Forwarder:AlertVehicleHandler(): [DEBUG] in=(257,0) alert=/alert/emergency/veh/204/seq=0/zor=[MASKED] decision=drop because duplicate alert
+104.717262251s 75 caf.Forwarder:OnIncomingAlert(): [DEBUG] in=257 alert=/alert/emergency/veh/204/seq=0/zor=[MASKED]
+104.717262251s 75 caf.Forwarder:AlertVehicleHandler(): [DEBUG] in=(257,0) alert=/alert/emergency/veh/204/seq=0/zor=[MASKED] decision=drop because duplicate alert
+104.717262308s 188 caf.Forwarder:OnIncomingAlert(): [DEBUG] in=257 alert=/alert/emergency/veh/204/seq=0/zor=[MASKED]
+104.717262308s 188 caf.Forwarder:AlertVehicleHandler(): [DEBUG] in=(257,0) alert=/alert/emergency/veh/204/seq=0/zor=[MASKED] decision=drop because duplicate alert
+104.717262312s 211 caf.Forwarder:OnIncomingAlert(): [DEBUG] in=257 alert=/alert/emergency/veh/204/seq=0/zor=[MASKED]
+104.717262312s 211 caf.Forwarder:AlertVehicleHandler(): [DEBUG] in=(257,0) alert=/alert/emergency/veh/204/seq=0/zor=[MASKED] decision=drop because duplicate alert
+105.239812012s 207 ndn.RandomAlertProducer:SendAlert(): [LOGIC] Don't send alert; condition failed
+105.346457822s 206 ndn.RandomAlertProducer:SendAlert(): [LOGIC] Don't send alert; condition failed
+106.361268155s 210 ndn.RandomAlertProducer:SendAlert(): [LOGIC] Don't send alert; condition failed
+106.671251234s 209 ndn.RandomAlertProducer:AlertSupplier(): [LOGIC] Send alert=/alert/emergency/veh/209/seq=0/zor=[MASKED] vehCount=121 rsuCount=9
+106.671251234s 209 caf.Forwarder:OnIncomingAlert(): [DEBUG] in=260 alert=/alert/emergency/veh/209/seq=0/zor=[MASKED]
+106.671251234s 209 caf.Forwarder:AlertVehicleHandler(): [DEBUG] in=(260,0) alert=/alert/emergency/veh/209/seq=0/zor=[MASKED] decision=forward to vehicles
+106.671251234s 209 caf.Forwarder:OnOutgoingAlert(): [DEBUG] out=257 alert=/alert/emergency/veh/209/seq=0/zor=[MASKED]
+106.672125306s 217 caf.Forwarder:OnIncomingAlert(): [DEBUG] in=257 alert=/alert/emergency/veh/209/seq=0/zor=[MASKED]
+106.672125306s 217 caf.Forwarder:AlertVehicleHandler(): [DEBUG] in=(257,0) alert=/alert/emergency/veh/209/seq=0/zor=[MASKED] decision=drop since sender is closer
+106.672125312s 206 caf.Forwarder:OnIncomingAlert(): [DEBUG] in=257 alert=/alert/emergency/veh/209/seq=0/zor=[MASKED]
+106.672125312s 206 caf.Forwarder:AlertVehicleHandler(): [DEBUG] in=(257,0) alert=/alert/emergency/veh/209/seq=0/zor=[MASKED] decision=forward to vehicles deferred until 2.70026ms
+106.672125338s 95 caf.Forwarder:OnIncomingAlert(): [DEBUG] in=257 alert=/alert/emergency/veh/209/seq=0/zor=[MASKED]
+106.672125338s 95 caf.Forwarder:AlertVehicleHandler(): [DEBUG] in=(257,0) alert=/alert/emergency/veh/209/seq=0/zor=[MASKED] decision=drop since sender is closer
+106.672125354s 87 caf.Forwarder:OnIncomingAlert(): [DEBUG] in=257 alert=/alert/emergency/veh/209/seq=0/zor=[MASKED]
+106.672125354s 87 caf.Forwarder:AlertVehicleHandler(): [DEBUG] in=(257,0) alert=/alert/emergency/veh/209/seq=0/zor=[MASKED] decision=drop since sender is closer
+106.672125369s 214 caf.Forwarder:OnIncomingAlert(): [DEBUG] in=257 alert=/alert/emergency/veh/209/seq=0/zor=[MASKED]
+106.672125369s 214 caf.Forwarder:AlertVehicleHandler(): [DEBUG] in=(257,0) alert=/alert/emergency/veh/209/seq=0/zor=[MASKED] decision=drop since sender is closer
+106.672125385s 201 caf.Forwarder:OnIncomingAlert(): [DEBUG] in=257 alert=/alert/emergency/veh/209/seq=0/zor=[MASKED]
+106.672125385s 201 caf.Forwarder:AlertVehicleHandler(): [DEBUG] in=(257,0) alert=/alert/emergency/veh/209/seq=0/zor=[MASKED] decision=forward to vehicles deferred until 0.481171ms
+106.672606556s 201 caf.Forwarder:OnOutgoingAlert(): [DEBUG] out=257 alert=/alert/emergency/veh/209/seq=0/zor=[MASKED]
+106.673480595s 84 caf.Forwarder:OnIncomingAlert(): [DEBUG] in=257 alert=/alert/emergency/veh/209/seq=0/zor=[MASKED]
+106.673480595s 84 caf.Forwarder:AlertVehicleHandler(): [DEBUG] in=(257,0) alert=/alert/emergency/veh/209/seq=0/zor=[MASKED] decision=forward to vehicles deferred until 0ms
+106.673480595s 84 caf.Forwarder:OnOutgoingAlert(): [DEBUG] out=257 alert=/alert/emergency/veh/209/seq=0/zor=[MASKED]
+106.673480595s 84 ndn.AlertConsumer:doReceive(): [INFO ] Received alert: /alert/emergency/veh/209/seq=0/zor=[MASKED]
+106.673480615s 94 caf.Forwarder:OnIncomingAlert(): [DEBUG] in=257 alert=/alert/emergency/veh/209/seq=0/zor=[MASKED]
+106.673480615s 94 caf.Forwarder:AlertVehicleHandler(): [DEBUG] in=(257,0) alert=/alert/emergency/veh/209/seq=0/zor=[MASKED] decision=forward to vehicles deferred until 0ms
+106.673480615s 94 caf.Forwarder:OnOutgoingAlert(): [DEBUG] out=257 alert=/alert/emergency/veh/209/seq=0/zor=[MASKED]
+106.673480615s 94 ndn.AlertConsumer:doReceive(): [INFO ] Received alert: /alert/emergency/veh/209/seq=0/zor=[MASKED]
+106.673480629s 206 caf.Forwarder:OnIncomingAlert(): [DEBUG] in=257 alert=/alert/emergency/veh/209/seq=0/zor=[MASKED]
+106.673480629s 206 caf.Forwarder:AlertVehicleHandler(): [DEBUG] in= (257,0) alert=/alert/emergency/veh/209/seq=0/zor=[MASKED] timer cancelled because sender closer to ZoR
+106.673480642s 198 caf.Forwarder:OnIncomingAlert(): [DEBUG] in=257 alert=/alert/emergency/veh/209/seq=0/zor=[MASKED]
+106.673480642s 198 caf.Forwarder:AlertVehicleHandler(): [DEBUG] in=(257,0) alert=/alert/emergency/veh/209/seq=0/zor=[MASKED] decision=forward to vehicles deferred until 0ms
+106.673480642s 198 caf.Forwarder:OnOutgoingAlert(): [DEBUG] out=257 alert=/alert/emergency/veh/209/seq=0/zor=[MASKED]
+106.673480642s 198 ndn.AlertConsumer:doReceive(): [INFO ] Received alert: /alert/emergency/veh/209/seq=0/zor=[MASKED]
+106.673480699s 190 caf.Forwarder:OnIncomingAlert(): [DEBUG] in=257 alert=/alert/emergency/veh/209/seq=0/zor=[MASKED]
+106.673480699s 190 caf.Forwarder:AlertVehicleHandler(): [DEBUG] in=(257,0) alert=/alert/emergency/veh/209/seq=0/zor=[MASKED] decision=forward to vehicles deferred until 0ms
+106.673480699s 190 caf.Forwarder:OnOutgoingAlert(): [DEBUG] out=257 alert=/alert/emergency/veh/209/seq=0/zor=[MASKED]
+106.673480699s 190 ndn.AlertConsumer:doReceive(): [INFO ] Received alert: /alert/emergency/veh/209/seq=0/zor=[MASKED]
+106.673480707s 209 caf.Forwarder:OnIncomingAlert(): [DEBUG] in=257 alert=/alert/emergency/veh/209/seq=0/zor=[MASKED]
+106.673480707s 209 caf.Forwarder:AlertVehicleHandler(): [DEBUG] in=(257,0) alert=/alert/emergency/veh/209/seq=0/zor=[MASKED] decision=drop because duplicate alert
+106.674354634s 201 caf.Forwarder:OnIncomingAlert(): [DEBUG] in=257 alert=/alert/emergency/veh/209/seq=0/zor=[MASKED]
+106.674354634s 201 caf.Forwarder:AlertVehicleHandler(): [DEBUG] in=(257,0) alert=/alert/emergency/veh/209/seq=0/zor=[MASKED] decision=drop because duplicate alert
+106.674354731s 193 caf.Forwarder:OnIncomingAlert(): [DEBUG] in=257 alert=/alert/emergency/veh/209/seq=0/zor=[MASKED]
+106.674354731s 193 caf.Forwarder:AlertVehicleHandler(): [DEBUG] in=(257,0) alert=/alert/emergency/veh/209/seq=0/zor=[MASKED] decision=forward to vehicles deferred until 0ms
+106.674354731s 193 caf.Forwarder:OnOutgoingAlert(): [DEBUG] out=257 alert=/alert/emergency/veh/209/seq=0/zor=[MASKED]
+106.674354731s 193 ndn.AlertConsumer:doReceive(): [INFO ] Received alert: /alert/emergency/veh/209/seq=0/zor=[MASKED]
+106.674354738s 185 caf.Forwarder:OnIncomingAlert(): [DEBUG] in=257 alert=/alert/emergency/veh/209/seq=0/zor=[MASKED]
+106.674354738s 185 caf.Forwarder:AlertVehicleHandler(): [DEBUG] in=(257,0) alert=/alert/emergency/veh/209/seq=0/zor=[MASKED] decision=forward to vehicles deferred until 0ms
+106.674354738s 185 caf.Forwarder:OnOutgoingAlert(): [DEBUG] out=257 alert=/alert/emergency/veh/209/seq=0/zor=[MASKED]
+106.674354738s 185 ndn.AlertConsumer:doReceive(): [INFO ] Received alert: /alert/emergency/veh/209/seq=0/zor=[MASKED]
+106.674354769s 183 caf.Forwarder:OnIncomingAlert(): [DEBUG] in=257 alert=/alert/emergency/veh/209/seq=0/zor=[MASKED]
+106.674354769s 183 caf.Forwarder:AlertVehicleHandler(): [DEBUG] in=(257,0) alert=/alert/emergency/veh/209/seq=0/zor=[MASKED] decision=forward to vehicles deferred until 0ms
+106.674354769s 183 caf.Forwarder:OnOutgoingAlert(): [DEBUG] out=257 alert=/alert/emergency/veh/209/seq=0/zor=[MASKED]
+106.674354769s 183 ndn.AlertConsumer:doReceive(): [INFO ] Received alert: /alert/emergency/veh/209/seq=0/zor=[MASKED]
+106.675228794s 110 caf.Forwarder:OnIncomingAlert(): [DEBUG] in=257 alert=/alert/emergency/veh/209/seq=0/zor=[MASKED]
+106.675228794s 110 caf.Forwarder:AlertVehicleHandler(): [DEBUG] in=(257,0) alert=/alert/emergency/veh/209/seq=0/zor=[MASKED] decision=forward to vehicles deferred until 0ms
+106.675228794s 110 caf.Forwarder:OnOutgoingAlert(): [DEBUG] out=257 alert=/alert/emergency/veh/209/seq=0/zor=[MASKED]
+106.675228794s 110 ndn.AlertConsumer:doReceive(): [INFO ] Received alert: /alert/emergency/veh/209/seq=0/zor=[MASKED]
+106.675228802s 164 caf.Forwarder:OnIncomingAlert(): [DEBUG] in=257 alert=/alert/emergency/veh/209/seq=0/zor=[MASKED]
+106.675228802s 164 caf.Forwarder:AlertVehicleHandler(): [DEBUG] in=(257,0) alert=/alert/emergency/veh/209/seq=0/zor=[MASKED] decision=forward to vehicles deferred until 0ms
+106.675228802s 164 caf.Forwarder:OnOutgoingAlert(): [DEBUG] out=257 alert=/alert/emergency/veh/209/seq=0/zor=[MASKED]
+106.675228802s 164 ndn.AlertConsumer:doReceive(): [INFO ] Received alert: /alert/emergency/veh/209/seq=0/zor=[MASKED]
+106.676102830s 150 caf.Forwarder:OnIncomingAlert(): [DEBUG] in=257 alert=/alert/emergency/veh/209/seq=0/zor=[MASKED]
+106.676102830s 150 caf.Forwarder:AlertVehicleHandler(): [DEBUG] in=(257,0) alert=/alert/emergency/veh/209/seq=0/zor=[MASKED] decision=forward to vehicles deferred until 0ms
+106.676102830s 150 caf.Forwarder:OnOutgoingAlert(): [DEBUG] out=257 alert=/alert/emergency/veh/209/seq=0/zor=[MASKED]
+106.676102830s 150 ndn.AlertConsumer:doReceive(): [INFO ] Received alert: /alert/emergency/veh/209/seq=0/zor=[MASKED]
+106.676102836s 118 caf.Forwarder:OnIncomingAlert(): [DEBUG] in=257 alert=/alert/emergency/veh/209/seq=0/zor=[MASKED]
+106.676102836s 118 caf.Forwarder:AlertVehicleHandler(): [DEBUG] in=(257,0) alert=/alert/emergency/veh/209/seq=0/zor=[MASKED] decision=forward to vehicles deferred until 0ms
+106.676102836s 118 caf.Forwarder:OnOutgoingAlert(): [DEBUG] out=257 alert=/alert/emergency/veh/209/seq=0/zor=[MASKED]
+106.676102836s 118 ndn.AlertConsumer:doReceive(): [INFO ] Received alert: /alert/emergency/veh/209/seq=0/zor=[MASKED]
+106.676102859s 151 caf.Forwarder:OnIncomingAlert(): [DEBUG] in=257 alert=/alert/emergency/veh/209/seq=0/zor=[MASKED]
+106.676102859s 151 caf.Forwarder:AlertVehicleHandler(): [DEBUG] in=(257,0) alert=/alert/emergency/veh/209/seq=0/zor=[MASKED] decision=forward to vehicles deferred until 0ms
+106.676102859s 151 caf.Forwarder:OnOutgoingAlert(): [DEBUG] out=257 alert=/alert/emergency/veh/209/seq=0/zor=[MASKED]
+106.676102859s 151 ndn.AlertConsumer:doReceive(): [INFO ] Received alert: /alert/emergency/veh/209/seq=0/zor=[MASKED]
+106.676102863s 178 caf.Forwarder:OnIncomingAlert(): [DEBUG] in=257 alert=/alert/emergency/veh/209/seq=0/zor=[MASKED]
+106.676102863s 178 caf.Forwarder:AlertVehicleHandler(): [DEBUG] in=(257,0) alert=/alert/emergency/veh/209/seq=0/zor=[MASKED] decision=forward to vehicles deferred until 0ms
+106.676102863s 178 caf.Forwarder:OnOutgoingAlert(): [DEBUG] out=257 alert=/alert/emergency/veh/209/seq=0/zor=[MASKED]
+106.676102863s 178 ndn.AlertConsumer:doReceive(): [INFO ] Received alert: /alert/emergency/veh/209/seq=0/zor=[MASKED]
+106.679649105s 208 ndn.RandomAlertProducer:SendAlert(): [LOGIC] Don't send alert; condition failed
+107.087126540s 211 ndn.RandomAlertProducer:SendAlert(): [LOGIC] Don't send alert; condition failed
+107.390884407s 212 ndn.RandomAlertProducer:SendAlert(): [LOGIC] Don't send alert; condition failed
+107.424495722s 213 ndn.RandomAlertProducer:AlertSupplier(): [LOGIC] Send alert=/alert/emergency/veh/213/seq=0/zor=[MASKED] vehCount=120 rsuCount=9
+107.424495722s 213 caf.Forwarder:OnIncomingAlert(): [DEBUG] in=260 alert=/alert/emergency/veh/213/seq=0/zor=[MASKED]
+107.424495722s 213 caf.Forwarder:AlertVehicleHandler(): [DEBUG] in=(260,0) alert=/alert/emergency/veh/213/seq=0/zor=[MASKED] decision=forward to vehicles
+107.424495722s 213 caf.Forwarder:OnOutgoingAlert(): [DEBUG] out=257 alert=/alert/emergency/veh/213/seq=0/zor=[MASKED]
+107.425369753s 218 caf.Forwarder:OnIncomingAlert(): [DEBUG] in=257 alert=/alert/emergency/veh/213/seq=0/zor=[MASKED]
+107.425369753s 218 caf.Forwarder:AlertVehicleHandler(): [DEBUG] in=(257,0) alert=/alert/emergency/veh/213/seq=0/zor=[MASKED] decision=forward to vehicles deferred until 4.10144ms
+107.425369777s 221 caf.Forwarder:OnIncomingAlert(): [DEBUG] in=257 alert=/alert/emergency/veh/213/seq=0/zor=[MASKED]
+107.425369777s 221 caf.Forwarder:AlertVehicleHandler(): [DEBUG] in=(257,0) alert=/alert/emergency/veh/213/seq=0/zor=[MASKED] decision=drop since sender is closer
+107.425369802s 210 caf.Forwarder:OnIncomingAlert(): [DEBUG] in=257 alert=/alert/emergency/veh/213/seq=0/zor=[MASKED]
+107.425369802s 210 caf.Forwarder:AlertVehicleHandler(): [DEBUG] in=(257,0) alert=/alert/emergency/veh/213/seq=0/zor=[MASKED] decision=forward to vehicles deferred until 2.61524ms
+107.425369829s 44 caf.Forwarder:OnIncomingAlert(): [DEBUG] in=257 alert=/alert/emergency/veh/213/seq=0/zor=[MASKED]
+107.425369829s 44 caf.Forwarder:AlertVehicleHandler(): [DEBUG] in=(257,0) alert=/alert/emergency/veh/213/seq=0/zor=[MASKED] decision=forward to vehicles deferred until 1.81228ms
+107.425369848s 81 caf.Forwarder:OnIncomingAlert(): [DEBUG] in=257 alert=/alert/emergency/veh/213/seq=0/zor=[MASKED]
+107.425369848s 81 caf.Forwarder:AlertVehicleHandler(): [DEBUG] in=(257,0) alert=/alert/emergency/veh/213/seq=0/zor=[MASKED] decision=drop since sender is closer
+107.425369857s 93 caf.Forwarder:OnIncomingAlert(): [DEBUG] in=257 alert=/alert/emergency/veh/213/seq=0/zor=[MASKED]
+107.425369857s 93 caf.Forwarder:AlertVehicleHandler(): [DEBUG] in=(257,0) alert=/alert/emergency/veh/213/seq=0/zor=[MASKED] decision=drop since sender is closer
+107.425369858s 96 caf.Forwarder:OnIncomingAlert(): [DEBUG] in=257 alert=/alert/emergency/veh/213/seq=0/zor=[MASKED]
+107.425369858s 96 caf.Forwarder:AlertVehicleHandler(): [DEBUG] in=(257,0) alert=/alert/emergency/veh/213/seq=0/zor=[MASKED] decision=forward to vehicles deferred until 0.930044ms
+107.425369864s 205 caf.Forwarder:OnIncomingAlert(): [DEBUG] in=257 alert=/alert/emergency/veh/213/seq=0/zor=[MASKED]
+107.425369864s 205 caf.Forwarder:AlertVehicleHandler(): [DEBUG] in=(257,0) alert=/alert/emergency/veh/213/seq=0/zor=[MASKED] decision=forward to vehicles deferred until 0.751998ms
+107.425369879s 226 caf.Forwarder:OnIncomingAlert(): [DEBUG] in=257 alert=/alert/emergency/veh/213/seq=0/zor=[MASKED]
+107.425369879s 226 caf.Forwarder:AlertVehicleHandler(): [DEBUG] in=(257,0) alert=/alert/emergency/veh/213/seq=0/zor=[MASKED] decision=drop since sender is closer
+107.426121862s 205 caf.Forwarder:OnOutgoingAlert(): [DEBUG] out=257 alert=/alert/emergency/veh/213/seq=0/zor=[MASKED]
+107.426299901s 96 caf.Forwarder:OnOutgoingAlert(): [DEBUG] out=257 alert=/alert/emergency/veh/213/seq=0/zor=[MASKED]
+107.426995884s 96 caf.Forwarder:OnIncomingAlert(): [DEBUG] in=257 alert=/alert/emergency/veh/213/seq=0/zor=[MASKED]
+107.426995884s 96 caf.Forwarder:AlertVehicleHandler(): [DEBUG] in=(257,0) alert=/alert/emergency/veh/213/seq=0/zor=[MASKED] decision=drop because duplicate alert
+107.426995896s 202 caf.Forwarder:OnIncomingAlert(): [DEBUG] in=257 alert=/alert/emergency/veh/213/seq=0/zor=[MASKED]
+107.426995896s 202 caf.Forwarder:AlertVehicleHandler(): [DEBUG] in=(257,0) alert=/alert/emergency/veh/213/seq=0/zor=[MASKED] decision=forward to vehicles deferred until 4.02254ms
+107.426995912s 44 caf.Forwarder:OnIncomingAlert(): [DEBUG] in=257 alert=/alert/emergency/veh/213/seq=0/zor=[MASKED]
+107.426995912s 44 caf.Forwarder:AlertVehicleHandler(): [DEBUG] in= (257,0) alert=/alert/emergency/veh/213/seq=0/zor=[MASKED] timer cancelled because sender closer to ZoR
+107.426995923s 210 caf.Forwarder:OnIncomingAlert(): [DEBUG] in=257 alert=/alert/emergency/veh/213/seq=0/zor=[MASKED]
+107.426995923s 210 caf.Forwarder:AlertVehicleHandler(): [DEBUG] in= (257,0) alert=/alert/emergency/veh/213/seq=0/zor=[MASKED] timer cancelled because sender closer to ZoR
+107.426995929s 65 caf.Forwarder:OnIncomingAlert(): [DEBUG] in=257 alert=/alert/emergency/veh/213/seq=0/zor=[MASKED]
+107.426995929s 65 caf.Forwarder:AlertVehicleHandler(): [DEBUG] in=(257,0) alert=/alert/emergency/veh/213/seq=0/zor=[MASKED] decision=forward to vehicles deferred until 0ms
+107.426995929s 65 caf.Forwarder:OnOutgoingAlert(): [DEBUG] out=257 alert=/alert/emergency/veh/213/seq=0/zor=[MASKED]
+107.426995929s 65 ndn.AlertConsumer:doReceive(): [INFO ] Received alert: /alert/emergency/veh/213/seq=0/zor=[MASKED]
+107.426995954s 194 caf.Forwarder:OnIncomingAlert(): [DEBUG] in=257 alert=/alert/emergency/veh/213/seq=0/zor=[MASKED]
+107.426995954s 194 caf.Forwarder:AlertVehicleHandler(): [DEBUG] in=(257,0) alert=/alert/emergency/veh/213/seq=0/zor=[MASKED] decision=forward to vehicles deferred until 0ms
+107.426995954s 194 caf.Forwarder:OnOutgoingAlert(): [DEBUG] out=257 alert=/alert/emergency/veh/213/seq=0/zor=[MASKED]
+107.426995954s 194 ndn.AlertConsumer:doReceive(): [INFO ] Received alert: /alert/emergency/veh/213/seq=0/zor=[MASKED]
+107.426995974s 218 caf.Forwarder:OnIncomingAlert(): [DEBUG] in=257 alert=/alert/emergency/veh/213/seq=0/zor=[MASKED]
+107.426995974s 218 caf.Forwarder:AlertVehicleHandler(): [DEBUG] in= (257,0) alert=/alert/emergency/veh/213/seq=0/zor=[MASKED] timer cancelled because sender closer to ZoR
+107.426996004s 213 caf.Forwarder:OnIncomingAlert(): [DEBUG] in=257 alert=/alert/emergency/veh/213/seq=0/zor=[MASKED]
+107.426996004s 213 caf.Forwarder:AlertVehicleHandler(): [DEBUG] in=(257,0) alert=/alert/emergency/veh/213/seq=0/zor=[MASKED] decision=drop because duplicate alert
+107.426996021s 80 caf.Forwarder:OnIncomingAlert(): [DEBUG] in=257 alert=/alert/emergency/veh/213/seq=0/zor=[MASKED]
+107.426996021s 80 caf.Forwarder:AlertVehicleHandler(): [DEBUG] in=(257,0) alert=/alert/emergency/veh/213/seq=0/zor=[MASKED] decision=forward to vehicles deferred until 0ms
+107.426996021s 80 caf.Forwarder:OnOutgoingAlert(): [DEBUG] out=257 alert=/alert/emergency/veh/213/seq=0/zor=[MASKED]
+107.426996021s 80 ndn.AlertConsumer:doReceive(): [INFO ] Received alert: /alert/emergency/veh/213/seq=0/zor=[MASKED]
+107.426996028s 197 caf.Forwarder:OnIncomingAlert(): [DEBUG] in=257 alert=/alert/emergency/veh/213/seq=0/zor=[MASKED]
+107.426996028s 197 caf.Forwarder:AlertVehicleHandler(): [DEBUG] in=(257,0) alert=/alert/emergency/veh/213/seq=0/zor=[MASKED] decision=forward to vehicles deferred until 0ms
+107.426996028s 197 caf.Forwarder:OnOutgoingAlert(): [DEBUG] out=257 alert=/alert/emergency/veh/213/seq=0/zor=[MASKED]
+107.426996028s 197 ndn.AlertConsumer:doReceive(): [INFO ] Received alert: /alert/emergency/veh/213/seq=0/zor=[MASKED]
+107.427869963s 202 caf.Forwarder:OnIncomingAlert(): [DEBUG] in=257 alert=/alert/emergency/veh/213/seq=0/zor=[MASKED]
+107.427869963s 202 caf.Forwarder:AlertVehicleHandler(): [DEBUG] in= (257,0) alert=/alert/emergency/veh/213/seq=0/zor=[MASKED] timer cancelled because sender closer to ZoR
+107.428038907s 205 caf.Forwarder:OnIncomingAlert(): [DEBUG] in=257 alert=/alert/emergency/veh/213/seq=0/zor=[MASKED]
+107.428038907s 205 caf.Forwarder:AlertVehicleHandler(): [DEBUG] in=(257,0) alert=/alert/emergency/veh/213/seq=0/zor=[MASKED] decision=drop because duplicate alert
+107.428038918s 44 caf.Forwarder:OnIncomingAlert(): [DEBUG] in=257 alert=/alert/emergency/veh/213/seq=0/zor=[MASKED]
+107.428038918s 44 caf.Forwarder:AlertVehicleHandler(): [DEBUG] in=(257,0) alert=/alert/emergency/veh/213/seq=0/zor=[MASKED] decision=drop because duplicate alert
+107.428038942s 210 caf.Forwarder:OnIncomingAlert(): [DEBUG] in=257 alert=/alert/emergency/veh/213/seq=0/zor=[MASKED]
+107.428038942s 210 caf.Forwarder:AlertVehicleHandler(): [DEBUG] in=(257,0) alert=/alert/emergency/veh/213/seq=0/zor=[MASKED] decision=drop because duplicate alert
+108.434538194s 214 ndn.RandomAlertProducer:AlertSupplier(): [LOGIC] Send alert=/alert/emergency/veh/214/seq=0/zor=[MASKED] vehCount=122 rsuCount=9
+108.434538194s 214 caf.Forwarder:OnIncomingAlert(): [DEBUG] in=260 alert=/alert/emergency/veh/214/seq=0/zor=[MASKED]
+108.434538194s 214 caf.Forwarder:AlertVehicleHandler(): [DEBUG] in=(260,0) alert=/alert/emergency/veh/214/seq=0/zor=[MASKED] decision=forward to vehicles
+108.434538194s 214 caf.Forwarder:OnOutgoingAlert(): [DEBUG] out=257 alert=/alert/emergency/veh/214/seq=0/zor=[MASKED]
+108.435412262s 217 caf.Forwarder:OnIncomingAlert(): [DEBUG] in=257 alert=/alert/emergency/veh/214/seq=0/zor=[MASKED]
+108.435412262s 217 caf.Forwarder:AlertVehicleHandler(): [DEBUG] in=(257,0) alert=/alert/emergency/veh/214/seq=0/zor=[MASKED] decision=forward to vehicles deferred until 3.00264ms
+108.435412274s 225 caf.Forwarder:OnIncomingAlert(): [DEBUG] in=257 alert=/alert/emergency/veh/214/seq=0/zor=[MASKED]
+108.435412274s 225 caf.Forwarder:AlertVehicleHandler(): [DEBUG] in=(257,0) alert=/alert/emergency/veh/214/seq=0/zor=[MASKED] decision=drop since sender is closer
+108.435412289s 222 caf.Forwarder:OnIncomingAlert(): [DEBUG] in=257 alert=/alert/emergency/veh/214/seq=0/zor=[MASKED]
+108.435412289s 222 caf.Forwarder:AlertVehicleHandler(): [DEBUG] in=(257,0) alert=/alert/emergency/veh/214/seq=0/zor=[MASKED] decision=drop since sender is closer
+108.435412310s 95 caf.Forwarder:OnIncomingAlert(): [DEBUG] in=257 alert=/alert/emergency/veh/214/seq=0/zor=[MASKED]
+108.435412310s 95 caf.Forwarder:AlertVehicleHandler(): [DEBUG] in=(257,0) alert=/alert/emergency/veh/214/seq=0/zor=[MASKED] decision=drop since sender is closer
+108.435412322s 87 caf.Forwarder:OnIncomingAlert(): [DEBUG] in=257 alert=/alert/emergency/veh/214/seq=0/zor=[MASKED]
+108.435412322s 87 caf.Forwarder:AlertVehicleHandler(): [DEBUG] in=(257,0) alert=/alert/emergency/veh/214/seq=0/zor=[MASKED] decision=drop since sender is closer
+108.435412331s 209 caf.Forwarder:OnIncomingAlert(): [DEBUG] in=257 alert=/alert/emergency/veh/214/seq=0/zor=[MASKED]
+108.435412331s 209 caf.Forwarder:AlertVehicleHandler(): [DEBUG] in=(257,0) alert=/alert/emergency/veh/214/seq=0/zor=[MASKED] decision=forward to vehicles deferred until 0.899089ms
+108.435412347s 230 caf.Forwarder:OnIncomingAlert(): [DEBUG] in=257 alert=/alert/emergency/veh/214/seq=0/zor=[MASKED]
+108.435412347s 230 caf.Forwarder:AlertVehicleHandler(): [DEBUG] in=(257,0) alert=/alert/emergency/veh/214/seq=0/zor=[MASKED] decision=drop since sender is closer
+108.436311419s 209 caf.Forwarder:OnOutgoingAlert(): [DEBUG] out=257 alert=/alert/emergency/veh/214/seq=0/zor=[MASKED]
+108.437185468s 84 caf.Forwarder:OnIncomingAlert(): [DEBUG] in=257 alert=/alert/emergency/veh/214/seq=0/zor=[MASKED]
+108.437185468s 84 caf.Forwarder:AlertVehicleHandler(): [DEBUG] in=(257,0) alert=/alert/emergency/veh/214/seq=0/zor=[MASKED] decision=forward to vehicles deferred until 3.5713ms
+108.437185484s 94 caf.Forwarder:OnIncomingAlert(): [DEBUG] in=257 alert=/alert/emergency/veh/214/seq=0/zor=[MASKED]
+108.437185484s 94 caf.Forwarder:AlertVehicleHandler(): [DEBUG] in=(257,0) alert=/alert/emergency/veh/214/seq=0/zor=[MASKED] decision=forward to vehicles deferred until 3.08199ms
+108.437185488s 217 caf.Forwarder:OnIncomingAlert(): [DEBUG] in=257 alert=/alert/emergency/veh/214/seq=0/zor=[MASKED]
+108.437185488s 217 caf.Forwarder:AlertVehicleHandler(): [DEBUG] in= (257,0) alert=/alert/emergency/veh/214/seq=0/zor=[MASKED] timer cancelled because sender closer to ZoR
+108.437185491s 206 caf.Forwarder:OnIncomingAlert(): [DEBUG] in=257 alert=/alert/emergency/veh/214/seq=0/zor=[MASKED]
+108.437185491s 206 caf.Forwarder:AlertVehicleHandler(): [DEBUG] in=(257,0) alert=/alert/emergency/veh/214/seq=0/zor=[MASKED] decision=forward to vehicles deferred until 2.87669ms
+108.437185556s 214 caf.Forwarder:OnIncomingAlert(): [DEBUG] in=257 alert=/alert/emergency/veh/214/seq=0/zor=[MASKED]
+108.437185556s 214 caf.Forwarder:AlertVehicleHandler(): [DEBUG] in=(257,0) alert=/alert/emergency/veh/214/seq=0/zor=[MASKED] decision=drop because duplicate alert
+108.437185577s 201 caf.Forwarder:OnIncomingAlert(): [DEBUG] in=257 alert=/alert/emergency/veh/214/seq=0/zor=[MASKED]
+108.437185577s 201 caf.Forwarder:AlertVehicleHandler(): [DEBUG] in=(257,0) alert=/alert/emergency/veh/214/seq=0/zor=[MASKED] decision=forward to vehicles deferred until 0ms
+108.437185577s 201 caf.Forwarder:OnOutgoingAlert(): [DEBUG] out=257 alert=/alert/emergency/veh/214/seq=0/zor=[MASKED]
+108.437185577s 201 ndn.AlertConsumer:doReceive(): [INFO ] Received alert: /alert/emergency/veh/214/seq=0/zor=[MASKED]
+108.438059663s 190 caf.Forwarder:OnIncomingAlert(): [DEBUG] in=257 alert=/alert/emergency/veh/214/seq=0/zor=[MASKED]
+108.438059663s 190 caf.Forwarder:AlertVehicleHandler(): [DEBUG] in=(257,0) alert=/alert/emergency/veh/214/seq=0/zor=[MASKED] decision=forward to vehicles deferred until 0ms
+108.438059663s 206 caf.Forwarder:OnIncomingAlert(): [DEBUG] in=257 alert=/alert/emergency/veh/214/seq=0/zor=[MASKED]
+108.438059663s 206 caf.Forwarder:AlertVehicleHandler(): [DEBUG] in= (257,0) alert=/alert/emergency/veh/214/seq=0/zor=[MASKED] timer cancelled because sender closer to ZoR
+108.438059663s 190 caf.Forwarder:OnOutgoingAlert(): [DEBUG] out=257 alert=/alert/emergency/veh/214/seq=0/zor=[MASKED]
+108.438059663s 190 ndn.AlertConsumer:doReceive(): [INFO ] Received alert: /alert/emergency/veh/214/seq=0/zor=[MASKED]
+108.438059667s 110 caf.Forwarder:OnIncomingAlert(): [DEBUG] in=257 alert=/alert/emergency/veh/214/seq=0/zor=[MASKED]
+108.438059667s 110 caf.Forwarder:AlertVehicleHandler(): [DEBUG] in=(257,0) alert=/alert/emergency/veh/214/seq=0/zor=[MASKED] decision=forward to vehicles deferred until 0ms
+108.438059667s 110 caf.Forwarder:OnOutgoingAlert(): [DEBUG] out=257 alert=/alert/emergency/veh/214/seq=0/zor=[MASKED]
+108.438059667s 110 ndn.AlertConsumer:doReceive(): [INFO ] Received alert: /alert/emergency/veh/214/seq=0/zor=[MASKED]
+108.438059675s 198 caf.Forwarder:OnIncomingAlert(): [DEBUG] in=257 alert=/alert/emergency/veh/214/seq=0/zor=[MASKED]
+108.438059675s 198 caf.Forwarder:AlertVehicleHandler(): [DEBUG] in=(257,0) alert=/alert/emergency/veh/214/seq=0/zor=[MASKED] decision=forward to vehicles deferred until 0ms
+108.438059675s 198 caf.Forwarder:OnOutgoingAlert(): [DEBUG] out=257 alert=/alert/emergency/veh/214/seq=0/zor=[MASKED]
+108.438059675s 198 ndn.AlertConsumer:doReceive(): [INFO ] Received alert: /alert/emergency/veh/214/seq=0/zor=[MASKED]
+108.438059676s 94 caf.Forwarder:OnIncomingAlert(): [DEBUG] in=257 alert=/alert/emergency/veh/214/seq=0/zor=[MASKED]
+108.438059676s 94 caf.Forwarder:AlertVehicleHandler(): [DEBUG] in= (257,0) alert=/alert/emergency/veh/214/seq=0/zor=[MASKED] timer cancelled because sender closer to ZoR
+108.438059695s 185 caf.Forwarder:OnIncomingAlert(): [DEBUG] in=257 alert=/alert/emergency/veh/214/seq=0/zor=[MASKED]
+108.438059695s 185 caf.Forwarder:AlertVehicleHandler(): [DEBUG] in=(257,0) alert=/alert/emergency/veh/214/seq=0/zor=[MASKED] decision=forward to vehicles deferred until 0ms
+108.438059695s 185 caf.Forwarder:OnOutgoingAlert(): [DEBUG] out=257 alert=/alert/emergency/veh/214/seq=0/zor=[MASKED]
+108.438059695s 185 ndn.AlertConsumer:doReceive(): [INFO ] Received alert: /alert/emergency/veh/214/seq=0/zor=[MASKED]
+108.438059700s 118 caf.Forwarder:OnIncomingAlert(): [DEBUG] in=257 alert=/alert/emergency/veh/214/seq=0/zor=[MASKED]
+108.438059700s 118 caf.Forwarder:AlertVehicleHandler(): [DEBUG] in=(257,0) alert=/alert/emergency/veh/214/seq=0/zor=[MASKED] decision=forward to vehicles deferred until 0ms
+108.438059700s 118 caf.Forwarder:OnOutgoingAlert(): [DEBUG] out=257 alert=/alert/emergency/veh/214/seq=0/zor=[MASKED]
+108.438059700s 118 ndn.AlertConsumer:doReceive(): [INFO ] Received alert: /alert/emergency/veh/214/seq=0/zor=[MASKED]
+108.438059702s 84 caf.Forwarder:OnIncomingAlert(): [DEBUG] in=257 alert=/alert/emergency/veh/214/seq=0/zor=[MASKED]
+108.438059702s 84 caf.Forwarder:AlertVehicleHandler(): [DEBUG] in= (257,0) alert=/alert/emergency/veh/214/seq=0/zor=[MASKED] timer cancelled because sender closer to ZoR
+108.438059726s 183 caf.Forwarder:OnIncomingAlert(): [DEBUG] in=257 alert=/alert/emergency/veh/214/seq=0/zor=[MASKED]
+108.438059726s 183 caf.Forwarder:AlertVehicleHandler(): [DEBUG] in=(257,0) alert=/alert/emergency/veh/214/seq=0/zor=[MASKED] decision=forward to vehicles deferred until 0ms
+108.438059726s 183 caf.Forwarder:OnOutgoingAlert(): [DEBUG] out=257 alert=/alert/emergency/veh/214/seq=0/zor=[MASKED]
+108.438059726s 183 ndn.AlertConsumer:doReceive(): [INFO ] Received alert: /alert/emergency/veh/214/seq=0/zor=[MASKED]
+108.438059735s 209 caf.Forwarder:OnIncomingAlert(): [DEBUG] in=257 alert=/alert/emergency/veh/214/seq=0/zor=[MASKED]
+108.438059735s 209 caf.Forwarder:AlertVehicleHandler(): [DEBUG] in=(257,0) alert=/alert/emergency/veh/214/seq=0/zor=[MASKED] decision=drop because duplicate alert
+108.438933754s 193 caf.Forwarder:OnIncomingAlert(): [DEBUG] in=257 alert=/alert/emergency/veh/214/seq=0/zor=[MASKED]
+108.438933754s 193 caf.Forwarder:AlertVehicleHandler(): [DEBUG] in=(257,0) alert=/alert/emergency/veh/214/seq=0/zor=[MASKED] decision=forward to vehicles deferred until 0ms
+108.438933754s 193 caf.Forwarder:OnOutgoingAlert(): [DEBUG] out=257 alert=/alert/emergency/veh/214/seq=0/zor=[MASKED]
+108.438933754s 193 ndn.AlertConsumer:doReceive(): [INFO ] Received alert: /alert/emergency/veh/214/seq=0/zor=[MASKED]
+108.438933757s 164 caf.Forwarder:OnIncomingAlert(): [DEBUG] in=257 alert=/alert/emergency/veh/214/seq=0/zor=[MASKED]
+108.438933757s 164 caf.Forwarder:AlertVehicleHandler(): [DEBUG] in=(257,0) alert=/alert/emergency/veh/214/seq=0/zor=[MASKED] decision=forward to vehicles deferred until 0ms
+108.438933757s 164 caf.Forwarder:OnOutgoingAlert(): [DEBUG] out=257 alert=/alert/emergency/veh/214/seq=0/zor=[MASKED]
+108.438933757s 164 ndn.AlertConsumer:doReceive(): [INFO ] Received alert: /alert/emergency/veh/214/seq=0/zor=[MASKED]
+108.681137290s 215 ndn.RandomAlertProducer:AlertSupplier(): [LOGIC] Send alert=/alert/emergency/veh/215/seq=0/zor=[MASKED] vehCount=122 rsuCount=9
+108.681137290s 215 caf.Forwarder:OnIncomingAlert(): [DEBUG] in=260 alert=/alert/emergency/veh/215/seq=0/zor=[MASKED]
+108.681137290s 215 caf.Forwarder:AlertVehicleHandler(): [DEBUG] in=(260,0) alert=/alert/emergency/veh/215/seq=0/zor=[MASKED] decision=forward to vehicles
+108.681137290s 215 caf.Forwarder:OnOutgoingAlert(): [DEBUG] out=257 alert=/alert/emergency/veh/215/seq=0/zor=[MASKED]
+108.682011301s 216 caf.Forwarder:OnIncomingAlert(): [DEBUG] in=257 alert=/alert/emergency/veh/215/seq=0/zor=[MASKED]
+108.682011301s 216 caf.Forwarder:AlertVehicleHandler(): [DEBUG] in=(257,0) alert=/alert/emergency/veh/215/seq=0/zor=[MASKED] decision=drop since sender is closer
+108.682011313s 105 caf.Forwarder:OnIncomingAlert(): [DEBUG] in=257 alert=/alert/emergency/veh/215/seq=0/zor=[MASKED]
+108.682011313s 105 caf.Forwarder:AlertVehicleHandler(): [DEBUG] in=(257,0) alert=/alert/emergency/veh/215/seq=0/zor=[MASKED] decision=drop since sender is closer
+108.682011340s 112 caf.Forwarder:OnIncomingAlert(): [DEBUG] in=257 alert=/alert/emergency/veh/215/seq=0/zor=[MASKED]
+108.682011340s 112 caf.Forwarder:AlertVehicleHandler(): [DEBUG] in=(257,0) alert=/alert/emergency/veh/215/seq=0/zor=[MASKED] decision=forward to vehicles deferred until 3.55441ms
+108.682011357s 223 caf.Forwarder:OnIncomingAlert(): [DEBUG] in=257 alert=/alert/emergency/veh/215/seq=0/zor=[MASKED]
+108.682011357s 223 caf.Forwarder:AlertVehicleHandler(): [DEBUG] in=(257,0) alert=/alert/emergency/veh/215/seq=0/zor=[MASKED] decision=drop since sender is closer
+108.682011359s 224 caf.Forwarder:OnIncomingAlert(): [DEBUG] in=257 alert=/alert/emergency/veh/215/seq=0/zor=[MASKED]
+108.682011359s 224 caf.Forwarder:AlertVehicleHandler(): [DEBUG] in=(257,0) alert=/alert/emergency/veh/215/seq=0/zor=[MASKED] decision=drop since sender is closer
+108.682011367s 207 caf.Forwarder:OnIncomingAlert(): [DEBUG] in=257 alert=/alert/emergency/veh/215/seq=0/zor=[MASKED]
+108.682011367s 207 caf.Forwarder:AlertVehicleHandler(): [DEBUG] in=(257,0) alert=/alert/emergency/veh/215/seq=0/zor=[MASKED] decision=forward to vehicles deferred until 2.72811ms
+108.682011390s 36 caf.Forwarder:OnIncomingAlert(): [DEBUG] in=257 alert=/alert/emergency/veh/215/seq=0/zor=[MASKED]
+108.682011390s 36 caf.Forwarder:AlertVehicleHandler(): [DEBUG] in=(257,0) alert=/alert/emergency/veh/215/seq=0/zor=[MASKED] decision=drop since sender is closer
+108.682011433s 231 caf.Forwarder:OnIncomingAlert(): [DEBUG] in=257 alert=/alert/emergency/veh/215/seq=0/zor=[MASKED]
+108.682011433s 231 caf.Forwarder:AlertVehicleHandler(): [DEBUG] in=(257,0) alert=/alert/emergency/veh/215/seq=0/zor=[MASKED] decision=drop since sender is closer
+108.682011455s 208 caf.Forwarder:OnIncomingAlert(): [DEBUG] in=257 alert=/alert/emergency/veh/215/seq=0/zor=[MASKED]
+108.682011455s 208 caf.Forwarder:AlertVehicleHandler(): [DEBUG] in=(257,0) alert=/alert/emergency/veh/215/seq=0/zor=[MASKED] decision=forward to vehicles deferred until 0.0508133ms
+108.682062268s 208 caf.Forwarder:OnOutgoingAlert(): [DEBUG] out=257 alert=/alert/emergency/veh/215/seq=0/zor=[MASKED]
+108.682936302s 125 caf.Forwarder:OnIncomingAlert(): [DEBUG] in=257 alert=/alert/emergency/veh/215/seq=0/zor=[MASKED]
+108.682936302s 125 caf.Forwarder:AlertVehicleHandler(): [DEBUG] in=(257,0) alert=/alert/emergency/veh/215/seq=0/zor=[MASKED] decision=forward to vehicles deferred until 4.03905ms
+108.682936316s 200 caf.Forwarder:OnIncomingAlert(): [DEBUG] in=257 alert=/alert/emergency/veh/215/seq=0/zor=[MASKED]
+108.682936316s 200 caf.Forwarder:AlertVehicleHandler(): [DEBUG] in=(257,0) alert=/alert/emergency/veh/215/seq=0/zor=[MASKED] decision=forward to vehicles deferred until 3.6007ms
+108.682936357s 207 caf.Forwarder:OnIncomingAlert(): [DEBUG] in=257 alert=/alert/emergency/veh/215/seq=0/zor=[MASKED]
+108.682936357s 207 caf.Forwarder:AlertVehicleHandler(): [DEBUG] in= (257,0) alert=/alert/emergency/veh/215/seq=0/zor=[MASKED] timer cancelled because sender closer to ZoR
+108.682936386s 112 caf.Forwarder:OnIncomingAlert(): [DEBUG] in=257 alert=/alert/emergency/veh/215/seq=0/zor=[MASKED]
+108.682936386s 112 caf.Forwarder:AlertVehicleHandler(): [DEBUG] in= (257,0) alert=/alert/emergency/veh/215/seq=0/zor=[MASKED] timer cancelled because sender closer to ZoR
+108.682936404s 199 caf.Forwarder:OnIncomingAlert(): [DEBUG] in=257 alert=/alert/emergency/veh/215/seq=0/zor=[MASKED]
+108.682936404s 199 caf.Forwarder:AlertVehicleHandler(): [DEBUG] in=(257,0) alert=/alert/emergency/veh/215/seq=0/zor=[MASKED] decision=forward to vehicles deferred until 0ms
+108.682936404s 199 caf.Forwarder:OnOutgoingAlert(): [DEBUG] out=257 alert=/alert/emergency/veh/215/seq=0/zor=[MASKED]
+108.682936404s 199 ndn.AlertConsumer:doReceive(): [INFO ] Received alert: /alert/emergency/veh/215/seq=0/zor=[MASKED]
+108.682936433s 215 caf.Forwarder:OnIncomingAlert(): [DEBUG] in=257 alert=/alert/emergency/veh/215/seq=0/zor=[MASKED]
+108.682936433s 215 caf.Forwarder:AlertVehicleHandler(): [DEBUG] in=(257,0) alert=/alert/emergency/veh/215/seq=0/zor=[MASKED] decision=drop because duplicate alert
+108.682936433s 216 caf.Forwarder:OnIncomingAlert(): [DEBUG] in=257 alert=/alert/emergency/veh/215/seq=0/zor=[MASKED]
+108.682936433s 216 caf.Forwarder:AlertVehicleHandler(): [DEBUG] in=(257,0) alert=/alert/emergency/veh/215/seq=0/zor=[MASKED] decision=drop because duplicate alert
+108.683810443s 192 caf.Forwarder:OnIncomingAlert(): [DEBUG] in=257 alert=/alert/emergency/veh/215/seq=0/zor=[MASKED]
+108.683810443s 192 caf.Forwarder:AlertVehicleHandler(): [DEBUG] in=(257,0) alert=/alert/emergency/veh/215/seq=0/zor=[MASKED] decision=forward to vehicles deferred until 0ms
+108.683810443s 192 caf.Forwarder:OnOutgoingAlert(): [DEBUG] out=257 alert=/alert/emergency/veh/215/seq=0/zor=[MASKED]
+108.683810443s 192 ndn.AlertConsumer:doReceive(): [INFO ] Received alert: /alert/emergency/veh/215/seq=0/zor=[MASKED]
+108.683810459s 58 caf.Forwarder:OnIncomingAlert(): [DEBUG] in=257 alert=/alert/emergency/veh/215/seq=0/zor=[MASKED]
+108.683810459s 58 caf.Forwarder:AlertVehicleHandler(): [DEBUG] in=(257,0) alert=/alert/emergency/veh/215/seq=0/zor=[MASKED] decision=forward to vehicles deferred until 0ms
+108.683810459s 58 caf.Forwarder:OnOutgoingAlert(): [DEBUG] out=257 alert=/alert/emergency/veh/215/seq=0/zor=[MASKED]
+108.683810459s 58 ndn.AlertConsumer:doReceive(): [INFO ] Received alert: /alert/emergency/veh/215/seq=0/zor=[MASKED]
+108.683810494s 200 caf.Forwarder:OnIncomingAlert(): [DEBUG] in=257 alert=/alert/emergency/veh/215/seq=0/zor=[MASKED]
+108.683810494s 200 caf.Forwarder:AlertVehicleHandler(): [DEBUG] in= (257,0) alert=/alert/emergency/veh/215/seq=0/zor=[MASKED] timer cancelled because sender closer to ZoR
+108.683810510s 191 caf.Forwarder:OnIncomingAlert(): [DEBUG] in=257 alert=/alert/emergency/veh/215/seq=0/zor=[MASKED]
+108.683810510s 191 caf.Forwarder:AlertVehicleHandler(): [DEBUG] in=(257,0) alert=/alert/emergency/veh/215/seq=0/zor=[MASKED] decision=forward to vehicles deferred until 0ms
+108.683810510s 191 caf.Forwarder:OnOutgoingAlert(): [DEBUG] out=257 alert=/alert/emergency/veh/215/seq=0/zor=[MASKED]
+108.683810510s 191 ndn.AlertConsumer:doReceive(): [INFO ] Received alert: /alert/emergency/veh/215/seq=0/zor=[MASKED]
+108.683810534s 125 caf.Forwarder:OnIncomingAlert(): [DEBUG] in=257 alert=/alert/emergency/veh/215/seq=0/zor=[MASKED]
+108.683810534s 125 caf.Forwarder:AlertVehicleHandler(): [DEBUG] in= (257,0) alert=/alert/emergency/veh/215/seq=0/zor=[MASKED] timer cancelled because sender closer to ZoR
+108.683810536s 184 caf.Forwarder:OnIncomingAlert(): [DEBUG] in=257 alert=/alert/emergency/veh/215/seq=0/zor=[MASKED]
+108.683810536s 184 caf.Forwarder:AlertVehicleHandler(): [DEBUG] in=(257,0) alert=/alert/emergency/veh/215/seq=0/zor=[MASKED] decision=forward to vehicles deferred until 0ms
+108.683810536s 184 caf.Forwarder:OnOutgoingAlert(): [DEBUG] out=257 alert=/alert/emergency/veh/215/seq=0/zor=[MASKED]
+108.683810536s 184 ndn.AlertConsumer:doReceive(): [INFO ] Received alert: /alert/emergency/veh/215/seq=0/zor=[MASKED]
+108.683810540s 208 caf.Forwarder:OnIncomingAlert(): [DEBUG] in=257 alert=/alert/emergency/veh/215/seq=0/zor=[MASKED]
+108.683810540s 208 caf.Forwarder:AlertVehicleHandler(): [DEBUG] in=(257,0) alert=/alert/emergency/veh/215/seq=0/zor=[MASKED] decision=drop because duplicate alert
+108.683810544s 177 caf.Forwarder:OnIncomingAlert(): [DEBUG] in=257 alert=/alert/emergency/veh/215/seq=0/zor=[MASKED]
+108.683810544s 177 caf.Forwarder:AlertVehicleHandler(): [DEBUG] in=(257,0) alert=/alert/emergency/veh/215/seq=0/zor=[MASKED] decision=forward to vehicles deferred until 0ms
+108.683810544s 177 caf.Forwarder:OnOutgoingAlert(): [DEBUG] out=257 alert=/alert/emergency/veh/215/seq=0/zor=[MASKED]
+108.683810544s 177 ndn.AlertConsumer:doReceive(): [INFO ] Received alert: /alert/emergency/veh/215/seq=0/zor=[MASKED]
+108.683810560s 170 caf.Forwarder:OnIncomingAlert(): [DEBUG] in=257 alert=/alert/emergency/veh/215/seq=0/zor=[MASKED]
+108.683810560s 170 caf.Forwarder:AlertVehicleHandler(): [DEBUG] in=(257,0) alert=/alert/emergency/veh/215/seq=0/zor=[MASKED] decision=forward to vehicles deferred until 0ms
+108.683810560s 170 caf.Forwarder:OnOutgoingAlert(): [DEBUG] out=257 alert=/alert/emergency/veh/215/seq=0/zor=[MASKED]
+108.683810560s 170 ndn.AlertConsumer:doReceive(): [INFO ] Received alert: /alert/emergency/veh/215/seq=0/zor=[MASKED]
+108.684684581s 176 caf.Forwarder:OnIncomingAlert(): [DEBUG] in=257 alert=/alert/emergency/veh/215/seq=0/zor=[MASKED]
+108.684684581s 176 caf.Forwarder:AlertVehicleHandler(): [DEBUG] in=(257,0) alert=/alert/emergency/veh/215/seq=0/zor=[MASKED] decision=forward to vehicles deferred until 0ms
+108.684684581s 176 caf.Forwarder:OnOutgoingAlert(): [DEBUG] out=257 alert=/alert/emergency/veh/215/seq=0/zor=[MASKED]
+108.684684581s 176 ndn.AlertConsumer:doReceive(): [INFO ] Received alert: /alert/emergency/veh/215/seq=0/zor=[MASKED]
+108.685558595s 148 caf.Forwarder:OnIncomingAlert(): [DEBUG] in=257 alert=/alert/emergency/veh/215/seq=0/zor=[MASKED]
+108.685558595s 148 caf.Forwarder:AlertVehicleHandler(): [DEBUG] in=(257,0) alert=/alert/emergency/veh/215/seq=0/zor=[MASKED] decision=forward to vehicles deferred until 0ms
+108.685558595s 148 caf.Forwarder:OnOutgoingAlert(): [DEBUG] out=257 alert=/alert/emergency/veh/215/seq=0/zor=[MASKED]
+108.685558595s 148 ndn.AlertConsumer:doReceive(): [INFO ] Received alert: /alert/emergency/veh/215/seq=0/zor=[MASKED]
+108.685558602s 170 caf.Forwarder:OnIncomingAlert(): [DEBUG] in=257 alert=/alert/emergency/veh/215/seq=0/zor=[MASKED]
+108.685558602s 170 caf.Forwarder:AlertVehicleHandler(): [DEBUG] in=(257,0) alert=/alert/emergency/veh/215/seq=0/zor=[MASKED] decision=drop because duplicate alert
+108.685558612s 162 caf.Forwarder:OnIncomingAlert(): [DEBUG] in=257 alert=/alert/emergency/veh/215/seq=0/zor=[MASKED]
+108.685558612s 162 caf.Forwarder:AlertVehicleHandler(): [DEBUG] in=(257,0) alert=/alert/emergency/veh/215/seq=0/zor=[MASKED] decision=forward to vehicles deferred until 0ms
+108.685558612s 162 caf.Forwarder:OnOutgoingAlert(): [DEBUG] out=257 alert=/alert/emergency/veh/215/seq=0/zor=[MASKED]
+108.685558612s 162 ndn.AlertConsumer:doReceive(): [INFO ] Received alert: /alert/emergency/veh/215/seq=0/zor=[MASKED]
+108.685558615s 177 caf.Forwarder:OnIncomingAlert(): [DEBUG] in=257 alert=/alert/emergency/veh/215/seq=0/zor=[MASKED]
+108.685558615s 177 caf.Forwarder:AlertVehicleHandler(): [DEBUG] in=(257,0) alert=/alert/emergency/veh/215/seq=0/zor=[MASKED] decision=drop because duplicate alert
+108.685558616s 149 caf.Forwarder:OnIncomingAlert(): [DEBUG] in=257 alert=/alert/emergency/veh/215/seq=0/zor=[MASKED]
+108.685558616s 149 caf.Forwarder:AlertVehicleHandler(): [DEBUG] in=(257,0) alert=/alert/emergency/veh/215/seq=0/zor=[MASKED] decision=forward to vehicles deferred until 0ms
+108.685558616s 149 caf.Forwarder:OnOutgoingAlert(): [DEBUG] out=257 alert=/alert/emergency/veh/215/seq=0/zor=[MASKED]
+108.685558616s 149 ndn.AlertConsumer:doReceive(): [INFO ] Received alert: /alert/emergency/veh/215/seq=0/zor=[MASKED]
+108.685558626s 184 caf.Forwarder:OnIncomingAlert(): [DEBUG] in=257 alert=/alert/emergency/veh/215/seq=0/zor=[MASKED]
+108.685558626s 184 caf.Forwarder:AlertVehicleHandler(): [DEBUG] in=(257,0) alert=/alert/emergency/veh/215/seq=0/zor=[MASKED] decision=drop because duplicate alert
+108.685558640s 163 caf.Forwarder:OnIncomingAlert(): [DEBUG] in=257 alert=/alert/emergency/veh/215/seq=0/zor=[MASKED]
+108.685558640s 163 caf.Forwarder:AlertVehicleHandler(): [DEBUG] in=(257,0) alert=/alert/emergency/veh/215/seq=0/zor=[MASKED] decision=forward to vehicles deferred until 0ms
+108.685558640s 163 caf.Forwarder:OnOutgoingAlert(): [DEBUG] out=257 alert=/alert/emergency/veh/215/seq=0/zor=[MASKED]
+108.685558640s 163 ndn.AlertConsumer:doReceive(): [INFO ] Received alert: /alert/emergency/veh/215/seq=0/zor=[MASKED]
+108.685558643s 141 caf.Forwarder:OnIncomingAlert(): [DEBUG] in=257 alert=/alert/emergency/veh/215/seq=0/zor=[MASKED]
+108.685558643s 141 caf.Forwarder:AlertVehicleHandler(): [DEBUG] in=(257,0) alert=/alert/emergency/veh/215/seq=0/zor=[MASKED] decision=forward to vehicles deferred until 0ms
+108.685558643s 141 caf.Forwarder:OnOutgoingAlert(): [DEBUG] out=257 alert=/alert/emergency/veh/215/seq=0/zor=[MASKED]
+108.685558643s 141 ndn.AlertConsumer:doReceive(): [INFO ] Received alert: /alert/emergency/veh/215/seq=0/zor=[MASKED]
+108.685558650s 191 caf.Forwarder:OnIncomingAlert(): [DEBUG] in=257 alert=/alert/emergency/veh/215/seq=0/zor=[MASKED]
+108.685558650s 191 caf.Forwarder:AlertVehicleHandler(): [DEBUG] in=(257,0) alert=/alert/emergency/veh/215/seq=0/zor=[MASKED] decision=drop because duplicate alert
+108.685558668s 134 caf.Forwarder:OnIncomingAlert(): [DEBUG] in=257 alert=/alert/emergency/veh/215/seq=0/zor=[MASKED]
+108.685558668s 134 caf.Forwarder:AlertVehicleHandler(): [DEBUG] in=(257,0) alert=/alert/emergency/veh/215/seq=0/zor=[MASKED] decision=forward to vehicles deferred until 0ms
+108.685558668s 134 caf.Forwarder:OnOutgoingAlert(): [DEBUG] out=257 alert=/alert/emergency/veh/215/seq=0/zor=[MASKED]
+108.685558668s 134 ndn.AlertConsumer:doReceive(): [INFO ] Received alert: /alert/emergency/veh/215/seq=0/zor=[MASKED]
+108.685558670s 155 caf.Forwarder:OnIncomingAlert(): [DEBUG] in=257 alert=/alert/emergency/veh/215/seq=0/zor=[MASKED]
+108.685558670s 155 caf.Forwarder:AlertVehicleHandler(): [DEBUG] in=(257,0) alert=/alert/emergency/veh/215/seq=0/zor=[MASKED] decision=forward to vehicles deferred until 0ms
+108.685558670s 155 caf.Forwarder:OnOutgoingAlert(): [DEBUG] out=257 alert=/alert/emergency/veh/215/seq=0/zor=[MASKED]
+108.685558670s 155 ndn.AlertConsumer:doReceive(): [INFO ] Received alert: /alert/emergency/veh/215/seq=0/zor=[MASKED]
+108.685558691s 133 caf.Forwarder:OnIncomingAlert(): [DEBUG] in=257 alert=/alert/emergency/veh/215/seq=0/zor=[MASKED]
+108.685558691s 133 caf.Forwarder:AlertVehicleHandler(): [DEBUG] in=(257,0) alert=/alert/emergency/veh/215/seq=0/zor=[MASKED] decision=forward to vehicles deferred until 0ms
+108.685558691s 133 caf.Forwarder:OnOutgoingAlert(): [DEBUG] out=257 alert=/alert/emergency/veh/215/seq=0/zor=[MASKED]
+108.685558691s 133 ndn.AlertConsumer:doReceive(): [INFO ] Received alert: /alert/emergency/veh/215/seq=0/zor=[MASKED]
+108.685558702s 140 caf.Forwarder:OnIncomingAlert(): [DEBUG] in=257 alert=/alert/emergency/veh/215/seq=0/zor=[MASKED]
+108.685558702s 140 caf.Forwarder:AlertVehicleHandler(): [DEBUG] in=(257,0) alert=/alert/emergency/veh/215/seq=0/zor=[MASKED] decision=forward to vehicles deferred until 0ms
+108.685558702s 140 caf.Forwarder:OnOutgoingAlert(): [DEBUG] out=257 alert=/alert/emergency/veh/215/seq=0/zor=[MASKED]
+108.685558702s 140 ndn.AlertConsumer:doReceive(): [INFO ] Received alert: /alert/emergency/veh/215/seq=0/zor=[MASKED]
+108.685558715s 58 caf.Forwarder:OnIncomingAlert(): [DEBUG] in=257 alert=/alert/emergency/veh/215/seq=0/zor=[MASKED]
+108.685558715s 58 caf.Forwarder:AlertVehicleHandler(): [DEBUG] in=(257,0) alert=/alert/emergency/veh/215/seq=0/zor=[MASKED] decision=drop because duplicate alert
+108.685558716s 131 caf.Forwarder:OnIncomingAlert(): [DEBUG] in=257 alert=/alert/emergency/veh/215/seq=0/zor=[MASKED]
+108.685558716s 131 caf.Forwarder:AlertVehicleHandler(): [DEBUG] in=(257,0) alert=/alert/emergency/veh/215/seq=0/zor=[MASKED] decision=forward to vehicles deferred until 0ms
+108.685558716s 131 caf.Forwarder:OnOutgoingAlert(): [DEBUG] out=257 alert=/alert/emergency/veh/215/seq=0/zor=[MASKED]
+108.685558716s 131 ndn.AlertConsumer:doReceive(): [INFO ] Received alert: /alert/emergency/veh/215/seq=0/zor=[MASKED]
+108.685558717s 122 caf.Forwarder:OnIncomingAlert(): [DEBUG] in=257 alert=/alert/emergency/veh/215/seq=0/zor=[MASKED]
+108.685558717s 122 caf.Forwarder:AlertVehicleHandler(): [DEBUG] in=(257,0) alert=/alert/emergency/veh/215/seq=0/zor=[MASKED] decision=forward to vehicles deferred until 0ms
+108.685558717s 122 caf.Forwarder:OnOutgoingAlert(): [DEBUG] out=257 alert=/alert/emergency/veh/215/seq=0/zor=[MASKED]
+108.685558717s 122 ndn.AlertConsumer:doReceive(): [INFO ] Received alert: /alert/emergency/veh/215/seq=0/zor=[MASKED]
+108.685558718s 192 caf.Forwarder:OnIncomingAlert(): [DEBUG] in=257 alert=/alert/emergency/veh/215/seq=0/zor=[MASKED]
+108.685558718s 192 caf.Forwarder:AlertVehicleHandler(): [DEBUG] in=(257,0) alert=/alert/emergency/veh/215/seq=0/zor=[MASKED] decision=drop because duplicate alert
+108.685558735s 128 caf.Forwarder:OnIncomingAlert(): [DEBUG] in=257 alert=/alert/emergency/veh/215/seq=0/zor=[MASKED]
+108.685558735s 128 caf.Forwarder:AlertVehicleHandler(): [DEBUG] in=(257,0) alert=/alert/emergency/veh/215/seq=0/zor=[MASKED] decision=forward to vehicles deferred until 0ms
+108.685558735s 128 caf.Forwarder:OnOutgoingAlert(): [DEBUG] out=257 alert=/alert/emergency/veh/215/seq=0/zor=[MASKED]
+108.685558735s 128 ndn.AlertConsumer:doReceive(): [INFO ] Received alert: /alert/emergency/veh/215/seq=0/zor=[MASKED]
+108.685558742s 115 caf.Forwarder:OnIncomingAlert(): [DEBUG] in=257 alert=/alert/emergency/veh/215/seq=0/zor=[MASKED]
+108.685558742s 115 caf.Forwarder:AlertVehicleHandler(): [DEBUG] in=(257,0) alert=/alert/emergency/veh/215/seq=0/zor=[MASKED] decision=forward to vehicles deferred until 0ms
+108.685558742s 115 caf.Forwarder:OnOutgoingAlert(): [DEBUG] out=257 alert=/alert/emergency/veh/215/seq=0/zor=[MASKED]
+108.685558742s 115 ndn.AlertConsumer:doReceive(): [INFO ] Received alert: /alert/emergency/veh/215/seq=0/zor=[MASKED]
+108.686432609s 176 caf.Forwarder:OnIncomingAlert(): [DEBUG] in=257 alert=/alert/emergency/veh/215/seq=0/zor=[MASKED]
+108.686432609s 176 caf.Forwarder:AlertVehicleHandler(): [DEBUG] in=(257,0) alert=/alert/emergency/veh/215/seq=0/zor=[MASKED] decision=drop because duplicate alert
+109.546628151s 216 ndn.RandomAlertProducer:SendAlert(): [LOGIC] Don't send alert; condition failed
+109.620308357s 218 ndn.RandomAlertProducer:AlertSupplier(): [LOGIC] Send alert=/alert/emergency/veh/218/seq=0/zor=[MASKED] vehCount=123 rsuCount=9
+109.620308357s 218 caf.Forwarder:OnIncomingAlert(): [DEBUG] in=260 alert=/alert/emergency/veh/218/seq=0/zor=[MASKED]
+109.620308357s 218 caf.Forwarder:AlertVehicleHandler(): [DEBUG] in=(260,0) alert=/alert/emergency/veh/218/seq=0/zor=[MASKED] decision=forward to vehicles
+109.620308357s 218 caf.Forwarder:OnOutgoingAlert(): [DEBUG] out=257 alert=/alert/emergency/veh/218/seq=0/zor=[MASKED]
+109.621182372s 210 caf.Forwarder:OnIncomingAlert(): [DEBUG] in=257 alert=/alert/emergency/veh/218/seq=0/zor=[MASKED]
+109.621182372s 210 caf.Forwarder:AlertVehicleHandler(): [DEBUG] in=(257,0) alert=/alert/emergency/veh/218/seq=0/zor=[MASKED] decision=forward to vehicles deferred until 4.59621ms
+109.621182397s 65 caf.Forwarder:OnIncomingAlert(): [DEBUG] in=257 alert=/alert/emergency/veh/218/seq=0/zor=[MASKED]
+109.621182397s 65 caf.Forwarder:AlertVehicleHandler(): [DEBUG] in=(257,0) alert=/alert/emergency/veh/218/seq=0/zor=[MASKED] decision=drop since sender is closer
+109.621182420s 80 caf.Forwarder:OnIncomingAlert(): [DEBUG] in=257 alert=/alert/emergency/veh/218/seq=0/zor=[MASKED]
+109.621182420s 80 caf.Forwarder:AlertVehicleHandler(): [DEBUG] in=(257,0) alert=/alert/emergency/veh/218/seq=0/zor=[MASKED] decision=forward to vehicles deferred until 3.1448ms
+109.621182436s 205 caf.Forwarder:OnIncomingAlert(): [DEBUG] in=257 alert=/alert/emergency/veh/218/seq=0/zor=[MASKED]
+109.621182436s 205 caf.Forwarder:AlertVehicleHandler(): [DEBUG] in=(257,0) alert=/alert/emergency/veh/218/seq=0/zor=[MASKED] decision=forward to vehicles deferred until 0ms
+109.621182436s 205 caf.Forwarder:OnOutgoingAlert(): [DEBUG] out=257 alert=/alert/emergency/veh/218/seq=0/zor=[MASKED]
+109.621182436s 205 ndn.AlertConsumer:doReceive(): [INFO ] Received alert: /alert/emergency/veh/218/seq=0/zor=[MASKED]
+109.621182454s 96 caf.Forwarder:OnIncomingAlert(): [DEBUG] in=257 alert=/alert/emergency/veh/218/seq=0/zor=[MASKED]
+109.621182454s 96 caf.Forwarder:AlertVehicleHandler(): [DEBUG] in=(257,0) alert=/alert/emergency/veh/218/seq=0/zor=[MASKED] decision=drop since sender is closer
+109.621182461s 213 caf.Forwarder:OnIncomingAlert(): [DEBUG] in=257 alert=/alert/emergency/veh/218/seq=0/zor=[MASKED]
+109.621182461s 213 caf.Forwarder:AlertVehicleHandler(): [DEBUG] in=(257,0) alert=/alert/emergency/veh/218/seq=0/zor=[MASKED] decision=drop since sender is closer
+109.621182477s 44 caf.Forwarder:OnIncomingAlert(): [DEBUG] in=257 alert=/alert/emergency/veh/218/seq=0/zor=[MASKED]
+109.621182477s 44 caf.Forwarder:AlertVehicleHandler(): [DEBUG] in=(257,0) alert=/alert/emergency/veh/218/seq=0/zor=[MASKED] decision=drop since sender is closer
+109.621182482s 202 caf.Forwarder:OnIncomingAlert(): [DEBUG] in=257 alert=/alert/emergency/veh/218/seq=0/zor=[MASKED]
+109.621182482s 202 caf.Forwarder:AlertVehicleHandler(): [DEBUG] in=(257,0) alert=/alert/emergency/veh/218/seq=0/zor=[MASKED] decision=forward to vehicles deferred until 0ms
+109.621182482s 202 caf.Forwarder:OnOutgoingAlert(): [DEBUG] out=257 alert=/alert/emergency/veh/218/seq=0/zor=[MASKED]
+109.621182482s 202 ndn.AlertConsumer:doReceive(): [INFO ] Received alert: /alert/emergency/veh/218/seq=0/zor=[MASKED]
+109.621182487s 221 caf.Forwarder:OnIncomingAlert(): [DEBUG] in=257 alert=/alert/emergency/veh/218/seq=0/zor=[MASKED]
+109.621182487s 221 caf.Forwarder:AlertVehicleHandler(): [DEBUG] in=(257,0) alert=/alert/emergency/veh/218/seq=0/zor=[MASKED] decision=drop since sender is closer
+109.622056473s 80 caf.Forwarder:OnIncomingAlert(): [DEBUG] in=257 alert=/alert/emergency/veh/218/seq=0/zor=[MASKED]
+109.622056473s 80 caf.Forwarder:AlertVehicleHandler(): [DEBUG] in= (257,0) alert=/alert/emergency/veh/218/seq=0/zor=[MASKED] timer cancelled because sender closer to ZoR
+109.622056504s 210 caf.Forwarder:OnIncomingAlert(): [DEBUG] in=257 alert=/alert/emergency/veh/218/seq=0/zor=[MASKED]
+109.622056504s 210 caf.Forwarder:AlertVehicleHandler(): [DEBUG] in= (257,0) alert=/alert/emergency/veh/218/seq=0/zor=[MASKED] timer cancelled because sender closer to ZoR
+109.622056515s 218 caf.Forwarder:OnIncomingAlert(): [DEBUG] in=257 alert=/alert/emergency/veh/218/seq=0/zor=[MASKED]
+109.622056515s 218 caf.Forwarder:AlertVehicleHandler(): [DEBUG] in=(257,0) alert=/alert/emergency/veh/218/seq=0/zor=[MASKED] decision=drop because duplicate alert
+109.622056540s 194 caf.Forwarder:OnIncomingAlert(): [DEBUG] in=257 alert=/alert/emergency/veh/218/seq=0/zor=[MASKED]
+109.622056540s 194 caf.Forwarder:AlertVehicleHandler(): [DEBUG] in=(257,0) alert=/alert/emergency/veh/218/seq=0/zor=[MASKED] decision=forward to vehicles deferred until 0ms
+109.622056540s 194 caf.Forwarder:OnOutgoingAlert(): [DEBUG] out=257 alert=/alert/emergency/veh/218/seq=0/zor=[MASKED]
+109.622056540s 194 ndn.AlertConsumer:doReceive(): [INFO ] Received alert: /alert/emergency/veh/218/seq=0/zor=[MASKED]
+109.622056544s 101 caf.Forwarder:OnIncomingAlert(): [DEBUG] in=257 alert=/alert/emergency/veh/218/seq=0/zor=[MASKED]
+109.622056544s 101 caf.Forwarder:AlertVehicleHandler(): [DEBUG] in=(257,0) alert=/alert/emergency/veh/218/seq=0/zor=[MASKED] decision=forward to vehicles deferred until 0ms
+109.622056544s 101 caf.Forwarder:OnOutgoingAlert(): [DEBUG] out=257 alert=/alert/emergency/veh/218/seq=0/zor=[MASKED]
+109.622056544s 101 ndn.AlertConsumer:doReceive(): [INFO ] Received alert: /alert/emergency/veh/218/seq=0/zor=[MASKED]
+109.622056553s 65 caf.Forwarder:OnIncomingAlert(): [DEBUG] in=257 alert=/alert/emergency/veh/218/seq=0/zor=[MASKED]
+109.622056553s 65 caf.Forwarder:AlertVehicleHandler(): [DEBUG] in=(257,0) alert=/alert/emergency/veh/218/seq=0/zor=[MASKED] decision=drop because duplicate alert
+109.679545528s 217 ndn.RandomAlertProducer:SendAlert(): [LOGIC] Don't send alert; condition failed
+110.048414367s 220 ndn.RandomAlertProducer:AlertSupplier(): [LOGIC] Send alert=/alert/emergency/veh/220/seq=0/zor=[MASKED] vehCount=124 rsuCount=9
+110.048414367s 220 caf.Forwarder:OnIncomingAlert(): [DEBUG] in=260 alert=/alert/emergency/veh/220/seq=0/zor=[MASKED]
+110.048414367s 220 caf.Forwarder:AlertVehicleHandler(): [DEBUG] in=(260,0) alert=/alert/emergency/veh/220/seq=0/zor=[MASKED] decision=forward to vehicles
+110.048414367s 220 caf.Forwarder:OnOutgoingAlert(): [DEBUG] out=257 alert=/alert/emergency/veh/220/seq=0/zor=[MASKED]
+110.049288391s 212 caf.Forwarder:OnIncomingAlert(): [DEBUG] in=257 alert=/alert/emergency/veh/220/seq=0/zor=[MASKED]
+110.049288391s 212 caf.Forwarder:AlertVehicleHandler(): [DEBUG] in=(257,0) alert=/alert/emergency/veh/220/seq=0/zor=[MASKED] decision=drop since sender is closer
+110.049288395s 61 caf.Forwarder:OnIncomingAlert(): [DEBUG] in=257 alert=/alert/emergency/veh/220/seq=0/zor=[MASKED]
+110.049288395s 61 caf.Forwarder:AlertVehicleHandler(): [DEBUG] in=(257,0) alert=/alert/emergency/veh/220/seq=0/zor=[MASKED] decision=forward to vehicles deferred until 4.21496ms
+110.049288410s 204 caf.Forwarder:OnIncomingAlert(): [DEBUG] in=257 alert=/alert/emergency/veh/220/seq=0/zor=[MASKED]
+110.049288410s 204 caf.Forwarder:AlertVehicleHandler(): [DEBUG] in=(257,0) alert=/alert/emergency/veh/220/seq=0/zor=[MASKED] decision=forward to vehicles deferred until 3.76508ms
+110.049288447s 219 caf.Forwarder:OnIncomingAlert(): [DEBUG] in=257 alert=/alert/emergency/veh/220/seq=0/zor=[MASKED]
+110.049288447s 219 caf.Forwarder:AlertVehicleHandler(): [DEBUG] in=(257,0) alert=/alert/emergency/veh/220/seq=0/zor=[MASKED] decision=drop since sender is closer
+110.049288450s 75 caf.Forwarder:OnIncomingAlert(): [DEBUG] in=257 alert=/alert/emergency/veh/220/seq=0/zor=[MASKED]
+110.049288450s 75 caf.Forwarder:AlertVehicleHandler(): [DEBUG] in=(257,0) alert=/alert/emergency/veh/220/seq=0/zor=[MASKED] decision=drop since sender is closer
+110.049288454s 211 caf.Forwarder:OnIncomingAlert(): [DEBUG] in=257 alert=/alert/emergency/veh/220/seq=0/zor=[MASKED]
+110.049288454s 211 caf.Forwarder:AlertVehicleHandler(): [DEBUG] in=(257,0) alert=/alert/emergency/veh/220/seq=0/zor=[MASKED] decision=forward to vehicles deferred until 0ms
+110.049288454s 211 caf.Forwarder:OnOutgoingAlert(): [DEBUG] out=257 alert=/alert/emergency/veh/220/seq=0/zor=[MASKED]
+110.049288454s 211 ndn.AlertConsumer:doReceive(): [INFO ] Received alert: /alert/emergency/veh/220/seq=0/zor=[MASKED]
+110.049288471s 196 caf.Forwarder:OnIncomingAlert(): [DEBUG] in=257 alert=/alert/emergency/veh/220/seq=0/zor=[MASKED]
+110.049288471s 196 caf.Forwarder:AlertVehicleHandler(): [DEBUG] in=(257,0) alert=/alert/emergency/veh/220/seq=0/zor=[MASKED] decision=forward to vehicles deferred until 0ms
+110.049288471s 196 caf.Forwarder:OnOutgoingAlert(): [DEBUG] out=257 alert=/alert/emergency/veh/220/seq=0/zor=[MASKED]
+110.049288471s 196 ndn.AlertConsumer:doReceive(): [INFO ] Received alert: /alert/emergency/veh/220/seq=0/zor=[MASKED]
+110.049288479s 97 caf.Forwarder:OnIncomingAlert(): [DEBUG] in=257 alert=/alert/emergency/veh/220/seq=0/zor=[MASKED]
+110.049288479s 97 caf.Forwarder:AlertVehicleHandler(): [DEBUG] in=(257,0) alert=/alert/emergency/veh/220/seq=0/zor=[MASKED] decision=forward to vehicles deferred until 0ms
+110.049288479s 97 caf.Forwarder:OnOutgoingAlert(): [DEBUG] out=257 alert=/alert/emergency/veh/220/seq=0/zor=[MASKED]
+110.049288479s 97 ndn.AlertConsumer:doReceive(): [INFO ] Received alert: /alert/emergency/veh/220/seq=0/zor=[MASKED]
+110.049288525s 62 caf.Forwarder:OnIncomingAlert(): [DEBUG] in=257 alert=/alert/emergency/veh/220/seq=0/zor=[MASKED]
+110.049288525s 62 caf.Forwarder:AlertVehicleHandler(): [DEBUG] in=(257,0) alert=/alert/emergency/veh/220/seq=0/zor=[MASKED] decision=drop since sender is closer
+110.049288528s 203 caf.Forwarder:OnIncomingAlert(): [DEBUG] in=257 alert=/alert/emergency/veh/220/seq=0/zor=[MASKED]
+110.049288528s 203 caf.Forwarder:AlertVehicleHandler(): [DEBUG] in=(257,0) alert=/alert/emergency/veh/220/seq=0/zor=[MASKED] decision=forward to vehicles deferred until 0ms
+110.049288528s 203 caf.Forwarder:OnOutgoingAlert(): [DEBUG] out=257 alert=/alert/emergency/veh/220/seq=0/zor=[MASKED]
+110.049288528s 203 ndn.AlertConsumer:doReceive(): [INFO ] Received alert: /alert/emergency/veh/220/seq=0/zor=[MASKED]
+110.050162559s 91 caf.Forwarder:OnIncomingAlert(): [DEBUG] in=257 alert=/alert/emergency/veh/220/seq=0/zor=[MASKED]
+110.050162559s 91 caf.Forwarder:AlertVehicleHandler(): [DEBUG] in=(257,0) alert=/alert/emergency/veh/220/seq=0/zor=[MASKED] decision=forward to vehicles deferred until 0ms
+110.050162559s 91 caf.Forwarder:OnOutgoingAlert(): [DEBUG] out=257 alert=/alert/emergency/veh/220/seq=0/zor=[MASKED]
+110.050162559s 91 ndn.AlertConsumer:doReceive(): [INFO ] Received alert: /alert/emergency/veh/220/seq=0/zor=[MASKED]
+110.050162573s 195 caf.Forwarder:OnIncomingAlert(): [DEBUG] in=257 alert=/alert/emergency/veh/220/seq=0/zor=[MASKED]
+110.050162573s 195 caf.Forwarder:AlertVehicleHandler(): [DEBUG] in=(257,0) alert=/alert/emergency/veh/220/seq=0/zor=[MASKED] decision=forward to vehicles deferred until 0ms
+110.050162573s 195 caf.Forwarder:OnOutgoingAlert(): [DEBUG] out=257 alert=/alert/emergency/veh/220/seq=0/zor=[MASKED]
+110.050162573s 195 ndn.AlertConsumer:doReceive(): [INFO ] Received alert: /alert/emergency/veh/220/seq=0/zor=[MASKED]
+110.051036590s 203 caf.Forwarder:OnIncomingAlert(): [DEBUG] in=257 alert=/alert/emergency/veh/220/seq=0/zor=[MASKED]
+110.051036590s 203 caf.Forwarder:AlertVehicleHandler(): [DEBUG] in=(257,0) alert=/alert/emergency/veh/220/seq=0/zor=[MASKED] decision=drop because duplicate alert
+110.051036608s 187 caf.Forwarder:OnIncomingAlert(): [DEBUG] in=257 alert=/alert/emergency/veh/220/seq=0/zor=[MASKED]
+110.051036608s 187 caf.Forwarder:AlertVehicleHandler(): [DEBUG] in=(257,0) alert=/alert/emergency/veh/220/seq=0/zor=[MASKED] decision=forward to vehicles deferred until 0ms
+110.051036608s 187 caf.Forwarder:OnOutgoingAlert(): [DEBUG] out=257 alert=/alert/emergency/veh/220/seq=0/zor=[MASKED]
+110.051036608s 187 ndn.AlertConsumer:doReceive(): [INFO ] Received alert: /alert/emergency/veh/220/seq=0/zor=[MASKED]
+110.051910643s 195 caf.Forwarder:OnIncomingAlert(): [DEBUG] in=257 alert=/alert/emergency/veh/220/seq=0/zor=[MASKED]
+110.051910643s 195 caf.Forwarder:AlertVehicleHandler(): [DEBUG] in=(257,0) alert=/alert/emergency/veh/220/seq=0/zor=[MASKED] decision=drop because duplicate alert
+110.051910652s 174 caf.Forwarder:OnIncomingAlert(): [DEBUG] in=257 alert=/alert/emergency/veh/220/seq=0/zor=[MASKED]
+110.051910652s 174 caf.Forwarder:AlertVehicleHandler(): [DEBUG] in=(257,0) alert=/alert/emergency/veh/220/seq=0/zor=[MASKED] decision=forward to vehicles deferred until 0ms
+110.051910652s 174 caf.Forwarder:OnOutgoingAlert(): [DEBUG] out=257 alert=/alert/emergency/veh/220/seq=0/zor=[MASKED]
+110.051910652s 174 ndn.AlertConsumer:doReceive(): [INFO ] Received alert: /alert/emergency/veh/220/seq=0/zor=[MASKED]
+110.051910667s 91 caf.Forwarder:OnIncomingAlert(): [DEBUG] in=257 alert=/alert/emergency/veh/220/seq=0/zor=[MASKED]
+110.051910667s 91 caf.Forwarder:AlertVehicleHandler(): [DEBUG] in=(257,0) alert=/alert/emergency/veh/220/seq=0/zor=[MASKED] decision=drop because duplicate alert
+110.051910668s 83 caf.Forwarder:OnIncomingAlert(): [DEBUG] in=257 alert=/alert/emergency/veh/220/seq=0/zor=[MASKED]
+110.051910668s 83 caf.Forwarder:AlertVehicleHandler(): [DEBUG] in=(257,0) alert=/alert/emergency/veh/220/seq=0/zor=[MASKED] decision=forward to vehicles deferred until 0ms
+110.051910668s 83 caf.Forwarder:OnOutgoingAlert(): [DEBUG] out=257 alert=/alert/emergency/veh/220/seq=0/zor=[MASKED]
+110.051910668s 83 ndn.AlertConsumer:doReceive(): [INFO ] Received alert: /alert/emergency/veh/220/seq=0/zor=[MASKED]
+110.051910685s 203 caf.Forwarder:OnIncomingAlert(): [DEBUG] in=257 alert=/alert/emergency/veh/220/seq=0/zor=[MASKED]
+110.051910685s 203 caf.Forwarder:AlertVehicleHandler(): [DEBUG] in=(257,0) alert=/alert/emergency/veh/220/seq=0/zor=[MASKED] decision=drop because duplicate alert
+110.051910694s 181 caf.Forwarder:OnIncomingAlert(): [DEBUG] in=257 alert=/alert/emergency/veh/220/seq=0/zor=[MASKED]
+110.051910694s 181 caf.Forwarder:AlertVehicleHandler(): [DEBUG] in=(257,0) alert=/alert/emergency/veh/220/seq=0/zor=[MASKED] decision=forward to vehicles deferred until 0ms
+110.051910694s 181 caf.Forwarder:OnOutgoingAlert(): [DEBUG] out=257 alert=/alert/emergency/veh/220/seq=0/zor=[MASKED]
+110.051910694s 181 ndn.AlertConsumer:doReceive(): [INFO ] Received alert: /alert/emergency/veh/220/seq=0/zor=[MASKED]
+110.051910736s 97 caf.Forwarder:OnIncomingAlert(): [DEBUG] in=257 alert=/alert/emergency/veh/220/seq=0/zor=[MASKED]
+110.051910736s 97 caf.Forwarder:AlertVehicleHandler(): [DEBUG] in=(257,0) alert=/alert/emergency/veh/220/seq=0/zor=[MASKED] decision=drop because duplicate alert
+110.051910743s 196 caf.Forwarder:OnIncomingAlert(): [DEBUG] in=257 alert=/alert/emergency/veh/220/seq=0/zor=[MASKED]
+110.051910743s 196 caf.Forwarder:AlertVehicleHandler(): [DEBUG] in=(257,0) alert=/alert/emergency/veh/220/seq=0/zor=[MASKED] decision=drop because duplicate alert
+110.051910759s 211 caf.Forwarder:OnIncomingAlert(): [DEBUG] in=257 alert=/alert/emergency/veh/220/seq=0/zor=[MASKED]
+110.051910759s 211 caf.Forwarder:AlertVehicleHandler(): [DEBUG] in=(257,0) alert=/alert/emergency/veh/220/seq=0/zor=[MASKED] decision=drop because duplicate alert
+110.051910763s 188 caf.Forwarder:OnIncomingAlert(): [DEBUG] in=257 alert=/alert/emergency/veh/220/seq=0/zor=[MASKED]
+110.051910763s 188 caf.Forwarder:AlertVehicleHandler(): [DEBUG] in=(257,0) alert=/alert/emergency/veh/220/seq=0/zor=[MASKED] decision=forward to vehicles deferred until 0ms
+110.051910763s 188 caf.Forwarder:OnOutgoingAlert(): [DEBUG] out=257 alert=/alert/emergency/veh/220/seq=0/zor=[MASKED]
+110.051910763s 188 ndn.AlertConsumer:doReceive(): [INFO ] Received alert: /alert/emergency/veh/220/seq=0/zor=[MASKED]
+110.052784806s 89 caf.Forwarder:OnIncomingAlert(): [DEBUG] in=257 alert=/alert/emergency/veh/220/seq=0/zor=[MASKED]
+110.052784806s 89 caf.Forwarder:AlertVehicleHandler(): [DEBUG] in=(257,0) alert=/alert/emergency/veh/220/seq=0/zor=[MASKED] decision=forward to vehicles deferred until 0ms
+110.052784806s 89 caf.Forwarder:OnOutgoingAlert(): [DEBUG] out=257 alert=/alert/emergency/veh/220/seq=0/zor=[MASKED]
+110.052784806s 89 ndn.AlertConsumer:doReceive(): [INFO ] Received alert: /alert/emergency/veh/220/seq=0/zor=[MASKED]
+110.052784830s 180 caf.Forwarder:OnIncomingAlert(): [DEBUG] in=257 alert=/alert/emergency/veh/220/seq=0/zor=[MASKED]
+110.052784830s 180 caf.Forwarder:AlertVehicleHandler(): [DEBUG] in=(257,0) alert=/alert/emergency/veh/220/seq=0/zor=[MASKED] decision=forward to vehicles deferred until 0ms
+110.052784830s 180 caf.Forwarder:OnOutgoingAlert(): [DEBUG] out=257 alert=/alert/emergency/veh/220/seq=0/zor=[MASKED]
+110.052784830s 180 ndn.AlertConsumer:doReceive(): [INFO ] Received alert: /alert/emergency/veh/220/seq=0/zor=[MASKED]
+110.053053492s 204 caf.Forwarder:OnOutgoingAlert(): [DEBUG] out=257 alert=/alert/emergency/veh/220/seq=0/zor=[MASKED]
+110.053503357s 61 caf.Forwarder:OnOutgoingAlert(): [DEBUG] out=257 alert=/alert/emergency/veh/220/seq=0/zor=[MASKED]
+110.053658849s 188 caf.Forwarder:OnIncomingAlert(): [DEBUG] in=257 alert=/alert/emergency/veh/220/seq=0/zor=[MASKED]
+110.053658849s 188 caf.Forwarder:AlertVehicleHandler(): [DEBUG] in=(257,0) alert=/alert/emergency/veh/220/seq=0/zor=[MASKED] decision=drop because duplicate alert
+110.053658866s 173 caf.Forwarder:OnIncomingAlert(): [DEBUG] in=257 alert=/alert/emergency/veh/220/seq=0/zor=[MASKED]
+110.053658866s 173 caf.Forwarder:AlertVehicleHandler(): [DEBUG] in=(257,0) alert=/alert/emergency/veh/220/seq=0/zor=[MASKED] decision=forward to vehicles deferred until 0ms
+110.053658866s 173 caf.Forwarder:OnOutgoingAlert(): [DEBUG] out=257 alert=/alert/emergency/veh/220/seq=0/zor=[MASKED]
+110.053658866s 173 ndn.AlertConsumer:doReceive(): [INFO ] Received alert: /alert/emergency/veh/220/seq=0/zor=[MASKED]
+110.053658915s 159 caf.Forwarder:OnIncomingAlert(): [DEBUG] in=257 alert=/alert/emergency/veh/220/seq=0/zor=[MASKED]
+110.053658915s 159 caf.Forwarder:AlertVehicleHandler(): [DEBUG] in=(257,0) alert=/alert/emergency/veh/220/seq=0/zor=[MASKED] decision=forward to vehicles deferred until 0ms
+110.053658915s 159 caf.Forwarder:OnOutgoingAlert(): [DEBUG] out=257 alert=/alert/emergency/veh/220/seq=0/zor=[MASKED]
+110.053658915s 159 ndn.AlertConsumer:doReceive(): [INFO ] Received alert: /alert/emergency/veh/220/seq=0/zor=[MASKED]
+110.053927532s 61 caf.Forwarder:OnIncomingAlert(): [DEBUG] in=257 alert=/alert/emergency/veh/220/seq=0/zor=[MASKED]
+110.053927532s 61 caf.Forwarder:AlertVehicleHandler(): [DEBUG] in=(257,0) alert=/alert/emergency/veh/220/seq=0/zor=[MASKED] decision=drop because duplicate alert
+110.053927534s 220 caf.Forwarder:OnIncomingAlert(): [DEBUG] in=257 alert=/alert/emergency/veh/220/seq=0/zor=[MASKED]
+110.053927534s 220 caf.Forwarder:AlertVehicleHandler(): [DEBUG] in=(257,0) alert=/alert/emergency/veh/220/seq=0/zor=[MASKED] decision=drop because duplicate alert
+110.053927539s 211 caf.Forwarder:OnIncomingAlert(): [DEBUG] in=257 alert=/alert/emergency/veh/220/seq=0/zor=[MASKED]
+110.053927539s 211 caf.Forwarder:AlertVehicleHandler(): [DEBUG] in=(257,0) alert=/alert/emergency/veh/220/seq=0/zor=[MASKED] decision=drop because duplicate alert
+110.053927554s 196 caf.Forwarder:OnIncomingAlert(): [DEBUG] in=257 alert=/alert/emergency/veh/220/seq=0/zor=[MASKED]
+110.053927554s 196 caf.Forwarder:AlertVehicleHandler(): [DEBUG] in=(257,0) alert=/alert/emergency/veh/220/seq=0/zor=[MASKED] decision=drop because duplicate alert
+110.053927555s 212 caf.Forwarder:OnIncomingAlert(): [DEBUG] in=257 alert=/alert/emergency/veh/220/seq=0/zor=[MASKED]
+110.053927555s 212 caf.Forwarder:AlertVehicleHandler(): [DEBUG] in=(257,0) alert=/alert/emergency/veh/220/seq=0/zor=[MASKED] decision=drop because duplicate alert
+110.053927566s 97 caf.Forwarder:OnIncomingAlert(): [DEBUG] in=257 alert=/alert/emergency/veh/220/seq=0/zor=[MASKED]
+110.053927566s 97 caf.Forwarder:AlertVehicleHandler(): [DEBUG] in=(257,0) alert=/alert/emergency/veh/220/seq=0/zor=[MASKED] decision=drop because duplicate alert
+110.053927612s 203 caf.Forwarder:OnIncomingAlert(): [DEBUG] in=257 alert=/alert/emergency/veh/220/seq=0/zor=[MASKED]
+110.053927612s 203 caf.Forwarder:AlertVehicleHandler(): [DEBUG] in=(257,0) alert=/alert/emergency/veh/220/seq=0/zor=[MASKED] decision=drop because duplicate alert
+110.053927612s 219 caf.Forwarder:OnIncomingAlert(): [DEBUG] in=257 alert=/alert/emergency/veh/220/seq=0/zor=[MASKED]
+110.053927612s 219 caf.Forwarder:AlertVehicleHandler(): [DEBUG] in=(257,0) alert=/alert/emergency/veh/220/seq=0/zor=[MASKED] decision=drop because duplicate alert
+110.053927618s 75 caf.Forwarder:OnIncomingAlert(): [DEBUG] in=257 alert=/alert/emergency/veh/220/seq=0/zor=[MASKED]
+110.053927618s 75 caf.Forwarder:AlertVehicleHandler(): [DEBUG] in=(257,0) alert=/alert/emergency/veh/220/seq=0/zor=[MASKED] decision=drop because duplicate alert
+110.053927638s 91 caf.Forwarder:OnIncomingAlert(): [DEBUG] in=257 alert=/alert/emergency/veh/220/seq=0/zor=[MASKED]
+110.053927638s 91 caf.Forwarder:AlertVehicleHandler(): [DEBUG] in=(257,0) alert=/alert/emergency/veh/220/seq=0/zor=[MASKED] decision=drop because duplicate alert
+110.054532902s 180 caf.Forwarder:OnIncomingAlert(): [DEBUG] in=257 alert=/alert/emergency/veh/220/seq=0/zor=[MASKED]
+110.054532902s 180 caf.Forwarder:AlertVehicleHandler(): [DEBUG] in=(257,0) alert=/alert/emergency/veh/220/seq=0/zor=[MASKED] decision=drop because duplicate alert
+110.054532942s 89 caf.Forwarder:OnIncomingAlert(): [DEBUG] in=257 alert=/alert/emergency/veh/220/seq=0/zor=[MASKED]
+110.054532942s 89 caf.Forwarder:AlertVehicleHandler(): [DEBUG] in=(257,0) alert=/alert/emergency/veh/220/seq=0/zor=[MASKED] decision=drop because duplicate alert
+110.054532951s 167 caf.Forwarder:OnIncomingAlert(): [DEBUG] in=257 alert=/alert/emergency/veh/220/seq=0/zor=[MASKED]
+110.054532951s 167 caf.Forwarder:AlertVehicleHandler(): [DEBUG] in=(257,0) alert=/alert/emergency/veh/220/seq=0/zor=[MASKED] decision=forward to vehicles deferred until 0ms
+110.054532951s 167 caf.Forwarder:OnOutgoingAlert(): [DEBUG] out=257 alert=/alert/emergency/veh/220/seq=0/zor=[MASKED]
+110.054532951s 167 ndn.AlertConsumer:doReceive(): [INFO ] Received alert: /alert/emergency/veh/220/seq=0/zor=[MASKED]
+110.054532967s 90 caf.Forwarder:OnIncomingAlert(): [DEBUG] in=257 alert=/alert/emergency/veh/220/seq=0/zor=[MASKED]
+110.054532967s 90 caf.Forwarder:AlertVehicleHandler(): [DEBUG] in=(257,0) alert=/alert/emergency/veh/220/seq=0/zor=[MASKED] decision=forward to vehicles deferred until 0ms
+110.054532967s 90 caf.Forwarder:OnOutgoingAlert(): [DEBUG] out=257 alert=/alert/emergency/veh/220/seq=0/zor=[MASKED]
+110.054532967s 90 ndn.AlertConsumer:doReceive(): [INFO ] Received alert: /alert/emergency/veh/220/seq=0/zor=[MASKED]
+110.054532968s 188 caf.Forwarder:OnIncomingAlert(): [DEBUG] in=257 alert=/alert/emergency/veh/220/seq=0/zor=[MASKED]
+110.054532968s 188 caf.Forwarder:AlertVehicleHandler(): [DEBUG] in=(257,0) alert=/alert/emergency/veh/220/seq=0/zor=[MASKED] decision=drop because duplicate alert
+110.054532976s 119 caf.Forwarder:OnIncomingAlert(): [DEBUG] in=257 alert=/alert/emergency/veh/220/seq=0/zor=[MASKED]
+110.054532976s 119 caf.Forwarder:AlertVehicleHandler(): [DEBUG] in=(257,0) alert=/alert/emergency/veh/220/seq=0/zor=[MASKED] decision=forward to vehicles deferred until 0ms
+110.054532976s 119 caf.Forwarder:OnOutgoingAlert(): [DEBUG] out=257 alert=/alert/emergency/veh/220/seq=0/zor=[MASKED]
+110.054532976s 119 ndn.AlertConsumer:doReceive(): [INFO ] Received alert: /alert/emergency/veh/220/seq=0/zor=[MASKED]
+110.054532983s 98 caf.Forwarder:OnIncomingAlert(): [DEBUG] in=257 alert=/alert/emergency/veh/220/seq=0/zor=[MASKED]
+110.054532983s 98 caf.Forwarder:AlertVehicleHandler(): [DEBUG] in=(257,0) alert=/alert/emergency/veh/220/seq=0/zor=[MASKED] decision=forward to vehicles deferred until 0ms
+110.054532983s 98 caf.Forwarder:OnOutgoingAlert(): [DEBUG] out=257 alert=/alert/emergency/veh/220/seq=0/zor=[MASKED]
+110.054532983s 98 ndn.AlertConsumer:doReceive(): [INFO ] Received alert: /alert/emergency/veh/220/seq=0/zor=[MASKED]
+110.054533000s 139 caf.Forwarder:OnIncomingAlert(): [DEBUG] in=257 alert=/alert/emergency/veh/220/seq=0/zor=[MASKED]
+110.054533000s 139 caf.Forwarder:AlertVehicleHandler(): [DEBUG] in=(257,0) alert=/alert/emergency/veh/220/seq=0/zor=[MASKED] decision=forward to vehicles deferred until 0ms
+110.054533000s 139 caf.Forwarder:OnOutgoingAlert(): [DEBUG] out=257 alert=/alert/emergency/veh/220/seq=0/zor=[MASKED]
+110.054533000s 139 ndn.AlertConsumer:doReceive(): [INFO ] Received alert: /alert/emergency/veh/220/seq=0/zor=[MASKED]
+110.054533020s 158 caf.Forwarder:OnIncomingAlert(): [DEBUG] in=257 alert=/alert/emergency/veh/220/seq=0/zor=[MASKED]
+110.054533020s 158 caf.Forwarder:AlertVehicleHandler(): [DEBUG] in=(257,0) alert=/alert/emergency/veh/220/seq=0/zor=[MASKED] decision=forward to vehicles deferred until 0ms
+110.054533020s 158 caf.Forwarder:OnOutgoingAlert(): [DEBUG] out=257 alert=/alert/emergency/veh/220/seq=0/zor=[MASKED]
+110.054533020s 158 ndn.AlertConsumer:doReceive(): [INFO ] Received alert: /alert/emergency/veh/220/seq=0/zor=[MASKED]
+110.054996559s 220 caf.Forwarder:OnIncomingAlert(): [DEBUG] in=257 alert=/alert/emergency/veh/220/seq=0/zor=[MASKED]
+110.054996559s 220 caf.Forwarder:AlertVehicleHandler(): [DEBUG] in=(257,0) alert=/alert/emergency/veh/220/seq=0/zor=[MASKED] decision=drop because duplicate alert
+110.054996572s 204 caf.Forwarder:OnIncomingAlert(): [DEBUG] in=257 alert=/alert/emergency/veh/220/seq=0/zor=[MASKED]
+110.054996572s 204 caf.Forwarder:AlertVehicleHandler(): [DEBUG] in=(257,0) alert=/alert/emergency/veh/220/seq=0/zor=[MASKED] decision=drop because duplicate alert
+110.054996582s 212 caf.Forwarder:OnIncomingAlert(): [DEBUG] in=257 alert=/alert/emergency/veh/220/seq=0/zor=[MASKED]
+110.054996582s 212 caf.Forwarder:AlertVehicleHandler(): [DEBUG] in=(257,0) alert=/alert/emergency/veh/220/seq=0/zor=[MASKED] decision=drop because duplicate alert
+110.054996605s 211 caf.Forwarder:OnIncomingAlert(): [DEBUG] in=257 alert=/alert/emergency/veh/220/seq=0/zor=[MASKED]
+110.054996605s 211 caf.Forwarder:AlertVehicleHandler(): [DEBUG] in=(257,0) alert=/alert/emergency/veh/220/seq=0/zor=[MASKED] decision=drop because duplicate alert
+110.054996624s 196 caf.Forwarder:OnIncomingAlert(): [DEBUG] in=257 alert=/alert/emergency/veh/220/seq=0/zor=[MASKED]
+110.054996624s 196 caf.Forwarder:AlertVehicleHandler(): [DEBUG] in=(257,0) alert=/alert/emergency/veh/220/seq=0/zor=[MASKED] decision=drop because duplicate alert
+110.054996626s 97 caf.Forwarder:OnIncomingAlert(): [DEBUG] in=257 alert=/alert/emergency/veh/220/seq=0/zor=[MASKED]
+110.054996626s 97 caf.Forwarder:AlertVehicleHandler(): [DEBUG] in=(257,0) alert=/alert/emergency/veh/220/seq=0/zor=[MASKED] decision=drop because duplicate alert
+110.054996630s 75 caf.Forwarder:OnIncomingAlert(): [DEBUG] in=257 alert=/alert/emergency/veh/220/seq=0/zor=[MASKED]
+110.054996630s 75 caf.Forwarder:AlertVehicleHandler(): [DEBUG] in=(257,0) alert=/alert/emergency/veh/220/seq=0/zor=[MASKED] decision=drop because duplicate alert
+110.054996634s 219 caf.Forwarder:OnIncomingAlert(): [DEBUG] in=257 alert=/alert/emergency/veh/220/seq=0/zor=[MASKED]
+110.054996634s 219 caf.Forwarder:AlertVehicleHandler(): [DEBUG] in=(257,0) alert=/alert/emergency/veh/220/seq=0/zor=[MASKED] decision=drop because duplicate alert
+110.054996677s 203 caf.Forwarder:OnIncomingAlert(): [DEBUG] in=257 alert=/alert/emergency/veh/220/seq=0/zor=[MASKED]
+110.054996677s 203 caf.Forwarder:AlertVehicleHandler(): [DEBUG] in=(257,0) alert=/alert/emergency/veh/220/seq=0/zor=[MASKED] decision=drop because duplicate alert
+110.054996698s 91 caf.Forwarder:OnIncomingAlert(): [DEBUG] in=257 alert=/alert/emergency/veh/220/seq=0/zor=[MASKED]
+110.054996698s 91 caf.Forwarder:AlertVehicleHandler(): [DEBUG] in=(257,0) alert=/alert/emergency/veh/220/seq=0/zor=[MASKED] decision=drop because duplicate alert
+110.055407057s 166 caf.Forwarder:OnIncomingAlert(): [DEBUG] in=257 alert=/alert/emergency/veh/220/seq=0/zor=[MASKED]
+110.055407057s 166 caf.Forwarder:AlertVehicleHandler(): [DEBUG] in=(257,0) alert=/alert/emergency/veh/220/seq=0/zor=[MASKED] decision=forward to vehicles deferred until 0ms
+110.055407057s 166 caf.Forwarder:OnOutgoingAlert(): [DEBUG] out=257 alert=/alert/emergency/veh/220/seq=0/zor=[MASKED]
+110.055407057s 166 ndn.AlertConsumer:doReceive(): [INFO ] Received alert: /alert/emergency/veh/220/seq=0/zor=[MASKED]
+110.055407067s 99 caf.Forwarder:OnIncomingAlert(): [DEBUG] in=257 alert=/alert/emergency/veh/220/seq=0/zor=[MASKED]
+110.055407067s 99 caf.Forwarder:AlertVehicleHandler(): [DEBUG] in=(257,0) alert=/alert/emergency/veh/220/seq=0/zor=[MASKED] decision=forward to vehicles deferred until 0ms
+110.055407067s 99 caf.Forwarder:OnOutgoingAlert(): [DEBUG] out=257 alert=/alert/emergency/veh/220/seq=0/zor=[MASKED]
+110.055407067s 99 ndn.AlertConsumer:doReceive(): [INFO ] Received alert: /alert/emergency/veh/220/seq=0/zor=[MASKED]
+110.056281098s 144 caf.Forwarder:OnIncomingAlert(): [DEBUG] in=257 alert=/alert/emergency/veh/220/seq=0/zor=[MASKED]
+110.056281098s 144 caf.Forwarder:AlertVehicleHandler(): [DEBUG] in=(257,0) alert=/alert/emergency/veh/220/seq=0/zor=[MASKED] decision=forward to vehicles deferred until 0ms
+110.056281098s 144 caf.Forwarder:OnOutgoingAlert(): [DEBUG] out=257 alert=/alert/emergency/veh/220/seq=0/zor=[MASKED]
+110.056281098s 144 ndn.AlertConsumer:doReceive(): [INFO ] Received alert: /alert/emergency/veh/220/seq=0/zor=[MASKED]
+110.057155119s 153 caf.Forwarder:OnIncomingAlert(): [DEBUG] in=257 alert=/alert/emergency/veh/220/seq=0/zor=[MASKED]
+110.057155119s 153 caf.Forwarder:AlertVehicleHandler(): [DEBUG] in=(257,0) alert=/alert/emergency/veh/220/seq=0/zor=[MASKED] decision=forward to vehicles deferred until 0ms
+110.057155119s 153 caf.Forwarder:OnOutgoingAlert(): [DEBUG] out=257 alert=/alert/emergency/veh/220/seq=0/zor=[MASKED]
+110.057155119s 153 ndn.AlertConsumer:doReceive(): [INFO ] Received alert: /alert/emergency/veh/220/seq=0/zor=[MASKED]
+110.057155126s 136 caf.Forwarder:OnIncomingAlert(): [DEBUG] in=257 alert=/alert/emergency/veh/220/seq=0/zor=[MASKED]
+110.057155126s 136 caf.Forwarder:AlertVehicleHandler(): [DEBUG] in=(257,0) alert=/alert/emergency/veh/220/seq=0/zor=[MASKED] decision=forward to vehicles deferred until 0ms
+110.057155126s 136 caf.Forwarder:OnOutgoingAlert(): [DEBUG] out=257 alert=/alert/emergency/veh/220/seq=0/zor=[MASKED]
+110.057155126s 136 ndn.AlertConsumer:doReceive(): [INFO ] Received alert: /alert/emergency/veh/220/seq=0/zor=[MASKED]
+110.057155129s 99 caf.Forwarder:OnIncomingAlert(): [DEBUG] in=257 alert=/alert/emergency/veh/220/seq=0/zor=[MASKED]
+110.057155129s 99 caf.Forwarder:AlertVehicleHandler(): [DEBUG] in=(257,0) alert=/alert/emergency/veh/220/seq=0/zor=[MASKED] decision=drop because duplicate alert
+110.057155144s 166 caf.Forwarder:OnIncomingAlert(): [DEBUG] in=257 alert=/alert/emergency/veh/220/seq=0/zor=[MASKED]
+110.057155144s 166 caf.Forwarder:AlertVehicleHandler(): [DEBUG] in=(257,0) alert=/alert/emergency/veh/220/seq=0/zor=[MASKED] decision=drop because duplicate alert
+110.057155146s 73 caf.Forwarder:OnIncomingAlert(): [DEBUG] in=257 alert=/alert/emergency/veh/220/seq=0/zor=[MASKED]
+110.057155146s 73 caf.Forwarder:AlertVehicleHandler(): [DEBUG] in=(257,0) alert=/alert/emergency/veh/220/seq=0/zor=[MASKED] decision=forward to vehicles deferred until 0ms
+110.057155146s 73 caf.Forwarder:OnOutgoingAlert(): [DEBUG] out=257 alert=/alert/emergency/veh/220/seq=0/zor=[MASKED]
+110.057155146s 73 ndn.AlertConsumer:doReceive(): [INFO ] Received alert: /alert/emergency/veh/220/seq=0/zor=[MASKED]
+110.057155152s 145 caf.Forwarder:OnIncomingAlert(): [DEBUG] in=257 alert=/alert/emergency/veh/220/seq=0/zor=[MASKED]
+110.057155152s 145 caf.Forwarder:AlertVehicleHandler(): [DEBUG] in=(257,0) alert=/alert/emergency/veh/220/seq=0/zor=[MASKED] decision=forward to vehicles deferred until 0ms
+110.057155152s 145 caf.Forwarder:OnOutgoingAlert(): [DEBUG] out=257 alert=/alert/emergency/veh/220/seq=0/zor=[MASKED]
+110.057155152s 145 ndn.AlertConsumer:doReceive(): [INFO ] Received alert: /alert/emergency/veh/220/seq=0/zor=[MASKED]
+110.057155157s 111 caf.Forwarder:OnIncomingAlert(): [DEBUG] in=257 alert=/alert/emergency/veh/220/seq=0/zor=[MASKED]
+110.057155157s 111 caf.Forwarder:AlertVehicleHandler(): [DEBUG] in=(257,0) alert=/alert/emergency/veh/220/seq=0/zor=[MASKED] decision=forward to vehicles deferred until 0ms
+110.057155157s 111 caf.Forwarder:OnOutgoingAlert(): [DEBUG] out=257 alert=/alert/emergency/veh/220/seq=0/zor=[MASKED]
+110.057155157s 111 ndn.AlertConsumer:doReceive(): [INFO ] Received alert: /alert/emergency/veh/220/seq=0/zor=[MASKED]
+110.057155159s 142 caf.Forwarder:OnIncomingAlert(): [DEBUG] in=257 alert=/alert/emergency/veh/220/seq=0/zor=[MASKED]
+110.057155159s 142 caf.Forwarder:AlertVehicleHandler(): [DEBUG] in=(257,0) alert=/alert/emergency/veh/220/seq=0/zor=[MASKED] decision=forward to vehicles deferred until 0ms
+110.057155159s 142 caf.Forwarder:OnOutgoingAlert(): [DEBUG] out=257 alert=/alert/emergency/veh/220/seq=0/zor=[MASKED]
+110.057155159s 142 ndn.AlertConsumer:doReceive(): [INFO ] Received alert: /alert/emergency/veh/220/seq=0/zor=[MASKED]
+110.057155165s 88 caf.Forwarder:OnIncomingAlert(): [DEBUG] in=257 alert=/alert/emergency/veh/220/seq=0/zor=[MASKED]
+110.057155165s 88 caf.Forwarder:AlertVehicleHandler(): [DEBUG] in=(257,0) alert=/alert/emergency/veh/220/seq=0/zor=[MASKED] decision=forward to vehicles deferred until 0ms
+110.057155165s 124 caf.Forwarder:OnIncomingAlert(): [DEBUG] in=257 alert=/alert/emergency/veh/220/seq=0/zor=[MASKED]
+110.057155165s 124 caf.Forwarder:AlertVehicleHandler(): [DEBUG] in=(257,0) alert=/alert/emergency/veh/220/seq=0/zor=[MASKED] decision=forward to vehicles deferred until 0ms
+110.057155165s 88 caf.Forwarder:OnOutgoingAlert(): [DEBUG] out=257 alert=/alert/emergency/veh/220/seq=0/zor=[MASKED]
+110.057155165s 88 ndn.AlertConsumer:doReceive(): [INFO ] Received alert: /alert/emergency/veh/220/seq=0/zor=[MASKED]
+110.057155165s 124 caf.Forwarder:OnOutgoingAlert(): [DEBUG] out=257 alert=/alert/emergency/veh/220/seq=0/zor=[MASKED]
+110.057155165s 124 ndn.AlertConsumer:doReceive(): [INFO ] Received alert: /alert/emergency/veh/220/seq=0/zor=[MASKED]
+110.057155175s 158 caf.Forwarder:OnIncomingAlert(): [DEBUG] in=257 alert=/alert/emergency/veh/220/seq=0/zor=[MASKED]
+110.057155175s 158 caf.Forwarder:AlertVehicleHandler(): [DEBUG] in=(257,0) alert=/alert/emergency/veh/220/seq=0/zor=[MASKED] decision=drop because duplicate alert
+110.057155179s 137 caf.Forwarder:OnIncomingAlert(): [DEBUG] in=257 alert=/alert/emergency/veh/220/seq=0/zor=[MASKED]
+110.057155179s 137 caf.Forwarder:AlertVehicleHandler(): [DEBUG] in=(257,0) alert=/alert/emergency/veh/220/seq=0/zor=[MASKED] decision=forward to vehicles deferred until 0ms
+110.057155179s 137 caf.Forwarder:OnOutgoingAlert(): [DEBUG] out=257 alert=/alert/emergency/veh/220/seq=0/zor=[MASKED]
+110.057155179s 137 ndn.AlertConsumer:doReceive(): [INFO ] Received alert: /alert/emergency/veh/220/seq=0/zor=[MASKED]
+110.057155187s 156 caf.Forwarder:OnIncomingAlert(): [DEBUG] in=257 alert=/alert/emergency/veh/220/seq=0/zor=[MASKED]
+110.057155187s 156 caf.Forwarder:AlertVehicleHandler(): [DEBUG] in=(257,0) alert=/alert/emergency/veh/220/seq=0/zor=[MASKED] decision=forward to vehicles deferred until 0ms
+110.057155187s 156 caf.Forwarder:OnOutgoingAlert(): [DEBUG] out=257 alert=/alert/emergency/veh/220/seq=0/zor=[MASKED]
+110.057155187s 156 ndn.AlertConsumer:doReceive(): [INFO ] Received alert: /alert/emergency/veh/220/seq=0/zor=[MASKED]
+110.057155189s 86 caf.Forwarder:OnIncomingAlert(): [DEBUG] in=257 alert=/alert/emergency/veh/220/seq=0/zor=[MASKED]
+110.057155189s 86 caf.Forwarder:AlertVehicleHandler(): [DEBUG] in=(257,0) alert=/alert/emergency/veh/220/seq=0/zor=[MASKED] decision=forward to vehicles deferred until 0ms
+110.057155189s 86 caf.Forwarder:OnOutgoingAlert(): [DEBUG] out=257 alert=/alert/emergency/veh/220/seq=0/zor=[MASKED]
+110.057155189s 86 ndn.AlertConsumer:doReceive(): [INFO ] Received alert: /alert/emergency/veh/220/seq=0/zor=[MASKED]
+110.057155191s 152 caf.Forwarder:OnIncomingAlert(): [DEBUG] in=257 alert=/alert/emergency/veh/220/seq=0/zor=[MASKED]
+110.057155191s 152 caf.Forwarder:AlertVehicleHandler(): [DEBUG] in=(257,0) alert=/alert/emergency/veh/220/seq=0/zor=[MASKED] decision=forward to vehicles deferred until 0ms
+110.057155191s 152 caf.Forwarder:OnOutgoingAlert(): [DEBUG] out=257 alert=/alert/emergency/veh/220/seq=0/zor=[MASKED]
+110.057155191s 152 ndn.AlertConsumer:doReceive(): [INFO ] Received alert: /alert/emergency/veh/220/seq=0/zor=[MASKED]
+110.057155212s 108 caf.Forwarder:OnIncomingAlert(): [DEBUG] in=257 alert=/alert/emergency/veh/220/seq=0/zor=[MASKED]
+110.057155212s 108 caf.Forwarder:AlertVehicleHandler(): [DEBUG] in=(257,0) alert=/alert/emergency/veh/220/seq=0/zor=[MASKED] decision=forward to vehicles deferred until 0ms
+110.057155212s 108 caf.Forwarder:OnOutgoingAlert(): [DEBUG] out=257 alert=/alert/emergency/veh/220/seq=0/zor=[MASKED]
+110.057155212s 108 ndn.AlertConsumer:doReceive(): [INFO ] Received alert: /alert/emergency/veh/220/seq=0/zor=[MASKED]
+110.057155213s 98 caf.Forwarder:OnIncomingAlert(): [DEBUG] in=257 alert=/alert/emergency/veh/220/seq=0/zor=[MASKED]
+110.057155213s 98 caf.Forwarder:AlertVehicleHandler(): [DEBUG] in=(257,0) alert=/alert/emergency/veh/220/seq=0/zor=[MASKED] decision=drop because duplicate alert
+110.057155221s 157 caf.Forwarder:OnIncomingAlert(): [DEBUG] in=257 alert=/alert/emergency/veh/220/seq=0/zor=[MASKED]
+110.057155221s 157 caf.Forwarder:AlertVehicleHandler(): [DEBUG] in=(257,0) alert=/alert/emergency/veh/220/seq=0/zor=[MASKED] decision=forward to vehicles deferred until 0ms
+110.057155221s 157 caf.Forwarder:OnOutgoingAlert(): [DEBUG] out=257 alert=/alert/emergency/veh/220/seq=0/zor=[MASKED]
+110.057155221s 157 ndn.AlertConsumer:doReceive(): [INFO ] Received alert: /alert/emergency/veh/220/seq=0/zor=[MASKED]
+110.057155227s 71 caf.Forwarder:OnIncomingAlert(): [DEBUG] in=257 alert=/alert/emergency/veh/220/seq=0/zor=[MASKED]
+110.057155227s 71 caf.Forwarder:AlertVehicleHandler(): [DEBUG] in=(257,0) alert=/alert/emergency/veh/220/seq=0/zor=[MASKED] decision=forward to vehicles deferred until 0ms
+110.057155227s 71 caf.Forwarder:OnOutgoingAlert(): [DEBUG] out=257 alert=/alert/emergency/veh/220/seq=0/zor=[MASKED]
+110.057155227s 71 ndn.AlertConsumer:doReceive(): [INFO ] Received alert: /alert/emergency/veh/220/seq=0/zor=[MASKED]
+110.057155237s 109 caf.Forwarder:OnIncomingAlert(): [DEBUG] in=257 alert=/alert/emergency/veh/220/seq=0/zor=[MASKED]
+110.057155237s 109 caf.Forwarder:AlertVehicleHandler(): [DEBUG] in=(257,0) alert=/alert/emergency/veh/220/seq=0/zor=[MASKED] decision=forward to vehicles deferred until 0ms
+110.057155237s 109 caf.Forwarder:OnOutgoingAlert(): [DEBUG] out=257 alert=/alert/emergency/veh/220/seq=0/zor=[MASKED]
+110.057155237s 109 ndn.AlertConsumer:doReceive(): [INFO ] Received alert: /alert/emergency/veh/220/seq=0/zor=[MASKED]
+110.057155245s 119 caf.Forwarder:OnIncomingAlert(): [DEBUG] in=257 alert=/alert/emergency/veh/220/seq=0/zor=[MASKED]
+110.057155245s 119 caf.Forwarder:AlertVehicleHandler(): [DEBUG] in=(257,0) alert=/alert/emergency/veh/220/seq=0/zor=[MASKED] decision=drop because duplicate alert
+110.057155256s 167 caf.Forwarder:OnIncomingAlert(): [DEBUG] in=257 alert=/alert/emergency/veh/220/seq=0/zor=[MASKED]
+110.057155256s 167 caf.Forwarder:AlertVehicleHandler(): [DEBUG] in=(257,0) alert=/alert/emergency/veh/220/seq=0/zor=[MASKED] decision=drop because duplicate alert
+110.057155257s 165 caf.Forwarder:OnIncomingAlert(): [DEBUG] in=257 alert=/alert/emergency/veh/220/seq=0/zor=[MASKED]
+110.057155257s 165 caf.Forwarder:AlertVehicleHandler(): [DEBUG] in=(257,0) alert=/alert/emergency/veh/220/seq=0/zor=[MASKED] decision=forward to vehicles deferred until 0ms
+110.057155257s 165 caf.Forwarder:OnOutgoingAlert(): [DEBUG] out=257 alert=/alert/emergency/veh/220/seq=0/zor=[MASKED]
+110.057155257s 165 ndn.AlertConsumer:doReceive(): [INFO ] Received alert: /alert/emergency/veh/220/seq=0/zor=[MASKED]
+110.057155259s 117 caf.Forwarder:OnIncomingAlert(): [DEBUG] in=257 alert=/alert/emergency/veh/220/seq=0/zor=[MASKED]
+110.057155259s 117 caf.Forwarder:AlertVehicleHandler(): [DEBUG] in=(257,0) alert=/alert/emergency/veh/220/seq=0/zor=[MASKED] decision=forward to vehicles deferred until 0ms
+110.057155259s 117 caf.Forwarder:OnOutgoingAlert(): [DEBUG] out=257 alert=/alert/emergency/veh/220/seq=0/zor=[MASKED]
+110.057155259s 117 ndn.AlertConsumer:doReceive(): [INFO ] Received alert: /alert/emergency/veh/220/seq=0/zor=[MASKED]
+110.057155263s 139 caf.Forwarder:OnIncomingAlert(): [DEBUG] in=257 alert=/alert/emergency/veh/220/seq=0/zor=[MASKED]
+110.057155263s 139 caf.Forwarder:AlertVehicleHandler(): [DEBUG] in=(257,0) alert=/alert/emergency/veh/220/seq=0/zor=[MASKED] decision=drop because duplicate alert
+110.057155264s 129 caf.Forwarder:OnIncomingAlert(): [DEBUG] in=257 alert=/alert/emergency/veh/220/seq=0/zor=[MASKED]
+110.057155264s 129 caf.Forwarder:AlertVehicleHandler(): [DEBUG] in=(257,0) alert=/alert/emergency/veh/220/seq=0/zor=[MASKED] decision=forward to vehicles deferred until 0ms
+110.057155264s 129 caf.Forwarder:OnOutgoingAlert(): [DEBUG] out=257 alert=/alert/emergency/veh/220/seq=0/zor=[MASKED]
+110.057155264s 129 ndn.AlertConsumer:doReceive(): [INFO ] Received alert: /alert/emergency/veh/220/seq=0/zor=[MASKED]
+110.378958302s 221 ndn.RandomAlertProducer:AlertSupplier(): [LOGIC] Send alert=/alert/emergency/veh/221/seq=0/zor=[MASKED] vehCount=124 rsuCount=9
+110.378958302s 221 caf.Forwarder:OnIncomingAlert(): [DEBUG] in=260 alert=/alert/emergency/veh/221/seq=0/zor=[MASKED]
+110.378958302s 221 caf.Forwarder:AlertVehicleHandler(): [DEBUG] in=(260,0) alert=/alert/emergency/veh/221/seq=0/zor=[MASKED] decision=forward to vehicles
+110.378958302s 221 caf.Forwarder:OnOutgoingAlert(): [DEBUG] out=257 alert=/alert/emergency/veh/221/seq=0/zor=[MASKED]
+110.379832320s 213 caf.Forwarder:OnIncomingAlert(): [DEBUG] in=257 alert=/alert/emergency/veh/221/seq=0/zor=[MASKED]
+110.379832320s 213 caf.Forwarder:AlertVehicleHandler(): [DEBUG] in=(257,0) alert=/alert/emergency/veh/221/seq=0/zor=[MASKED] decision=forward to vehicles deferred until 4.51371ms
+110.379832338s 96 caf.Forwarder:OnIncomingAlert(): [DEBUG] in=257 alert=/alert/emergency/veh/221/seq=0/zor=[MASKED]
+110.379832338s 96 caf.Forwarder:AlertVehicleHandler(): [DEBUG] in=(257,0) alert=/alert/emergency/veh/221/seq=0/zor=[MASKED] decision=drop since sender is closer
+110.379832348s 65 caf.Forwarder:OnIncomingAlert(): [DEBUG] in=257 alert=/alert/emergency/veh/221/seq=0/zor=[MASKED]
+110.379832348s 65 caf.Forwarder:AlertVehicleHandler(): [DEBUG] in=(257,0) alert=/alert/emergency/veh/221/seq=0/zor=[MASKED] decision=forward to vehicles deferred until 3.65419ms
+110.379832359s 44 caf.Forwarder:OnIncomingAlert(): [DEBUG] in=257 alert=/alert/emergency/veh/221/seq=0/zor=[MASKED]
+110.379832359s 44 caf.Forwarder:AlertVehicleHandler(): [DEBUG] in=(257,0) alert=/alert/emergency/veh/221/seq=0/zor=[MASKED] decision=drop since sender is closer
+110.379832383s 226 caf.Forwarder:OnIncomingAlert(): [DEBUG] in=257 alert=/alert/emergency/veh/221/seq=0/zor=[MASKED]
+110.379832383s 226 caf.Forwarder:AlertVehicleHandler(): [DEBUG] in=(257,0) alert=/alert/emergency/veh/221/seq=0/zor=[MASKED] decision=drop since sender is closer
+110.379832430s 80 caf.Forwarder:OnIncomingAlert(): [DEBUG] in=257 alert=/alert/emergency/veh/221/seq=0/zor=[MASKED]
+110.379832430s 80 caf.Forwarder:AlertVehicleHandler(): [DEBUG] in=(257,0) alert=/alert/emergency/veh/221/seq=0/zor=[MASKED] decision=forward to vehicles deferred until 1.1724ms
+110.379832440s 218 caf.Forwarder:OnIncomingAlert(): [DEBUG] in=257 alert=/alert/emergency/veh/221/seq=0/zor=[MASKED]
+110.379832440s 218 caf.Forwarder:AlertVehicleHandler(): [DEBUG] in=(257,0) alert=/alert/emergency/veh/221/seq=0/zor=[MASKED] decision=forward to vehicles deferred until 0.867148ms
+110.379832441s 210 caf.Forwarder:OnIncomingAlert(): [DEBUG] in=257 alert=/alert/emergency/veh/221/seq=0/zor=[MASKED]
+110.379832441s 210 caf.Forwarder:AlertVehicleHandler(): [DEBUG] in=(257,0) alert=/alert/emergency/veh/221/seq=0/zor=[MASKED] decision=forward to vehicles deferred until 0.847999ms
+110.379832465s 229 caf.Forwarder:OnIncomingAlert(): [DEBUG] in=257 alert=/alert/emergency/veh/221/seq=0/zor=[MASKED]
+110.379832465s 229 caf.Forwarder:AlertVehicleHandler(): [DEBUG] in=(257,0) alert=/alert/emergency/veh/221/seq=0/zor=[MASKED] decision=drop since sender is closer
+110.380680440s 210 caf.Forwarder:OnOutgoingAlert(): [DEBUG] out=257 alert=/alert/emergency/veh/221/seq=0/zor=[MASKED]
+110.380699588s 218 caf.Forwarder:OnOutgoingAlert(): [DEBUG] out=257 alert=/alert/emergency/veh/221/seq=0/zor=[MASKED]
+110.381004826s 80 caf.Forwarder:OnOutgoingAlert(): [DEBUG] out=257 alert=/alert/emergency/veh/221/seq=0/zor=[MASKED]
+110.381554451s 218 caf.Forwarder:OnIncomingAlert(): [DEBUG] in=257 alert=/alert/emergency/veh/221/seq=0/zor=[MASKED]
+110.381554451s 218 caf.Forwarder:AlertVehicleHandler(): [DEBUG] in=(257,0) alert=/alert/emergency/veh/221/seq=0/zor=[MASKED] decision=drop because duplicate alert
+110.381554475s 80 caf.Forwarder:OnIncomingAlert(): [DEBUG] in=257 alert=/alert/emergency/veh/221/seq=0/zor=[MASKED]
+110.381554475s 80 caf.Forwarder:AlertVehicleHandler(): [DEBUG] in=(257,0) alert=/alert/emergency/veh/221/seq=0/zor=[MASKED] decision=drop because duplicate alert
+110.381554511s 205 caf.Forwarder:OnIncomingAlert(): [DEBUG] in=257 alert=/alert/emergency/veh/221/seq=0/zor=[MASKED]
+110.381554511s 205 caf.Forwarder:AlertVehicleHandler(): [DEBUG] in=(257,0) alert=/alert/emergency/veh/221/seq=0/zor=[MASKED] decision=forward to vehicles deferred until 0ms
+110.381554511s 205 caf.Forwarder:OnOutgoingAlert(): [DEBUG] out=257 alert=/alert/emergency/veh/221/seq=0/zor=[MASKED]
+110.381554511s 205 ndn.AlertConsumer:doReceive(): [INFO ] Received alert: /alert/emergency/veh/221/seq=0/zor=[MASKED]
+110.381554550s 65 caf.Forwarder:OnIncomingAlert(): [DEBUG] in=257 alert=/alert/emergency/veh/221/seq=0/zor=[MASKED]
+110.381554550s 65 caf.Forwarder:AlertVehicleHandler(): [DEBUG] in= (257,0) alert=/alert/emergency/veh/221/seq=0/zor=[MASKED] timer cancelled because sender closer to ZoR
+110.381554555s 101 caf.Forwarder:OnIncomingAlert(): [DEBUG] in=257 alert=/alert/emergency/veh/221/seq=0/zor=[MASKED]
+110.381554555s 101 caf.Forwarder:AlertVehicleHandler(): [DEBUG] in=(257,0) alert=/alert/emergency/veh/221/seq=0/zor=[MASKED] decision=forward to vehicles deferred until 0ms
+110.381554555s 101 caf.Forwarder:OnOutgoingAlert(): [DEBUG] out=257 alert=/alert/emergency/veh/221/seq=0/zor=[MASKED]
+110.381554555s 101 ndn.AlertConsumer:doReceive(): [INFO ] Received alert: /alert/emergency/veh/221/seq=0/zor=[MASKED]
+110.381554558s 202 caf.Forwarder:OnIncomingAlert(): [DEBUG] in=257 alert=/alert/emergency/veh/221/seq=0/zor=[MASKED]
+110.381554558s 202 caf.Forwarder:AlertVehicleHandler(): [DEBUG] in=(257,0) alert=/alert/emergency/veh/221/seq=0/zor=[MASKED] decision=forward to vehicles deferred until 0ms
+110.381554558s 202 caf.Forwarder:OnOutgoingAlert(): [DEBUG] out=257 alert=/alert/emergency/veh/221/seq=0/zor=[MASKED]
+110.381554558s 202 ndn.AlertConsumer:doReceive(): [INFO ] Received alert: /alert/emergency/veh/221/seq=0/zor=[MASKED]
+110.381554565s 213 caf.Forwarder:OnIncomingAlert(): [DEBUG] in=257 alert=/alert/emergency/veh/221/seq=0/zor=[MASKED]
+110.381554565s 213 caf.Forwarder:AlertVehicleHandler(): [DEBUG] in= (257,0) alert=/alert/emergency/veh/221/seq=0/zor=[MASKED] timer cancelled because sender closer to ZoR
+110.381554579s 221 caf.Forwarder:OnIncomingAlert(): [DEBUG] in=257 alert=/alert/emergency/veh/221/seq=0/zor=[MASKED]
+110.381554579s 221 caf.Forwarder:AlertVehicleHandler(): [DEBUG] in=(257,0) alert=/alert/emergency/veh/221/seq=0/zor=[MASKED] decision=drop because duplicate alert
+110.381554609s 96 caf.Forwarder:OnIncomingAlert(): [DEBUG] in=257 alert=/alert/emergency/veh/221/seq=0/zor=[MASKED]
+110.381554609s 96 caf.Forwarder:AlertVehicleHandler(): [DEBUG] in=(257,0) alert=/alert/emergency/veh/221/seq=0/zor=[MASKED] decision=drop because duplicate alert
+110.382428462s 210 caf.Forwarder:OnIncomingAlert(): [DEBUG] in=257 alert=/alert/emergency/veh/221/seq=0/zor=[MASKED]
+110.382428462s 210 caf.Forwarder:AlertVehicleHandler(): [DEBUG] in=(257,0) alert=/alert/emergency/veh/221/seq=0/zor=[MASKED] decision=drop because duplicate alert
+110.382428476s 80 caf.Forwarder:OnIncomingAlert(): [DEBUG] in=257 alert=/alert/emergency/veh/221/seq=0/zor=[MASKED]
+110.382428476s 80 caf.Forwarder:AlertVehicleHandler(): [DEBUG] in=(257,0) alert=/alert/emergency/veh/221/seq=0/zor=[MASKED] decision=drop because duplicate alert
+110.383484502s 218 caf.Forwarder:OnIncomingAlert(): [DEBUG] in=257 alert=/alert/emergency/veh/221/seq=0/zor=[MASKED]
+110.383484502s 218 caf.Forwarder:AlertVehicleHandler(): [DEBUG] in=(257,0) alert=/alert/emergency/veh/221/seq=0/zor=[MASKED] decision=drop because duplicate alert
+110.383484511s 210 caf.Forwarder:OnIncomingAlert(): [DEBUG] in=257 alert=/alert/emergency/veh/221/seq=0/zor=[MASKED]
+110.383484511s 210 caf.Forwarder:AlertVehicleHandler(): [DEBUG] in=(257,0) alert=/alert/emergency/veh/221/seq=0/zor=[MASKED] decision=drop because duplicate alert
+110.383484567s 65 caf.Forwarder:OnIncomingAlert(): [DEBUG] in=257 alert=/alert/emergency/veh/221/seq=0/zor=[MASKED]
+110.383484567s 65 caf.Forwarder:AlertVehicleHandler(): [DEBUG] in=(257,0) alert=/alert/emergency/veh/221/seq=0/zor=[MASKED] decision=drop because duplicate alert
+110.383484568s 205 caf.Forwarder:OnIncomingAlert(): [DEBUG] in=257 alert=/alert/emergency/veh/221/seq=0/zor=[MASKED]
+110.383484568s 205 caf.Forwarder:AlertVehicleHandler(): [DEBUG] in=(257,0) alert=/alert/emergency/veh/221/seq=0/zor=[MASKED] decision=drop because duplicate alert
+110.383484588s 213 caf.Forwarder:OnIncomingAlert(): [DEBUG] in=257 alert=/alert/emergency/veh/221/seq=0/zor=[MASKED]
+110.383484588s 213 caf.Forwarder:AlertVehicleHandler(): [DEBUG] in=(257,0) alert=/alert/emergency/veh/221/seq=0/zor=[MASKED] decision=drop because duplicate alert
+110.383484602s 101 caf.Forwarder:OnIncomingAlert(): [DEBUG] in=257 alert=/alert/emergency/veh/221/seq=0/zor=[MASKED]
+110.383484602s 101 caf.Forwarder:AlertVehicleHandler(): [DEBUG] in=(257,0) alert=/alert/emergency/veh/221/seq=0/zor=[MASKED] decision=drop because duplicate alert
+110.383484604s 221 caf.Forwarder:OnIncomingAlert(): [DEBUG] in=257 alert=/alert/emergency/veh/221/seq=0/zor=[MASKED]
+110.383484604s 221 caf.Forwarder:AlertVehicleHandler(): [DEBUG] in=(257,0) alert=/alert/emergency/veh/221/seq=0/zor=[MASKED] decision=drop because duplicate alert
+110.383484610s 202 caf.Forwarder:OnIncomingAlert(): [DEBUG] in=257 alert=/alert/emergency/veh/221/seq=0/zor=[MASKED]
+110.383484610s 202 caf.Forwarder:AlertVehicleHandler(): [DEBUG] in=(257,0) alert=/alert/emergency/veh/221/seq=0/zor=[MASKED] decision=drop because duplicate alert
+110.383484630s 96 caf.Forwarder:OnIncomingAlert(): [DEBUG] in=257 alert=/alert/emergency/veh/221/seq=0/zor=[MASKED]
+110.383484630s 96 caf.Forwarder:AlertVehicleHandler(): [DEBUG] in=(257,0) alert=/alert/emergency/veh/221/seq=0/zor=[MASKED] decision=drop because duplicate alert
+110.383484647s 44 caf.Forwarder:OnIncomingAlert(): [DEBUG] in=257 alert=/alert/emergency/veh/221/seq=0/zor=[MASKED]
+110.383484647s 44 caf.Forwarder:AlertVehicleHandler(): [DEBUG] in=(257,0) alert=/alert/emergency/veh/221/seq=0/zor=[MASKED] decision=drop because duplicate alert
+110.874052946s 219 ndn.RandomAlertProducer:SendAlert(): [LOGIC] Don't send alert; condition failed
+111.050452303s 223 ndn.RandomAlertProducer:SendAlert(): [LOGIC] Don't send alert; condition failed
+111.712472220s 222 ndn.RandomAlertProducer:AlertSupplier(): [LOGIC] Send alert=/alert/emergency/veh/222/seq=0/zor=[MASKED] vehCount=128 rsuCount=9
+111.712472220s 222 caf.Forwarder:OnIncomingAlert(): [DEBUG] in=260 alert=/alert/emergency/veh/222/seq=0/zor=[MASKED]
+111.712472220s 222 caf.Forwarder:AlertVehicleHandler(): [DEBUG] in=(260,0) alert=/alert/emergency/veh/222/seq=0/zor=[MASKED] decision=forward to vehicles
+111.712472220s 222 caf.Forwarder:OnOutgoingAlert(): [DEBUG] out=257 alert=/alert/emergency/veh/222/seq=0/zor=[MASKED]
+111.713346268s 225 caf.Forwarder:OnIncomingAlert(): [DEBUG] in=257 alert=/alert/emergency/veh/222/seq=0/zor=[MASKED]
+111.713346268s 225 caf.Forwarder:AlertVehicleHandler(): [DEBUG] in=(257,0) alert=/alert/emergency/veh/222/seq=0/zor=[MASKED] decision=forward to vehicles deferred until 3.60026ms
+111.713346273s 84 caf.Forwarder:OnIncomingAlert(): [DEBUG] in=257 alert=/alert/emergency/veh/222/seq=0/zor=[MASKED]
+111.713346273s 84 caf.Forwarder:AlertVehicleHandler(): [DEBUG] in=(257,0) alert=/alert/emergency/veh/222/seq=0/zor=[MASKED] decision=forward to vehicles deferred until 3.44078ms
+111.713346275s 94 caf.Forwarder:OnIncomingAlert(): [DEBUG] in=257 alert=/alert/emergency/veh/222/seq=0/zor=[MASKED]
+111.713346275s 94 caf.Forwarder:AlertVehicleHandler(): [DEBUG] in=(257,0) alert=/alert/emergency/veh/222/seq=0/zor=[MASKED] decision=forward to vehicles deferred until 3.40452ms
+111.713346281s 230 caf.Forwarder:OnIncomingAlert(): [DEBUG] in=257 alert=/alert/emergency/veh/222/seq=0/zor=[MASKED]
+111.713346281s 230 caf.Forwarder:AlertVehicleHandler(): [DEBUG] in=(257,0) alert=/alert/emergency/veh/222/seq=0/zor=[MASKED] decision=drop since sender is closer
+111.713346336s 214 caf.Forwarder:OnIncomingAlert(): [DEBUG] in=257 alert=/alert/emergency/veh/222/seq=0/zor=[MASKED]
+111.713346336s 214 caf.Forwarder:AlertVehicleHandler(): [DEBUG] in=(257,0) alert=/alert/emergency/veh/222/seq=0/zor=[MASKED] decision=forward to vehicles deferred until 1.5422ms
+111.713346350s 232 caf.Forwarder:OnIncomingAlert(): [DEBUG] in=257 alert=/alert/emergency/veh/222/seq=0/zor=[MASKED]
+111.713346350s 232 caf.Forwarder:AlertVehicleHandler(): [DEBUG] in=(257,0) alert=/alert/emergency/veh/222/seq=0/zor=[MASKED] decision=drop since sender is closer
+111.713346364s 240 caf.Forwarder:OnIncomingAlert(): [DEBUG] in=257 alert=/alert/emergency/veh/222/seq=0/zor=[MASKED]
+111.713346364s 240 caf.Forwarder:AlertVehicleHandler(): [DEBUG] in=(257,0) alert=/alert/emergency/veh/222/seq=0/zor=[MASKED] decision=drop since sender is closer
+111.714888540s 214 caf.Forwarder:OnOutgoingAlert(): [DEBUG] out=257 alert=/alert/emergency/veh/222/seq=0/zor=[MASKED]
+111.715762602s 217 caf.Forwarder:OnIncomingAlert(): [DEBUG] in=257 alert=/alert/emergency/veh/222/seq=0/zor=[MASKED]
+111.715762602s 217 caf.Forwarder:AlertVehicleHandler(): [DEBUG] in=(257,0) alert=/alert/emergency/veh/222/seq=0/zor=[MASKED] decision=forward to vehicles deferred until 3.16174ms
+111.715762609s 94 caf.Forwarder:OnIncomingAlert(): [DEBUG] in=257 alert=/alert/emergency/veh/222/seq=0/zor=[MASKED]
+111.715762609s 94 caf.Forwarder:AlertVehicleHandler(): [DEBUG] in= (257,0) alert=/alert/emergency/veh/222/seq=0/zor=[MASKED] timer cancelled because sender closer to ZoR
+111.715762610s 225 caf.Forwarder:OnIncomingAlert(): [DEBUG] in=257 alert=/alert/emergency/veh/222/seq=0/zor=[MASKED]
+111.715762610s 225 caf.Forwarder:AlertVehicleHandler(): [DEBUG] in= (257,0) alert=/alert/emergency/veh/222/seq=0/zor=[MASKED] timer cancelled because sender closer to ZoR
+111.715762620s 84 caf.Forwarder:OnIncomingAlert(): [DEBUG] in=257 alert=/alert/emergency/veh/222/seq=0/zor=[MASKED]
+111.715762620s 84 caf.Forwarder:AlertVehicleHandler(): [DEBUG] in= (257,0) alert=/alert/emergency/veh/222/seq=0/zor=[MASKED] timer cancelled because sender closer to ZoR
+111.715762656s 222 caf.Forwarder:OnIncomingAlert(): [DEBUG] in=257 alert=/alert/emergency/veh/222/seq=0/zor=[MASKED]
+111.715762656s 222 caf.Forwarder:AlertVehicleHandler(): [DEBUG] in=(257,0) alert=/alert/emergency/veh/222/seq=0/zor=[MASKED] decision=drop because duplicate alert
+111.715762671s 209 caf.Forwarder:OnIncomingAlert(): [DEBUG] in=257 alert=/alert/emergency/veh/222/seq=0/zor=[MASKED]
+111.715762671s 209 caf.Forwarder:AlertVehicleHandler(): [DEBUG] in=(257,0) alert=/alert/emergency/veh/222/seq=0/zor=[MASKED] decision=forward to vehicles deferred until 0ms
+111.715762671s 209 caf.Forwarder:OnOutgoingAlert(): [DEBUG] out=257 alert=/alert/emergency/veh/222/seq=0/zor=[MASKED]
+111.715762671s 209 ndn.AlertConsumer:doReceive(): [INFO ] Received alert: /alert/emergency/veh/222/seq=0/zor=[MASKED]
+111.715762676s 110 caf.Forwarder:OnIncomingAlert(): [DEBUG] in=257 alert=/alert/emergency/veh/222/seq=0/zor=[MASKED]
+111.715762676s 110 caf.Forwarder:AlertVehicleHandler(): [DEBUG] in=(257,0) alert=/alert/emergency/veh/222/seq=0/zor=[MASKED] decision=forward to vehicles deferred until 0ms
+111.715762676s 110 caf.Forwarder:OnOutgoingAlert(): [DEBUG] out=257 alert=/alert/emergency/veh/222/seq=0/zor=[MASKED]
+111.715762676s 110 ndn.AlertConsumer:doReceive(): [INFO ] Received alert: /alert/emergency/veh/222/seq=0/zor=[MASKED]
+111.715762686s 118 caf.Forwarder:OnIncomingAlert(): [DEBUG] in=257 alert=/alert/emergency/veh/222/seq=0/zor=[MASKED]
+111.715762686s 118 caf.Forwarder:AlertVehicleHandler(): [DEBUG] in=(257,0) alert=/alert/emergency/veh/222/seq=0/zor=[MASKED] decision=forward to vehicles deferred until 0ms
+111.715762686s 118 caf.Forwarder:OnOutgoingAlert(): [DEBUG] out=257 alert=/alert/emergency/veh/222/seq=0/zor=[MASKED]
+111.715762686s 118 ndn.AlertConsumer:doReceive(): [INFO ] Received alert: /alert/emergency/veh/222/seq=0/zor=[MASKED]
+111.718924341s 217 caf.Forwarder:OnOutgoingAlert(): [DEBUG] out=257 alert=/alert/emergency/veh/222/seq=0/zor=[MASKED]
+111.719798403s 214 caf.Forwarder:OnIncomingAlert(): [DEBUG] in=257 alert=/alert/emergency/veh/222/seq=0/zor=[MASKED]
+111.719798403s 214 caf.Forwarder:AlertVehicleHandler(): [DEBUG] in=(257,0) alert=/alert/emergency/veh/222/seq=0/zor=[MASKED] decision=drop because duplicate alert
+111.719798410s 209 caf.Forwarder:OnIncomingAlert(): [DEBUG] in=257 alert=/alert/emergency/veh/222/seq=0/zor=[MASKED]
+111.719798410s 209 caf.Forwarder:AlertVehicleHandler(): [DEBUG] in=(257,0) alert=/alert/emergency/veh/222/seq=0/zor=[MASKED] decision=drop because duplicate alert
+111.719798418s 110 caf.Forwarder:OnIncomingAlert(): [DEBUG] in=257 alert=/alert/emergency/veh/222/seq=0/zor=[MASKED]
+111.719798418s 110 caf.Forwarder:AlertVehicleHandler(): [DEBUG] in=(257,0) alert=/alert/emergency/veh/222/seq=0/zor=[MASKED] decision=drop because duplicate alert
+111.719798425s 118 caf.Forwarder:OnIncomingAlert(): [DEBUG] in=257 alert=/alert/emergency/veh/222/seq=0/zor=[MASKED]
+111.719798425s 118 caf.Forwarder:AlertVehicleHandler(): [DEBUG] in=(257,0) alert=/alert/emergency/veh/222/seq=0/zor=[MASKED] decision=drop because duplicate alert
+111.719798471s 94 caf.Forwarder:OnIncomingAlert(): [DEBUG] in=257 alert=/alert/emergency/veh/222/seq=0/zor=[MASKED]
+111.719798471s 94 caf.Forwarder:AlertVehicleHandler(): [DEBUG] in=(257,0) alert=/alert/emergency/veh/222/seq=0/zor=[MASKED] decision=drop because duplicate alert
+111.719798473s 225 caf.Forwarder:OnIncomingAlert(): [DEBUG] in=257 alert=/alert/emergency/veh/222/seq=0/zor=[MASKED]
+111.719798473s 225 caf.Forwarder:AlertVehicleHandler(): [DEBUG] in=(257,0) alert=/alert/emergency/veh/222/seq=0/zor=[MASKED] decision=drop because duplicate alert
+111.719798481s 84 caf.Forwarder:OnIncomingAlert(): [DEBUG] in=257 alert=/alert/emergency/veh/222/seq=0/zor=[MASKED]
+111.719798481s 84 caf.Forwarder:AlertVehicleHandler(): [DEBUG] in=(257,0) alert=/alert/emergency/veh/222/seq=0/zor=[MASKED] decision=drop because duplicate alert
+111.719798491s 206 caf.Forwarder:OnIncomingAlert(): [DEBUG] in=257 alert=/alert/emergency/veh/222/seq=0/zor=[MASKED]
+111.719798491s 206 caf.Forwarder:AlertVehicleHandler(): [DEBUG] in=(257,0) alert=/alert/emergency/veh/222/seq=0/zor=[MASKED] decision=forward to vehicles deferred until 0ms
+111.719798491s 206 caf.Forwarder:OnOutgoingAlert(): [DEBUG] out=257 alert=/alert/emergency/veh/222/seq=0/zor=[MASKED]
+111.719798491s 206 ndn.AlertConsumer:doReceive(): [INFO ] Received alert: /alert/emergency/veh/222/seq=0/zor=[MASKED]
+111.720672558s 190 caf.Forwarder:OnIncomingAlert(): [DEBUG] in=257 alert=/alert/emergency/veh/222/seq=0/zor=[MASKED]
+111.720672558s 190 caf.Forwarder:AlertVehicleHandler(): [DEBUG] in=(257,0) alert=/alert/emergency/veh/222/seq=0/zor=[MASKED] decision=forward to vehicles deferred until 0ms
+111.720672558s 190 caf.Forwarder:OnOutgoingAlert(): [DEBUG] out=257 alert=/alert/emergency/veh/222/seq=0/zor=[MASKED]
+111.720672558s 190 ndn.AlertConsumer:doReceive(): [INFO ] Received alert: /alert/emergency/veh/222/seq=0/zor=[MASKED]
+111.720672563s 118 caf.Forwarder:OnIncomingAlert(): [DEBUG] in=257 alert=/alert/emergency/veh/222/seq=0/zor=[MASKED]
+111.720672563s 118 caf.Forwarder:AlertVehicleHandler(): [DEBUG] in=(257,0) alert=/alert/emergency/veh/222/seq=0/zor=[MASKED] decision=drop because duplicate alert
+111.720672570s 82 caf.Forwarder:OnIncomingAlert(): [DEBUG] in=257 alert=/alert/emergency/veh/222/seq=0/zor=[MASKED]
+111.720672570s 82 caf.Forwarder:AlertVehicleHandler(): [DEBUG] in=(257,0) alert=/alert/emergency/veh/222/seq=0/zor=[MASKED] decision=forward to vehicles deferred until 0ms
+111.720672570s 82 caf.Forwarder:OnOutgoingAlert(): [DEBUG] out=257 alert=/alert/emergency/veh/222/seq=0/zor=[MASKED]
+111.720672570s 82 ndn.AlertConsumer:doReceive(): [INFO ] Received alert: /alert/emergency/veh/222/seq=0/zor=[MASKED]
+111.720672572s 209 caf.Forwarder:OnIncomingAlert(): [DEBUG] in=257 alert=/alert/emergency/veh/222/seq=0/zor=[MASKED]
+111.720672572s 209 caf.Forwarder:AlertVehicleHandler(): [DEBUG] in=(257,0) alert=/alert/emergency/veh/222/seq=0/zor=[MASKED] decision=drop because duplicate alert
+111.720672577s 110 caf.Forwarder:OnIncomingAlert(): [DEBUG] in=257 alert=/alert/emergency/veh/222/seq=0/zor=[MASKED]
+111.720672577s 110 caf.Forwarder:AlertVehicleHandler(): [DEBUG] in=(257,0) alert=/alert/emergency/veh/222/seq=0/zor=[MASKED] decision=drop because duplicate alert
+111.720672587s 185 caf.Forwarder:OnIncomingAlert(): [DEBUG] in=257 alert=/alert/emergency/veh/222/seq=0/zor=[MASKED]
+111.720672587s 185 caf.Forwarder:AlertVehicleHandler(): [DEBUG] in=(257,0) alert=/alert/emergency/veh/222/seq=0/zor=[MASKED] decision=forward to vehicles deferred until 0ms
+111.720672587s 201 caf.Forwarder:OnIncomingAlert(): [DEBUG] in=257 alert=/alert/emergency/veh/222/seq=0/zor=[MASKED]
+111.720672587s 201 caf.Forwarder:AlertVehicleHandler(): [DEBUG] in=(257,0) alert=/alert/emergency/veh/222/seq=0/zor=[MASKED] decision=forward to vehicles deferred until 0ms
+111.720672587s 185 caf.Forwarder:OnOutgoingAlert(): [DEBUG] out=257 alert=/alert/emergency/veh/222/seq=0/zor=[MASKED]
+111.720672587s 185 ndn.AlertConsumer:doReceive(): [INFO ] Received alert: /alert/emergency/veh/222/seq=0/zor=[MASKED]
+111.720672587s 201 caf.Forwarder:OnOutgoingAlert(): [DEBUG] out=257 alert=/alert/emergency/veh/222/seq=0/zor=[MASKED]
+111.720672587s 201 ndn.AlertConsumer:doReceive(): [INFO ] Received alert: /alert/emergency/veh/222/seq=0/zor=[MASKED]
+111.720672613s 183 caf.Forwarder:OnIncomingAlert(): [DEBUG] in=257 alert=/alert/emergency/veh/222/seq=0/zor=[MASKED]
+111.720672613s 183 caf.Forwarder:AlertVehicleHandler(): [DEBUG] in=(257,0) alert=/alert/emergency/veh/222/seq=0/zor=[MASKED] decision=forward to vehicles deferred until 0ms
+111.720672613s 183 caf.Forwarder:OnOutgoingAlert(): [DEBUG] out=257 alert=/alert/emergency/veh/222/seq=0/zor=[MASKED]
+111.720672613s 183 ndn.AlertConsumer:doReceive(): [INFO ] Received alert: /alert/emergency/veh/222/seq=0/zor=[MASKED]
+111.720672641s 164 caf.Forwarder:OnIncomingAlert(): [DEBUG] in=257 alert=/alert/emergency/veh/222/seq=0/zor=[MASKED]
+111.720672641s 164 caf.Forwarder:AlertVehicleHandler(): [DEBUG] in=(257,0) alert=/alert/emergency/veh/222/seq=0/zor=[MASKED] decision=forward to vehicles deferred until 0ms
+111.720672641s 217 caf.Forwarder:OnIncomingAlert(): [DEBUG] in=257 alert=/alert/emergency/veh/222/seq=0/zor=[MASKED]
+111.720672641s 217 caf.Forwarder:AlertVehicleHandler(): [DEBUG] in=(257,0) alert=/alert/emergency/veh/222/seq=0/zor=[MASKED] decision=drop because duplicate alert
+111.720672641s 164 caf.Forwarder:OnOutgoingAlert(): [DEBUG] out=257 alert=/alert/emergency/veh/222/seq=0/zor=[MASKED]
+111.720672641s 164 ndn.AlertConsumer:doReceive(): [INFO ] Received alert: /alert/emergency/veh/222/seq=0/zor=[MASKED]
+111.720672644s 198 caf.Forwarder:OnIncomingAlert(): [DEBUG] in=257 alert=/alert/emergency/veh/222/seq=0/zor=[MASKED]
+111.720672644s 198 caf.Forwarder:AlertVehicleHandler(): [DEBUG] in=(257,0) alert=/alert/emergency/veh/222/seq=0/zor=[MASKED] decision=forward to vehicles deferred until 0ms
+111.720672644s 198 caf.Forwarder:OnOutgoingAlert(): [DEBUG] out=257 alert=/alert/emergency/veh/222/seq=0/zor=[MASKED]
+111.720672644s 198 ndn.AlertConsumer:doReceive(): [INFO ] Received alert: /alert/emergency/veh/222/seq=0/zor=[MASKED]
+111.720672653s 130 caf.Forwarder:OnIncomingAlert(): [DEBUG] in=257 alert=/alert/emergency/veh/222/seq=0/zor=[MASKED]
+111.720672653s 130 caf.Forwarder:AlertVehicleHandler(): [DEBUG] in=(257,0) alert=/alert/emergency/veh/222/seq=0/zor=[MASKED] decision=forward to vehicles deferred until 0ms
+111.720672653s 130 caf.Forwarder:OnOutgoingAlert(): [DEBUG] out=257 alert=/alert/emergency/veh/222/seq=0/zor=[MASKED]
+111.720672653s 130 ndn.AlertConsumer:doReceive(): [INFO ] Received alert: /alert/emergency/veh/222/seq=0/zor=[MASKED]
+112.052837326s 226 ndn.RandomAlertProducer:AlertSupplier(): [LOGIC] Send alert=/alert/emergency/veh/226/seq=0/zor=[MASKED] vehCount=127 rsuCount=9
+112.052837326s 226 caf.Forwarder:OnIncomingAlert(): [DEBUG] in=260 alert=/alert/emergency/veh/226/seq=0/zor=[MASKED]
+112.052837326s 226 caf.Forwarder:AlertVehicleHandler(): [DEBUG] in=(260,0) alert=/alert/emergency/veh/226/seq=0/zor=[MASKED] decision=forward to vehicles
+112.052837326s 226 caf.Forwarder:OnOutgoingAlert(): [DEBUG] out=257 alert=/alert/emergency/veh/226/seq=0/zor=[MASKED]
+112.053711367s 65 caf.Forwarder:OnIncomingAlert(): [DEBUG] in=257 alert=/alert/emergency/veh/226/seq=0/zor=[MASKED]
+112.053711367s 65 caf.Forwarder:AlertVehicleHandler(): [DEBUG] in=(257,0) alert=/alert/emergency/veh/226/seq=0/zor=[MASKED] decision=drop since sender is closer
+112.053711390s 80 caf.Forwarder:OnIncomingAlert(): [DEBUG] in=257 alert=/alert/emergency/veh/226/seq=0/zor=[MASKED]
+112.053711390s 80 caf.Forwarder:AlertVehicleHandler(): [DEBUG] in=(257,0) alert=/alert/emergency/veh/226/seq=0/zor=[MASKED] decision=forward to vehicles deferred until 3.1049ms
+112.053711403s 213 caf.Forwarder:OnIncomingAlert(): [DEBUG] in=257 alert=/alert/emergency/veh/226/seq=0/zor=[MASKED]
+112.053711403s 213 caf.Forwarder:AlertVehicleHandler(): [DEBUG] in=(257,0) alert=/alert/emergency/veh/226/seq=0/zor=[MASKED] decision=forward to vehicles deferred until 2.70796ms
+112.053711412s 221 caf.Forwarder:OnIncomingAlert(): [DEBUG] in=257 alert=/alert/emergency/veh/226/seq=0/zor=[MASKED]
+112.053711412s 221 caf.Forwarder:AlertVehicleHandler(): [DEBUG] in=(257,0) alert=/alert/emergency/veh/226/seq=0/zor=[MASKED] decision=forward to vehicles deferred until 2.43647ms
+112.053711412s 229 caf.Forwarder:OnIncomingAlert(): [DEBUG] in=257 alert=/alert/emergency/veh/226/seq=0/zor=[MASKED]
+112.053711412s 229 caf.Forwarder:AlertVehicleHandler(): [DEBUG] in=(257,0) alert=/alert/emergency/veh/226/seq=0/zor=[MASKED] decision=drop since sender is closer
+112.053711420s 96 caf.Forwarder:OnIncomingAlert(): [DEBUG] in=257 alert=/alert/emergency/veh/226/seq=0/zor=[MASKED]
+112.053711420s 96 caf.Forwarder:AlertVehicleHandler(): [DEBUG] in=(257,0) alert=/alert/emergency/veh/226/seq=0/zor=[MASKED] decision=drop since sender is closer
+112.053711430s 44 caf.Forwarder:OnIncomingAlert(): [DEBUG] in=257 alert=/alert/emergency/veh/226/seq=0/zor=[MASKED]
+112.053711430s 44 caf.Forwarder:AlertVehicleHandler(): [DEBUG] in=(257,0) alert=/alert/emergency/veh/226/seq=0/zor=[MASKED] decision=drop since sender is closer
+112.053711430s 233 caf.Forwarder:OnIncomingAlert(): [DEBUG] in=257 alert=/alert/emergency/veh/226/seq=0/zor=[MASKED]
+112.053711430s 233 caf.Forwarder:AlertVehicleHandler(): [DEBUG] in=(257,0) alert=/alert/emergency/veh/226/seq=0/zor=[MASKED] decision=drop since sender is closer
+112.053711492s 236 caf.Forwarder:OnIncomingAlert(): [DEBUG] in=257 alert=/alert/emergency/veh/226/seq=0/zor=[MASKED]
+112.053711492s 236 caf.Forwarder:AlertVehicleHandler(): [DEBUG] in=(257,0) alert=/alert/emergency/veh/226/seq=0/zor=[MASKED] decision=drop since sender is closer
+112.056147886s 221 caf.Forwarder:OnOutgoingAlert(): [DEBUG] out=257 alert=/alert/emergency/veh/226/seq=0/zor=[MASKED]
+112.056419362s 213 caf.Forwarder:OnOutgoingAlert(): [DEBUG] out=257 alert=/alert/emergency/veh/226/seq=0/zor=[MASKED]
+112.056816286s 80 caf.Forwarder:OnOutgoingAlert(): [DEBUG] out=257 alert=/alert/emergency/veh/226/seq=0/zor=[MASKED]
+112.057021900s 213 caf.Forwarder:OnIncomingAlert(): [DEBUG] in=257 alert=/alert/emergency/veh/226/seq=0/zor=[MASKED]
+112.057021900s 213 caf.Forwarder:AlertVehicleHandler(): [DEBUG] in=(257,0) alert=/alert/emergency/veh/226/seq=0/zor=[MASKED] decision=drop because duplicate alert
+112.057021930s 80 caf.Forwarder:OnIncomingAlert(): [DEBUG] in=257 alert=/alert/emergency/veh/226/seq=0/zor=[MASKED]
+112.057021930s 80 caf.Forwarder:AlertVehicleHandler(): [DEBUG] in=(257,0) alert=/alert/emergency/veh/226/seq=0/zor=[MASKED] decision=drop because duplicate alert
+112.057021972s 226 caf.Forwarder:OnIncomingAlert(): [DEBUG] in=257 alert=/alert/emergency/veh/226/seq=0/zor=[MASKED]
+112.057021972s 226 caf.Forwarder:AlertVehicleHandler(): [DEBUG] in=(257,0) alert=/alert/emergency/veh/226/seq=0/zor=[MASKED] decision=drop because duplicate alert
+112.057021990s 101 caf.Forwarder:OnIncomingAlert(): [DEBUG] in=257 alert=/alert/emergency/veh/226/seq=0/zor=[MASKED]
+112.057021990s 101 caf.Forwarder:AlertVehicleHandler(): [DEBUG] in=(257,0) alert=/alert/emergency/veh/226/seq=0/zor=[MASKED] decision=forward to vehicles deferred until 0ms
+112.057021990s 101 caf.Forwarder:OnOutgoingAlert(): [DEBUG] out=257 alert=/alert/emergency/veh/226/seq=0/zor=[MASKED]
+112.057021990s 101 ndn.AlertConsumer:doReceive(): [INFO ] Received alert: /alert/emergency/veh/226/seq=0/zor=[MASKED]
+112.057021998s 210 caf.Forwarder:OnIncomingAlert(): [DEBUG] in=257 alert=/alert/emergency/veh/226/seq=0/zor=[MASKED]
+112.057021998s 210 caf.Forwarder:AlertVehicleHandler(): [DEBUG] in=(257,0) alert=/alert/emergency/veh/226/seq=0/zor=[MASKED] decision=forward to vehicles deferred until 0ms
+112.057021998s 210 caf.Forwarder:OnOutgoingAlert(): [DEBUG] out=257 alert=/alert/emergency/veh/226/seq=0/zor=[MASKED]
+112.057021998s 210 ndn.AlertConsumer:doReceive(): [INFO ] Received alert: /alert/emergency/veh/226/seq=0/zor=[MASKED]
+112.057022003s 65 caf.Forwarder:OnIncomingAlert(): [DEBUG] in=257 alert=/alert/emergency/veh/226/seq=0/zor=[MASKED]
+112.057022003s 65 caf.Forwarder:AlertVehicleHandler(): [DEBUG] in=(257,0) alert=/alert/emergency/veh/226/seq=0/zor=[MASKED] decision=drop because duplicate alert
+112.057022024s 218 caf.Forwarder:OnIncomingAlert(): [DEBUG] in=257 alert=/alert/emergency/veh/226/seq=0/zor=[MASKED]
+112.057022024s 218 caf.Forwarder:AlertVehicleHandler(): [DEBUG] in=(257,0) alert=/alert/emergency/veh/226/seq=0/zor=[MASKED] decision=forward to vehicles deferred until 0ms
+112.057022024s 218 caf.Forwarder:OnOutgoingAlert(): [DEBUG] out=257 alert=/alert/emergency/veh/226/seq=0/zor=[MASKED]
+112.057022024s 218 ndn.AlertConsumer:doReceive(): [INFO ] Received alert: /alert/emergency/veh/226/seq=0/zor=[MASKED]
+112.057908914s 221 caf.Forwarder:OnIncomingAlert(): [DEBUG] in=257 alert=/alert/emergency/veh/226/seq=0/zor=[MASKED]
+112.057908914s 221 caf.Forwarder:AlertVehicleHandler(): [DEBUG] in=(257,0) alert=/alert/emergency/veh/226/seq=0/zor=[MASKED] decision=drop because duplicate alert
+112.057908930s 80 caf.Forwarder:OnIncomingAlert(): [DEBUG] in=257 alert=/alert/emergency/veh/226/seq=0/zor=[MASKED]
+112.057908930s 80 caf.Forwarder:AlertVehicleHandler(): [DEBUG] in=(257,0) alert=/alert/emergency/veh/226/seq=0/zor=[MASKED] decision=drop because duplicate alert
+112.057908977s 226 caf.Forwarder:OnIncomingAlert(): [DEBUG] in=257 alert=/alert/emergency/veh/226/seq=0/zor=[MASKED]
+112.057908977s 226 caf.Forwarder:AlertVehicleHandler(): [DEBUG] in=(257,0) alert=/alert/emergency/veh/226/seq=0/zor=[MASKED] decision=drop because duplicate alert
+112.057909005s 65 caf.Forwarder:OnIncomingAlert(): [DEBUG] in=257 alert=/alert/emergency/veh/226/seq=0/zor=[MASKED]
+112.057909005s 65 caf.Forwarder:AlertVehicleHandler(): [DEBUG] in=(257,0) alert=/alert/emergency/veh/226/seq=0/zor=[MASKED] decision=drop because duplicate alert
+112.058938960s 213 caf.Forwarder:OnIncomingAlert(): [DEBUG] in=257 alert=/alert/emergency/veh/226/seq=0/zor=[MASKED]
+112.058938960s 213 caf.Forwarder:AlertVehicleHandler(): [DEBUG] in=(257,0) alert=/alert/emergency/veh/226/seq=0/zor=[MASKED] decision=drop because duplicate alert
+112.058938975s 221 caf.Forwarder:OnIncomingAlert(): [DEBUG] in=257 alert=/alert/emergency/veh/226/seq=0/zor=[MASKED]
+112.058938975s 221 caf.Forwarder:AlertVehicleHandler(): [DEBUG] in=(257,0) alert=/alert/emergency/veh/226/seq=0/zor=[MASKED] decision=drop because duplicate alert
+112.058938994s 226 caf.Forwarder:OnIncomingAlert(): [DEBUG] in=257 alert=/alert/emergency/veh/226/seq=0/zor=[MASKED]
+112.058938994s 226 caf.Forwarder:AlertVehicleHandler(): [DEBUG] in=(257,0) alert=/alert/emergency/veh/226/seq=0/zor=[MASKED] decision=drop because duplicate alert
+112.058939012s 65 caf.Forwarder:OnIncomingAlert(): [DEBUG] in=257 alert=/alert/emergency/veh/226/seq=0/zor=[MASKED]
+112.058939012s 65 caf.Forwarder:AlertVehicleHandler(): [DEBUG] in=(257,0) alert=/alert/emergency/veh/226/seq=0/zor=[MASKED] decision=drop because duplicate alert
+112.058939060s 101 caf.Forwarder:OnIncomingAlert(): [DEBUG] in=257 alert=/alert/emergency/veh/226/seq=0/zor=[MASKED]
+112.058939060s 101 caf.Forwarder:AlertVehicleHandler(): [DEBUG] in=(257,0) alert=/alert/emergency/veh/226/seq=0/zor=[MASKED] decision=drop because duplicate alert
+112.058939075s 229 caf.Forwarder:OnIncomingAlert(): [DEBUG] in=257 alert=/alert/emergency/veh/226/seq=0/zor=[MASKED]
+112.058939075s 229 caf.Forwarder:AlertVehicleHandler(): [DEBUG] in=(257,0) alert=/alert/emergency/veh/226/seq=0/zor=[MASKED] decision=drop because duplicate alert
+112.058939077s 96 caf.Forwarder:OnIncomingAlert(): [DEBUG] in=257 alert=/alert/emergency/veh/226/seq=0/zor=[MASKED]
+112.058939077s 96 caf.Forwarder:AlertVehicleHandler(): [DEBUG] in=(257,0) alert=/alert/emergency/veh/226/seq=0/zor=[MASKED] decision=drop because duplicate alert
+112.058939077s 210 caf.Forwarder:OnIncomingAlert(): [DEBUG] in=257 alert=/alert/emergency/veh/226/seq=0/zor=[MASKED]
+112.058939077s 210 caf.Forwarder:AlertVehicleHandler(): [DEBUG] in=(257,0) alert=/alert/emergency/veh/226/seq=0/zor=[MASKED] decision=drop because duplicate alert
+112.058939085s 44 caf.Forwarder:OnIncomingAlert(): [DEBUG] in=257 alert=/alert/emergency/veh/226/seq=0/zor=[MASKED]
+112.058939085s 44 caf.Forwarder:AlertVehicleHandler(): [DEBUG] in=(257,0) alert=/alert/emergency/veh/226/seq=0/zor=[MASKED] decision=drop because duplicate alert
+112.058939091s 233 caf.Forwarder:OnIncomingAlert(): [DEBUG] in=257 alert=/alert/emergency/veh/226/seq=0/zor=[MASKED]
+112.058939091s 233 caf.Forwarder:AlertVehicleHandler(): [DEBUG] in=(257,0) alert=/alert/emergency/veh/226/seq=0/zor=[MASKED] decision=drop because duplicate alert
+112.058939100s 218 caf.Forwarder:OnIncomingAlert(): [DEBUG] in=257 alert=/alert/emergency/veh/226/seq=0/zor=[MASKED]
+112.058939100s 218 caf.Forwarder:AlertVehicleHandler(): [DEBUG] in=(257,0) alert=/alert/emergency/veh/226/seq=0/zor=[MASKED] decision=drop because duplicate alert
+112.218699484s 225 ndn.RandomAlertProducer:AlertSupplier(): [LOGIC] Send alert=/alert/emergency/veh/225/seq=0/zor=[MASKED] vehCount=126 rsuCount=9
+112.218699484s 225 caf.Forwarder:OnIncomingAlert(): [DEBUG] in=260 alert=/alert/emergency/veh/225/seq=0/zor=[MASKED]
+112.218699484s 225 caf.Forwarder:AlertVehicleHandler(): [DEBUG] in=(260,0) alert=/alert/emergency/veh/225/seq=0/zor=[MASKED] decision=forward to vehicles
+112.218699484s 225 caf.Forwarder:OnOutgoingAlert(): [DEBUG] out=257 alert=/alert/emergency/veh/225/seq=0/zor=[MASKED]
+112.219573524s 94 caf.Forwarder:OnIncomingAlert(): [DEBUG] in=257 alert=/alert/emergency/veh/225/seq=0/zor=[MASKED]
+112.219573524s 94 caf.Forwarder:AlertVehicleHandler(): [DEBUG] in=(257,0) alert=/alert/emergency/veh/225/seq=0/zor=[MASKED] decision=drop since sender is closer
+112.219573532s 222 caf.Forwarder:OnIncomingAlert(): [DEBUG] in=257 alert=/alert/emergency/veh/225/seq=0/zor=[MASKED]
+112.219573532s 222 caf.Forwarder:AlertVehicleHandler(): [DEBUG] in=(257,0) alert=/alert/emergency/veh/225/seq=0/zor=[MASKED] decision=drop since sender is closer
+112.219573533s 84 caf.Forwarder:OnIncomingAlert(): [DEBUG] in=257 alert=/alert/emergency/veh/225/seq=0/zor=[MASKED]
+112.219573533s 84 caf.Forwarder:AlertVehicleHandler(): [DEBUG] in=(257,0) alert=/alert/emergency/veh/225/seq=0/zor=[MASKED] decision=drop since sender is closer
+112.219573549s 214 caf.Forwarder:OnIncomingAlert(): [DEBUG] in=257 alert=/alert/emergency/veh/225/seq=0/zor=[MASKED]
+112.219573549s 214 caf.Forwarder:AlertVehicleHandler(): [DEBUG] in=(257,0) alert=/alert/emergency/veh/225/seq=0/zor=[MASKED] decision=forward to vehicles deferred until 3.10011ms
+112.219573596s 230 caf.Forwarder:OnIncomingAlert(): [DEBUG] in=257 alert=/alert/emergency/veh/225/seq=0/zor=[MASKED]
+112.219573596s 230 caf.Forwarder:AlertVehicleHandler(): [DEBUG] in=(257,0) alert=/alert/emergency/veh/225/seq=0/zor=[MASKED] decision=drop since sender is closer
+112.219573615s 217 caf.Forwarder:OnIncomingAlert(): [DEBUG] in=257 alert=/alert/emergency/veh/225/seq=0/zor=[MASKED]
+112.219573615s 217 caf.Forwarder:AlertVehicleHandler(): [DEBUG] in=(257,0) alert=/alert/emergency/veh/225/seq=0/zor=[MASKED] decision=forward to vehicles deferred until 1.09846ms
+112.219573648s 110 caf.Forwarder:OnIncomingAlert(): [DEBUG] in=257 alert=/alert/emergency/veh/225/seq=0/zor=[MASKED]
+112.219573648s 110 caf.Forwarder:AlertVehicleHandler(): [DEBUG] in=(257,0) alert=/alert/emergency/veh/225/seq=0/zor=[MASKED] decision=forward to vehicles deferred until 0.0824648ms
+112.219573654s 118 caf.Forwarder:OnIncomingAlert(): [DEBUG] in=257 alert=/alert/emergency/veh/225/seq=0/zor=[MASKED]
+112.219573654s 118 caf.Forwarder:AlertVehicleHandler(): [DEBUG] in=(257,0) alert=/alert/emergency/veh/225/seq=0/zor=[MASKED] decision=forward to vehicles deferred until 0ms
+112.219573654s 118 caf.Forwarder:OnOutgoingAlert(): [DEBUG] out=257 alert=/alert/emergency/veh/225/seq=0/zor=[MASKED]
+112.219656112s 110 caf.Forwarder:OnOutgoingAlert(): [DEBUG] out=257 alert=/alert/emergency/veh/225/seq=0/zor=[MASKED]
+112.220447667s 110 caf.Forwarder:OnIncomingAlert(): [DEBUG] in=257 alert=/alert/emergency/veh/225/seq=0/zor=[MASKED]
+112.220447667s 110 caf.Forwarder:AlertVehicleHandler(): [DEBUG] in=(257,0) alert=/alert/emergency/veh/225/seq=0/zor=[MASKED] decision=drop because duplicate alert
+112.220447691s 209 caf.Forwarder:OnIncomingAlert(): [DEBUG] in=257 alert=/alert/emergency/veh/225/seq=0/zor=[MASKED]
+112.220447691s 209 caf.Forwarder:AlertVehicleHandler(): [DEBUG] in=(257,0) alert=/alert/emergency/veh/225/seq=0/zor=[MASKED] decision=forward to vehicles deferred until 0ms
+112.220447691s 209 caf.Forwarder:OnOutgoingAlert(): [DEBUG] out=257 alert=/alert/emergency/veh/225/seq=0/zor=[MASKED]
+112.220447691s 209 ndn.AlertConsumer:doReceive(): [INFO ] Received alert: /alert/emergency/veh/225/seq=0/zor=[MASKED]
+112.220447699s 217 caf.Forwarder:OnIncomingAlert(): [DEBUG] in=257 alert=/alert/emergency/veh/225/seq=0/zor=[MASKED]
+112.220447699s 217 caf.Forwarder:AlertVehicleHandler(): [DEBUG] in= (257,0) alert=/alert/emergency/veh/225/seq=0/zor=[MASKED] timer cancelled because sender closer to ZoR
+112.220447762s 214 caf.Forwarder:OnIncomingAlert(): [DEBUG] in=257 alert=/alert/emergency/veh/225/seq=0/zor=[MASKED]
+112.220447762s 214 caf.Forwarder:AlertVehicleHandler(): [DEBUG] in= (257,0) alert=/alert/emergency/veh/225/seq=0/zor=[MASKED] timer cancelled because sender closer to ZoR
+112.220447769s 206 caf.Forwarder:OnIncomingAlert(): [DEBUG] in=257 alert=/alert/emergency/veh/225/seq=0/zor=[MASKED]
+112.220447769s 206 caf.Forwarder:AlertVehicleHandler(): [DEBUG] in=(257,0) alert=/alert/emergency/veh/225/seq=0/zor=[MASKED] decision=forward to vehicles deferred until 0ms
+112.220447769s 206 caf.Forwarder:OnOutgoingAlert(): [DEBUG] out=257 alert=/alert/emergency/veh/225/seq=0/zor=[MASKED]
+112.220447769s 206 ndn.AlertConsumer:doReceive(): [INFO ] Received alert: /alert/emergency/veh/225/seq=0/zor=[MASKED]
+112.220447796s 82 caf.Forwarder:OnIncomingAlert(): [DEBUG] in=257 alert=/alert/emergency/veh/225/seq=0/zor=[MASKED]
+112.220447796s 82 caf.Forwarder:AlertVehicleHandler(): [DEBUG] in=(257,0) alert=/alert/emergency/veh/225/seq=0/zor=[MASKED] decision=forward to vehicles deferred until 0ms
+112.220447796s 82 caf.Forwarder:OnOutgoingAlert(): [DEBUG] out=257 alert=/alert/emergency/veh/225/seq=0/zor=[MASKED]
+112.220447796s 82 ndn.AlertConsumer:doReceive(): [INFO ] Received alert: /alert/emergency/veh/225/seq=0/zor=[MASKED]
+112.220447813s 190 caf.Forwarder:OnIncomingAlert(): [DEBUG] in=257 alert=/alert/emergency/veh/225/seq=0/zor=[MASKED]
+112.220447813s 190 caf.Forwarder:AlertVehicleHandler(): [DEBUG] in=(257,0) alert=/alert/emergency/veh/225/seq=0/zor=[MASKED] decision=forward to vehicles deferred until 0ms
+112.220447813s 190 caf.Forwarder:OnOutgoingAlert(): [DEBUG] out=257 alert=/alert/emergency/veh/225/seq=0/zor=[MASKED]
+112.220447813s 190 ndn.AlertConsumer:doReceive(): [INFO ] Received alert: /alert/emergency/veh/225/seq=0/zor=[MASKED]
+112.220447824s 225 caf.Forwarder:OnIncomingAlert(): [DEBUG] in=257 alert=/alert/emergency/veh/225/seq=0/zor=[MASKED]
+112.220447824s 225 caf.Forwarder:AlertVehicleHandler(): [DEBUG] in=(257,0) alert=/alert/emergency/veh/225/seq=0/zor=[MASKED] decision=drop because duplicate alert
+112.221321728s 118 caf.Forwarder:OnIncomingAlert(): [DEBUG] in=257 alert=/alert/emergency/veh/225/seq=0/zor=[MASKED]
+112.221321728s 118 caf.Forwarder:AlertVehicleHandler(): [DEBUG] in=(257,0) alert=/alert/emergency/veh/225/seq=0/zor=[MASKED] decision=drop because duplicate alert
+112.221321741s 110 caf.Forwarder:OnIncomingAlert(): [DEBUG] in=257 alert=/alert/emergency/veh/225/seq=0/zor=[MASKED]
+112.221321741s 110 caf.Forwarder:AlertVehicleHandler(): [DEBUG] in=(257,0) alert=/alert/emergency/veh/225/seq=0/zor=[MASKED] decision=drop because duplicate alert
+112.221321761s 217 caf.Forwarder:OnIncomingAlert(): [DEBUG] in=257 alert=/alert/emergency/veh/225/seq=0/zor=[MASKED]
+112.221321761s 217 caf.Forwarder:AlertVehicleHandler(): [DEBUG] in=(257,0) alert=/alert/emergency/veh/225/seq=0/zor=[MASKED] decision=drop because duplicate alert
+112.221321843s 185 caf.Forwarder:OnIncomingAlert(): [DEBUG] in=257 alert=/alert/emergency/veh/225/seq=0/zor=[MASKED]
+112.221321843s 185 caf.Forwarder:AlertVehicleHandler(): [DEBUG] in=(257,0) alert=/alert/emergency/veh/225/seq=0/zor=[MASKED] decision=forward to vehicles deferred until 0ms
+112.221321843s 185 caf.Forwarder:OnOutgoingAlert(): [DEBUG] out=257 alert=/alert/emergency/veh/225/seq=0/zor=[MASKED]
+112.221321843s 185 ndn.AlertConsumer:doReceive(): [INFO ] Received alert: /alert/emergency/veh/225/seq=0/zor=[MASKED]
+112.222195859s 201 caf.Forwarder:OnIncomingAlert(): [DEBUG] in=257 alert=/alert/emergency/veh/225/seq=0/zor=[MASKED]
+112.222195859s 201 caf.Forwarder:AlertVehicleHandler(): [DEBUG] in=(257,0) alert=/alert/emergency/veh/225/seq=0/zor=[MASKED] decision=forward to vehicles deferred until 0ms
+112.222195859s 201 caf.Forwarder:OnOutgoingAlert(): [DEBUG] out=257 alert=/alert/emergency/veh/225/seq=0/zor=[MASKED]
+112.222195859s 201 ndn.AlertConsumer:doReceive(): [INFO ] Received alert: /alert/emergency/veh/225/seq=0/zor=[MASKED]
+112.222195868s 183 caf.Forwarder:OnIncomingAlert(): [DEBUG] in=257 alert=/alert/emergency/veh/225/seq=0/zor=[MASKED]
+112.222195868s 183 caf.Forwarder:AlertVehicleHandler(): [DEBUG] in=(257,0) alert=/alert/emergency/veh/225/seq=0/zor=[MASKED] decision=forward to vehicles deferred until 0ms
+112.222195868s 183 caf.Forwarder:OnOutgoingAlert(): [DEBUG] out=257 alert=/alert/emergency/veh/225/seq=0/zor=[MASKED]
+112.222195868s 183 ndn.AlertConsumer:doReceive(): [INFO ] Received alert: /alert/emergency/veh/225/seq=0/zor=[MASKED]
+112.222195873s 190 caf.Forwarder:OnIncomingAlert(): [DEBUG] in=257 alert=/alert/emergency/veh/225/seq=0/zor=[MASKED]
+112.222195873s 190 caf.Forwarder:AlertVehicleHandler(): [DEBUG] in=(257,0) alert=/alert/emergency/veh/225/seq=0/zor=[MASKED] decision=drop because duplicate alert
+112.222195888s 130 caf.Forwarder:OnIncomingAlert(): [DEBUG] in=257 alert=/alert/emergency/veh/225/seq=0/zor=[MASKED]
+112.222195888s 130 caf.Forwarder:AlertVehicleHandler(): [DEBUG] in=(257,0) alert=/alert/emergency/veh/225/seq=0/zor=[MASKED] decision=forward to vehicles deferred until 0ms
+112.222195888s 130 caf.Forwarder:OnOutgoingAlert(): [DEBUG] out=257 alert=/alert/emergency/veh/225/seq=0/zor=[MASKED]
+112.222195888s 130 ndn.AlertConsumer:doReceive(): [INFO ] Received alert: /alert/emergency/veh/225/seq=0/zor=[MASKED]
+112.222195895s 82 caf.Forwarder:OnIncomingAlert(): [DEBUG] in=257 alert=/alert/emergency/veh/225/seq=0/zor=[MASKED]
+112.222195895s 82 caf.Forwarder:AlertVehicleHandler(): [DEBUG] in=(257,0) alert=/alert/emergency/veh/225/seq=0/zor=[MASKED] decision=drop because duplicate alert
+112.222195896s 164 caf.Forwarder:OnIncomingAlert(): [DEBUG] in=257 alert=/alert/emergency/veh/225/seq=0/zor=[MASKED]
+112.222195896s 164 caf.Forwarder:AlertVehicleHandler(): [DEBUG] in=(257,0) alert=/alert/emergency/veh/225/seq=0/zor=[MASKED] decision=forward to vehicles deferred until 0ms
+112.222195896s 164 caf.Forwarder:OnOutgoingAlert(): [DEBUG] out=257 alert=/alert/emergency/veh/225/seq=0/zor=[MASKED]
+112.222195896s 164 ndn.AlertConsumer:doReceive(): [INFO ] Received alert: /alert/emergency/veh/225/seq=0/zor=[MASKED]
+112.222195904s 198 caf.Forwarder:OnIncomingAlert(): [DEBUG] in=257 alert=/alert/emergency/veh/225/seq=0/zor=[MASKED]
+112.222195904s 198 caf.Forwarder:AlertVehicleHandler(): [DEBUG] in=(257,0) alert=/alert/emergency/veh/225/seq=0/zor=[MASKED] decision=forward to vehicles deferred until 0ms
+112.222195904s 198 caf.Forwarder:OnOutgoingAlert(): [DEBUG] out=257 alert=/alert/emergency/veh/225/seq=0/zor=[MASKED]
+112.222195904s 198 ndn.AlertConsumer:doReceive(): [INFO ] Received alert: /alert/emergency/veh/225/seq=0/zor=[MASKED]
+112.222195920s 150 caf.Forwarder:OnIncomingAlert(): [DEBUG] in=257 alert=/alert/emergency/veh/225/seq=0/zor=[MASKED]
+112.222195920s 150 caf.Forwarder:AlertVehicleHandler(): [DEBUG] in=(257,0) alert=/alert/emergency/veh/225/seq=0/zor=[MASKED] decision=forward to vehicles deferred until 0ms
+112.222195920s 206 caf.Forwarder:OnIncomingAlert(): [DEBUG] in=257 alert=/alert/emergency/veh/225/seq=0/zor=[MASKED]
+112.222195920s 206 caf.Forwarder:AlertVehicleHandler(): [DEBUG] in=(257,0) alert=/alert/emergency/veh/225/seq=0/zor=[MASKED] decision=drop because duplicate alert
+112.222195920s 150 caf.Forwarder:OnOutgoingAlert(): [DEBUG] out=257 alert=/alert/emergency/veh/225/seq=0/zor=[MASKED]
+112.222195920s 150 ndn.AlertConsumer:doReceive(): [INFO ] Received alert: /alert/emergency/veh/225/seq=0/zor=[MASKED]
+112.222195933s 193 caf.Forwarder:OnIncomingAlert(): [DEBUG] in=257 alert=/alert/emergency/veh/225/seq=0/zor=[MASKED]
+112.222195933s 193 caf.Forwarder:AlertVehicleHandler(): [DEBUG] in=(257,0) alert=/alert/emergency/veh/225/seq=0/zor=[MASKED] decision=forward to vehicles deferred until 0ms
+112.222195933s 193 caf.Forwarder:OnOutgoingAlert(): [DEBUG] out=257 alert=/alert/emergency/veh/225/seq=0/zor=[MASKED]
+112.222195933s 193 ndn.AlertConsumer:doReceive(): [INFO ] Received alert: /alert/emergency/veh/225/seq=0/zor=[MASKED]
+112.222195947s 151 caf.Forwarder:OnIncomingAlert(): [DEBUG] in=257 alert=/alert/emergency/veh/225/seq=0/zor=[MASKED]
+112.222195947s 151 caf.Forwarder:AlertVehicleHandler(): [DEBUG] in=(257,0) alert=/alert/emergency/veh/225/seq=0/zor=[MASKED] decision=forward to vehicles deferred until 0ms
+112.222195947s 151 caf.Forwarder:OnOutgoingAlert(): [DEBUG] out=257 alert=/alert/emergency/veh/225/seq=0/zor=[MASKED]
+112.222195947s 151 ndn.AlertConsumer:doReceive(): [INFO ] Received alert: /alert/emergency/veh/225/seq=0/zor=[MASKED]
+112.222195961s 178 caf.Forwarder:OnIncomingAlert(): [DEBUG] in=257 alert=/alert/emergency/veh/225/seq=0/zor=[MASKED]
+112.222195961s 178 caf.Forwarder:AlertVehicleHandler(): [DEBUG] in=(257,0) alert=/alert/emergency/veh/225/seq=0/zor=[MASKED] decision=forward to vehicles deferred until 0ms
+112.222195961s 178 caf.Forwarder:OnOutgoingAlert(): [DEBUG] out=257 alert=/alert/emergency/veh/225/seq=0/zor=[MASKED]
+112.222195961s 178 ndn.AlertConsumer:doReceive(): [INFO ] Received alert: /alert/emergency/veh/225/seq=0/zor=[MASKED]
+112.222195970s 135 caf.Forwarder:OnIncomingAlert(): [DEBUG] in=257 alert=/alert/emergency/veh/225/seq=0/zor=[MASKED]
+112.222195970s 135 caf.Forwarder:AlertVehicleHandler(): [DEBUG] in=(257,0) alert=/alert/emergency/veh/225/seq=0/zor=[MASKED] decision=forward to vehicles deferred until 0ms
+112.222195970s 135 caf.Forwarder:OnOutgoingAlert(): [DEBUG] out=257 alert=/alert/emergency/veh/225/seq=0/zor=[MASKED]
+112.222195970s 135 ndn.AlertConsumer:doReceive(): [INFO ] Received alert: /alert/emergency/veh/225/seq=0/zor=[MASKED]
+112.222195992s 172 caf.Forwarder:OnIncomingAlert(): [DEBUG] in=257 alert=/alert/emergency/veh/225/seq=0/zor=[MASKED]
+112.222195992s 172 caf.Forwarder:AlertVehicleHandler(): [DEBUG] in=(257,0) alert=/alert/emergency/veh/225/seq=0/zor=[MASKED] decision=forward to vehicles deferred until 0ms
+112.222195992s 172 caf.Forwarder:OnOutgoingAlert(): [DEBUG] out=257 alert=/alert/emergency/veh/225/seq=0/zor=[MASKED]
+112.222195992s 172 ndn.AlertConsumer:doReceive(): [INFO ] Received alert: /alert/emergency/veh/225/seq=0/zor=[MASKED]
+112.222195997s 143 caf.Forwarder:OnIncomingAlert(): [DEBUG] in=257 alert=/alert/emergency/veh/225/seq=0/zor=[MASKED]
+112.222195997s 143 caf.Forwarder:AlertVehicleHandler(): [DEBUG] in=(257,0) alert=/alert/emergency/veh/225/seq=0/zor=[MASKED] decision=forward to vehicles deferred until 0ms
+112.222195997s 143 caf.Forwarder:OnOutgoingAlert(): [DEBUG] out=257 alert=/alert/emergency/veh/225/seq=0/zor=[MASKED]
+112.222195997s 143 ndn.AlertConsumer:doReceive(): [INFO ] Received alert: /alert/emergency/veh/225/seq=0/zor=[MASKED]
+112.222351754s 118 caf.Forwarder:OnIncomingAlert(): [DEBUG] in=257 alert=/alert/emergency/veh/225/seq=0/zor=[MASKED]
+112.222351754s 118 caf.Forwarder:AlertVehicleHandler(): [DEBUG] in=(257,0) alert=/alert/emergency/veh/225/seq=0/zor=[MASKED] decision=drop because duplicate alert
+112.222351787s 217 caf.Forwarder:OnIncomingAlert(): [DEBUG] in=257 alert=/alert/emergency/veh/225/seq=0/zor=[MASKED]
+112.222351787s 217 caf.Forwarder:AlertVehicleHandler(): [DEBUG] in=(257,0) alert=/alert/emergency/veh/225/seq=0/zor=[MASKED] decision=drop because duplicate alert
+112.222351845s 214 caf.Forwarder:OnIncomingAlert(): [DEBUG] in=257 alert=/alert/emergency/veh/225/seq=0/zor=[MASKED]
+112.222351845s 214 caf.Forwarder:AlertVehicleHandler(): [DEBUG] in=(257,0) alert=/alert/emergency/veh/225/seq=0/zor=[MASKED] decision=drop because duplicate alert
+112.222351905s 225 caf.Forwarder:OnIncomingAlert(): [DEBUG] in=257 alert=/alert/emergency/veh/225/seq=0/zor=[MASKED]
+112.222351905s 225 caf.Forwarder:AlertVehicleHandler(): [DEBUG] in=(257,0) alert=/alert/emergency/veh/225/seq=0/zor=[MASKED] decision=drop because duplicate alert
+112.223069875s 185 caf.Forwarder:OnIncomingAlert(): [DEBUG] in=257 alert=/alert/emergency/veh/225/seq=0/zor=[MASKED]
+112.223069875s 185 caf.Forwarder:AlertVehicleHandler(): [DEBUG] in=(257,0) alert=/alert/emergency/veh/225/seq=0/zor=[MASKED] decision=drop because duplicate alert
+112.778226232s 224 ndn.RandomAlertProducer:AlertSupplier(): [LOGIC] Send alert=/alert/emergency/veh/224/seq=0/zor=[MASKED] vehCount=127 rsuCount=9
+112.778226232s 224 caf.Forwarder:OnIncomingAlert(): [DEBUG] in=260 alert=/alert/emergency/veh/224/seq=0/zor=[MASKED]
+112.778226232s 224 caf.Forwarder:AlertVehicleHandler(): [DEBUG] in=(260,0) alert=/alert/emergency/veh/224/seq=0/zor=[MASKED] decision=forward to vehicles
+112.778226232s 224 caf.Forwarder:OnOutgoingAlert(): [DEBUG] out=257 alert=/alert/emergency/veh/224/seq=0/zor=[MASKED]
+112.779100285s 216 caf.Forwarder:OnIncomingAlert(): [DEBUG] in=257 alert=/alert/emergency/veh/224/seq=0/zor=[MASKED]
+112.779100285s 216 caf.Forwarder:AlertVehicleHandler(): [DEBUG] in=(257,0) alert=/alert/emergency/veh/224/seq=0/zor=[MASKED] decision=forward to vehicles deferred until 3.44821ms
+112.779100288s 231 caf.Forwarder:OnIncomingAlert(): [DEBUG] in=257 alert=/alert/emergency/veh/224/seq=0/zor=[MASKED]
+112.779100288s 231 caf.Forwarder:AlertVehicleHandler(): [DEBUG] in=(257,0) alert=/alert/emergency/veh/224/seq=0/zor=[MASKED] decision=drop since sender is closer
+112.779100293s 125 caf.Forwarder:OnIncomingAlert(): [DEBUG] in=257 alert=/alert/emergency/veh/224/seq=0/zor=[MASKED]
+112.779100293s 125 caf.Forwarder:AlertVehicleHandler(): [DEBUG] in=(257,0) alert=/alert/emergency/veh/224/seq=0/zor=[MASKED] decision=drop since sender is closer
+112.779100306s 223 caf.Forwarder:OnIncomingAlert(): [DEBUG] in=257 alert=/alert/emergency/veh/224/seq=0/zor=[MASKED]
+112.779100306s 223 caf.Forwarder:AlertVehicleHandler(): [DEBUG] in=(257,0) alert=/alert/emergency/veh/224/seq=0/zor=[MASKED] decision=forward to vehicles deferred until 2.80523ms
+112.779100339s 239 caf.Forwarder:OnIncomingAlert(): [DEBUG] in=257 alert=/alert/emergency/veh/224/seq=0/zor=[MASKED]
+112.779100339s 239 caf.Forwarder:AlertVehicleHandler(): [DEBUG] in=(257,0) alert=/alert/emergency/veh/224/seq=0/zor=[MASKED] decision=drop since sender is closer
+112.779100346s 237 caf.Forwarder:OnIncomingAlert(): [DEBUG] in=257 alert=/alert/emergency/veh/224/seq=0/zor=[MASKED]
+112.779100346s 237 caf.Forwarder:AlertVehicleHandler(): [DEBUG] in=(257,0) alert=/alert/emergency/veh/224/seq=0/zor=[MASKED] decision=drop since sender is closer
+112.779100353s 215 caf.Forwarder:OnIncomingAlert(): [DEBUG] in=257 alert=/alert/emergency/veh/224/seq=0/zor=[MASKED]
+112.779100353s 215 caf.Forwarder:AlertVehicleHandler(): [DEBUG] in=(257,0) alert=/alert/emergency/veh/224/seq=0/zor=[MASKED] decision=forward to vehicles deferred until 1.37733ms
+112.779100383s 58 caf.Forwarder:OnIncomingAlert(): [DEBUG] in=257 alert=/alert/emergency/veh/224/seq=0/zor=[MASKED]
+112.779100383s 58 caf.Forwarder:AlertVehicleHandler(): [DEBUG] in=(257,0) alert=/alert/emergency/veh/224/seq=0/zor=[MASKED] decision=forward to vehicles deferred until 0.47903ms
+112.779579413s 58 caf.Forwarder:OnOutgoingAlert(): [DEBUG] out=257 alert=/alert/emergency/veh/224/seq=0/zor=[MASKED]
+112.780453454s 215 caf.Forwarder:OnIncomingAlert(): [DEBUG] in=257 alert=/alert/emergency/veh/224/seq=0/zor=[MASKED]
+112.780453454s 215 caf.Forwarder:AlertVehicleHandler(): [DEBUG] in= (257,0) alert=/alert/emergency/veh/224/seq=0/zor=[MASKED] timer cancelled because sender closer to ZoR
+112.780453490s 223 caf.Forwarder:OnIncomingAlert(): [DEBUG] in=257 alert=/alert/emergency/veh/224/seq=0/zor=[MASKED]
+112.780453490s 223 caf.Forwarder:AlertVehicleHandler(): [DEBUG] in= (257,0) alert=/alert/emergency/veh/224/seq=0/zor=[MASKED] timer cancelled because sender closer to ZoR
+112.780453493s 207 caf.Forwarder:OnIncomingAlert(): [DEBUG] in=257 alert=/alert/emergency/veh/224/seq=0/zor=[MASKED]
+112.780453493s 207 caf.Forwarder:AlertVehicleHandler(): [DEBUG] in=(257,0) alert=/alert/emergency/veh/224/seq=0/zor=[MASKED] decision=forward to vehicles deferred until 0ms
+112.780453493s 207 caf.Forwarder:OnOutgoingAlert(): [DEBUG] out=257 alert=/alert/emergency/veh/224/seq=0/zor=[MASKED]
+112.780453493s 207 ndn.AlertConsumer:doReceive(): [INFO ] Received alert: /alert/emergency/veh/224/seq=0/zor=[MASKED]
+112.780453513s 216 caf.Forwarder:OnIncomingAlert(): [DEBUG] in=257 alert=/alert/emergency/veh/224/seq=0/zor=[MASKED]
+112.780453513s 216 caf.Forwarder:AlertVehicleHandler(): [DEBUG] in= (257,0) alert=/alert/emergency/veh/224/seq=0/zor=[MASKED] timer cancelled because sender closer to ZoR
+112.780453564s 224 caf.Forwarder:OnIncomingAlert(): [DEBUG] in=257 alert=/alert/emergency/veh/224/seq=0/zor=[MASKED]
+112.780453564s 224 caf.Forwarder:AlertVehicleHandler(): [DEBUG] in=(257,0) alert=/alert/emergency/veh/224/seq=0/zor=[MASKED] decision=drop because duplicate alert
+112.780453580s 208 caf.Forwarder:OnIncomingAlert(): [DEBUG] in=257 alert=/alert/emergency/veh/224/seq=0/zor=[MASKED]
+112.780453580s 208 caf.Forwarder:AlertVehicleHandler(): [DEBUG] in=(257,0) alert=/alert/emergency/veh/224/seq=0/zor=[MASKED] decision=forward to vehicles deferred until 0ms
+112.780453580s 208 caf.Forwarder:OnOutgoingAlert(): [DEBUG] out=257 alert=/alert/emergency/veh/224/seq=0/zor=[MASKED]
+112.780453580s 208 ndn.AlertConsumer:doReceive(): [INFO ] Received alert: /alert/emergency/veh/224/seq=0/zor=[MASKED]
+112.781327573s 58 caf.Forwarder:OnIncomingAlert(): [DEBUG] in=257 alert=/alert/emergency/veh/224/seq=0/zor=[MASKED]
+112.781327573s 58 caf.Forwarder:AlertVehicleHandler(): [DEBUG] in=(257,0) alert=/alert/emergency/veh/224/seq=0/zor=[MASKED] decision=drop because duplicate alert
+112.781327592s 215 caf.Forwarder:OnIncomingAlert(): [DEBUG] in=257 alert=/alert/emergency/veh/224/seq=0/zor=[MASKED]
+112.781327592s 215 caf.Forwarder:AlertVehicleHandler(): [DEBUG] in=(257,0) alert=/alert/emergency/veh/224/seq=0/zor=[MASKED] decision=drop because duplicate alert
+112.781327605s 200 caf.Forwarder:OnIncomingAlert(): [DEBUG] in=257 alert=/alert/emergency/veh/224/seq=0/zor=[MASKED]
+112.781327605s 200 caf.Forwarder:AlertVehicleHandler(): [DEBUG] in=(257,0) alert=/alert/emergency/veh/224/seq=0/zor=[MASKED] decision=forward to vehicles deferred until 0ms
+112.781327605s 200 caf.Forwarder:OnOutgoingAlert(): [DEBUG] out=257 alert=/alert/emergency/veh/224/seq=0/zor=[MASKED]
+112.781327605s 200 ndn.AlertConsumer:doReceive(): [INFO ] Received alert: /alert/emergency/veh/224/seq=0/zor=[MASKED]
+112.781327640s 223 caf.Forwarder:OnIncomingAlert(): [DEBUG] in=257 alert=/alert/emergency/veh/224/seq=0/zor=[MASKED]
+112.781327640s 223 caf.Forwarder:AlertVehicleHandler(): [DEBUG] in=(257,0) alert=/alert/emergency/veh/224/seq=0/zor=[MASKED] decision=drop because duplicate alert
+112.781327642s 199 caf.Forwarder:OnIncomingAlert(): [DEBUG] in=257 alert=/alert/emergency/veh/224/seq=0/zor=[MASKED]
+112.781327642s 199 caf.Forwarder:AlertVehicleHandler(): [DEBUG] in=(257,0) alert=/alert/emergency/veh/224/seq=0/zor=[MASKED] decision=forward to vehicles deferred until 0ms
+112.781327642s 199 caf.Forwarder:OnOutgoingAlert(): [DEBUG] out=257 alert=/alert/emergency/veh/224/seq=0/zor=[MASKED]
+112.781327642s 199 ndn.AlertConsumer:doReceive(): [INFO ] Received alert: /alert/emergency/veh/224/seq=0/zor=[MASKED]
+112.781327651s 192 caf.Forwarder:OnIncomingAlert(): [DEBUG] in=257 alert=/alert/emergency/veh/224/seq=0/zor=[MASKED]
+112.781327651s 192 caf.Forwarder:AlertVehicleHandler(): [DEBUG] in=(257,0) alert=/alert/emergency/veh/224/seq=0/zor=[MASKED] decision=forward to vehicles deferred until 0ms
+112.781327651s 192 caf.Forwarder:OnOutgoingAlert(): [DEBUG] out=257 alert=/alert/emergency/veh/224/seq=0/zor=[MASKED]
+112.781327651s 192 ndn.AlertConsumer:doReceive(): [INFO ] Received alert: /alert/emergency/veh/224/seq=0/zor=[MASKED]
+112.781327660s 216 caf.Forwarder:OnIncomingAlert(): [DEBUG] in=257 alert=/alert/emergency/veh/224/seq=0/zor=[MASKED]
+112.781327660s 216 caf.Forwarder:AlertVehicleHandler(): [DEBUG] in=(257,0) alert=/alert/emergency/veh/224/seq=0/zor=[MASKED] decision=drop because duplicate alert
+112.781327671s 191 caf.Forwarder:OnIncomingAlert(): [DEBUG] in=257 alert=/alert/emergency/veh/224/seq=0/zor=[MASKED]
+112.781327671s 191 caf.Forwarder:AlertVehicleHandler(): [DEBUG] in=(257,0) alert=/alert/emergency/veh/224/seq=0/zor=[MASKED] decision=forward to vehicles deferred until 0ms
+112.781327671s 191 caf.Forwarder:OnOutgoingAlert(): [DEBUG] out=257 alert=/alert/emergency/veh/224/seq=0/zor=[MASKED]
+112.781327671s 191 ndn.AlertConsumer:doReceive(): [INFO ] Received alert: /alert/emergency/veh/224/seq=0/zor=[MASKED]
+112.781327674s 184 caf.Forwarder:OnIncomingAlert(): [DEBUG] in=257 alert=/alert/emergency/veh/224/seq=0/zor=[MASKED]
+112.781327674s 184 caf.Forwarder:AlertVehicleHandler(): [DEBUG] in=(257,0) alert=/alert/emergency/veh/224/seq=0/zor=[MASKED] decision=forward to vehicles deferred until 0ms
+112.781327674s 184 caf.Forwarder:OnOutgoingAlert(): [DEBUG] out=257 alert=/alert/emergency/veh/224/seq=0/zor=[MASKED]
+112.781327674s 184 ndn.AlertConsumer:doReceive(): [INFO ] Received alert: /alert/emergency/veh/224/seq=0/zor=[MASKED]
+112.781327688s 131 caf.Forwarder:OnIncomingAlert(): [DEBUG] in=257 alert=/alert/emergency/veh/224/seq=0/zor=[MASKED]
+112.781327688s 131 caf.Forwarder:AlertVehicleHandler(): [DEBUG] in=(257,0) alert=/alert/emergency/veh/224/seq=0/zor=[MASKED] decision=forward to vehicles deferred until 0ms
+112.781327688s 131 caf.Forwarder:OnOutgoingAlert(): [DEBUG] out=257 alert=/alert/emergency/veh/224/seq=0/zor=[MASKED]
+112.781327688s 131 ndn.AlertConsumer:doReceive(): [INFO ] Received alert: /alert/emergency/veh/224/seq=0/zor=[MASKED]
+112.781327698s 170 caf.Forwarder:OnIncomingAlert(): [DEBUG] in=257 alert=/alert/emergency/veh/224/seq=0/zor=[MASKED]
+112.781327698s 170 caf.Forwarder:AlertVehicleHandler(): [DEBUG] in=(257,0) alert=/alert/emergency/veh/224/seq=0/zor=[MASKED] decision=forward to vehicles deferred until 0ms
+112.781327698s 170 caf.Forwarder:OnOutgoingAlert(): [DEBUG] out=257 alert=/alert/emergency/veh/224/seq=0/zor=[MASKED]
+112.781327698s 170 ndn.AlertConsumer:doReceive(): [INFO ] Received alert: /alert/emergency/veh/224/seq=0/zor=[MASKED]
+112.781327701s 177 caf.Forwarder:OnIncomingAlert(): [DEBUG] in=257 alert=/alert/emergency/veh/224/seq=0/zor=[MASKED]
+112.781327701s 177 caf.Forwarder:AlertVehicleHandler(): [DEBUG] in=(257,0) alert=/alert/emergency/veh/224/seq=0/zor=[MASKED] decision=forward to vehicles deferred until 0ms
+112.781327701s 177 caf.Forwarder:OnOutgoingAlert(): [DEBUG] out=257 alert=/alert/emergency/veh/224/seq=0/zor=[MASKED]
+112.781327701s 177 ndn.AlertConsumer:doReceive(): [INFO ] Received alert: /alert/emergency/veh/224/seq=0/zor=[MASKED]
+112.781327726s 148 caf.Forwarder:OnIncomingAlert(): [DEBUG] in=257 alert=/alert/emergency/veh/224/seq=0/zor=[MASKED]
+112.781327726s 148 caf.Forwarder:AlertVehicleHandler(): [DEBUG] in=(257,0) alert=/alert/emergency/veh/224/seq=0/zor=[MASKED] decision=forward to vehicles deferred until 0ms
+112.781327726s 148 caf.Forwarder:OnOutgoingAlert(): [DEBUG] out=257 alert=/alert/emergency/veh/224/seq=0/zor=[MASKED]
+112.781327726s 148 ndn.AlertConsumer:doReceive(): [INFO ] Received alert: /alert/emergency/veh/224/seq=0/zor=[MASKED]
+112.781327732s 176 caf.Forwarder:OnIncomingAlert(): [DEBUG] in=257 alert=/alert/emergency/veh/224/seq=0/zor=[MASKED]
+112.781327732s 176 caf.Forwarder:AlertVehicleHandler(): [DEBUG] in=(257,0) alert=/alert/emergency/veh/224/seq=0/zor=[MASKED] decision=forward to vehicles deferred until 0ms
+112.781327732s 176 caf.Forwarder:OnOutgoingAlert(): [DEBUG] out=257 alert=/alert/emergency/veh/224/seq=0/zor=[MASKED]
+112.781327732s 176 ndn.AlertConsumer:doReceive(): [INFO ] Received alert: /alert/emergency/veh/224/seq=0/zor=[MASKED]
+112.781327750s 149 caf.Forwarder:OnIncomingAlert(): [DEBUG] in=257 alert=/alert/emergency/veh/224/seq=0/zor=[MASKED]
+112.781327750s 149 caf.Forwarder:AlertVehicleHandler(): [DEBUG] in=(257,0) alert=/alert/emergency/veh/224/seq=0/zor=[MASKED] decision=forward to vehicles deferred until 0ms
+112.781327750s 149 caf.Forwarder:OnOutgoingAlert(): [DEBUG] out=257 alert=/alert/emergency/veh/224/seq=0/zor=[MASKED]
+112.781327750s 149 ndn.AlertConsumer:doReceive(): [INFO ] Received alert: /alert/emergency/veh/224/seq=0/zor=[MASKED]
+112.782201630s 208 caf.Forwarder:OnIncomingAlert(): [DEBUG] in=257 alert=/alert/emergency/veh/224/seq=0/zor=[MASKED]
+112.782201630s 208 caf.Forwarder:AlertVehicleHandler(): [DEBUG] in=(257,0) alert=/alert/emergency/veh/224/seq=0/zor=[MASKED] decision=drop because duplicate alert
+112.782201768s 162 caf.Forwarder:OnIncomingAlert(): [DEBUG] in=257 alert=/alert/emergency/veh/224/seq=0/zor=[MASKED]
+112.782201768s 162 caf.Forwarder:AlertVehicleHandler(): [DEBUG] in=(257,0) alert=/alert/emergency/veh/224/seq=0/zor=[MASKED] decision=forward to vehicles deferred until 0ms
+112.782201768s 162 caf.Forwarder:OnOutgoingAlert(): [DEBUG] out=257 alert=/alert/emergency/veh/224/seq=0/zor=[MASKED]
+112.782201768s 162 ndn.AlertConsumer:doReceive(): [INFO ] Received alert: /alert/emergency/veh/224/seq=0/zor=[MASKED]
+112.783075785s 141 caf.Forwarder:OnIncomingAlert(): [DEBUG] in=257 alert=/alert/emergency/veh/224/seq=0/zor=[MASKED]
+112.783075785s 141 caf.Forwarder:AlertVehicleHandler(): [DEBUG] in=(257,0) alert=/alert/emergency/veh/224/seq=0/zor=[MASKED] decision=forward to vehicles deferred until 0ms
+112.783075785s 141 caf.Forwarder:OnOutgoingAlert(): [DEBUG] out=257 alert=/alert/emergency/veh/224/seq=0/zor=[MASKED]
+112.783075785s 141 ndn.AlertConsumer:doReceive(): [INFO ] Received alert: /alert/emergency/veh/224/seq=0/zor=[MASKED]
+112.783075786s 149 caf.Forwarder:OnIncomingAlert(): [DEBUG] in=257 alert=/alert/emergency/veh/224/seq=0/zor=[MASKED]
+112.783075786s 149 caf.Forwarder:AlertVehicleHandler(): [DEBUG] in=(257,0) alert=/alert/emergency/veh/224/seq=0/zor=[MASKED] decision=drop because duplicate alert
+112.783075796s 163 caf.Forwarder:OnIncomingAlert(): [DEBUG] in=257 alert=/alert/emergency/veh/224/seq=0/zor=[MASKED]
+112.783075796s 163 caf.Forwarder:AlertVehicleHandler(): [DEBUG] in=(257,0) alert=/alert/emergency/veh/224/seq=0/zor=[MASKED] decision=forward to vehicles deferred until 0ms
+112.783075796s 163 caf.Forwarder:OnOutgoingAlert(): [DEBUG] out=257 alert=/alert/emergency/veh/224/seq=0/zor=[MASKED]
+112.783075796s 163 ndn.AlertConsumer:doReceive(): [INFO ] Received alert: /alert/emergency/veh/224/seq=0/zor=[MASKED]
+112.783075800s 176 caf.Forwarder:OnIncomingAlert(): [DEBUG] in=257 alert=/alert/emergency/veh/224/seq=0/zor=[MASKED]
+112.783075800s 176 caf.Forwarder:AlertVehicleHandler(): [DEBUG] in=(257,0) alert=/alert/emergency/veh/224/seq=0/zor=[MASKED] decision=drop because duplicate alert
+112.783075805s 138 caf.Forwarder:OnIncomingAlert(): [DEBUG] in=257 alert=/alert/emergency/veh/224/seq=0/zor=[MASKED]
+112.783075805s 138 caf.Forwarder:AlertVehicleHandler(): [DEBUG] in=(257,0) alert=/alert/emergency/veh/224/seq=0/zor=[MASKED] decision=forward to vehicles deferred until 0ms
+112.783075805s 138 caf.Forwarder:OnOutgoingAlert(): [DEBUG] out=257 alert=/alert/emergency/veh/224/seq=0/zor=[MASKED]
+112.783075805s 138 ndn.AlertConsumer:doReceive(): [INFO ] Received alert: /alert/emergency/veh/224/seq=0/zor=[MASKED]
+112.783075808s 134 caf.Forwarder:OnIncomingAlert(): [DEBUG] in=257 alert=/alert/emergency/veh/224/seq=0/zor=[MASKED]
+112.783075808s 134 caf.Forwarder:AlertVehicleHandler(): [DEBUG] in=(257,0) alert=/alert/emergency/veh/224/seq=0/zor=[MASKED] decision=forward to vehicles deferred until 0ms
+112.783075808s 148 caf.Forwarder:OnIncomingAlert(): [DEBUG] in=257 alert=/alert/emergency/veh/224/seq=0/zor=[MASKED]
+112.783075808s 148 caf.Forwarder:AlertVehicleHandler(): [DEBUG] in=(257,0) alert=/alert/emergency/veh/224/seq=0/zor=[MASKED] decision=drop because duplicate alert
+112.783075808s 134 caf.Forwarder:OnOutgoingAlert(): [DEBUG] out=257 alert=/alert/emergency/veh/224/seq=0/zor=[MASKED]
+112.783075808s 134 ndn.AlertConsumer:doReceive(): [INFO ] Received alert: /alert/emergency/veh/224/seq=0/zor=[MASKED]
+112.783075824s 155 caf.Forwarder:OnIncomingAlert(): [DEBUG] in=257 alert=/alert/emergency/veh/224/seq=0/zor=[MASKED]
+112.783075824s 155 caf.Forwarder:AlertVehicleHandler(): [DEBUG] in=(257,0) alert=/alert/emergency/veh/224/seq=0/zor=[MASKED] decision=forward to vehicles deferred until 0ms
+112.783075824s 155 caf.Forwarder:OnOutgoingAlert(): [DEBUG] out=257 alert=/alert/emergency/veh/224/seq=0/zor=[MASKED]
+112.783075824s 155 ndn.AlertConsumer:doReceive(): [INFO ] Received alert: /alert/emergency/veh/224/seq=0/zor=[MASKED]
+112.783075831s 133 caf.Forwarder:OnIncomingAlert(): [DEBUG] in=257 alert=/alert/emergency/veh/224/seq=0/zor=[MASKED]
+112.783075831s 133 caf.Forwarder:AlertVehicleHandler(): [DEBUG] in=(257,0) alert=/alert/emergency/veh/224/seq=0/zor=[MASKED] decision=forward to vehicles deferred until 0ms
+112.783075831s 177 caf.Forwarder:OnIncomingAlert(): [DEBUG] in=257 alert=/alert/emergency/veh/224/seq=0/zor=[MASKED]
+112.783075831s 177 caf.Forwarder:AlertVehicleHandler(): [DEBUG] in=(257,0) alert=/alert/emergency/veh/224/seq=0/zor=[MASKED] decision=drop because duplicate alert
+112.783075831s 133 caf.Forwarder:OnOutgoingAlert(): [DEBUG] out=257 alert=/alert/emergency/veh/224/seq=0/zor=[MASKED]
+112.783075831s 133 ndn.AlertConsumer:doReceive(): [INFO ] Received alert: /alert/emergency/veh/224/seq=0/zor=[MASKED]
+112.783075835s 170 caf.Forwarder:OnIncomingAlert(): [DEBUG] in=257 alert=/alert/emergency/veh/224/seq=0/zor=[MASKED]
+112.783075835s 170 caf.Forwarder:AlertVehicleHandler(): [DEBUG] in=(257,0) alert=/alert/emergency/veh/224/seq=0/zor=[MASKED] decision=drop because duplicate alert
+112.783075853s 140 caf.Forwarder:OnIncomingAlert(): [DEBUG] in=257 alert=/alert/emergency/veh/224/seq=0/zor=[MASKED]
+112.783075853s 140 caf.Forwarder:AlertVehicleHandler(): [DEBUG] in=(257,0) alert=/alert/emergency/veh/224/seq=0/zor=[MASKED] decision=forward to vehicles deferred until 0ms
+112.783075853s 140 caf.Forwarder:OnOutgoingAlert(): [DEBUG] out=257 alert=/alert/emergency/veh/224/seq=0/zor=[MASKED]
+112.783075853s 140 ndn.AlertConsumer:doReceive(): [INFO ] Received alert: /alert/emergency/veh/224/seq=0/zor=[MASKED]
+112.783075855s 131 caf.Forwarder:OnIncomingAlert(): [DEBUG] in=257 alert=/alert/emergency/veh/224/seq=0/zor=[MASKED]
+112.783075855s 131 caf.Forwarder:AlertVehicleHandler(): [DEBUG] in=(257,0) alert=/alert/emergency/veh/224/seq=0/zor=[MASKED] decision=drop because duplicate alert
+112.783075857s 122 caf.Forwarder:OnIncomingAlert(): [DEBUG] in=257 alert=/alert/emergency/veh/224/seq=0/zor=[MASKED]
+112.783075857s 122 caf.Forwarder:AlertVehicleHandler(): [DEBUG] in=(257,0) alert=/alert/emergency/veh/224/seq=0/zor=[MASKED] decision=forward to vehicles deferred until 0ms
+112.783075857s 122 caf.Forwarder:OnOutgoingAlert(): [DEBUG] out=257 alert=/alert/emergency/veh/224/seq=0/zor=[MASKED]
+112.783075857s 122 ndn.AlertConsumer:doReceive(): [INFO ] Received alert: /alert/emergency/veh/224/seq=0/zor=[MASKED]
+112.783075859s 184 caf.Forwarder:OnIncomingAlert(): [DEBUG] in=257 alert=/alert/emergency/veh/224/seq=0/zor=[MASKED]
+112.783075859s 184 caf.Forwarder:AlertVehicleHandler(): [DEBUG] in=(257,0) alert=/alert/emergency/veh/224/seq=0/zor=[MASKED] decision=drop because duplicate alert
+112.783075861s 191 caf.Forwarder:OnIncomingAlert(): [DEBUG] in=257 alert=/alert/emergency/veh/224/seq=0/zor=[MASKED]
+112.783075861s 191 caf.Forwarder:AlertVehicleHandler(): [DEBUG] in=(257,0) alert=/alert/emergency/veh/224/seq=0/zor=[MASKED] decision=drop because duplicate alert
+112.783075869s 147 caf.Forwarder:OnIncomingAlert(): [DEBUG] in=257 alert=/alert/emergency/veh/224/seq=0/zor=[MASKED]
+112.783075869s 147 caf.Forwarder:AlertVehicleHandler(): [DEBUG] in=(257,0) alert=/alert/emergency/veh/224/seq=0/zor=[MASKED] decision=forward to vehicles deferred until 0ms
+112.783075869s 147 caf.Forwarder:OnOutgoingAlert(): [DEBUG] out=257 alert=/alert/emergency/veh/224/seq=0/zor=[MASKED]
+112.783075869s 147 ndn.AlertConsumer:doReceive(): [INFO ] Received alert: /alert/emergency/veh/224/seq=0/zor=[MASKED]
+112.783075880s 128 caf.Forwarder:OnIncomingAlert(): [DEBUG] in=257 alert=/alert/emergency/veh/224/seq=0/zor=[MASKED]
+112.783075880s 128 caf.Forwarder:AlertVehicleHandler(): [DEBUG] in=(257,0) alert=/alert/emergency/veh/224/seq=0/zor=[MASKED] decision=forward to vehicles deferred until 0ms
+112.783075880s 128 caf.Forwarder:OnOutgoingAlert(): [DEBUG] out=257 alert=/alert/emergency/veh/224/seq=0/zor=[MASKED]
+112.783075880s 128 ndn.AlertConsumer:doReceive(): [INFO ] Received alert: /alert/emergency/veh/224/seq=0/zor=[MASKED]
+112.783075882s 115 caf.Forwarder:OnIncomingAlert(): [DEBUG] in=257 alert=/alert/emergency/veh/224/seq=0/zor=[MASKED]
+112.783075882s 115 caf.Forwarder:AlertVehicleHandler(): [DEBUG] in=(257,0) alert=/alert/emergency/veh/224/seq=0/zor=[MASKED] decision=forward to vehicles deferred until 0ms
+112.783075882s 192 caf.Forwarder:OnIncomingAlert(): [DEBUG] in=257 alert=/alert/emergency/veh/224/seq=0/zor=[MASKED]
+112.783075882s 192 caf.Forwarder:AlertVehicleHandler(): [DEBUG] in=(257,0) alert=/alert/emergency/veh/224/seq=0/zor=[MASKED] decision=drop because duplicate alert
+112.783075882s 115 caf.Forwarder:OnOutgoingAlert(): [DEBUG] out=257 alert=/alert/emergency/veh/224/seq=0/zor=[MASKED]
+112.783075882s 115 ndn.AlertConsumer:doReceive(): [INFO ] Received alert: /alert/emergency/veh/224/seq=0/zor=[MASKED]
+112.783075889s 199 caf.Forwarder:OnIncomingAlert(): [DEBUG] in=257 alert=/alert/emergency/veh/224/seq=0/zor=[MASKED]
+112.783075889s 199 caf.Forwarder:AlertVehicleHandler(): [DEBUG] in=(257,0) alert=/alert/emergency/veh/224/seq=0/zor=[MASKED] decision=drop because duplicate alert
+112.783075907s 100 caf.Forwarder:OnIncomingAlert(): [DEBUG] in=257 alert=/alert/emergency/veh/224/seq=0/zor=[MASKED]
+112.783075907s 100 caf.Forwarder:AlertVehicleHandler(): [DEBUG] in=(257,0) alert=/alert/emergency/veh/224/seq=0/zor=[MASKED] decision=forward to vehicles deferred until 0ms
+112.783075907s 100 caf.Forwarder:OnOutgoingAlert(): [DEBUG] out=257 alert=/alert/emergency/veh/224/seq=0/zor=[MASKED]
+112.783075907s 100 ndn.AlertConsumer:doReceive(): [INFO ] Received alert: /alert/emergency/veh/224/seq=0/zor=[MASKED]
+112.783075908s 127 caf.Forwarder:OnIncomingAlert(): [DEBUG] in=257 alert=/alert/emergency/veh/224/seq=0/zor=[MASKED]
+112.783075908s 127 caf.Forwarder:AlertVehicleHandler(): [DEBUG] in=(257,0) alert=/alert/emergency/veh/224/seq=0/zor=[MASKED] decision=forward to vehicles deferred until 0ms
+112.783075908s 127 caf.Forwarder:OnOutgoingAlert(): [DEBUG] out=257 alert=/alert/emergency/veh/224/seq=0/zor=[MASKED]
+112.783075908s 127 ndn.AlertConsumer:doReceive(): [INFO ] Received alert: /alert/emergency/veh/224/seq=0/zor=[MASKED]
+112.783075929s 200 caf.Forwarder:OnIncomingAlert(): [DEBUG] in=257 alert=/alert/emergency/veh/224/seq=0/zor=[MASKED]
+112.783075929s 200 caf.Forwarder:AlertVehicleHandler(): [DEBUG] in=(257,0) alert=/alert/emergency/veh/224/seq=0/zor=[MASKED] decision=drop because duplicate alert
+112.783075930s 92 caf.Forwarder:OnIncomingAlert(): [DEBUG] in=257 alert=/alert/emergency/veh/224/seq=0/zor=[MASKED]
+112.783075930s 92 caf.Forwarder:AlertVehicleHandler(): [DEBUG] in=(257,0) alert=/alert/emergency/veh/224/seq=0/zor=[MASKED] decision=forward to vehicles deferred until 0ms
+112.783075930s 92 caf.Forwarder:OnOutgoingAlert(): [DEBUG] out=257 alert=/alert/emergency/veh/224/seq=0/zor=[MASKED]
+112.783075930s 92 ndn.AlertConsumer:doReceive(): [INFO ] Received alert: /alert/emergency/veh/224/seq=0/zor=[MASKED]
+112.783075939s 121 caf.Forwarder:OnIncomingAlert(): [DEBUG] in=257 alert=/alert/emergency/veh/224/seq=0/zor=[MASKED]
+112.783075939s 121 caf.Forwarder:AlertVehicleHandler(): [DEBUG] in=(257,0) alert=/alert/emergency/veh/224/seq=0/zor=[MASKED] decision=forward to vehicles deferred until 0ms
+112.783075939s 121 caf.Forwarder:OnOutgoingAlert(): [DEBUG] out=257 alert=/alert/emergency/veh/224/seq=0/zor=[MASKED]
+112.783075939s 121 ndn.AlertConsumer:doReceive(): [INFO ] Received alert: /alert/emergency/veh/224/seq=0/zor=[MASKED]
+113.172518575s 229 ndn.RandomAlertProducer:AlertSupplier(): [LOGIC] Send alert=/alert/emergency/veh/229/seq=0/zor=[MASKED] vehCount=126 rsuCount=9
+113.172518575s 229 caf.Forwarder:OnIncomingAlert(): [DEBUG] in=260 alert=/alert/emergency/veh/229/seq=0/zor=[MASKED]
+113.172518575s 229 caf.Forwarder:AlertVehicleHandler(): [DEBUG] in=(260,0) alert=/alert/emergency/veh/229/seq=0/zor=[MASKED] decision=forward to vehicles
+113.172518575s 229 caf.Forwarder:OnOutgoingAlert(): [DEBUG] out=257 alert=/alert/emergency/veh/229/seq=0/zor=[MASKED]
+113.173392608s 233 caf.Forwarder:OnIncomingAlert(): [DEBUG] in=257 alert=/alert/emergency/veh/229/seq=0/zor=[MASKED]
+113.173392608s 233 caf.Forwarder:AlertVehicleHandler(): [DEBUG] in=(257,0) alert=/alert/emergency/veh/229/seq=0/zor=[MASKED] decision=drop since sender is closer
+113.173392617s 65 caf.Forwarder:OnIncomingAlert(): [DEBUG] in=257 alert=/alert/emergency/veh/229/seq=0/zor=[MASKED]
+113.173392617s 65 caf.Forwarder:AlertVehicleHandler(): [DEBUG] in=(257,0) alert=/alert/emergency/veh/229/seq=0/zor=[MASKED] decision=drop since sender is closer
+113.173392633s 80 caf.Forwarder:OnIncomingAlert(): [DEBUG] in=257 alert=/alert/emergency/veh/229/seq=0/zor=[MASKED]
+113.173392633s 80 caf.Forwarder:AlertVehicleHandler(): [DEBUG] in=(257,0) alert=/alert/emergency/veh/229/seq=0/zor=[MASKED] decision=forward to vehicles deferred until 3.2935ms
+113.173392665s 226 caf.Forwarder:OnIncomingAlert(): [DEBUG] in=257 alert=/alert/emergency/veh/229/seq=0/zor=[MASKED]
+113.173392665s 226 caf.Forwarder:AlertVehicleHandler(): [DEBUG] in=(257,0) alert=/alert/emergency/veh/229/seq=0/zor=[MASKED] decision=forward to vehicles deferred until 2.33912ms
+113.173392667s 236 caf.Forwarder:OnIncomingAlert(): [DEBUG] in=257 alert=/alert/emergency/veh/229/seq=0/zor=[MASKED]
+113.173392667s 236 caf.Forwarder:AlertVehicleHandler(): [DEBUG] in=(257,0) alert=/alert/emergency/veh/229/seq=0/zor=[MASKED] decision=drop since sender is closer
+113.173392674s 96 caf.Forwarder:OnIncomingAlert(): [DEBUG] in=257 alert=/alert/emergency/veh/229/seq=0/zor=[MASKED]
+113.173392674s 96 caf.Forwarder:AlertVehicleHandler(): [DEBUG] in=(257,0) alert=/alert/emergency/veh/229/seq=0/zor=[MASKED] decision=drop since sender is closer
+113.173392681s 44 caf.Forwarder:OnIncomingAlert(): [DEBUG] in=257 alert=/alert/emergency/veh/229/seq=0/zor=[MASKED]
+113.173392681s 44 caf.Forwarder:AlertVehicleHandler(): [DEBUG] in=(257,0) alert=/alert/emergency/veh/229/seq=0/zor=[MASKED] decision=drop since sender is closer
+113.173392731s 244 caf.Forwarder:OnIncomingAlert(): [DEBUG] in=257 alert=/alert/emergency/veh/229/seq=0/zor=[MASKED]
+113.173392731s 244 caf.Forwarder:AlertVehicleHandler(): [DEBUG] in=(257,0) alert=/alert/emergency/veh/229/seq=0/zor=[MASKED] decision=drop since sender is closer
+113.173392737s 213 caf.Forwarder:OnIncomingAlert(): [DEBUG] in=257 alert=/alert/emergency/veh/229/seq=0/zor=[MASKED]
+113.173392737s 213 caf.Forwarder:AlertVehicleHandler(): [DEBUG] in=(257,0) alert=/alert/emergency/veh/229/seq=0/zor=[MASKED] decision=forward to vehicles deferred until 0.134185ms
+113.173526922s 213 caf.Forwarder:OnOutgoingAlert(): [DEBUG] out=257 alert=/alert/emergency/veh/229/seq=0/zor=[MASKED]
+113.174400939s 221 caf.Forwarder:OnIncomingAlert(): [DEBUG] in=257 alert=/alert/emergency/veh/229/seq=0/zor=[MASKED]
+113.174400939s 221 caf.Forwarder:AlertVehicleHandler(): [DEBUG] in=(257,0) alert=/alert/emergency/veh/229/seq=0/zor=[MASKED] decision=forward to vehicles deferred until 4.53138ms
+113.174400948s 101 caf.Forwarder:OnIncomingAlert(): [DEBUG] in=257 alert=/alert/emergency/veh/229/seq=0/zor=[MASKED]
+113.174400948s 101 caf.Forwarder:AlertVehicleHandler(): [DEBUG] in=(257,0) alert=/alert/emergency/veh/229/seq=0/zor=[MASKED] decision=forward to vehicles deferred until 4.28051ms
+113.174400995s 226 caf.Forwarder:OnIncomingAlert(): [DEBUG] in=257 alert=/alert/emergency/veh/229/seq=0/zor=[MASKED]
+113.174400995s 226 caf.Forwarder:AlertVehicleHandler(): [DEBUG] in= (257,0) alert=/alert/emergency/veh/229/seq=0/zor=[MASKED] timer cancelled because sender closer to ZoR
+113.174401025s 77 caf.Forwarder:OnIncomingAlert(): [DEBUG] in=257 alert=/alert/emergency/veh/229/seq=0/zor=[MASKED]
+113.174401025s 77 caf.Forwarder:AlertVehicleHandler(): [DEBUG] in=(257,0) alert=/alert/emergency/veh/229/seq=0/zor=[MASKED] decision=forward to vehicles deferred until 0ms
+113.174401025s 77 caf.Forwarder:OnOutgoingAlert(): [DEBUG] out=257 alert=/alert/emergency/veh/229/seq=0/zor=[MASKED]
+113.174401025s 77 ndn.AlertConsumer:doReceive(): [INFO ] Received alert: /alert/emergency/veh/229/seq=0/zor=[MASKED]
+113.174401035s 210 caf.Forwarder:OnIncomingAlert(): [DEBUG] in=257 alert=/alert/emergency/veh/229/seq=0/zor=[MASKED]
+113.174401035s 210 caf.Forwarder:AlertVehicleHandler(): [DEBUG] in=(257,0) alert=/alert/emergency/veh/229/seq=0/zor=[MASKED] decision=forward to vehicles deferred until 0ms
+113.174401035s 210 caf.Forwarder:OnOutgoingAlert(): [DEBUG] out=257 alert=/alert/emergency/veh/229/seq=0/zor=[MASKED]
+113.174401035s 210 ndn.AlertConsumer:doReceive(): [INFO ] Received alert: /alert/emergency/veh/229/seq=0/zor=[MASKED]
+113.174401037s 80 caf.Forwarder:OnIncomingAlert(): [DEBUG] in=257 alert=/alert/emergency/veh/229/seq=0/zor=[MASKED]
+113.174401037s 80 caf.Forwarder:AlertVehicleHandler(): [DEBUG] in= (257,0) alert=/alert/emergency/veh/229/seq=0/zor=[MASKED] timer cancelled because sender closer to ZoR
+113.174401079s 218 caf.Forwarder:OnIncomingAlert(): [DEBUG] in=257 alert=/alert/emergency/veh/229/seq=0/zor=[MASKED]
+113.174401079s 218 caf.Forwarder:AlertVehicleHandler(): [DEBUG] in=(257,0) alert=/alert/emergency/veh/229/seq=0/zor=[MASKED] decision=forward to vehicles deferred until 0ms
+113.174401079s 218 caf.Forwarder:OnOutgoingAlert(): [DEBUG] out=257 alert=/alert/emergency/veh/229/seq=0/zor=[MASKED]
+113.174401079s 218 ndn.AlertConsumer:doReceive(): [INFO ] Received alert: /alert/emergency/veh/229/seq=0/zor=[MASKED]
+113.174401084s 229 caf.Forwarder:OnIncomingAlert(): [DEBUG] in=257 alert=/alert/emergency/veh/229/seq=0/zor=[MASKED]
+113.174401084s 229 caf.Forwarder:AlertVehicleHandler(): [DEBUG] in=(257,0) alert=/alert/emergency/veh/229/seq=0/zor=[MASKED] decision=drop because duplicate alert
+113.175275104s 72 caf.Forwarder:OnIncomingAlert(): [DEBUG] in=257 alert=/alert/emergency/veh/229/seq=0/zor=[MASKED]
+113.175275104s 72 caf.Forwarder:AlertVehicleHandler(): [DEBUG] in=(257,0) alert=/alert/emergency/veh/229/seq=0/zor=[MASKED] decision=forward to vehicles deferred until 0ms
+113.175275104s 72 caf.Forwarder:OnOutgoingAlert(): [DEBUG] out=257 alert=/alert/emergency/veh/229/seq=0/zor=[MASKED]
+113.175275104s 72 ndn.AlertConsumer:doReceive(): [INFO ] Received alert: /alert/emergency/veh/229/seq=0/zor=[MASKED]
+113.175275112s 205 caf.Forwarder:OnIncomingAlert(): [DEBUG] in=257 alert=/alert/emergency/veh/229/seq=0/zor=[MASKED]
+113.175275112s 205 caf.Forwarder:AlertVehicleHandler(): [DEBUG] in=(257,0) alert=/alert/emergency/veh/229/seq=0/zor=[MASKED] decision=forward to vehicles deferred until 0ms
+113.175275112s 205 caf.Forwarder:OnOutgoingAlert(): [DEBUG] out=257 alert=/alert/emergency/veh/229/seq=0/zor=[MASKED]
+113.175275112s 205 ndn.AlertConsumer:doReceive(): [INFO ] Received alert: /alert/emergency/veh/229/seq=0/zor=[MASKED]
+113.178681460s 101 caf.Forwarder:OnOutgoingAlert(): [DEBUG] out=257 alert=/alert/emergency/veh/229/seq=0/zor=[MASKED]
+113.178932322s 221 caf.Forwarder:OnOutgoingAlert(): [DEBUG] out=257 alert=/alert/emergency/veh/229/seq=0/zor=[MASKED]
+113.179555485s 213 caf.Forwarder:OnIncomingAlert(): [DEBUG] in=257 alert=/alert/emergency/veh/229/seq=0/zor=[MASKED]
+113.179555485s 213 caf.Forwarder:AlertVehicleHandler(): [DEBUG] in=(257,0) alert=/alert/emergency/veh/229/seq=0/zor=[MASKED] decision=drop because duplicate alert
+113.179555492s 221 caf.Forwarder:OnIncomingAlert(): [DEBUG] in=257 alert=/alert/emergency/veh/229/seq=0/zor=[MASKED]
+113.179555492s 221 caf.Forwarder:AlertVehicleHandler(): [DEBUG] in=(257,0) alert=/alert/emergency/veh/229/seq=0/zor=[MASKED] decision=drop because duplicate alert
+113.179555546s 77 caf.Forwarder:OnIncomingAlert(): [DEBUG] in=257 alert=/alert/emergency/veh/229/seq=0/zor=[MASKED]
+113.179555546s 77 caf.Forwarder:AlertVehicleHandler(): [DEBUG] in=(257,0) alert=/alert/emergency/veh/229/seq=0/zor=[MASKED] decision=drop because duplicate alert
+113.179555552s 226 caf.Forwarder:OnIncomingAlert(): [DEBUG] in=257 alert=/alert/emergency/veh/229/seq=0/zor=[MASKED]
+113.179555552s 226 caf.Forwarder:AlertVehicleHandler(): [DEBUG] in=(257,0) alert=/alert/emergency/veh/229/seq=0/zor=[MASKED] decision=drop because duplicate alert
+113.179555564s 210 caf.Forwarder:OnIncomingAlert(): [DEBUG] in=257 alert=/alert/emergency/veh/229/seq=0/zor=[MASKED]
+113.179555564s 210 caf.Forwarder:AlertVehicleHandler(): [DEBUG] in=(257,0) alert=/alert/emergency/veh/229/seq=0/zor=[MASKED] decision=drop because duplicate alert
+113.179555588s 80 caf.Forwarder:OnIncomingAlert(): [DEBUG] in=257 alert=/alert/emergency/veh/229/seq=0/zor=[MASKED]
+113.179555588s 80 caf.Forwarder:AlertVehicleHandler(): [DEBUG] in=(257,0) alert=/alert/emergency/veh/229/seq=0/zor=[MASKED] decision=drop because duplicate alert
+113.179555605s 218 caf.Forwarder:OnIncomingAlert(): [DEBUG] in=257 alert=/alert/emergency/veh/229/seq=0/zor=[MASKED]
+113.179555605s 218 caf.Forwarder:AlertVehicleHandler(): [DEBUG] in=(257,0) alert=/alert/emergency/veh/229/seq=0/zor=[MASKED] decision=drop because duplicate alert
+113.179555626s 72 caf.Forwarder:OnIncomingAlert(): [DEBUG] in=257 alert=/alert/emergency/veh/229/seq=0/zor=[MASKED]
+113.179555626s 72 caf.Forwarder:AlertVehicleHandler(): [DEBUG] in=(257,0) alert=/alert/emergency/veh/229/seq=0/zor=[MASKED] decision=drop because duplicate alert
+113.180468509s 213 caf.Forwarder:OnIncomingAlert(): [DEBUG] in=257 alert=/alert/emergency/veh/229/seq=0/zor=[MASKED]
+113.180468509s 213 caf.Forwarder:AlertVehicleHandler(): [DEBUG] in=(257,0) alert=/alert/emergency/veh/229/seq=0/zor=[MASKED] decision=drop because duplicate alert
+113.180468524s 101 caf.Forwarder:OnIncomingAlert(): [DEBUG] in=257 alert=/alert/emergency/veh/229/seq=0/zor=[MASKED]
+113.180468524s 101 caf.Forwarder:AlertVehicleHandler(): [DEBUG] in=(257,0) alert=/alert/emergency/veh/229/seq=0/zor=[MASKED] decision=drop because duplicate alert
+113.180468578s 226 caf.Forwarder:OnIncomingAlert(): [DEBUG] in=257 alert=/alert/emergency/veh/229/seq=0/zor=[MASKED]
+113.180468578s 226 caf.Forwarder:AlertVehicleHandler(): [DEBUG] in=(257,0) alert=/alert/emergency/veh/229/seq=0/zor=[MASKED] decision=drop because duplicate alert
+113.180468584s 77 caf.Forwarder:OnIncomingAlert(): [DEBUG] in=257 alert=/alert/emergency/veh/229/seq=0/zor=[MASKED]
+113.180468584s 77 caf.Forwarder:AlertVehicleHandler(): [DEBUG] in=(257,0) alert=/alert/emergency/veh/229/seq=0/zor=[MASKED] decision=drop because duplicate alert
+113.180468591s 210 caf.Forwarder:OnIncomingAlert(): [DEBUG] in=257 alert=/alert/emergency/veh/229/seq=0/zor=[MASKED]
+113.180468591s 210 caf.Forwarder:AlertVehicleHandler(): [DEBUG] in=(257,0) alert=/alert/emergency/veh/229/seq=0/zor=[MASKED] decision=drop because duplicate alert
+113.180468624s 80 caf.Forwarder:OnIncomingAlert(): [DEBUG] in=257 alert=/alert/emergency/veh/229/seq=0/zor=[MASKED]
+113.180468624s 80 caf.Forwarder:AlertVehicleHandler(): [DEBUG] in=(257,0) alert=/alert/emergency/veh/229/seq=0/zor=[MASKED] decision=drop because duplicate alert
+113.180468636s 218 caf.Forwarder:OnIncomingAlert(): [DEBUG] in=257 alert=/alert/emergency/veh/229/seq=0/zor=[MASKED]
+113.180468636s 218 caf.Forwarder:AlertVehicleHandler(): [DEBUG] in=(257,0) alert=/alert/emergency/veh/229/seq=0/zor=[MASKED] decision=drop because duplicate alert
+113.180468659s 72 caf.Forwarder:OnIncomingAlert(): [DEBUG] in=257 alert=/alert/emergency/veh/229/seq=0/zor=[MASKED]
+113.180468659s 72 caf.Forwarder:AlertVehicleHandler(): [DEBUG] in=(257,0) alert=/alert/emergency/veh/229/seq=0/zor=[MASKED] decision=drop because duplicate alert
+113.503153126s 228 ndn.RandomAlertProducer:AlertSupplier(): [LOGIC] Send alert=/alert/emergency/veh/228/seq=0/zor=[MASKED] vehCount=127 rsuCount=9
+113.503153126s 228 caf.Forwarder:OnIncomingAlert(): [DEBUG] in=260 alert=/alert/emergency/veh/228/seq=0/zor=[MASKED]
+113.503153126s 228 caf.Forwarder:AlertVehicleHandler(): [DEBUG] in=(260,0) alert=/alert/emergency/veh/228/seq=0/zor=[MASKED] decision=forward to vehicles
+113.503153126s 228 caf.Forwarder:OnOutgoingAlert(): [DEBUG] out=257 alert=/alert/emergency/veh/228/seq=0/zor=[MASKED]
+113.504027167s 61 caf.Forwarder:OnIncomingAlert(): [DEBUG] in=257 alert=/alert/emergency/veh/228/seq=0/zor=[MASKED]
+113.504027167s 61 caf.Forwarder:AlertVehicleHandler(): [DEBUG] in=(257,0) alert=/alert/emergency/veh/228/seq=0/zor=[MASKED] decision=drop since sender is closer
+113.504027181s 227 caf.Forwarder:OnIncomingAlert(): [DEBUG] in=257 alert=/alert/emergency/veh/228/seq=0/zor=[MASKED]
+113.504027181s 227 caf.Forwarder:AlertVehicleHandler(): [DEBUG] in=(257,0) alert=/alert/emergency/veh/228/seq=0/zor=[MASKED] decision=forward to vehicles deferred until 3.37853ms
+113.504027184s 97 caf.Forwarder:OnIncomingAlert(): [DEBUG] in=257 alert=/alert/emergency/veh/228/seq=0/zor=[MASKED]
+113.504027184s 97 caf.Forwarder:AlertVehicleHandler(): [DEBUG] in=(257,0) alert=/alert/emergency/veh/228/seq=0/zor=[MASKED] decision=forward to vehicles deferred until 3.29556ms
+113.504027199s 234 caf.Forwarder:OnIncomingAlert(): [DEBUG] in=257 alert=/alert/emergency/veh/228/seq=0/zor=[MASKED]
+113.504027199s 234 caf.Forwarder:AlertVehicleHandler(): [DEBUG] in=(257,0) alert=/alert/emergency/veh/228/seq=0/zor=[MASKED] decision=drop since sender is closer
+113.504027209s 235 caf.Forwarder:OnIncomingAlert(): [DEBUG] in=257 alert=/alert/emergency/veh/228/seq=0/zor=[MASKED]
+113.504027209s 235 caf.Forwarder:AlertVehicleHandler(): [DEBUG] in=(257,0) alert=/alert/emergency/veh/228/seq=0/zor=[MASKED] decision=drop since sender is closer
+113.504027234s 75 caf.Forwarder:OnIncomingAlert(): [DEBUG] in=257 alert=/alert/emergency/veh/228/seq=0/zor=[MASKED]
+113.504027234s 75 caf.Forwarder:AlertVehicleHandler(): [DEBUG] in=(257,0) alert=/alert/emergency/veh/228/seq=0/zor=[MASKED] decision=drop since sender is closer
+113.504027260s 91 caf.Forwarder:OnIncomingAlert(): [DEBUG] in=257 alert=/alert/emergency/veh/228/seq=0/zor=[MASKED]
+113.504027260s 91 caf.Forwarder:AlertVehicleHandler(): [DEBUG] in=(257,0) alert=/alert/emergency/veh/228/seq=0/zor=[MASKED] decision=forward to vehicles deferred until 0.992713ms
+113.504027269s 219 caf.Forwarder:OnIncomingAlert(): [DEBUG] in=257 alert=/alert/emergency/veh/228/seq=0/zor=[MASKED]
+113.504027269s 219 caf.Forwarder:AlertVehicleHandler(): [DEBUG] in=(257,0) alert=/alert/emergency/veh/228/seq=0/zor=[MASKED] decision=forward to vehicles deferred until 0.725863ms
+113.504027272s 243 caf.Forwarder:OnIncomingAlert(): [DEBUG] in=257 alert=/alert/emergency/veh/228/seq=0/zor=[MASKED]
+113.504027272s 243 caf.Forwarder:AlertVehicleHandler(): [DEBUG] in=(257,0) alert=/alert/emergency/veh/228/seq=0/zor=[MASKED] decision=drop since sender is closer
+113.504753132s 219 caf.Forwarder:OnOutgoingAlert(): [DEBUG] out=257 alert=/alert/emergency/veh/228/seq=0/zor=[MASKED]
+113.505019972s 91 caf.Forwarder:OnOutgoingAlert(): [DEBUG] out=257 alert=/alert/emergency/veh/228/seq=0/zor=[MASKED]
+113.505627156s 91 caf.Forwarder:OnIncomingAlert(): [DEBUG] in=257 alert=/alert/emergency/veh/228/seq=0/zor=[MASKED]
+113.505627156s 91 caf.Forwarder:AlertVehicleHandler(): [DEBUG] in=(257,0) alert=/alert/emergency/veh/228/seq=0/zor=[MASKED] decision=drop because duplicate alert
+113.505627187s 212 caf.Forwarder:OnIncomingAlert(): [DEBUG] in=257 alert=/alert/emergency/veh/228/seq=0/zor=[MASKED]
+113.505627187s 212 caf.Forwarder:AlertVehicleHandler(): [DEBUG] in=(257,0) alert=/alert/emergency/veh/228/seq=0/zor=[MASKED] decision=forward to vehicles deferred until 0ms
+113.505627187s 212 caf.Forwarder:OnOutgoingAlert(): [DEBUG] out=257 alert=/alert/emergency/veh/228/seq=0/zor=[MASKED]
+113.505627187s 212 ndn.AlertConsumer:doReceive(): [INFO ] Received alert: /alert/emergency/veh/228/seq=0/zor=[MASKED]
+113.505627220s 97 caf.Forwarder:OnIncomingAlert(): [DEBUG] in=257 alert=/alert/emergency/veh/228/seq=0/zor=[MASKED]
+113.505627220s 97 caf.Forwarder:AlertVehicleHandler(): [DEBUG] in= (257,0) alert=/alert/emergency/veh/228/seq=0/zor=[MASKED] timer cancelled because sender closer to ZoR
+113.505627220s 227 caf.Forwarder:OnIncomingAlert(): [DEBUG] in=257 alert=/alert/emergency/veh/228/seq=0/zor=[MASKED]
+113.505627220s 227 caf.Forwarder:AlertVehicleHandler(): [DEBUG] in= (257,0) alert=/alert/emergency/veh/228/seq=0/zor=[MASKED] timer cancelled because sender closer to ZoR
+113.505627233s 83 caf.Forwarder:OnIncomingAlert(): [DEBUG] in=257 alert=/alert/emergency/veh/228/seq=0/zor=[MASKED]
+113.505627233s 83 caf.Forwarder:AlertVehicleHandler(): [DEBUG] in=(257,0) alert=/alert/emergency/veh/228/seq=0/zor=[MASKED] decision=forward to vehicles deferred until 0ms
+113.505627233s 83 caf.Forwarder:OnOutgoingAlert(): [DEBUG] out=257 alert=/alert/emergency/veh/228/seq=0/zor=[MASKED]
+113.505627233s 83 ndn.AlertConsumer:doReceive(): [INFO ] Received alert: /alert/emergency/veh/228/seq=0/zor=[MASKED]
+113.505627248s 220 caf.Forwarder:OnIncomingAlert(): [DEBUG] in=257 alert=/alert/emergency/veh/228/seq=0/zor=[MASKED]
+113.505627248s 220 caf.Forwarder:AlertVehicleHandler(): [DEBUG] in=(257,0) alert=/alert/emergency/veh/228/seq=0/zor=[MASKED] decision=forward to vehicles deferred until 0ms
+113.505627248s 220 caf.Forwarder:OnOutgoingAlert(): [DEBUG] out=257 alert=/alert/emergency/veh/228/seq=0/zor=[MASKED]
+113.505627248s 220 ndn.AlertConsumer:doReceive(): [INFO ] Received alert: /alert/emergency/veh/228/seq=0/zor=[MASKED]
+113.505627254s 204 caf.Forwarder:OnIncomingAlert(): [DEBUG] in=257 alert=/alert/emergency/veh/228/seq=0/zor=[MASKED]
+113.505627254s 204 caf.Forwarder:AlertVehicleHandler(): [DEBUG] in=(257,0) alert=/alert/emergency/veh/228/seq=0/zor=[MASKED] decision=forward to vehicles deferred until 0ms
+113.505627254s 204 caf.Forwarder:OnOutgoingAlert(): [DEBUG] out=257 alert=/alert/emergency/veh/228/seq=0/zor=[MASKED]
+113.505627254s 204 ndn.AlertConsumer:doReceive(): [INFO ] Received alert: /alert/emergency/veh/228/seq=0/zor=[MASKED]
+113.505627275s 228 caf.Forwarder:OnIncomingAlert(): [DEBUG] in=257 alert=/alert/emergency/veh/228/seq=0/zor=[MASKED]
+113.505627275s 228 caf.Forwarder:AlertVehicleHandler(): [DEBUG] in=(257,0) alert=/alert/emergency/veh/228/seq=0/zor=[MASKED] decision=drop because duplicate alert
+113.506605232s 97 caf.Forwarder:OnIncomingAlert(): [DEBUG] in=257 alert=/alert/emergency/veh/228/seq=0/zor=[MASKED]
+113.506605232s 97 caf.Forwarder:AlertVehicleHandler(): [DEBUG] in=(257,0) alert=/alert/emergency/veh/228/seq=0/zor=[MASKED] decision=drop because duplicate alert
+113.662629928s 227 ndn.RandomAlertProducer:SendAlert(): [LOGIC] Don't send alert; condition failed
+114.573656594s 231 ndn.RandomAlertProducer:SendAlert(): [LOGIC] Don't send alert; condition failed
+114.889268904s 230 ndn.RandomAlertProducer:SendAlert(): [LOGIC] Don't send alert; condition failed
+115.213469322s 233 ndn.RandomAlertProducer:AlertSupplier(): [LOGIC] Send alert=/alert/emergency/veh/233/seq=0/zor=[MASKED] vehCount=129 rsuCount=9
+115.213469322s 233 caf.Forwarder:OnIncomingAlert(): [DEBUG] in=260 alert=/alert/emergency/veh/233/seq=0/zor=[MASKED]
+115.213469322s 233 caf.Forwarder:AlertVehicleHandler(): [DEBUG] in=(260,0) alert=/alert/emergency/veh/233/seq=0/zor=[MASKED] decision=forward to vehicles
+115.213469322s 233 caf.Forwarder:OnOutgoingAlert(): [DEBUG] out=257 alert=/alert/emergency/veh/233/seq=0/zor=[MASKED]
+115.214343381s 236 caf.Forwarder:OnIncomingAlert(): [DEBUG] in=257 alert=/alert/emergency/veh/233/seq=0/zor=[MASKED]
+115.214343381s 236 caf.Forwarder:AlertVehicleHandler(): [DEBUG] in=(257,0) alert=/alert/emergency/veh/233/seq=0/zor=[MASKED] decision=drop since sender is closer
+115.214343382s 229 caf.Forwarder:OnIncomingAlert(): [DEBUG] in=257 alert=/alert/emergency/veh/233/seq=0/zor=[MASKED]
+115.214343382s 229 caf.Forwarder:AlertVehicleHandler(): [DEBUG] in=(257,0) alert=/alert/emergency/veh/233/seq=0/zor=[MASKED] decision=forward to vehicles deferred until 3.22291ms
+115.214343391s 80 caf.Forwarder:OnIncomingAlert(): [DEBUG] in=257 alert=/alert/emergency/veh/233/seq=0/zor=[MASKED]
+115.214343391s 80 caf.Forwarder:AlertVehicleHandler(): [DEBUG] in=(257,0) alert=/alert/emergency/veh/233/seq=0/zor=[MASKED] decision=drop since sender is closer
+115.214343395s 101 caf.Forwarder:OnIncomingAlert(): [DEBUG] in=257 alert=/alert/emergency/veh/233/seq=0/zor=[MASKED]
+115.214343395s 101 caf.Forwarder:AlertVehicleHandler(): [DEBUG] in=(257,0) alert=/alert/emergency/veh/233/seq=0/zor=[MASKED] decision=forward to vehicles deferred until 2.83645ms
+115.214343440s 244 caf.Forwarder:OnIncomingAlert(): [DEBUG] in=257 alert=/alert/emergency/veh/233/seq=0/zor=[MASKED]
+115.214343440s 244 caf.Forwarder:AlertVehicleHandler(): [DEBUG] in=(257,0) alert=/alert/emergency/veh/233/seq=0/zor=[MASKED] decision=drop since sender is closer
+115.214343442s 241 caf.Forwarder:OnIncomingAlert(): [DEBUG] in=257 alert=/alert/emergency/veh/233/seq=0/zor=[MASKED]
+115.214343442s 241 caf.Forwarder:AlertVehicleHandler(): [DEBUG] in=(257,0) alert=/alert/emergency/veh/233/seq=0/zor=[MASKED] decision=drop since sender is closer
+115.214343453s 65 caf.Forwarder:OnIncomingAlert(): [DEBUG] in=257 alert=/alert/emergency/veh/233/seq=0/zor=[MASKED]
+115.214343453s 65 caf.Forwarder:AlertVehicleHandler(): [DEBUG] in=(257,0) alert=/alert/emergency/veh/233/seq=0/zor=[MASKED] decision=drop since sender is closer
+115.214343475s 77 caf.Forwarder:OnIncomingAlert(): [DEBUG] in=257 alert=/alert/emergency/veh/233/seq=0/zor=[MASKED]
+115.214343475s 77 caf.Forwarder:AlertVehicleHandler(): [DEBUG] in=(257,0) alert=/alert/emergency/veh/233/seq=0/zor=[MASKED] decision=forward to vehicles deferred until 0.422317ms
+115.214343477s 226 caf.Forwarder:OnIncomingAlert(): [DEBUG] in=257 alert=/alert/emergency/veh/233/seq=0/zor=[MASKED]
+115.214343477s 226 caf.Forwarder:AlertVehicleHandler(): [DEBUG] in=(257,0) alert=/alert/emergency/veh/233/seq=0/zor=[MASKED] decision=forward to vehicles deferred until 0.365826ms
+115.214709302s 226 caf.Forwarder:OnOutgoingAlert(): [DEBUG] out=257 alert=/alert/emergency/veh/233/seq=0/zor=[MASKED]
+115.214765792s 77 caf.Forwarder:OnOutgoingAlert(): [DEBUG] out=257 alert=/alert/emergency/veh/233/seq=0/zor=[MASKED]
+115.215583324s 77 caf.Forwarder:OnIncomingAlert(): [DEBUG] in=257 alert=/alert/emergency/veh/233/seq=0/zor=[MASKED]
+115.215583324s 77 caf.Forwarder:AlertVehicleHandler(): [DEBUG] in=(257,0) alert=/alert/emergency/veh/233/seq=0/zor=[MASKED] decision=drop because duplicate alert
+115.215583370s 72 caf.Forwarder:OnIncomingAlert(): [DEBUG] in=257 alert=/alert/emergency/veh/233/seq=0/zor=[MASKED]
+115.215583370s 72 caf.Forwarder:AlertVehicleHandler(): [DEBUG] in=(257,0) alert=/alert/emergency/veh/233/seq=0/zor=[MASKED] decision=forward to vehicles deferred until 0ms
+115.215583370s 72 caf.Forwarder:OnOutgoingAlert(): [DEBUG] out=257 alert=/alert/emergency/veh/233/seq=0/zor=[MASKED]
+115.215583370s 72 ndn.AlertConsumer:doReceive(): [INFO ] Received alert: /alert/emergency/veh/233/seq=0/zor=[MASKED]
+115.215583386s 213 caf.Forwarder:OnIncomingAlert(): [DEBUG] in=257 alert=/alert/emergency/veh/233/seq=0/zor=[MASKED]
+115.215583386s 213 caf.Forwarder:AlertVehicleHandler(): [DEBUG] in=(257,0) alert=/alert/emergency/veh/233/seq=0/zor=[MASKED] decision=forward to vehicles deferred until 0ms
+115.215583386s 213 caf.Forwarder:OnOutgoingAlert(): [DEBUG] out=257 alert=/alert/emergency/veh/233/seq=0/zor=[MASKED]
+115.215583386s 213 ndn.AlertConsumer:doReceive(): [INFO ] Received alert: /alert/emergency/veh/233/seq=0/zor=[MASKED]
+115.215583392s 221 caf.Forwarder:OnIncomingAlert(): [DEBUG] in=257 alert=/alert/emergency/veh/233/seq=0/zor=[MASKED]
+115.215583392s 221 caf.Forwarder:AlertVehicleHandler(): [DEBUG] in=(257,0) alert=/alert/emergency/veh/233/seq=0/zor=[MASKED] decision=forward to vehicles deferred until 0ms
+115.215583392s 221 caf.Forwarder:OnOutgoingAlert(): [DEBUG] out=257 alert=/alert/emergency/veh/233/seq=0/zor=[MASKED]
+115.215583392s 221 ndn.AlertConsumer:doReceive(): [INFO ] Received alert: /alert/emergency/veh/233/seq=0/zor=[MASKED]
+115.215583393s 101 caf.Forwarder:OnIncomingAlert(): [DEBUG] in=257 alert=/alert/emergency/veh/233/seq=0/zor=[MASKED]
+115.215583393s 101 caf.Forwarder:AlertVehicleHandler(): [DEBUG] in= (257,0) alert=/alert/emergency/veh/233/seq=0/zor=[MASKED] timer cancelled because sender closer to ZoR
+115.215583396s 229 caf.Forwarder:OnIncomingAlert(): [DEBUG] in=257 alert=/alert/emergency/veh/233/seq=0/zor=[MASKED]
+115.215583396s 229 caf.Forwarder:AlertVehicleHandler(): [DEBUG] in= (257,0) alert=/alert/emergency/veh/233/seq=0/zor=[MASKED] timer cancelled because sender closer to ZoR
+115.215583457s 233 caf.Forwarder:OnIncomingAlert(): [DEBUG] in=257 alert=/alert/emergency/veh/233/seq=0/zor=[MASKED]
+115.215583457s 233 caf.Forwarder:AlertVehicleHandler(): [DEBUG] in=(257,0) alert=/alert/emergency/veh/233/seq=0/zor=[MASKED] decision=drop because duplicate alert
+115.215583473s 210 caf.Forwarder:OnIncomingAlert(): [DEBUG] in=257 alert=/alert/emergency/veh/233/seq=0/zor=[MASKED]
+115.215583473s 210 caf.Forwarder:AlertVehicleHandler(): [DEBUG] in=(257,0) alert=/alert/emergency/veh/233/seq=0/zor=[MASKED] decision=forward to vehicles deferred until 0ms
+115.215583473s 210 caf.Forwarder:OnOutgoingAlert(): [DEBUG] out=257 alert=/alert/emergency/veh/233/seq=0/zor=[MASKED]
+115.215583473s 210 ndn.AlertConsumer:doReceive(): [INFO ] Received alert: /alert/emergency/veh/233/seq=0/zor=[MASKED]
+115.216457346s 226 caf.Forwarder:OnIncomingAlert(): [DEBUG] in=257 alert=/alert/emergency/veh/233/seq=0/zor=[MASKED]
+115.216457346s 226 caf.Forwarder:AlertVehicleHandler(): [DEBUG] in=(257,0) alert=/alert/emergency/veh/233/seq=0/zor=[MASKED] decision=drop because duplicate alert
+115.216457525s 102 caf.Forwarder:OnIncomingAlert(): [DEBUG] in=257 alert=/alert/emergency/veh/233/seq=0/zor=[MASKED]
+115.216457525s 102 caf.Forwarder:AlertVehicleHandler(): [DEBUG] in=(257,0) alert=/alert/emergency/veh/233/seq=0/zor=[MASKED] decision=forward to vehicles deferred until 0ms
+115.216457525s 102 caf.Forwarder:OnOutgoingAlert(): [DEBUG] out=257 alert=/alert/emergency/veh/233/seq=0/zor=[MASKED]
+115.216457525s 102 ndn.AlertConsumer:doReceive(): [INFO ] Received alert: /alert/emergency/veh/233/seq=0/zor=[MASKED]
+115.216457547s 205 caf.Forwarder:OnIncomingAlert(): [DEBUG] in=257 alert=/alert/emergency/veh/233/seq=0/zor=[MASKED]
+115.216457547s 205 caf.Forwarder:AlertVehicleHandler(): [DEBUG] in=(257,0) alert=/alert/emergency/veh/233/seq=0/zor=[MASKED] decision=forward to vehicles deferred until 0ms
+115.216457547s 218 caf.Forwarder:OnIncomingAlert(): [DEBUG] in=257 alert=/alert/emergency/veh/233/seq=0/zor=[MASKED]
+115.216457547s 218 caf.Forwarder:AlertVehicleHandler(): [DEBUG] in=(257,0) alert=/alert/emergency/veh/233/seq=0/zor=[MASKED] decision=forward to vehicles deferred until 0ms
+115.216457547s 205 caf.Forwarder:OnOutgoingAlert(): [DEBUG] out=257 alert=/alert/emergency/veh/233/seq=0/zor=[MASKED]
+115.216457547s 205 ndn.AlertConsumer:doReceive(): [INFO ] Received alert: /alert/emergency/veh/233/seq=0/zor=[MASKED]
+115.216457547s 218 caf.Forwarder:OnOutgoingAlert(): [DEBUG] out=257 alert=/alert/emergency/veh/233/seq=0/zor=[MASKED]
+115.216457547s 218 ndn.AlertConsumer:doReceive(): [INFO ] Received alert: /alert/emergency/veh/233/seq=0/zor=[MASKED]
+115.217910354s 232 ndn.RandomAlertProducer:AlertSupplier(): [LOGIC] Send alert=/alert/emergency/veh/232/seq=0/zor=[MASKED] vehCount=129 rsuCount=9
+115.217910354s 232 caf.Forwarder:OnIncomingAlert(): [DEBUG] in=260 alert=/alert/emergency/veh/232/seq=0/zor=[MASKED]
+115.217910354s 232 caf.Forwarder:AlertVehicleHandler(): [DEBUG] in=(260,0) alert=/alert/emergency/veh/232/seq=0/zor=[MASKED] decision=forward to vehicles
+115.217910354s 232 caf.Forwarder:OnOutgoingAlert(): [DEBUG] out=257 alert=/alert/emergency/veh/232/seq=0/zor=[MASKED]
+115.218784397s 240 caf.Forwarder:OnIncomingAlert(): [DEBUG] in=257 alert=/alert/emergency/veh/232/seq=0/zor=[MASKED]
+115.218784397s 240 caf.Forwarder:AlertVehicleHandler(): [DEBUG] in=(257,0) alert=/alert/emergency/veh/232/seq=0/zor=[MASKED] decision=forward to vehicles deferred until 3.74128ms
+115.218784424s 238 caf.Forwarder:OnIncomingAlert(): [DEBUG] in=257 alert=/alert/emergency/veh/232/seq=0/zor=[MASKED]
+115.218784424s 238 caf.Forwarder:AlertVehicleHandler(): [DEBUG] in=(257,0) alert=/alert/emergency/veh/232/seq=0/zor=[MASKED] decision=drop since sender is closer
+115.218784426s 84 caf.Forwarder:OnIncomingAlert(): [DEBUG] in=257 alert=/alert/emergency/veh/232/seq=0/zor=[MASKED]
+115.218784426s 84 caf.Forwarder:AlertVehicleHandler(): [DEBUG] in=(257,0) alert=/alert/emergency/veh/232/seq=0/zor=[MASKED] decision=drop since sender is closer
+115.218784434s 94 caf.Forwarder:OnIncomingAlert(): [DEBUG] in=257 alert=/alert/emergency/veh/232/seq=0/zor=[MASKED]
+115.218784434s 94 caf.Forwarder:AlertVehicleHandler(): [DEBUG] in=(257,0) alert=/alert/emergency/veh/232/seq=0/zor=[MASKED] decision=drop since sender is closer
+115.218784435s 230 caf.Forwarder:OnIncomingAlert(): [DEBUG] in=257 alert=/alert/emergency/veh/232/seq=0/zor=[MASKED]
+115.218784435s 230 caf.Forwarder:AlertVehicleHandler(): [DEBUG] in=(257,0) alert=/alert/emergency/veh/232/seq=0/zor=[MASKED] decision=forward to vehicles deferred until 2.60569ms
+115.218784449s 248 caf.Forwarder:OnIncomingAlert(): [DEBUG] in=257 alert=/alert/emergency/veh/232/seq=0/zor=[MASKED]
+115.218784449s 248 caf.Forwarder:AlertVehicleHandler(): [DEBUG] in=(257,0) alert=/alert/emergency/veh/232/seq=0/zor=[MASKED] decision=drop since sender is closer
+115.218784475s 245 caf.Forwarder:OnIncomingAlert(): [DEBUG] in=257 alert=/alert/emergency/veh/232/seq=0/zor=[MASKED]
+115.218784475s 245 caf.Forwarder:AlertVehicleHandler(): [DEBUG] in=(257,0) alert=/alert/emergency/veh/232/seq=0/zor=[MASKED] decision=drop since sender is closer
+115.218784481s 118 caf.Forwarder:OnIncomingAlert(): [DEBUG] in=257 alert=/alert/emergency/veh/232/seq=0/zor=[MASKED]
+115.218784481s 118 caf.Forwarder:AlertVehicleHandler(): [DEBUG] in=(257,0) alert=/alert/emergency/veh/232/seq=0/zor=[MASKED] decision=forward to vehicles deferred until 1.20821ms
+115.218784499s 110 caf.Forwarder:OnIncomingAlert(): [DEBUG] in=257 alert=/alert/emergency/veh/232/seq=0/zor=[MASKED]
+115.218784499s 110 caf.Forwarder:AlertVehicleHandler(): [DEBUG] in=(257,0) alert=/alert/emergency/veh/232/seq=0/zor=[MASKED] decision=forward to vehicles deferred until 0.659238ms
+115.218784523s 222 caf.Forwarder:OnIncomingAlert(): [DEBUG] in=257 alert=/alert/emergency/veh/232/seq=0/zor=[MASKED]
+115.218784523s 222 caf.Forwarder:AlertVehicleHandler(): [DEBUG] in=(257,0) alert=/alert/emergency/veh/232/seq=0/zor=[MASKED] decision=forward to vehicles deferred until 0ms
+115.218784523s 222 caf.Forwarder:OnOutgoingAlert(): [DEBUG] out=257 alert=/alert/emergency/veh/232/seq=0/zor=[MASKED]
+115.219443737s 110 caf.Forwarder:OnOutgoingAlert(): [DEBUG] out=257 alert=/alert/emergency/veh/232/seq=0/zor=[MASKED]
+115.219658565s 110 caf.Forwarder:OnIncomingAlert(): [DEBUG] in=257 alert=/alert/emergency/veh/232/seq=0/zor=[MASKED]
+115.219658565s 110 caf.Forwarder:AlertVehicleHandler(): [DEBUG] in=(257,0) alert=/alert/emergency/veh/232/seq=0/zor=[MASKED] decision=drop because duplicate alert
+115.219658570s 225 caf.Forwarder:OnIncomingAlert(): [DEBUG] in=257 alert=/alert/emergency/veh/232/seq=0/zor=[MASKED]
+115.219658570s 225 caf.Forwarder:AlertVehicleHandler(): [DEBUG] in=(257,0) alert=/alert/emergency/veh/232/seq=0/zor=[MASKED] decision=forward to vehicles deferred until 3.61852ms
+115.219658572s 118 caf.Forwarder:OnIncomingAlert(): [DEBUG] in=257 alert=/alert/emergency/veh/232/seq=0/zor=[MASKED]
+115.219658572s 118 caf.Forwarder:AlertVehicleHandler(): [DEBUG] in= (257,0) alert=/alert/emergency/veh/232/seq=0/zor=[MASKED] timer cancelled because sender closer to ZoR
+115.219658596s 214 caf.Forwarder:OnIncomingAlert(): [DEBUG] in=257 alert=/alert/emergency/veh/232/seq=0/zor=[MASKED]
+115.219658596s 214 caf.Forwarder:AlertVehicleHandler(): [DEBUG] in=(257,0) alert=/alert/emergency/veh/232/seq=0/zor=[MASKED] decision=forward to vehicles deferred until 2.82975ms
+115.219658611s 230 caf.Forwarder:OnIncomingAlert(): [DEBUG] in=257 alert=/alert/emergency/veh/232/seq=0/zor=[MASKED]
+115.219658611s 230 caf.Forwarder:AlertVehicleHandler(): [DEBUG] in= (257,0) alert=/alert/emergency/veh/232/seq=0/zor=[MASKED] timer cancelled because sender closer to ZoR
+115.219658635s 82 caf.Forwarder:OnIncomingAlert(): [DEBUG] in=257 alert=/alert/emergency/veh/232/seq=0/zor=[MASKED]
+115.219658635s 82 caf.Forwarder:AlertVehicleHandler(): [DEBUG] in=(257,0) alert=/alert/emergency/veh/232/seq=0/zor=[MASKED] decision=forward to vehicles deferred until 0ms
+115.219658635s 82 caf.Forwarder:OnOutgoingAlert(): [DEBUG] out=257 alert=/alert/emergency/veh/232/seq=0/zor=[MASKED]
+115.219658635s 82 ndn.AlertConsumer:doReceive(): [INFO ] Received alert: /alert/emergency/veh/232/seq=0/zor=[MASKED]
+115.219658651s 240 caf.Forwarder:OnIncomingAlert(): [DEBUG] in=257 alert=/alert/emergency/veh/232/seq=0/zor=[MASKED]
+115.219658651s 240 caf.Forwarder:AlertVehicleHandler(): [DEBUG] in= (257,0) alert=/alert/emergency/veh/232/seq=0/zor=[MASKED] timer cancelled because sender closer to ZoR
+115.219658692s 232 caf.Forwarder:OnIncomingAlert(): [DEBUG] in=257 alert=/alert/emergency/veh/232/seq=0/zor=[MASKED]
+115.219658692s 232 caf.Forwarder:AlertVehicleHandler(): [DEBUG] in=(257,0) alert=/alert/emergency/veh/232/seq=0/zor=[MASKED] decision=drop because duplicate alert
+115.220532682s 214 caf.Forwarder:OnIncomingAlert(): [DEBUG] in=257 alert=/alert/emergency/veh/232/seq=0/zor=[MASKED]
+115.220532682s 214 caf.Forwarder:AlertVehicleHandler(): [DEBUG] in= (257,0) alert=/alert/emergency/veh/232/seq=0/zor=[MASKED] timer cancelled because sender closer to ZoR
+115.220532700s 225 caf.Forwarder:OnIncomingAlert(): [DEBUG] in=257 alert=/alert/emergency/veh/232/seq=0/zor=[MASKED]
+115.220532700s 225 caf.Forwarder:AlertVehicleHandler(): [DEBUG] in= (257,0) alert=/alert/emergency/veh/232/seq=0/zor=[MASKED] timer cancelled because sender closer to ZoR
+115.220532709s 217 caf.Forwarder:OnIncomingAlert(): [DEBUG] in=257 alert=/alert/emergency/veh/232/seq=0/zor=[MASKED]
+115.220532709s 217 caf.Forwarder:AlertVehicleHandler(): [DEBUG] in=(257,0) alert=/alert/emergency/veh/232/seq=0/zor=[MASKED] decision=forward to vehicles deferred until 0ms
+115.220532709s 217 caf.Forwarder:OnOutgoingAlert(): [DEBUG] out=257 alert=/alert/emergency/veh/232/seq=0/zor=[MASKED]
+115.220532709s 217 ndn.AlertConsumer:doReceive(): [INFO ] Received alert: /alert/emergency/veh/232/seq=0/zor=[MASKED]
+115.220532712s 130 caf.Forwarder:OnIncomingAlert(): [DEBUG] in=257 alert=/alert/emergency/veh/232/seq=0/zor=[MASKED]
+115.220532712s 130 caf.Forwarder:AlertVehicleHandler(): [DEBUG] in=(257,0) alert=/alert/emergency/veh/232/seq=0/zor=[MASKED] decision=forward to vehicles deferred until 0ms
+115.220532712s 130 caf.Forwarder:OnOutgoingAlert(): [DEBUG] out=257 alert=/alert/emergency/veh/232/seq=0/zor=[MASKED]
+115.220532712s 130 ndn.AlertConsumer:doReceive(): [INFO ] Received alert: /alert/emergency/veh/232/seq=0/zor=[MASKED]
+115.220532747s 222 caf.Forwarder:OnIncomingAlert(): [DEBUG] in=257 alert=/alert/emergency/veh/232/seq=0/zor=[MASKED]
+115.220532747s 222 caf.Forwarder:AlertVehicleHandler(): [DEBUG] in=(257,0) alert=/alert/emergency/veh/232/seq=0/zor=[MASKED] decision=drop because duplicate alert
+115.220532769s 209 caf.Forwarder:OnIncomingAlert(): [DEBUG] in=257 alert=/alert/emergency/veh/232/seq=0/zor=[MASKED]
+115.220532769s 209 caf.Forwarder:AlertVehicleHandler(): [DEBUG] in=(257,0) alert=/alert/emergency/veh/232/seq=0/zor=[MASKED] decision=forward to vehicles deferred until 0ms
+115.220532769s 209 caf.Forwarder:OnOutgoingAlert(): [DEBUG] out=257 alert=/alert/emergency/veh/232/seq=0/zor=[MASKED]
+115.220532769s 209 ndn.AlertConsumer:doReceive(): [INFO ] Received alert: /alert/emergency/veh/232/seq=0/zor=[MASKED]
+115.220532770s 110 caf.Forwarder:OnIncomingAlert(): [DEBUG] in=257 alert=/alert/emergency/veh/232/seq=0/zor=[MASKED]
+115.220532770s 110 caf.Forwarder:AlertVehicleHandler(): [DEBUG] in=(257,0) alert=/alert/emergency/veh/232/seq=0/zor=[MASKED] decision=drop because duplicate alert
+115.220532787s 118 caf.Forwarder:OnIncomingAlert(): [DEBUG] in=257 alert=/alert/emergency/veh/232/seq=0/zor=[MASKED]
+115.220532787s 118 caf.Forwarder:AlertVehicleHandler(): [DEBUG] in=(257,0) alert=/alert/emergency/veh/232/seq=0/zor=[MASKED] decision=drop because duplicate alert
+115.220532789s 190 caf.Forwarder:OnIncomingAlert(): [DEBUG] in=257 alert=/alert/emergency/veh/232/seq=0/zor=[MASKED]
+115.220532789s 190 caf.Forwarder:AlertVehicleHandler(): [DEBUG] in=(257,0) alert=/alert/emergency/veh/232/seq=0/zor=[MASKED] decision=forward to vehicles deferred until 0ms
+115.220532789s 190 caf.Forwarder:OnOutgoingAlert(): [DEBUG] out=257 alert=/alert/emergency/veh/232/seq=0/zor=[MASKED]
+115.220532789s 190 ndn.AlertConsumer:doReceive(): [INFO ] Received alert: /alert/emergency/veh/232/seq=0/zor=[MASKED]
+115.221406817s 185 caf.Forwarder:OnIncomingAlert(): [DEBUG] in=257 alert=/alert/emergency/veh/232/seq=0/zor=[MASKED]
+115.221406817s 185 caf.Forwarder:AlertVehicleHandler(): [DEBUG] in=(257,0) alert=/alert/emergency/veh/232/seq=0/zor=[MASKED] decision=forward to vehicles deferred until 0ms
+115.221406817s 185 caf.Forwarder:OnOutgoingAlert(): [DEBUG] out=257 alert=/alert/emergency/veh/232/seq=0/zor=[MASKED]
+115.221406817s 185 ndn.AlertConsumer:doReceive(): [INFO ] Received alert: /alert/emergency/veh/232/seq=0/zor=[MASKED]
+115.221406822s 206 caf.Forwarder:OnIncomingAlert(): [DEBUG] in=257 alert=/alert/emergency/veh/232/seq=0/zor=[MASKED]
+115.221406822s 206 caf.Forwarder:AlertVehicleHandler(): [DEBUG] in=(257,0) alert=/alert/emergency/veh/232/seq=0/zor=[MASKED] decision=forward to vehicles deferred until 0ms
+115.221406822s 206 caf.Forwarder:OnOutgoingAlert(): [DEBUG] out=257 alert=/alert/emergency/veh/232/seq=0/zor=[MASKED]
+115.221406822s 206 ndn.AlertConsumer:doReceive(): [INFO ] Received alert: /alert/emergency/veh/232/seq=0/zor=[MASKED]
+115.221458790s 118 caf.Forwarder:OnIncomingAlert(): [DEBUG] in=257 alert=/alert/emergency/veh/232/seq=0/zor=[MASKED]
+115.221458790s 118 caf.Forwarder:AlertVehicleHandler(): [DEBUG] in=(257,0) alert=/alert/emergency/veh/232/seq=0/zor=[MASKED] decision=drop because duplicate alert
+115.221458812s 222 caf.Forwarder:OnIncomingAlert(): [DEBUG] in=257 alert=/alert/emergency/veh/232/seq=0/zor=[MASKED]
+115.221458812s 222 caf.Forwarder:AlertVehicleHandler(): [DEBUG] in=(257,0) alert=/alert/emergency/veh/232/seq=0/zor=[MASKED] decision=drop because duplicate alert
+115.221458838s 230 caf.Forwarder:OnIncomingAlert(): [DEBUG] in=257 alert=/alert/emergency/veh/232/seq=0/zor=[MASKED]
+115.221458838s 230 caf.Forwarder:AlertVehicleHandler(): [DEBUG] in=(257,0) alert=/alert/emergency/veh/232/seq=0/zor=[MASKED] decision=drop because duplicate alert
+115.221458872s 240 caf.Forwarder:OnIncomingAlert(): [DEBUG] in=257 alert=/alert/emergency/veh/232/seq=0/zor=[MASKED]
+115.221458872s 240 caf.Forwarder:AlertVehicleHandler(): [DEBUG] in=(257,0) alert=/alert/emergency/veh/232/seq=0/zor=[MASKED] decision=drop because duplicate alert
+115.221458915s 232 caf.Forwarder:OnIncomingAlert(): [DEBUG] in=257 alert=/alert/emergency/veh/232/seq=0/zor=[MASKED]
+115.221458915s 232 caf.Forwarder:AlertVehicleHandler(): [DEBUG] in=(257,0) alert=/alert/emergency/veh/232/seq=0/zor=[MASKED] decision=drop because duplicate alert
+115.771507681s 234 ndn.RandomAlertProducer:AlertSupplier(): [LOGIC] Send alert=/alert/emergency/veh/234/seq=0/zor=[MASKED] vehCount=127 rsuCount=9
+115.771507681s 234 caf.Forwarder:OnIncomingAlert(): [DEBUG] in=260 alert=/alert/emergency/veh/234/seq=0/zor=[MASKED]
+115.771507681s 234 caf.Forwarder:AlertVehicleHandler(): [DEBUG] in=(260,0) alert=/alert/emergency/veh/234/seq=0/zor=[MASKED] decision=forward to vehicles
+115.771507681s 234 caf.Forwarder:OnOutgoingAlert(): [DEBUG] out=257 alert=/alert/emergency/veh/234/seq=0/zor=[MASKED]
+115.772381692s 235 caf.Forwarder:OnIncomingAlert(): [DEBUG] in=257 alert=/alert/emergency/veh/234/seq=0/zor=[MASKED]
+115.772381692s 235 caf.Forwarder:AlertVehicleHandler(): [DEBUG] in=(257,0) alert=/alert/emergency/veh/234/seq=0/zor=[MASKED] decision=forward to vehicles deferred until 4.72877ms
+115.772381717s 91 caf.Forwarder:OnIncomingAlert(): [DEBUG] in=257 alert=/alert/emergency/veh/234/seq=0/zor=[MASKED]
+115.772381717s 91 caf.Forwarder:AlertVehicleHandler(): [DEBUG] in=(257,0) alert=/alert/emergency/veh/234/seq=0/zor=[MASKED] decision=forward to vehicles deferred until 3.95924ms
+115.772381749s 97 caf.Forwarder:OnIncomingAlert(): [DEBUG] in=257 alert=/alert/emergency/veh/234/seq=0/zor=[MASKED]
+115.772381749s 97 caf.Forwarder:AlertVehicleHandler(): [DEBUG] in=(257,0) alert=/alert/emergency/veh/234/seq=0/zor=[MASKED] decision=drop since sender is closer
+115.772381755s 243 caf.Forwarder:OnIncomingAlert(): [DEBUG] in=257 alert=/alert/emergency/veh/234/seq=0/zor=[MASKED]
+115.772381755s 243 caf.Forwarder:AlertVehicleHandler(): [DEBUG] in=(257,0) alert=/alert/emergency/veh/234/seq=0/zor=[MASKED] decision=drop since sender is closer
+115.772381756s 228 caf.Forwarder:OnIncomingAlert(): [DEBUG] in=257 alert=/alert/emergency/veh/234/seq=0/zor=[MASKED]
+115.772381756s 228 caf.Forwarder:AlertVehicleHandler(): [DEBUG] in=(257,0) alert=/alert/emergency/veh/234/seq=0/zor=[MASKED] decision=forward to vehicles deferred until 2.7943ms
+115.772381800s 242 caf.Forwarder:OnIncomingAlert(): [DEBUG] in=257 alert=/alert/emergency/veh/234/seq=0/zor=[MASKED]
+115.772381800s 242 caf.Forwarder:AlertVehicleHandler(): [DEBUG] in=(257,0) alert=/alert/emergency/veh/234/seq=0/zor=[MASKED] decision=drop since sender is closer
+115.772381812s 83 caf.Forwarder:OnIncomingAlert(): [DEBUG] in=257 alert=/alert/emergency/veh/234/seq=0/zor=[MASKED]
+115.772381812s 83 caf.Forwarder:AlertVehicleHandler(): [DEBUG] in=(257,0) alert=/alert/emergency/veh/234/seq=0/zor=[MASKED] decision=forward to vehicles deferred until 1.07915ms
+115.772381815s 61 caf.Forwarder:OnIncomingAlert(): [DEBUG] in=257 alert=/alert/emergency/veh/234/seq=0/zor=[MASKED]
+115.772381815s 61 caf.Forwarder:AlertVehicleHandler(): [DEBUG] in=(257,0) alert=/alert/emergency/veh/234/seq=0/zor=[MASKED] decision=drop since sender is closer
+115.772381821s 227 caf.Forwarder:OnIncomingAlert(): [DEBUG] in=257 alert=/alert/emergency/veh/234/seq=0/zor=[MASKED]
+115.772381821s 227 caf.Forwarder:AlertVehicleHandler(): [DEBUG] in=(257,0) alert=/alert/emergency/veh/234/seq=0/zor=[MASKED] decision=forward to vehicles deferred until 0.809876ms
+115.773191696s 227 caf.Forwarder:OnOutgoingAlert(): [DEBUG] out=257 alert=/alert/emergency/veh/234/seq=0/zor=[MASKED]
+115.773460964s 83 caf.Forwarder:OnOutgoingAlert(): [DEBUG] out=257 alert=/alert/emergency/veh/234/seq=0/zor=[MASKED]
+115.774065721s 83 caf.Forwarder:OnIncomingAlert(): [DEBUG] in=257 alert=/alert/emergency/veh/234/seq=0/zor=[MASKED]
+115.774065721s 83 caf.Forwarder:AlertVehicleHandler(): [DEBUG] in=(257,0) alert=/alert/emergency/veh/234/seq=0/zor=[MASKED] decision=drop because duplicate alert
+115.774065762s 228 caf.Forwarder:OnIncomingAlert(): [DEBUG] in=257 alert=/alert/emergency/veh/234/seq=0/zor=[MASKED]
+115.774065762s 228 caf.Forwarder:AlertVehicleHandler(): [DEBUG] in= (257,0) alert=/alert/emergency/veh/234/seq=0/zor=[MASKED] timer cancelled because sender closer to ZoR
+115.774065795s 219 caf.Forwarder:OnIncomingAlert(): [DEBUG] in=257 alert=/alert/emergency/veh/234/seq=0/zor=[MASKED]
+115.774065795s 219 caf.Forwarder:AlertVehicleHandler(): [DEBUG] in=(257,0) alert=/alert/emergency/veh/234/seq=0/zor=[MASKED] decision=forward to vehicles deferred until 0ms
+115.774065795s 219 caf.Forwarder:OnOutgoingAlert(): [DEBUG] out=257 alert=/alert/emergency/veh/234/seq=0/zor=[MASKED]
+115.774065795s 219 ndn.AlertConsumer:doReceive(): [INFO ] Received alert: /alert/emergency/veh/234/seq=0/zor=[MASKED]
+115.774065813s 89 caf.Forwarder:OnIncomingAlert(): [DEBUG] in=257 alert=/alert/emergency/veh/234/seq=0/zor=[MASKED]
+115.774065813s 89 caf.Forwarder:AlertVehicleHandler(): [DEBUG] in=(257,0) alert=/alert/emergency/veh/234/seq=0/zor=[MASKED] decision=forward to vehicles deferred until 0ms
+115.774065813s 89 caf.Forwarder:OnOutgoingAlert(): [DEBUG] out=257 alert=/alert/emergency/veh/234/seq=0/zor=[MASKED]
+115.774065813s 89 ndn.AlertConsumer:doReceive(): [INFO ] Received alert: /alert/emergency/veh/234/seq=0/zor=[MASKED]
+115.774065821s 91 caf.Forwarder:OnIncomingAlert(): [DEBUG] in=257 alert=/alert/emergency/veh/234/seq=0/zor=[MASKED]
+115.774065821s 91 caf.Forwarder:AlertVehicleHandler(): [DEBUG] in= (257,0) alert=/alert/emergency/veh/234/seq=0/zor=[MASKED] timer cancelled because sender closer to ZoR
+115.774065821s 212 caf.Forwarder:OnIncomingAlert(): [DEBUG] in=257 alert=/alert/emergency/veh/234/seq=0/zor=[MASKED]
+115.774065821s 212 caf.Forwarder:AlertVehicleHandler(): [DEBUG] in=(257,0) alert=/alert/emergency/veh/234/seq=0/zor=[MASKED] decision=forward to vehicles deferred until 0ms
+115.774065821s 212 caf.Forwarder:OnOutgoingAlert(): [DEBUG] out=257 alert=/alert/emergency/veh/234/seq=0/zor=[MASKED]
+115.774065821s 212 ndn.AlertConsumer:doReceive(): [INFO ] Received alert: /alert/emergency/veh/234/seq=0/zor=[MASKED]
+115.774065834s 235 caf.Forwarder:OnIncomingAlert(): [DEBUG] in=257 alert=/alert/emergency/veh/234/seq=0/zor=[MASKED]
+115.774065834s 235 caf.Forwarder:AlertVehicleHandler(): [DEBUG] in= (257,0) alert=/alert/emergency/veh/234/seq=0/zor=[MASKED] timer cancelled because sender closer to ZoR
+115.774065836s 234 caf.Forwarder:OnIncomingAlert(): [DEBUG] in=257 alert=/alert/emergency/veh/234/seq=0/zor=[MASKED]
+115.774065836s 234 caf.Forwarder:AlertVehicleHandler(): [DEBUG] in=(257,0) alert=/alert/emergency/veh/234/seq=0/zor=[MASKED] decision=drop because duplicate alert
+115.775095746s 227 caf.Forwarder:OnIncomingAlert(): [DEBUG] in=257 alert=/alert/emergency/veh/234/seq=0/zor=[MASKED]
+115.775095746s 227 caf.Forwarder:AlertVehicleHandler(): [DEBUG] in=(257,0) alert=/alert/emergency/veh/234/seq=0/zor=[MASKED] decision=drop because duplicate alert
+115.775095782s 228 caf.Forwarder:OnIncomingAlert(): [DEBUG] in=257 alert=/alert/emergency/veh/234/seq=0/zor=[MASKED]
+115.775095782s 228 caf.Forwarder:AlertVehicleHandler(): [DEBUG] in=(257,0) alert=/alert/emergency/veh/234/seq=0/zor=[MASKED] decision=drop because duplicate alert
+115.775095831s 91 caf.Forwarder:OnIncomingAlert(): [DEBUG] in=257 alert=/alert/emergency/veh/234/seq=0/zor=[MASKED]
+115.775095831s 91 caf.Forwarder:AlertVehicleHandler(): [DEBUG] in=(257,0) alert=/alert/emergency/veh/234/seq=0/zor=[MASKED] decision=drop because duplicate alert
+116.135596729s 236 ndn.RandomAlertProducer:AlertSupplier(): [LOGIC] Send alert=/alert/emergency/veh/236/seq=0/zor=[MASKED] vehCount=129 rsuCount=9
+116.135596729s 236 caf.Forwarder:OnIncomingAlert(): [DEBUG] in=260 alert=/alert/emergency/veh/236/seq=0/zor=[MASKED]
+116.135596729s 236 caf.Forwarder:AlertVehicleHandler(): [DEBUG] in=(260,0) alert=/alert/emergency/veh/236/seq=0/zor=[MASKED] decision=forward to vehicles
+116.135596729s 236 caf.Forwarder:OnOutgoingAlert(): [DEBUG] out=257 alert=/alert/emergency/veh/236/seq=0/zor=[MASKED]
+116.136470781s 241 caf.Forwarder:OnIncomingAlert(): [DEBUG] in=257 alert=/alert/emergency/veh/236/seq=0/zor=[MASKED]
+116.136470781s 241 caf.Forwarder:AlertVehicleHandler(): [DEBUG] in=(257,0) alert=/alert/emergency/veh/236/seq=0/zor=[MASKED] decision=drop since sender is closer
+116.136470792s 244 caf.Forwarder:OnIncomingAlert(): [DEBUG] in=257 alert=/alert/emergency/veh/236/seq=0/zor=[MASKED]
+116.136470792s 244 caf.Forwarder:AlertVehicleHandler(): [DEBUG] in=(257,0) alert=/alert/emergency/veh/236/seq=0/zor=[MASKED] decision=drop since sender is closer
+116.136470793s 233 caf.Forwarder:OnIncomingAlert(): [DEBUG] in=257 alert=/alert/emergency/veh/236/seq=0/zor=[MASKED]
+116.136470793s 233 caf.Forwarder:AlertVehicleHandler(): [DEBUG] in=(257,0) alert=/alert/emergency/veh/236/seq=0/zor=[MASKED] decision=forward to vehicles deferred until 3.11218ms
+116.136470795s 101 caf.Forwarder:OnIncomingAlert(): [DEBUG] in=257 alert=/alert/emergency/veh/236/seq=0/zor=[MASKED]
+116.136470795s 101 caf.Forwarder:AlertVehicleHandler(): [DEBUG] in=(257,0) alert=/alert/emergency/veh/236/seq=0/zor=[MASKED] decision=forward to vehicles deferred until 3.04346ms
+116.136470808s 80 caf.Forwarder:OnIncomingAlert(): [DEBUG] in=257 alert=/alert/emergency/veh/236/seq=0/zor=[MASKED]
+116.136470808s 80 caf.Forwarder:AlertVehicleHandler(): [DEBUG] in=(257,0) alert=/alert/emergency/veh/236/seq=0/zor=[MASKED] decision=drop since sender is closer
+116.136470856s 229 caf.Forwarder:OnIncomingAlert(): [DEBUG] in=257 alert=/alert/emergency/veh/236/seq=0/zor=[MASKED]
+116.136470856s 229 caf.Forwarder:AlertVehicleHandler(): [DEBUG] in=(257,0) alert=/alert/emergency/veh/236/seq=0/zor=[MASKED] decision=forward to vehicles deferred until 1.20889ms
+116.136470861s 249 caf.Forwarder:OnIncomingAlert(): [DEBUG] in=257 alert=/alert/emergency/veh/236/seq=0/zor=[MASKED]
+116.136470861s 249 caf.Forwarder:AlertVehicleHandler(): [DEBUG] in=(257,0) alert=/alert/emergency/veh/236/seq=0/zor=[MASKED] decision=drop since sender is closer
+116.136470865s 65 caf.Forwarder:OnIncomingAlert(): [DEBUG] in=257 alert=/alert/emergency/veh/236/seq=0/zor=[MASKED]
+116.136470865s 65 caf.Forwarder:AlertVehicleHandler(): [DEBUG] in=(257,0) alert=/alert/emergency/veh/236/seq=0/zor=[MASKED] decision=drop since sender is closer
+116.136470872s 252 caf.Forwarder:OnIncomingAlert(): [DEBUG] in=257 alert=/alert/emergency/veh/236/seq=0/zor=[MASKED]
+116.136470872s 252 caf.Forwarder:AlertVehicleHandler(): [DEBUG] in=(257,0) alert=/alert/emergency/veh/236/seq=0/zor=[MASKED] decision=drop since sender is closer
+116.136470873s 77 caf.Forwarder:OnIncomingAlert(): [DEBUG] in=257 alert=/alert/emergency/veh/236/seq=0/zor=[MASKED]
+116.136470873s 77 caf.Forwarder:AlertVehicleHandler(): [DEBUG] in=(257,0) alert=/alert/emergency/veh/236/seq=0/zor=[MASKED] decision=forward to vehicles deferred until 0.703325ms
+116.137174197s 77 caf.Forwarder:OnOutgoingAlert(): [DEBUG] out=257 alert=/alert/emergency/veh/236/seq=0/zor=[MASKED]
+116.137679745s 229 caf.Forwarder:OnOutgoingAlert(): [DEBUG] out=257 alert=/alert/emergency/veh/236/seq=0/zor=[MASKED]
+116.138048232s 229 caf.Forwarder:OnIncomingAlert(): [DEBUG] in=257 alert=/alert/emergency/veh/236/seq=0/zor=[MASKED]
+116.138048232s 229 caf.Forwarder:AlertVehicleHandler(): [DEBUG] in=(257,0) alert=/alert/emergency/veh/236/seq=0/zor=[MASKED] decision=drop because duplicate alert
+116.138048265s 72 caf.Forwarder:OnIncomingAlert(): [DEBUG] in=257 alert=/alert/emergency/veh/236/seq=0/zor=[MASKED]
+116.138048265s 72 caf.Forwarder:AlertVehicleHandler(): [DEBUG] in=(257,0) alert=/alert/emergency/veh/236/seq=0/zor=[MASKED] decision=forward to vehicles deferred until 2.98355ms
+116.138048279s 101 caf.Forwarder:OnIncomingAlert(): [DEBUG] in=257 alert=/alert/emergency/veh/236/seq=0/zor=[MASKED]
+116.138048279s 101 caf.Forwarder:AlertVehicleHandler(): [DEBUG] in= (257,0) alert=/alert/emergency/veh/236/seq=0/zor=[MASKED] timer cancelled because sender closer to ZoR
+116.138048279s 233 caf.Forwarder:OnIncomingAlert(): [DEBUG] in=257 alert=/alert/emergency/veh/236/seq=0/zor=[MASKED]
+116.138048279s 233 caf.Forwarder:AlertVehicleHandler(): [DEBUG] in= (257,0) alert=/alert/emergency/veh/236/seq=0/zor=[MASKED] timer cancelled because sender closer to ZoR
+116.138048285s 226 caf.Forwarder:OnIncomingAlert(): [DEBUG] in=257 alert=/alert/emergency/veh/236/seq=0/zor=[MASKED]
+116.138048285s 226 caf.Forwarder:AlertVehicleHandler(): [DEBUG] in=(257,0) alert=/alert/emergency/veh/236/seq=0/zor=[MASKED] decision=forward to vehicles deferred until 2.38829ms
+116.138048341s 236 caf.Forwarder:OnIncomingAlert(): [DEBUG] in=257 alert=/alert/emergency/veh/236/seq=0/zor=[MASKED]
+116.138048341s 236 caf.Forwarder:AlertVehicleHandler(): [DEBUG] in=(257,0) alert=/alert/emergency/veh/236/seq=0/zor=[MASKED] decision=drop because duplicate alert
+116.138987267s 77 caf.Forwarder:OnIncomingAlert(): [DEBUG] in=257 alert=/alert/emergency/veh/236/seq=0/zor=[MASKED]
+116.138987267s 77 caf.Forwarder:AlertVehicleHandler(): [DEBUG] in=(257,0) alert=/alert/emergency/veh/236/seq=0/zor=[MASKED] decision=drop because duplicate alert
+116.138987295s 233 caf.Forwarder:OnIncomingAlert(): [DEBUG] in=257 alert=/alert/emergency/veh/236/seq=0/zor=[MASKED]
+116.138987295s 233 caf.Forwarder:AlertVehicleHandler(): [DEBUG] in=(257,0) alert=/alert/emergency/veh/236/seq=0/zor=[MASKED] decision=drop because duplicate alert
+116.138987308s 101 caf.Forwarder:OnIncomingAlert(): [DEBUG] in=257 alert=/alert/emergency/veh/236/seq=0/zor=[MASKED]
+116.138987308s 101 caf.Forwarder:AlertVehicleHandler(): [DEBUG] in=(257,0) alert=/alert/emergency/veh/236/seq=0/zor=[MASKED] decision=drop because duplicate alert
+116.138987315s 72 caf.Forwarder:OnIncomingAlert(): [DEBUG] in=257 alert=/alert/emergency/veh/236/seq=0/zor=[MASKED]
+116.138987331s 226 caf.Forwarder:OnIncomingAlert(): [DEBUG] in=257 alert=/alert/emergency/veh/236/seq=0/zor=[MASKED]
+116.138987359s 236 caf.Forwarder:OnIncomingAlert(): [DEBUG] in=257 alert=/alert/emergency/veh/236/seq=0/zor=[MASKED]
+116.138987359s 236 caf.Forwarder:AlertVehicleHandler(): [DEBUG] in=(257,0) alert=/alert/emergency/veh/236/seq=0/zor=[MASKED] decision=drop because duplicate alert
+116.140436578s 226 caf.Forwarder:OnOutgoingAlert(): [DEBUG] out=257 alert=/alert/emergency/veh/236/seq=0/zor=[MASKED]
+116.141031811s 72 caf.Forwarder:OnOutgoingAlert(): [DEBUG] out=257 alert=/alert/emergency/veh/236/seq=0/zor=[MASKED]
+116.141310599s 72 caf.Forwarder:OnIncomingAlert(): [DEBUG] in=257 alert=/alert/emergency/veh/236/seq=0/zor=[MASKED]
+116.141310599s 72 caf.Forwarder:AlertVehicleHandler(): [DEBUG] in=(257,0) alert=/alert/emergency/veh/236/seq=0/zor=[MASKED] decision=drop because duplicate alert
+116.141310665s 221 caf.Forwarder:OnIncomingAlert(): [DEBUG] in=257 alert=/alert/emergency/veh/236/seq=0/zor=[MASKED]
+116.141310665s 221 caf.Forwarder:AlertVehicleHandler(): [DEBUG] in=(257,0) alert=/alert/emergency/veh/236/seq=0/zor=[MASKED] decision=forward to vehicles deferred until 0ms
+116.141310665s 221 caf.Forwarder:OnOutgoingAlert(): [DEBUG] out=257 alert=/alert/emergency/veh/236/seq=0/zor=[MASKED]
+116.141310665s 221 ndn.AlertConsumer:doReceive(): [INFO ] Received alert: /alert/emergency/veh/236/seq=0/zor=[MASKED]
+116.141310666s 77 caf.Forwarder:OnIncomingAlert(): [DEBUG] in=257 alert=/alert/emergency/veh/236/seq=0/zor=[MASKED]
+116.141310666s 77 caf.Forwarder:AlertVehicleHandler(): [DEBUG] in=(257,0) alert=/alert/emergency/veh/236/seq=0/zor=[MASKED] decision=drop because duplicate alert
+116.141310667s 213 caf.Forwarder:OnIncomingAlert(): [DEBUG] in=257 alert=/alert/emergency/veh/236/seq=0/zor=[MASKED]
+116.141310667s 213 caf.Forwarder:AlertVehicleHandler(): [DEBUG] in=(257,0) alert=/alert/emergency/veh/236/seq=0/zor=[MASKED] decision=forward to vehicles deferred until 0ms
+116.141310667s 213 caf.Forwarder:OnOutgoingAlert(): [DEBUG] out=257 alert=/alert/emergency/veh/236/seq=0/zor=[MASKED]
+116.141310667s 213 ndn.AlertConsumer:doReceive(): [INFO ] Received alert: /alert/emergency/veh/236/seq=0/zor=[MASKED]
+116.141310677s 229 caf.Forwarder:OnIncomingAlert(): [DEBUG] in=257 alert=/alert/emergency/veh/236/seq=0/zor=[MASKED]
+116.141310677s 229 caf.Forwarder:AlertVehicleHandler(): [DEBUG] in=(257,0) alert=/alert/emergency/veh/236/seq=0/zor=[MASKED] decision=drop because duplicate alert
+116.141310709s 102 caf.Forwarder:OnIncomingAlert(): [DEBUG] in=257 alert=/alert/emergency/veh/236/seq=0/zor=[MASKED]
+116.141310709s 102 caf.Forwarder:AlertVehicleHandler(): [DEBUG] in=(257,0) alert=/alert/emergency/veh/236/seq=0/zor=[MASKED] decision=forward to vehicles deferred until 0ms
+116.141310709s 102 caf.Forwarder:OnOutgoingAlert(): [DEBUG] out=257 alert=/alert/emergency/veh/236/seq=0/zor=[MASKED]
+116.141310709s 102 ndn.AlertConsumer:doReceive(): [INFO ] Received alert: /alert/emergency/veh/236/seq=0/zor=[MASKED]
+116.141310739s 233 caf.Forwarder:OnIncomingAlert(): [DEBUG] in=257 alert=/alert/emergency/veh/236/seq=0/zor=[MASKED]
+116.141310739s 233 caf.Forwarder:AlertVehicleHandler(): [DEBUG] in=(257,0) alert=/alert/emergency/veh/236/seq=0/zor=[MASKED] decision=drop because duplicate alert
+116.141310745s 210 caf.Forwarder:OnIncomingAlert(): [DEBUG] in=257 alert=/alert/emergency/veh/236/seq=0/zor=[MASKED]
+116.141310745s 210 caf.Forwarder:AlertVehicleHandler(): [DEBUG] in=(257,0) alert=/alert/emergency/veh/236/seq=0/zor=[MASKED] decision=forward to vehicles deferred until 0ms
+116.141310745s 210 caf.Forwarder:OnOutgoingAlert(): [DEBUG] out=257 alert=/alert/emergency/veh/236/seq=0/zor=[MASKED]
+116.141310745s 210 ndn.AlertConsumer:doReceive(): [INFO ] Received alert: /alert/emergency/veh/236/seq=0/zor=[MASKED]
+116.141310747s 101 caf.Forwarder:OnIncomingAlert(): [DEBUG] in=257 alert=/alert/emergency/veh/236/seq=0/zor=[MASKED]
+116.141310747s 101 caf.Forwarder:AlertVehicleHandler(): [DEBUG] in=(257,0) alert=/alert/emergency/veh/236/seq=0/zor=[MASKED] decision=drop because duplicate alert
+116.142327620s 226 caf.Forwarder:OnIncomingAlert(): [DEBUG] in=257 alert=/alert/emergency/veh/236/seq=0/zor=[MASKED]
+116.142327620s 226 caf.Forwarder:AlertVehicleHandler(): [DEBUG] in=(257,0) alert=/alert/emergency/veh/236/seq=0/zor=[MASKED] decision=drop because duplicate alert
+116.142327667s 77 caf.Forwarder:OnIncomingAlert(): [DEBUG] in=257 alert=/alert/emergency/veh/236/seq=0/zor=[MASKED]
+116.142327667s 77 caf.Forwarder:AlertVehicleHandler(): [DEBUG] in=(257,0) alert=/alert/emergency/veh/236/seq=0/zor=[MASKED] decision=drop because duplicate alert
+116.142327682s 229 caf.Forwarder:OnIncomingAlert(): [DEBUG] in=257 alert=/alert/emergency/veh/236/seq=0/zor=[MASKED]
+116.142327682s 229 caf.Forwarder:AlertVehicleHandler(): [DEBUG] in=(257,0) alert=/alert/emergency/veh/236/seq=0/zor=[MASKED] decision=drop because duplicate alert
+116.566034039s 237 ndn.RandomAlertProducer:AlertSupplier(): [LOGIC] Send alert=/alert/emergency/veh/237/seq=0/zor=[MASKED] vehCount=131 rsuCount=9
+116.566034039s 237 caf.Forwarder:OnIncomingAlert(): [DEBUG] in=260 alert=/alert/emergency/veh/237/seq=0/zor=[MASKED]
+116.566034039s 237 caf.Forwarder:AlertVehicleHandler(): [DEBUG] in=(260,0) alert=/alert/emergency/veh/237/seq=0/zor=[MASKED] decision=forward to vehicles
+116.566034039s 237 caf.Forwarder:OnOutgoingAlert(): [DEBUG] out=257 alert=/alert/emergency/veh/237/seq=0/zor=[MASKED]
+116.566908073s 58 caf.Forwarder:OnIncomingAlert(): [DEBUG] in=257 alert=/alert/emergency/veh/237/seq=0/zor=[MASKED]
+116.566908073s 58 caf.Forwarder:AlertVehicleHandler(): [DEBUG] in=(257,0) alert=/alert/emergency/veh/237/seq=0/zor=[MASKED] decision=forward to vehicles deferred until 4.03297ms
+116.566908091s 231 caf.Forwarder:OnIncomingAlert(): [DEBUG] in=257 alert=/alert/emergency/veh/237/seq=0/zor=[MASKED]
+116.566908091s 231 caf.Forwarder:AlertVehicleHandler(): [DEBUG] in=(257,0) alert=/alert/emergency/veh/237/seq=0/zor=[MASKED] decision=forward to vehicles deferred until 3.47693ms
+116.566908119s 247 caf.Forwarder:OnIncomingAlert(): [DEBUG] in=257 alert=/alert/emergency/veh/237/seq=0/zor=[MASKED]
+116.566908119s 247 caf.Forwarder:AlertVehicleHandler(): [DEBUG] in=(257,0) alert=/alert/emergency/veh/237/seq=0/zor=[MASKED] decision=drop since sender is closer
+116.566908127s 239 caf.Forwarder:OnIncomingAlert(): [DEBUG] in=257 alert=/alert/emergency/veh/237/seq=0/zor=[MASKED]
+116.566908127s 239 caf.Forwarder:AlertVehicleHandler(): [DEBUG] in=(257,0) alert=/alert/emergency/veh/237/seq=0/zor=[MASKED] decision=forward to vehicles deferred until 2.38836ms
+116.566908148s 224 caf.Forwarder:OnIncomingAlert(): [DEBUG] in=257 alert=/alert/emergency/veh/237/seq=0/zor=[MASKED]
+116.566908148s 224 caf.Forwarder:AlertVehicleHandler(): [DEBUG] in=(257,0) alert=/alert/emergency/veh/237/seq=0/zor=[MASKED] decision=forward to vehicles deferred until 1.75584ms
+116.566908151s 246 caf.Forwarder:OnIncomingAlert(): [DEBUG] in=257 alert=/alert/emergency/veh/237/seq=0/zor=[MASKED]
+116.566908151s 246 caf.Forwarder:AlertVehicleHandler(): [DEBUG] in=(257,0) alert=/alert/emergency/veh/237/seq=0/zor=[MASKED] decision=drop since sender is closer
+116.568663989s 224 caf.Forwarder:OnOutgoingAlert(): [DEBUG] out=257 alert=/alert/emergency/veh/237/seq=0/zor=[MASKED]
+116.569296485s 239 caf.Forwarder:OnOutgoingAlert(): [DEBUG] out=257 alert=/alert/emergency/veh/237/seq=0/zor=[MASKED]
+116.569538013s 239 caf.Forwarder:OnIncomingAlert(): [DEBUG] in=257 alert=/alert/emergency/veh/237/seq=0/zor=[MASKED]
+116.569538013s 239 caf.Forwarder:AlertVehicleHandler(): [DEBUG] in=(257,0) alert=/alert/emergency/veh/237/seq=0/zor=[MASKED] decision=drop because duplicate alert
+116.569538046s 231 caf.Forwarder:OnIncomingAlert(): [DEBUG] in=257 alert=/alert/emergency/veh/237/seq=0/zor=[MASKED]
+116.569538046s 231 caf.Forwarder:AlertVehicleHandler(): [DEBUG] in= (257,0) alert=/alert/emergency/veh/237/seq=0/zor=[MASKED] timer cancelled because sender closer to ZoR
+116.569538075s 216 caf.Forwarder:OnIncomingAlert(): [DEBUG] in=257 alert=/alert/emergency/veh/237/seq=0/zor=[MASKED]
+116.569538075s 216 caf.Forwarder:AlertVehicleHandler(): [DEBUG] in=(257,0) alert=/alert/emergency/veh/237/seq=0/zor=[MASKED] decision=forward to vehicles deferred until 2.43521ms
+116.569538092s 58 caf.Forwarder:OnIncomingAlert(): [DEBUG] in=257 alert=/alert/emergency/veh/237/seq=0/zor=[MASKED]
+116.569538092s 58 caf.Forwarder:AlertVehicleHandler(): [DEBUG] in= (257,0) alert=/alert/emergency/veh/237/seq=0/zor=[MASKED] timer cancelled because sender closer to ZoR
+116.569538098s 237 caf.Forwarder:OnIncomingAlert(): [DEBUG] in=257 alert=/alert/emergency/veh/237/seq=0/zor=[MASKED]
+116.569538098s 237 caf.Forwarder:AlertVehicleHandler(): [DEBUG] in=(257,0) alert=/alert/emergency/veh/237/seq=0/zor=[MASKED] decision=drop because duplicate alert
+116.569538155s 223 caf.Forwarder:OnIncomingAlert(): [DEBUG] in=257 alert=/alert/emergency/veh/237/seq=0/zor=[MASKED]
+116.569538155s 223 caf.Forwarder:AlertVehicleHandler(): [DEBUG] in=(257,0) alert=/alert/emergency/veh/237/seq=0/zor=[MASKED] decision=forward to vehicles deferred until 0ms
+116.569538155s 223 caf.Forwarder:OnOutgoingAlert(): [DEBUG] out=257 alert=/alert/emergency/veh/237/seq=0/zor=[MASKED]
+116.569538155s 223 ndn.AlertConsumer:doReceive(): [INFO ] Received alert: /alert/emergency/veh/237/seq=0/zor=[MASKED]
+116.569538158s 131 caf.Forwarder:OnIncomingAlert(): [DEBUG] in=257 alert=/alert/emergency/veh/237/seq=0/zor=[MASKED]
+116.569538158s 131 caf.Forwarder:AlertVehicleHandler(): [DEBUG] in=(257,0) alert=/alert/emergency/veh/237/seq=0/zor=[MASKED] decision=forward to vehicles deferred until 0ms
+116.569538158s 131 caf.Forwarder:OnOutgoingAlert(): [DEBUG] out=257 alert=/alert/emergency/veh/237/seq=0/zor=[MASKED]
+116.569538158s 131 ndn.AlertConsumer:doReceive(): [INFO ] Received alert: /alert/emergency/veh/237/seq=0/zor=[MASKED]
+116.569538159s 215 caf.Forwarder:OnIncomingAlert(): [DEBUG] in=257 alert=/alert/emergency/veh/237/seq=0/zor=[MASKED]
+116.569538159s 215 caf.Forwarder:AlertVehicleHandler(): [DEBUG] in=(257,0) alert=/alert/emergency/veh/237/seq=0/zor=[MASKED] decision=forward to vehicles deferred until 0ms
+116.569538159s 215 caf.Forwarder:OnOutgoingAlert(): [DEBUG] out=257 alert=/alert/emergency/veh/237/seq=0/zor=[MASKED]
+116.569538159s 215 ndn.AlertConsumer:doReceive(): [INFO ] Received alert: /alert/emergency/veh/237/seq=0/zor=[MASKED]
+116.570529037s 224 caf.Forwarder:OnIncomingAlert(): [DEBUG] in=257 alert=/alert/emergency/veh/237/seq=0/zor=[MASKED]
+116.570529037s 224 caf.Forwarder:AlertVehicleHandler(): [DEBUG] in=(257,0) alert=/alert/emergency/veh/237/seq=0/zor=[MASKED] decision=drop because duplicate alert
+116.570529050s 231 caf.Forwarder:OnIncomingAlert(): [DEBUG] in=257 alert=/alert/emergency/veh/237/seq=0/zor=[MASKED]
+116.570529050s 231 caf.Forwarder:AlertVehicleHandler(): [DEBUG] in=(257,0) alert=/alert/emergency/veh/237/seq=0/zor=[MASKED] decision=drop because duplicate alert
+116.570529093s 58 caf.Forwarder:OnIncomingAlert(): [DEBUG] in=257 alert=/alert/emergency/veh/237/seq=0/zor=[MASKED]
+116.570529093s 58 caf.Forwarder:AlertVehicleHandler(): [DEBUG] in=(257,0) alert=/alert/emergency/veh/237/seq=0/zor=[MASKED] decision=drop because duplicate alert
+116.570529101s 237 caf.Forwarder:OnIncomingAlert(): [DEBUG] in=257 alert=/alert/emergency/veh/237/seq=0/zor=[MASKED]
+116.570529101s 237 caf.Forwarder:AlertVehicleHandler(): [DEBUG] in=(257,0) alert=/alert/emergency/veh/237/seq=0/zor=[MASKED] decision=drop because duplicate alert
+116.570529179s 247 caf.Forwarder:OnIncomingAlert(): [DEBUG] in=257 alert=/alert/emergency/veh/237/seq=0/zor=[MASKED]
+116.570529179s 247 caf.Forwarder:AlertVehicleHandler(): [DEBUG] in=(257,0) alert=/alert/emergency/veh/237/seq=0/zor=[MASKED] decision=drop because duplicate alert
+116.571973288s 216 caf.Forwarder:OnOutgoingAlert(): [DEBUG] out=257 alert=/alert/emergency/veh/237/seq=0/zor=[MASKED]
+116.572847368s 223 caf.Forwarder:OnIncomingAlert(): [DEBUG] in=257 alert=/alert/emergency/veh/237/seq=0/zor=[MASKED]
+116.572847368s 223 caf.Forwarder:AlertVehicleHandler(): [DEBUG] in=(257,0) alert=/alert/emergency/veh/237/seq=0/zor=[MASKED] decision=drop because duplicate alert
+116.572847371s 215 caf.Forwarder:OnIncomingAlert(): [DEBUG] in=257 alert=/alert/emergency/veh/237/seq=0/zor=[MASKED]
+116.572847371s 215 caf.Forwarder:AlertVehicleHandler(): [DEBUG] in=(257,0) alert=/alert/emergency/veh/237/seq=0/zor=[MASKED] decision=drop because duplicate alert
+116.572847374s 131 caf.Forwarder:OnIncomingAlert(): [DEBUG] in=257 alert=/alert/emergency/veh/237/seq=0/zor=[MASKED]
+116.572847374s 131 caf.Forwarder:AlertVehicleHandler(): [DEBUG] in=(257,0) alert=/alert/emergency/veh/237/seq=0/zor=[MASKED] decision=drop because duplicate alert
+116.572847374s 224 caf.Forwarder:OnIncomingAlert(): [DEBUG] in=257 alert=/alert/emergency/veh/237/seq=0/zor=[MASKED]
+116.572847374s 224 caf.Forwarder:AlertVehicleHandler(): [DEBUG] in=(257,0) alert=/alert/emergency/veh/237/seq=0/zor=[MASKED] decision=drop because duplicate alert
+116.572847396s 239 caf.Forwarder:OnIncomingAlert(): [DEBUG] in=257 alert=/alert/emergency/veh/237/seq=0/zor=[MASKED]
+116.572847396s 239 caf.Forwarder:AlertVehicleHandler(): [DEBUG] in=(257,0) alert=/alert/emergency/veh/237/seq=0/zor=[MASKED] decision=drop because duplicate alert
+116.572847431s 231 caf.Forwarder:OnIncomingAlert(): [DEBUG] in=257 alert=/alert/emergency/veh/237/seq=0/zor=[MASKED]
+116.572847431s 231 caf.Forwarder:AlertVehicleHandler(): [DEBUG] in=(257,0) alert=/alert/emergency/veh/237/seq=0/zor=[MASKED] decision=drop because duplicate alert
+116.572847436s 207 caf.Forwarder:OnIncomingAlert(): [DEBUG] in=257 alert=/alert/emergency/veh/237/seq=0/zor=[MASKED]
+116.572847436s 207 caf.Forwarder:AlertVehicleHandler(): [DEBUG] in=(257,0) alert=/alert/emergency/veh/237/seq=0/zor=[MASKED] decision=forward to vehicles deferred until 0ms
+116.572847436s 207 caf.Forwarder:OnOutgoingAlert(): [DEBUG] out=257 alert=/alert/emergency/veh/237/seq=0/zor=[MASKED]
+116.572847436s 207 ndn.AlertConsumer:doReceive(): [INFO ] Received alert: /alert/emergency/veh/237/seq=0/zor=[MASKED]
+116.573721468s 208 caf.Forwarder:OnIncomingAlert(): [DEBUG] in=257 alert=/alert/emergency/veh/237/seq=0/zor=[MASKED]
+116.573721468s 208 caf.Forwarder:AlertVehicleHandler(): [DEBUG] in=(257,0) alert=/alert/emergency/veh/237/seq=0/zor=[MASKED] decision=forward to vehicles deferred until 0ms
+116.573721468s 208 caf.Forwarder:OnOutgoingAlert(): [DEBUG] out=257 alert=/alert/emergency/veh/237/seq=0/zor=[MASKED]
+116.573721468s 208 ndn.AlertConsumer:doReceive(): [INFO ] Received alert: /alert/emergency/veh/237/seq=0/zor=[MASKED]
+116.573721469s 200 caf.Forwarder:OnIncomingAlert(): [DEBUG] in=257 alert=/alert/emergency/veh/237/seq=0/zor=[MASKED]
+116.573721469s 200 caf.Forwarder:AlertVehicleHandler(): [DEBUG] in=(257,0) alert=/alert/emergency/veh/237/seq=0/zor=[MASKED] decision=forward to vehicles deferred until 0ms
+116.573721469s 200 caf.Forwarder:OnOutgoingAlert(): [DEBUG] out=257 alert=/alert/emergency/veh/237/seq=0/zor=[MASKED]
+116.573721469s 200 ndn.AlertConsumer:doReceive(): [INFO ] Received alert: /alert/emergency/veh/237/seq=0/zor=[MASKED]
+116.573721485s 138 caf.Forwarder:OnIncomingAlert(): [DEBUG] in=257 alert=/alert/emergency/veh/237/seq=0/zor=[MASKED]
+116.573721485s 138 caf.Forwarder:AlertVehicleHandler(): [DEBUG] in=(257,0) alert=/alert/emergency/veh/237/seq=0/zor=[MASKED] decision=forward to vehicles deferred until 0ms
+116.573721485s 138 caf.Forwarder:OnOutgoingAlert(): [DEBUG] out=257 alert=/alert/emergency/veh/237/seq=0/zor=[MASKED]
+116.573721485s 138 ndn.AlertConsumer:doReceive(): [INFO ] Received alert: /alert/emergency/veh/237/seq=0/zor=[MASKED]
+116.573721495s 192 caf.Forwarder:OnIncomingAlert(): [DEBUG] in=257 alert=/alert/emergency/veh/237/seq=0/zor=[MASKED]
+116.573721495s 192 caf.Forwarder:AlertVehicleHandler(): [DEBUG] in=(257,0) alert=/alert/emergency/veh/237/seq=0/zor=[MASKED] decision=forward to vehicles deferred until 0ms
+116.573721495s 192 caf.Forwarder:OnOutgoingAlert(): [DEBUG] out=257 alert=/alert/emergency/veh/237/seq=0/zor=[MASKED]
+116.573721495s 192 ndn.AlertConsumer:doReceive(): [INFO ] Received alert: /alert/emergency/veh/237/seq=0/zor=[MASKED]
+116.573721500s 199 caf.Forwarder:OnIncomingAlert(): [DEBUG] in=257 alert=/alert/emergency/veh/237/seq=0/zor=[MASKED]
+116.573721500s 199 caf.Forwarder:AlertVehicleHandler(): [DEBUG] in=(257,0) alert=/alert/emergency/veh/237/seq=0/zor=[MASKED] decision=forward to vehicles deferred until 0ms
+116.573721500s 199 caf.Forwarder:OnOutgoingAlert(): [DEBUG] out=257 alert=/alert/emergency/veh/237/seq=0/zor=[MASKED]
+116.573721500s 199 ndn.AlertConsumer:doReceive(): [INFO ] Received alert: /alert/emergency/veh/237/seq=0/zor=[MASKED]
+116.573721501s 215 caf.Forwarder:OnIncomingAlert(): [DEBUG] in=257 alert=/alert/emergency/veh/237/seq=0/zor=[MASKED]
+116.573721501s 215 caf.Forwarder:AlertVehicleHandler(): [DEBUG] in=(257,0) alert=/alert/emergency/veh/237/seq=0/zor=[MASKED] decision=drop because duplicate alert
+116.573721505s 223 caf.Forwarder:OnIncomingAlert(): [DEBUG] in=257 alert=/alert/emergency/veh/237/seq=0/zor=[MASKED]
+116.573721505s 223 caf.Forwarder:AlertVehicleHandler(): [DEBUG] in=(257,0) alert=/alert/emergency/veh/237/seq=0/zor=[MASKED] decision=drop because duplicate alert
+116.573721512s 131 caf.Forwarder:OnIncomingAlert(): [DEBUG] in=257 alert=/alert/emergency/veh/237/seq=0/zor=[MASKED]
+116.573721512s 131 caf.Forwarder:AlertVehicleHandler(): [DEBUG] in=(257,0) alert=/alert/emergency/veh/237/seq=0/zor=[MASKED] decision=drop because duplicate alert
+116.573721518s 184 caf.Forwarder:OnIncomingAlert(): [DEBUG] in=257 alert=/alert/emergency/veh/237/seq=0/zor=[MASKED]
+116.573721518s 184 caf.Forwarder:AlertVehicleHandler(): [DEBUG] in=(257,0) alert=/alert/emergency/veh/237/seq=0/zor=[MASKED] decision=forward to vehicles deferred until 0ms
+116.573721518s 184 caf.Forwarder:OnOutgoingAlert(): [DEBUG] out=257 alert=/alert/emergency/veh/237/seq=0/zor=[MASKED]
+116.573721518s 184 ndn.AlertConsumer:doReceive(): [INFO ] Received alert: /alert/emergency/veh/237/seq=0/zor=[MASKED]
+116.573721528s 191 caf.Forwarder:OnIncomingAlert(): [DEBUG] in=257 alert=/alert/emergency/veh/237/seq=0/zor=[MASKED]
+116.573721528s 191 caf.Forwarder:AlertVehicleHandler(): [DEBUG] in=(257,0) alert=/alert/emergency/veh/237/seq=0/zor=[MASKED] decision=forward to vehicles deferred until 0ms
+116.573721528s 191 caf.Forwarder:OnOutgoingAlert(): [DEBUG] out=257 alert=/alert/emergency/veh/237/seq=0/zor=[MASKED]
+116.573721528s 191 ndn.AlertConsumer:doReceive(): [INFO ] Received alert: /alert/emergency/veh/237/seq=0/zor=[MASKED]
+116.573721542s 170 caf.Forwarder:OnIncomingAlert(): [DEBUG] in=257 alert=/alert/emergency/veh/237/seq=0/zor=[MASKED]
+116.573721542s 170 caf.Forwarder:AlertVehicleHandler(): [DEBUG] in=(257,0) alert=/alert/emergency/veh/237/seq=0/zor=[MASKED] decision=forward to vehicles deferred until 0ms
+116.573721542s 170 caf.Forwarder:OnOutgoingAlert(): [DEBUG] out=257 alert=/alert/emergency/veh/237/seq=0/zor=[MASKED]
+116.573721542s 170 ndn.AlertConsumer:doReceive(): [INFO ] Received alert: /alert/emergency/veh/237/seq=0/zor=[MASKED]
+116.573721544s 147 caf.Forwarder:OnIncomingAlert(): [DEBUG] in=257 alert=/alert/emergency/veh/237/seq=0/zor=[MASKED]
+116.573721544s 147 caf.Forwarder:AlertVehicleHandler(): [DEBUG] in=(257,0) alert=/alert/emergency/veh/237/seq=0/zor=[MASKED] decision=forward to vehicles deferred until 0ms
+116.573721544s 147 caf.Forwarder:OnOutgoingAlert(): [DEBUG] out=257 alert=/alert/emergency/veh/237/seq=0/zor=[MASKED]
+116.573721544s 147 ndn.AlertConsumer:doReceive(): [INFO ] Received alert: /alert/emergency/veh/237/seq=0/zor=[MASKED]
+116.573721560s 177 caf.Forwarder:OnIncomingAlert(): [DEBUG] in=257 alert=/alert/emergency/veh/237/seq=0/zor=[MASKED]
+116.573721560s 177 caf.Forwarder:AlertVehicleHandler(): [DEBUG] in=(257,0) alert=/alert/emergency/veh/237/seq=0/zor=[MASKED] decision=forward to vehicles deferred until 0ms
+116.573721560s 177 caf.Forwarder:OnOutgoingAlert(): [DEBUG] out=257 alert=/alert/emergency/veh/237/seq=0/zor=[MASKED]
+116.573721560s 177 ndn.AlertConsumer:doReceive(): [INFO ] Received alert: /alert/emergency/veh/237/seq=0/zor=[MASKED]
+116.573721569s 148 caf.Forwarder:OnIncomingAlert(): [DEBUG] in=257 alert=/alert/emergency/veh/237/seq=0/zor=[MASKED]
+116.573721569s 148 caf.Forwarder:AlertVehicleHandler(): [DEBUG] in=(257,0) alert=/alert/emergency/veh/237/seq=0/zor=[MASKED] decision=forward to vehicles deferred until 0ms
+116.573721569s 148 caf.Forwarder:OnOutgoingAlert(): [DEBUG] out=257 alert=/alert/emergency/veh/237/seq=0/zor=[MASKED]
+116.573721569s 148 ndn.AlertConsumer:doReceive(): [INFO ] Received alert: /alert/emergency/veh/237/seq=0/zor=[MASKED]
+116.573721584s 216 caf.Forwarder:OnIncomingAlert(): [DEBUG] in=257 alert=/alert/emergency/veh/237/seq=0/zor=[MASKED]
+116.573721584s 216 caf.Forwarder:AlertVehicleHandler(): [DEBUG] in=(257,0) alert=/alert/emergency/veh/237/seq=0/zor=[MASKED] decision=drop because duplicate alert
+116.573721589s 176 caf.Forwarder:OnIncomingAlert(): [DEBUG] in=257 alert=/alert/emergency/veh/237/seq=0/zor=[MASKED]
+116.573721589s 176 caf.Forwarder:AlertVehicleHandler(): [DEBUG] in=(257,0) alert=/alert/emergency/veh/237/seq=0/zor=[MASKED] decision=forward to vehicles deferred until 0ms
+116.573721589s 176 caf.Forwarder:OnOutgoingAlert(): [DEBUG] out=257 alert=/alert/emergency/veh/237/seq=0/zor=[MASKED]
+116.573721589s 176 ndn.AlertConsumer:doReceive(): [INFO ] Received alert: /alert/emergency/veh/237/seq=0/zor=[MASKED]
+116.573721593s 149 caf.Forwarder:OnIncomingAlert(): [DEBUG] in=257 alert=/alert/emergency/veh/237/seq=0/zor=[MASKED]
+116.573721593s 149 caf.Forwarder:AlertVehicleHandler(): [DEBUG] in=(257,0) alert=/alert/emergency/veh/237/seq=0/zor=[MASKED] decision=forward to vehicles deferred until 0ms
+116.573721593s 149 caf.Forwarder:OnOutgoingAlert(): [DEBUG] out=257 alert=/alert/emergency/veh/237/seq=0/zor=[MASKED]
+116.573721593s 149 ndn.AlertConsumer:doReceive(): [INFO ] Received alert: /alert/emergency/veh/237/seq=0/zor=[MASKED]
+116.611078216s 235 ndn.RandomAlertProducer:AlertSupplier(): [LOGIC] Send alert=/alert/emergency/veh/235/seq=0/zor=[MASKED] vehCount=131 rsuCount=9
+116.611078216s 235 caf.Forwarder:OnIncomingAlert(): [DEBUG] in=260 alert=/alert/emergency/veh/235/seq=0/zor=[MASKED]
+116.611078216s 235 caf.Forwarder:AlertVehicleHandler(): [DEBUG] in=(260,0) alert=/alert/emergency/veh/235/seq=0/zor=[MASKED] decision=forward to vehicles
+116.611078216s 235 caf.Forwarder:OnOutgoingAlert(): [DEBUG] out=257 alert=/alert/emergency/veh/235/seq=0/zor=[MASKED]
+116.611952227s 234 caf.Forwarder:OnIncomingAlert(): [DEBUG] in=257 alert=/alert/emergency/veh/235/seq=0/zor=[MASKED]
+116.611952227s 234 caf.Forwarder:AlertVehicleHandler(): [DEBUG] in=(257,0) alert=/alert/emergency/veh/235/seq=0/zor=[MASKED] decision=drop since sender is closer
+116.611952271s 83 caf.Forwarder:OnIncomingAlert(): [DEBUG] in=257 alert=/alert/emergency/veh/235/seq=0/zor=[MASKED]
+116.611952271s 83 caf.Forwarder:AlertVehicleHandler(): [DEBUG] in=(257,0) alert=/alert/emergency/veh/235/seq=0/zor=[MASKED] decision=forward to vehicles deferred until 3.39463ms
+116.611952279s 91 caf.Forwarder:OnIncomingAlert(): [DEBUG] in=257 alert=/alert/emergency/veh/235/seq=0/zor=[MASKED]
+116.611952279s 91 caf.Forwarder:AlertVehicleHandler(): [DEBUG] in=(257,0) alert=/alert/emergency/veh/235/seq=0/zor=[MASKED] decision=drop since sender is closer
+116.611952287s 228 caf.Forwarder:OnIncomingAlert(): [DEBUG] in=257 alert=/alert/emergency/veh/235/seq=0/zor=[MASKED]
+116.611952287s 228 caf.Forwarder:AlertVehicleHandler(): [DEBUG] in=(257,0) alert=/alert/emergency/veh/235/seq=0/zor=[MASKED] decision=forward to vehicles deferred until 2.9146ms
+116.611952295s 243 caf.Forwarder:OnIncomingAlert(): [DEBUG] in=257 alert=/alert/emergency/veh/235/seq=0/zor=[MASKED]
+116.611952295s 243 caf.Forwarder:AlertVehicleHandler(): [DEBUG] in=(257,0) alert=/alert/emergency/veh/235/seq=0/zor=[MASKED] decision=drop since sender is closer
+116.611952341s 242 caf.Forwarder:OnIncomingAlert(): [DEBUG] in=257 alert=/alert/emergency/veh/235/seq=0/zor=[MASKED]
+116.611952341s 242 caf.Forwarder:AlertVehicleHandler(): [DEBUG] in=(257,0) alert=/alert/emergency/veh/235/seq=0/zor=[MASKED] decision=drop since sender is closer
+116.611952354s 227 caf.Forwarder:OnIncomingAlert(): [DEBUG] in=257 alert=/alert/emergency/veh/235/seq=0/zor=[MASKED]
+116.611952354s 227 caf.Forwarder:AlertVehicleHandler(): [DEBUG] in=(257,0) alert=/alert/emergency/veh/235/seq=0/zor=[MASKED] decision=forward to vehicles deferred until 0ms
+116.611952354s 227 caf.Forwarder:OnOutgoingAlert(): [DEBUG] out=257 alert=/alert/emergency/veh/235/seq=0/zor=[MASKED]
+116.611952354s 227 ndn.AlertConsumer:doReceive(): [INFO ] Received alert: /alert/emergency/veh/235/seq=0/zor=[MASKED]
+116.611952359s 97 caf.Forwarder:OnIncomingAlert(): [DEBUG] in=257 alert=/alert/emergency/veh/235/seq=0/zor=[MASKED]
+116.611952359s 97 caf.Forwarder:AlertVehicleHandler(): [DEBUG] in=(257,0) alert=/alert/emergency/veh/235/seq=0/zor=[MASKED] decision=drop since sender is closer
+116.612826400s 89 caf.Forwarder:OnIncomingAlert(): [DEBUG] in=257 alert=/alert/emergency/veh/235/seq=0/zor=[MASKED]
+116.612826400s 89 caf.Forwarder:AlertVehicleHandler(): [DEBUG] in=(257,0) alert=/alert/emergency/veh/235/seq=0/zor=[MASKED] decision=forward to vehicles deferred until 0ms
+116.612826400s 89 caf.Forwarder:OnOutgoingAlert(): [DEBUG] out=257 alert=/alert/emergency/veh/235/seq=0/zor=[MASKED]
+116.612826400s 89 ndn.AlertConsumer:doReceive(): [INFO ] Received alert: /alert/emergency/veh/235/seq=0/zor=[MASKED]
+116.612826423s 228 caf.Forwarder:OnIncomingAlert(): [DEBUG] in=257 alert=/alert/emergency/veh/235/seq=0/zor=[MASKED]
+116.612826423s 228 caf.Forwarder:AlertVehicleHandler(): [DEBUG] in= (257,0) alert=/alert/emergency/veh/235/seq=0/zor=[MASKED] timer cancelled because sender closer to ZoR
+116.612826444s 83 caf.Forwarder:OnIncomingAlert(): [DEBUG] in=257 alert=/alert/emergency/veh/235/seq=0/zor=[MASKED]
+116.612826444s 83 caf.Forwarder:AlertVehicleHandler(): [DEBUG] in= (257,0) alert=/alert/emergency/veh/235/seq=0/zor=[MASKED] timer cancelled because sender closer to ZoR
+116.612826457s 219 caf.Forwarder:OnIncomingAlert(): [DEBUG] in=257 alert=/alert/emergency/veh/235/seq=0/zor=[MASKED]
+116.612826457s 219 caf.Forwarder:AlertVehicleHandler(): [DEBUG] in=(257,0) alert=/alert/emergency/veh/235/seq=0/zor=[MASKED] decision=forward to vehicles deferred until 0ms
+116.612826457s 219 caf.Forwarder:OnOutgoingAlert(): [DEBUG] out=257 alert=/alert/emergency/veh/235/seq=0/zor=[MASKED]
+116.612826457s 219 ndn.AlertConsumer:doReceive(): [INFO ] Received alert: /alert/emergency/veh/235/seq=0/zor=[MASKED]
+116.612826475s 212 caf.Forwarder:OnIncomingAlert(): [DEBUG] in=257 alert=/alert/emergency/veh/235/seq=0/zor=[MASKED]
+116.612826475s 212 caf.Forwarder:AlertVehicleHandler(): [DEBUG] in=(257,0) alert=/alert/emergency/veh/235/seq=0/zor=[MASKED] decision=forward to vehicles deferred until 0ms
+116.612826475s 212 caf.Forwarder:OnOutgoingAlert(): [DEBUG] out=257 alert=/alert/emergency/veh/235/seq=0/zor=[MASKED]
+116.612826475s 212 ndn.AlertConsumer:doReceive(): [INFO ] Received alert: /alert/emergency/veh/235/seq=0/zor=[MASKED]
+116.612826492s 235 caf.Forwarder:OnIncomingAlert(): [DEBUG] in=257 alert=/alert/emergency/veh/235/seq=0/zor=[MASKED]
+116.612826492s 235 caf.Forwarder:AlertVehicleHandler(): [DEBUG] in=(257,0) alert=/alert/emergency/veh/235/seq=0/zor=[MASKED] decision=drop because duplicate alert
+116.612826495s 234 caf.Forwarder:OnIncomingAlert(): [DEBUG] in=257 alert=/alert/emergency/veh/235/seq=0/zor=[MASKED]
+116.612826495s 234 caf.Forwarder:AlertVehicleHandler(): [DEBUG] in=(257,0) alert=/alert/emergency/veh/235/seq=0/zor=[MASKED] decision=drop because duplicate alert
+116.613700445s 227 caf.Forwarder:OnIncomingAlert(): [DEBUG] in=257 alert=/alert/emergency/veh/235/seq=0/zor=[MASKED]
+116.613700445s 227 caf.Forwarder:AlertVehicleHandler(): [DEBUG] in=(257,0) alert=/alert/emergency/veh/235/seq=0/zor=[MASKED] decision=drop because duplicate alert
+117.299844300s 239 ndn.RandomAlertProducer:AlertSupplier(): [LOGIC] Send alert=/alert/emergency/veh/239/seq=0/zor=[MASKED] vehCount=131 rsuCount=9
+117.299844300s 239 caf.Forwarder:OnIncomingAlert(): [DEBUG] in=260 alert=/alert/emergency/veh/239/seq=0/zor=[MASKED]
+117.299844300s 239 caf.Forwarder:AlertVehicleHandler(): [DEBUG] in=(260,0) alert=/alert/emergency/veh/239/seq=0/zor=[MASKED] decision=forward to vehicles
+117.299844300s 239 caf.Forwarder:OnOutgoingAlert(): [DEBUG] out=257 alert=/alert/emergency/veh/239/seq=0/zor=[MASKED]
+117.300718312s 224 caf.Forwarder:OnIncomingAlert(): [DEBUG] in=257 alert=/alert/emergency/veh/239/seq=0/zor=[MASKED]
+117.300718312s 224 caf.Forwarder:AlertVehicleHandler(): [DEBUG] in=(257,0) alert=/alert/emergency/veh/239/seq=0/zor=[MASKED] decision=forward to vehicles deferred until 4.68327ms
+117.300718352s 231 caf.Forwarder:OnIncomingAlert(): [DEBUG] in=257 alert=/alert/emergency/veh/239/seq=0/zor=[MASKED]
+117.300718352s 231 caf.Forwarder:AlertVehicleHandler(): [DEBUG] in=(257,0) alert=/alert/emergency/veh/239/seq=0/zor=[MASKED] decision=drop since sender is closer
+117.300718404s 237 caf.Forwarder:OnIncomingAlert(): [DEBUG] in=257 alert=/alert/emergency/veh/239/seq=0/zor=[MASKED]
+117.300718404s 237 caf.Forwarder:AlertVehicleHandler(): [DEBUG] in=(257,0) alert=/alert/emergency/veh/239/seq=0/zor=[MASKED] decision=drop since sender is closer
+117.300718405s 216 caf.Forwarder:OnIncomingAlert(): [DEBUG] in=257 alert=/alert/emergency/veh/239/seq=0/zor=[MASKED]
+117.300718405s 216 caf.Forwarder:AlertVehicleHandler(): [DEBUG] in=(257,0) alert=/alert/emergency/veh/239/seq=0/zor=[MASKED] decision=forward to vehicles deferred until 1.87735ms
+117.300718426s 131 caf.Forwarder:OnIncomingAlert(): [DEBUG] in=257 alert=/alert/emergency/veh/239/seq=0/zor=[MASKED]
+117.300718426s 131 caf.Forwarder:AlertVehicleHandler(): [DEBUG] in=(257,0) alert=/alert/emergency/veh/239/seq=0/zor=[MASKED] decision=forward to vehicles deferred until 0ms
+117.300718426s 131 caf.Forwarder:OnOutgoingAlert(): [DEBUG] out=257 alert=/alert/emergency/veh/239/seq=0/zor=[MASKED]
+117.300718426s 131 ndn.AlertConsumer:doReceive(): [INFO ] Received alert: /alert/emergency/veh/239/seq=0/zor=[MASKED]
+117.300718442s 58 caf.Forwarder:OnIncomingAlert(): [DEBUG] in=257 alert=/alert/emergency/veh/239/seq=0/zor=[MASKED]
+117.300718442s 58 caf.Forwarder:AlertVehicleHandler(): [DEBUG] in=(257,0) alert=/alert/emergency/veh/239/seq=0/zor=[MASKED] decision=drop since sender is closer
+117.301592463s 216 caf.Forwarder:OnIncomingAlert(): [DEBUG] in=257 alert=/alert/emergency/veh/239/seq=0/zor=[MASKED]
+117.301592463s 216 caf.Forwarder:AlertVehicleHandler(): [DEBUG] in= (257,0) alert=/alert/emergency/veh/239/seq=0/zor=[MASKED] timer cancelled because sender closer to ZoR
+117.301592489s 223 caf.Forwarder:OnIncomingAlert(): [DEBUG] in=257 alert=/alert/emergency/veh/239/seq=0/zor=[MASKED]
+117.301592489s 223 caf.Forwarder:AlertVehicleHandler(): [DEBUG] in=(257,0) alert=/alert/emergency/veh/239/seq=0/zor=[MASKED] decision=forward to vehicles deferred until 0ms
+117.301592489s 223 caf.Forwarder:OnOutgoingAlert(): [DEBUG] out=257 alert=/alert/emergency/veh/239/seq=0/zor=[MASKED]
+117.301592489s 223 ndn.AlertConsumer:doReceive(): [INFO ] Received alert: /alert/emergency/veh/239/seq=0/zor=[MASKED]
+117.301592490s 215 caf.Forwarder:OnIncomingAlert(): [DEBUG] in=257 alert=/alert/emergency/veh/239/seq=0/zor=[MASKED]
+117.301592490s 215 caf.Forwarder:AlertVehicleHandler(): [DEBUG] in=(257,0) alert=/alert/emergency/veh/239/seq=0/zor=[MASKED] decision=forward to vehicles deferred until 0ms
+117.301592490s 215 caf.Forwarder:OnOutgoingAlert(): [DEBUG] out=257 alert=/alert/emergency/veh/239/seq=0/zor=[MASKED]
+117.301592490s 215 ndn.AlertConsumer:doReceive(): [INFO ] Received alert: /alert/emergency/veh/239/seq=0/zor=[MASKED]
+117.301592532s 138 caf.Forwarder:OnIncomingAlert(): [DEBUG] in=257 alert=/alert/emergency/veh/239/seq=0/zor=[MASKED]
+117.301592532s 138 caf.Forwarder:AlertVehicleHandler(): [DEBUG] in=(257,0) alert=/alert/emergency/veh/239/seq=0/zor=[MASKED] decision=forward to vehicles deferred until 0ms
+117.301592532s 138 caf.Forwarder:OnOutgoingAlert(): [DEBUG] out=257 alert=/alert/emergency/veh/239/seq=0/zor=[MASKED]
+117.301592532s 138 ndn.AlertConsumer:doReceive(): [INFO ] Received alert: /alert/emergency/veh/239/seq=0/zor=[MASKED]
+117.301592533s 207 caf.Forwarder:OnIncomingAlert(): [DEBUG] in=257 alert=/alert/emergency/veh/239/seq=0/zor=[MASKED]
+117.301592533s 207 caf.Forwarder:AlertVehicleHandler(): [DEBUG] in=(257,0) alert=/alert/emergency/veh/239/seq=0/zor=[MASKED] decision=forward to vehicles deferred until 0ms
+117.301592533s 207 caf.Forwarder:OnOutgoingAlert(): [DEBUG] out=257 alert=/alert/emergency/veh/239/seq=0/zor=[MASKED]
+117.301592533s 207 ndn.AlertConsumer:doReceive(): [INFO ] Received alert: /alert/emergency/veh/239/seq=0/zor=[MASKED]
+117.301592548s 224 caf.Forwarder:OnIncomingAlert(): [DEBUG] in=257 alert=/alert/emergency/veh/239/seq=0/zor=[MASKED]
+117.301592548s 224 caf.Forwarder:AlertVehicleHandler(): [DEBUG] in= (257,0) alert=/alert/emergency/veh/239/seq=0/zor=[MASKED] timer cancelled because sender closer to ZoR
+117.301592552s 239 caf.Forwarder:OnIncomingAlert(): [DEBUG] in=257 alert=/alert/emergency/veh/239/seq=0/zor=[MASKED]
+117.301592552s 239 caf.Forwarder:AlertVehicleHandler(): [DEBUG] in=(257,0) alert=/alert/emergency/veh/239/seq=0/zor=[MASKED] decision=drop because duplicate alert
+117.301592558s 200 caf.Forwarder:OnIncomingAlert(): [DEBUG] in=257 alert=/alert/emergency/veh/239/seq=0/zor=[MASKED]
+117.301592558s 200 caf.Forwarder:AlertVehicleHandler(): [DEBUG] in=(257,0) alert=/alert/emergency/veh/239/seq=0/zor=[MASKED] decision=forward to vehicles deferred until 0ms
+117.301592558s 200 caf.Forwarder:OnOutgoingAlert(): [DEBUG] out=257 alert=/alert/emergency/veh/239/seq=0/zor=[MASKED]
+117.301592558s 200 ndn.AlertConsumer:doReceive(): [INFO ] Received alert: /alert/emergency/veh/239/seq=0/zor=[MASKED]
+117.301592562s 208 caf.Forwarder:OnIncomingAlert(): [DEBUG] in=257 alert=/alert/emergency/veh/239/seq=0/zor=[MASKED]
+117.301592562s 208 caf.Forwarder:AlertVehicleHandler(): [DEBUG] in=(257,0) alert=/alert/emergency/veh/239/seq=0/zor=[MASKED] decision=forward to vehicles deferred until 0ms
+117.301592562s 208 caf.Forwarder:OnOutgoingAlert(): [DEBUG] out=257 alert=/alert/emergency/veh/239/seq=0/zor=[MASKED]
+117.301592562s 208 ndn.AlertConsumer:doReceive(): [INFO ] Received alert: /alert/emergency/veh/239/seq=0/zor=[MASKED]
+117.301592584s 192 caf.Forwarder:OnIncomingAlert(): [DEBUG] in=257 alert=/alert/emergency/veh/239/seq=0/zor=[MASKED]
+117.301592584s 192 caf.Forwarder:AlertVehicleHandler(): [DEBUG] in=(257,0) alert=/alert/emergency/veh/239/seq=0/zor=[MASKED] decision=forward to vehicles deferred until 0ms
+117.301592584s 192 caf.Forwarder:OnOutgoingAlert(): [DEBUG] out=257 alert=/alert/emergency/veh/239/seq=0/zor=[MASKED]
+117.301592584s 192 ndn.AlertConsumer:doReceive(): [INFO ] Received alert: /alert/emergency/veh/239/seq=0/zor=[MASKED]
+117.301592595s 199 caf.Forwarder:OnIncomingAlert(): [DEBUG] in=257 alert=/alert/emergency/veh/239/seq=0/zor=[MASKED]
+117.301592595s 199 caf.Forwarder:AlertVehicleHandler(): [DEBUG] in=(257,0) alert=/alert/emergency/veh/239/seq=0/zor=[MASKED] decision=forward to vehicles deferred until 0ms
+117.301592595s 199 caf.Forwarder:OnOutgoingAlert(): [DEBUG] out=257 alert=/alert/emergency/veh/239/seq=0/zor=[MASKED]
+117.301592595s 199 ndn.AlertConsumer:doReceive(): [INFO ] Received alert: /alert/emergency/veh/239/seq=0/zor=[MASKED]
+117.933119394s 238 ndn.RandomAlertProducer:AlertSupplier(): [LOGIC] Send alert=/alert/emergency/veh/238/seq=0/zor=[MASKED] vehCount=132 rsuCount=9
+117.933119394s 238 caf.Forwarder:OnIncomingAlert(): [DEBUG] in=260 alert=/alert/emergency/veh/238/seq=0/zor=[MASKED]
+117.933119394s 238 caf.Forwarder:AlertVehicleHandler(): [DEBUG] in=(260,0) alert=/alert/emergency/veh/238/seq=0/zor=[MASKED] decision=forward to vehicles
+117.933119394s 238 caf.Forwarder:OnOutgoingAlert(): [DEBUG] out=257 alert=/alert/emergency/veh/238/seq=0/zor=[MASKED]
+117.933993415s 118 caf.Forwarder:OnIncomingAlert(): [DEBUG] in=257 alert=/alert/emergency/veh/238/seq=0/zor=[MASKED]
+117.933993415s 118 caf.Forwarder:AlertVehicleHandler(): [DEBUG] in=(257,0) alert=/alert/emergency/veh/238/seq=0/zor=[MASKED] decision=forward to vehicles deferred until 4.4091ms
+117.933993420s 248 caf.Forwarder:OnIncomingAlert(): [DEBUG] in=257 alert=/alert/emergency/veh/238/seq=0/zor=[MASKED]
+117.933993420s 248 caf.Forwarder:AlertVehicleHandler(): [DEBUG] in=(257,0) alert=/alert/emergency/veh/238/seq=0/zor=[MASKED] decision=forward to vehicles deferred until 4.26575ms
+117.933993443s 110 caf.Forwarder:OnIncomingAlert(): [DEBUG] in=257 alert=/alert/emergency/veh/238/seq=0/zor=[MASKED]
+117.933993443s 110 caf.Forwarder:AlertVehicleHandler(): [DEBUG] in=(257,0) alert=/alert/emergency/veh/238/seq=0/zor=[MASKED] decision=forward to vehicles deferred until 3.5707ms
+117.933993454s 245 caf.Forwarder:OnIncomingAlert(): [DEBUG] in=257 alert=/alert/emergency/veh/238/seq=0/zor=[MASKED]
+117.933993454s 245 caf.Forwarder:AlertVehicleHandler(): [DEBUG] in=(257,0) alert=/alert/emergency/veh/238/seq=0/zor=[MASKED] decision=drop since sender is closer
+117.933993494s 232 caf.Forwarder:OnIncomingAlert(): [DEBUG] in=257 alert=/alert/emergency/veh/238/seq=0/zor=[MASKED]
+117.933993494s 232 caf.Forwarder:AlertVehicleHandler(): [DEBUG] in=(257,0) alert=/alert/emergency/veh/238/seq=0/zor=[MASKED] decision=forward to vehicles deferred until 2.02478ms
+117.933993507s 253 caf.Forwarder:OnIncomingAlert(): [DEBUG] in=257 alert=/alert/emergency/veh/238/seq=0/zor=[MASKED]
+117.933993507s 253 caf.Forwarder:AlertVehicleHandler(): [DEBUG] in=(257,0) alert=/alert/emergency/veh/238/seq=0/zor=[MASKED] decision=drop since sender is closer
+117.933993515s 256 caf.Forwarder:OnIncomingAlert(): [DEBUG] in=257 alert=/alert/emergency/veh/238/seq=0/zor=[MASKED]
+117.933993515s 256 caf.Forwarder:AlertVehicleHandler(): [DEBUG] in=(257,0) alert=/alert/emergency/veh/238/seq=0/zor=[MASKED] decision=drop since sender is closer
+117.933993552s 82 caf.Forwarder:OnIncomingAlert(): [DEBUG] in=257 alert=/alert/emergency/veh/238/seq=0/zor=[MASKED]
+117.933993552s 82 caf.Forwarder:AlertVehicleHandler(): [DEBUG] in=(257,0) alert=/alert/emergency/veh/238/seq=0/zor=[MASKED] decision=forward to vehicles deferred until 0.25686ms
+117.933993562s 240 caf.Forwarder:OnIncomingAlert(): [DEBUG] in=257 alert=/alert/emergency/veh/238/seq=0/zor=[MASKED]
+117.933993562s 240 caf.Forwarder:AlertVehicleHandler(): [DEBUG] in=(257,0) alert=/alert/emergency/veh/238/seq=0/zor=[MASKED] decision=forward to vehicles deferred until 0ms
+117.933993562s 240 caf.Forwarder:OnOutgoingAlert(): [DEBUG] out=257 alert=/alert/emergency/veh/238/seq=0/zor=[MASKED]
+117.933993564s 230 caf.Forwarder:OnIncomingAlert(): [DEBUG] in=257 alert=/alert/emergency/veh/238/seq=0/zor=[MASKED]
+117.933993564s 230 caf.Forwarder:AlertVehicleHandler(): [DEBUG] in=(257,0) alert=/alert/emergency/veh/238/seq=0/zor=[MASKED] decision=forward to vehicles deferred until 0ms
+117.933993564s 230 caf.Forwarder:OnOutgoingAlert(): [DEBUG] out=257 alert=/alert/emergency/veh/238/seq=0/zor=[MASKED]
+117.934250411s 82 caf.Forwarder:OnOutgoingAlert(): [DEBUG] out=257 alert=/alert/emergency/veh/238/seq=0/zor=[MASKED]
+117.934867587s 82 caf.Forwarder:OnIncomingAlert(): [DEBUG] in=257 alert=/alert/emergency/veh/238/seq=0/zor=[MASKED]
+117.934867587s 82 caf.Forwarder:AlertVehicleHandler(): [DEBUG] in=(257,0) alert=/alert/emergency/veh/238/seq=0/zor=[MASKED] decision=drop because duplicate alert
+117.935767625s 240 caf.Forwarder:OnIncomingAlert(): [DEBUG] in=257 alert=/alert/emergency/veh/238/seq=0/zor=[MASKED]
+117.935767625s 240 caf.Forwarder:AlertVehicleHandler(): [DEBUG] in=(257,0) alert=/alert/emergency/veh/238/seq=0/zor=[MASKED] decision=drop because duplicate alert
+117.935767636s 230 caf.Forwarder:OnIncomingAlert(): [DEBUG] in=257 alert=/alert/emergency/veh/238/seq=0/zor=[MASKED]
+117.935767636s 230 caf.Forwarder:AlertVehicleHandler(): [DEBUG] in=(257,0) alert=/alert/emergency/veh/238/seq=0/zor=[MASKED] decision=drop because duplicate alert
+117.935767664s 232 caf.Forwarder:OnIncomingAlert(): [DEBUG] in=257 alert=/alert/emergency/veh/238/seq=0/zor=[MASKED]
+117.935767664s 232 caf.Forwarder:AlertVehicleHandler(): [DEBUG] in= (257,0) alert=/alert/emergency/veh/238/seq=0/zor=[MASKED] timer cancelled because sender closer to ZoR
+117.935767671s 130 caf.Forwarder:OnIncomingAlert(): [DEBUG] in=257 alert=/alert/emergency/veh/238/seq=0/zor=[MASKED]
+117.935767671s 130 caf.Forwarder:AlertVehicleHandler(): [DEBUG] in=(257,0) alert=/alert/emergency/veh/238/seq=0/zor=[MASKED] decision=forward to vehicles deferred until 2.90116ms
+117.935767710s 222 caf.Forwarder:OnIncomingAlert(): [DEBUG] in=257 alert=/alert/emergency/veh/238/seq=0/zor=[MASKED]
+117.935767710s 222 caf.Forwarder:AlertVehicleHandler(): [DEBUG] in=(257,0) alert=/alert/emergency/veh/238/seq=0/zor=[MASKED] decision=forward to vehicles deferred until 1.72293ms
+117.935767718s 110 caf.Forwarder:OnIncomingAlert(): [DEBUG] in=257 alert=/alert/emergency/veh/238/seq=0/zor=[MASKED]
+117.935767718s 110 caf.Forwarder:AlertVehicleHandler(): [DEBUG] in= (257,0) alert=/alert/emergency/veh/238/seq=0/zor=[MASKED] timer cancelled because sender closer to ZoR
+117.935767733s 248 caf.Forwarder:OnIncomingAlert(): [DEBUG] in=257 alert=/alert/emergency/veh/238/seq=0/zor=[MASKED]
+117.935767733s 248 caf.Forwarder:AlertVehicleHandler(): [DEBUG] in= (257,0) alert=/alert/emergency/veh/238/seq=0/zor=[MASKED] timer cancelled because sender closer to ZoR
+117.935767755s 118 caf.Forwarder:OnIncomingAlert(): [DEBUG] in=257 alert=/alert/emergency/veh/238/seq=0/zor=[MASKED]
+117.935767755s 118 caf.Forwarder:AlertVehicleHandler(): [DEBUG] in= (257,0) alert=/alert/emergency/veh/238/seq=0/zor=[MASKED] timer cancelled because sender closer to ZoR
+117.935767758s 238 caf.Forwarder:OnIncomingAlert(): [DEBUG] in=257 alert=/alert/emergency/veh/238/seq=0/zor=[MASKED]
+117.935767758s 238 caf.Forwarder:AlertVehicleHandler(): [DEBUG] in=(257,0) alert=/alert/emergency/veh/238/seq=0/zor=[MASKED] decision=drop because duplicate alert
+117.935767768s 214 caf.Forwarder:OnIncomingAlert(): [DEBUG] in=257 alert=/alert/emergency/veh/238/seq=0/zor=[MASKED]
+117.935767768s 214 caf.Forwarder:AlertVehicleHandler(): [DEBUG] in=(257,0) alert=/alert/emergency/veh/238/seq=0/zor=[MASKED] decision=forward to vehicles deferred until 0ms
+117.935767768s 214 caf.Forwarder:OnOutgoingAlert(): [DEBUG] out=257 alert=/alert/emergency/veh/238/seq=0/zor=[MASKED]
+117.935767768s 214 ndn.AlertConsumer:doReceive(): [INFO ] Received alert: /alert/emergency/veh/238/seq=0/zor=[MASKED]
+117.935767771s 225 caf.Forwarder:OnIncomingAlert(): [DEBUG] in=257 alert=/alert/emergency/veh/238/seq=0/zor=[MASKED]
+117.935767771s 225 caf.Forwarder:AlertVehicleHandler(): [DEBUG] in=(257,0) alert=/alert/emergency/veh/238/seq=0/zor=[MASKED] decision=forward to vehicles deferred until 0ms
+117.935767771s 225 caf.Forwarder:OnOutgoingAlert(): [DEBUG] out=257 alert=/alert/emergency/veh/238/seq=0/zor=[MASKED]
+117.935767771s 225 ndn.AlertConsumer:doReceive(): [INFO ] Received alert: /alert/emergency/veh/238/seq=0/zor=[MASKED]
+117.937490641s 222 caf.Forwarder:OnOutgoingAlert(): [DEBUG] out=257 alert=/alert/emergency/veh/238/seq=0/zor=[MASKED]
+117.938364682s 130 caf.Forwarder:OnIncomingAlert(): [DEBUG] in=257 alert=/alert/emergency/veh/238/seq=0/zor=[MASKED]
+117.938364682s 130 caf.Forwarder:AlertVehicleHandler(): [DEBUG] in= (257,0) alert=/alert/emergency/veh/238/seq=0/zor=[MASKED] timer cancelled because sender closer to ZoR
+117.938364701s 214 caf.Forwarder:OnIncomingAlert(): [DEBUG] in=257 alert=/alert/emergency/veh/238/seq=0/zor=[MASKED]
+117.938364701s 214 caf.Forwarder:AlertVehicleHandler(): [DEBUG] in=(257,0) alert=/alert/emergency/veh/238/seq=0/zor=[MASKED] decision=drop because duplicate alert
+117.938364706s 225 caf.Forwarder:OnIncomingAlert(): [DEBUG] in=257 alert=/alert/emergency/veh/238/seq=0/zor=[MASKED]
+117.938364706s 225 caf.Forwarder:AlertVehicleHandler(): [DEBUG] in=(257,0) alert=/alert/emergency/veh/238/seq=0/zor=[MASKED] decision=drop because duplicate alert
+117.938364731s 230 caf.Forwarder:OnIncomingAlert(): [DEBUG] in=257 alert=/alert/emergency/veh/238/seq=0/zor=[MASKED]
+117.938364731s 230 caf.Forwarder:AlertVehicleHandler(): [DEBUG] in=(257,0) alert=/alert/emergency/veh/238/seq=0/zor=[MASKED] decision=drop because duplicate alert
+117.938364734s 240 caf.Forwarder:OnIncomingAlert(): [DEBUG] in=257 alert=/alert/emergency/veh/238/seq=0/zor=[MASKED]
+117.938364734s 240 caf.Forwarder:AlertVehicleHandler(): [DEBUG] in=(257,0) alert=/alert/emergency/veh/238/seq=0/zor=[MASKED] decision=drop because duplicate alert
+117.938364751s 82 caf.Forwarder:OnIncomingAlert(): [DEBUG] in=257 alert=/alert/emergency/veh/238/seq=0/zor=[MASKED]
+117.938364751s 82 caf.Forwarder:AlertVehicleHandler(): [DEBUG] in=(257,0) alert=/alert/emergency/veh/238/seq=0/zor=[MASKED] decision=drop because duplicate alert
+117.938364778s 152 caf.Forwarder:OnIncomingAlert(): [DEBUG] in=257 alert=/alert/emergency/veh/238/seq=0/zor=[MASKED]
+117.938364778s 152 caf.Forwarder:AlertVehicleHandler(): [DEBUG] in=(257,0) alert=/alert/emergency/veh/238/seq=0/zor=[MASKED] decision=forward to vehicles deferred until 0ms
+117.938364778s 152 caf.Forwarder:OnOutgoingAlert(): [DEBUG] out=257 alert=/alert/emergency/veh/238/seq=0/zor=[MASKED]
+117.938364778s 152 ndn.AlertConsumer:doReceive(): [INFO ] Received alert: /alert/emergency/veh/238/seq=0/zor=[MASKED]
+117.938364791s 217 caf.Forwarder:OnIncomingAlert(): [DEBUG] in=257 alert=/alert/emergency/veh/238/seq=0/zor=[MASKED]
+117.938364791s 217 caf.Forwarder:AlertVehicleHandler(): [DEBUG] in=(257,0) alert=/alert/emergency/veh/238/seq=0/zor=[MASKED] decision=forward to vehicles deferred until 0ms
+117.938364791s 217 caf.Forwarder:OnOutgoingAlert(): [DEBUG] out=257 alert=/alert/emergency/veh/238/seq=0/zor=[MASKED]
+117.938364791s 217 ndn.AlertConsumer:doReceive(): [INFO ] Received alert: /alert/emergency/veh/238/seq=0/zor=[MASKED]
+117.938364801s 232 caf.Forwarder:OnIncomingAlert(): [DEBUG] in=257 alert=/alert/emergency/veh/238/seq=0/zor=[MASKED]
+117.938364801s 232 caf.Forwarder:AlertVehicleHandler(): [DEBUG] in=(257,0) alert=/alert/emergency/veh/238/seq=0/zor=[MASKED] decision=drop because duplicate alert
+117.939238816s 190 caf.Forwarder:OnIncomingAlert(): [DEBUG] in=257 alert=/alert/emergency/veh/238/seq=0/zor=[MASKED]
+117.939238816s 190 caf.Forwarder:AlertVehicleHandler(): [DEBUG] in=(257,0) alert=/alert/emergency/veh/238/seq=0/zor=[MASKED] decision=forward to vehicles deferred until 0ms
+117.939238816s 190 caf.Forwarder:OnOutgoingAlert(): [DEBUG] out=257 alert=/alert/emergency/veh/238/seq=0/zor=[MASKED]
+117.939238816s 190 ndn.AlertConsumer:doReceive(): [INFO ] Received alert: /alert/emergency/veh/238/seq=0/zor=[MASKED]
+117.939238824s 209 caf.Forwarder:OnIncomingAlert(): [DEBUG] in=257 alert=/alert/emergency/veh/238/seq=0/zor=[MASKED]
+117.939238824s 209 caf.Forwarder:AlertVehicleHandler(): [DEBUG] in=(257,0) alert=/alert/emergency/veh/238/seq=0/zor=[MASKED] decision=forward to vehicles deferred until 0ms
+117.939238824s 209 caf.Forwarder:OnOutgoingAlert(): [DEBUG] out=257 alert=/alert/emergency/veh/238/seq=0/zor=[MASKED]
+117.939238824s 209 ndn.AlertConsumer:doReceive(): [INFO ] Received alert: /alert/emergency/veh/238/seq=0/zor=[MASKED]
+117.939238842s 185 caf.Forwarder:OnIncomingAlert(): [DEBUG] in=257 alert=/alert/emergency/veh/238/seq=0/zor=[MASKED]
+117.939238842s 185 caf.Forwarder:AlertVehicleHandler(): [DEBUG] in=(257,0) alert=/alert/emergency/veh/238/seq=0/zor=[MASKED] decision=forward to vehicles deferred until 0ms
+117.939238842s 185 caf.Forwarder:OnOutgoingAlert(): [DEBUG] out=257 alert=/alert/emergency/veh/238/seq=0/zor=[MASKED]
+117.939238842s 185 ndn.AlertConsumer:doReceive(): [INFO ] Received alert: /alert/emergency/veh/238/seq=0/zor=[MASKED]
+117.940112861s 206 caf.Forwarder:OnIncomingAlert(): [DEBUG] in=257 alert=/alert/emergency/veh/238/seq=0/zor=[MASKED]
+117.940112861s 206 caf.Forwarder:AlertVehicleHandler(): [DEBUG] in=(257,0) alert=/alert/emergency/veh/238/seq=0/zor=[MASKED] decision=forward to vehicles deferred until 0ms
+117.940112861s 206 caf.Forwarder:OnOutgoingAlert(): [DEBUG] out=257 alert=/alert/emergency/veh/238/seq=0/zor=[MASKED]
+117.940112861s 206 ndn.AlertConsumer:doReceive(): [INFO ] Received alert: /alert/emergency/veh/238/seq=0/zor=[MASKED]
+117.940112866s 183 caf.Forwarder:OnIncomingAlert(): [DEBUG] in=257 alert=/alert/emergency/veh/238/seq=0/zor=[MASKED]
+117.940112866s 183 caf.Forwarder:AlertVehicleHandler(): [DEBUG] in=(257,0) alert=/alert/emergency/veh/238/seq=0/zor=[MASKED] decision=forward to vehicles deferred until 0ms
+117.940112866s 183 caf.Forwarder:OnOutgoingAlert(): [DEBUG] out=257 alert=/alert/emergency/veh/238/seq=0/zor=[MASKED]
+117.940112866s 183 ndn.AlertConsumer:doReceive(): [INFO ] Received alert: /alert/emergency/veh/238/seq=0/zor=[MASKED]
+117.940986892s 164 caf.Forwarder:OnIncomingAlert(): [DEBUG] in=257 alert=/alert/emergency/veh/238/seq=0/zor=[MASKED]
+117.940986892s 164 caf.Forwarder:AlertVehicleHandler(): [DEBUG] in=(257,0) alert=/alert/emergency/veh/238/seq=0/zor=[MASKED] decision=forward to vehicles deferred until 0ms
+117.940986892s 164 caf.Forwarder:OnOutgoingAlert(): [DEBUG] out=257 alert=/alert/emergency/veh/238/seq=0/zor=[MASKED]
+117.940986892s 164 ndn.AlertConsumer:doReceive(): [INFO ] Received alert: /alert/emergency/veh/238/seq=0/zor=[MASKED]
+117.940986893s 153 caf.Forwarder:OnIncomingAlert(): [DEBUG] in=257 alert=/alert/emergency/veh/238/seq=0/zor=[MASKED]
+117.940986893s 153 caf.Forwarder:AlertVehicleHandler(): [DEBUG] in=(257,0) alert=/alert/emergency/veh/238/seq=0/zor=[MASKED] decision=forward to vehicles deferred until 0ms
+117.940986893s 153 caf.Forwarder:OnOutgoingAlert(): [DEBUG] out=257 alert=/alert/emergency/veh/238/seq=0/zor=[MASKED]
+117.940986893s 153 ndn.AlertConsumer:doReceive(): [INFO ] Received alert: /alert/emergency/veh/238/seq=0/zor=[MASKED]
+117.941860908s 201 caf.Forwarder:OnIncomingAlert(): [DEBUG] in=257 alert=/alert/emergency/veh/238/seq=0/zor=[MASKED]
+117.941860908s 201 caf.Forwarder:AlertVehicleHandler(): [DEBUG] in=(257,0) alert=/alert/emergency/veh/238/seq=0/zor=[MASKED] decision=forward to vehicles deferred until 0ms
+117.941860908s 201 caf.Forwarder:OnOutgoingAlert(): [DEBUG] out=257 alert=/alert/emergency/veh/238/seq=0/zor=[MASKED]
+117.941860908s 201 ndn.AlertConsumer:doReceive(): [INFO ] Received alert: /alert/emergency/veh/238/seq=0/zor=[MASKED]
+117.941860920s 150 caf.Forwarder:OnIncomingAlert(): [DEBUG] in=257 alert=/alert/emergency/veh/238/seq=0/zor=[MASKED]
+117.941860920s 150 caf.Forwarder:AlertVehicleHandler(): [DEBUG] in=(257,0) alert=/alert/emergency/veh/238/seq=0/zor=[MASKED] decision=forward to vehicles deferred until 0ms
+117.941860920s 150 caf.Forwarder:OnOutgoingAlert(): [DEBUG] out=257 alert=/alert/emergency/veh/238/seq=0/zor=[MASKED]
+117.941860920s 150 ndn.AlertConsumer:doReceive(): [INFO ] Received alert: /alert/emergency/veh/238/seq=0/zor=[MASKED]
+117.941860925s 198 caf.Forwarder:OnIncomingAlert(): [DEBUG] in=257 alert=/alert/emergency/veh/238/seq=0/zor=[MASKED]
+117.941860925s 198 caf.Forwarder:AlertVehicleHandler(): [DEBUG] in=(257,0) alert=/alert/emergency/veh/238/seq=0/zor=[MASKED] decision=forward to vehicles deferred until 0ms
+117.941860925s 198 caf.Forwarder:OnOutgoingAlert(): [DEBUG] out=257 alert=/alert/emergency/veh/238/seq=0/zor=[MASKED]
+117.941860925s 198 ndn.AlertConsumer:doReceive(): [INFO ] Received alert: /alert/emergency/veh/238/seq=0/zor=[MASKED]
+117.943738965s 164 caf.Forwarder:OnIncomingAlert(): [DEBUG] in=257 alert=/alert/emergency/veh/238/seq=0/zor=[MASKED]
+117.943738965s 164 caf.Forwarder:AlertVehicleHandler(): [DEBUG] in=(257,0) alert=/alert/emergency/veh/238/seq=0/zor=[MASKED] decision=drop because duplicate alert
+117.943738980s 183 caf.Forwarder:OnIncomingAlert(): [DEBUG] in=257 alert=/alert/emergency/veh/238/seq=0/zor=[MASKED]
+117.943738980s 183 caf.Forwarder:AlertVehicleHandler(): [DEBUG] in=(257,0) alert=/alert/emergency/veh/238/seq=0/zor=[MASKED] decision=drop because duplicate alert
+117.943738982s 150 caf.Forwarder:OnIncomingAlert(): [DEBUG] in=257 alert=/alert/emergency/veh/238/seq=0/zor=[MASKED]
+117.943738982s 150 caf.Forwarder:AlertVehicleHandler(): [DEBUG] in=(257,0) alert=/alert/emergency/veh/238/seq=0/zor=[MASKED] decision=drop because duplicate alert
+117.943738983s 198 caf.Forwarder:OnIncomingAlert(): [DEBUG] in=257 alert=/alert/emergency/veh/238/seq=0/zor=[MASKED]
+117.943738983s 198 caf.Forwarder:AlertVehicleHandler(): [DEBUG] in=(257,0) alert=/alert/emergency/veh/238/seq=0/zor=[MASKED] decision=drop because duplicate alert
+117.943738986s 206 caf.Forwarder:OnIncomingAlert(): [DEBUG] in=257 alert=/alert/emergency/veh/238/seq=0/zor=[MASKED]
+117.943738986s 206 caf.Forwarder:AlertVehicleHandler(): [DEBUG] in=(257,0) alert=/alert/emergency/veh/238/seq=0/zor=[MASKED] decision=drop because duplicate alert
+117.943738987s 153 caf.Forwarder:OnIncomingAlert(): [DEBUG] in=257 alert=/alert/emergency/veh/238/seq=0/zor=[MASKED]
+117.943738987s 153 caf.Forwarder:AlertVehicleHandler(): [DEBUG] in=(257,0) alert=/alert/emergency/veh/238/seq=0/zor=[MASKED] decision=drop because duplicate alert
+117.943739003s 185 caf.Forwarder:OnIncomingAlert(): [DEBUG] in=257 alert=/alert/emergency/veh/238/seq=0/zor=[MASKED]
+117.943739003s 185 caf.Forwarder:AlertVehicleHandler(): [DEBUG] in=(257,0) alert=/alert/emergency/veh/238/seq=0/zor=[MASKED] decision=drop because duplicate alert
+117.943739008s 151 caf.Forwarder:OnIncomingAlert(): [DEBUG] in=257 alert=/alert/emergency/veh/238/seq=0/zor=[MASKED]
+117.943739008s 151 caf.Forwarder:AlertVehicleHandler(): [DEBUG] in=(257,0) alert=/alert/emergency/veh/238/seq=0/zor=[MASKED] decision=forward to vehicles deferred until 0ms
+117.943739008s 151 caf.Forwarder:OnOutgoingAlert(): [DEBUG] out=257 alert=/alert/emergency/veh/238/seq=0/zor=[MASKED]
+117.943739008s 151 ndn.AlertConsumer:doReceive(): [INFO ] Received alert: /alert/emergency/veh/238/seq=0/zor=[MASKED]
+117.943739014s 193 caf.Forwarder:OnIncomingAlert(): [DEBUG] in=257 alert=/alert/emergency/veh/238/seq=0/zor=[MASKED]
+117.943739014s 193 caf.Forwarder:AlertVehicleHandler(): [DEBUG] in=(257,0) alert=/alert/emergency/veh/238/seq=0/zor=[MASKED] decision=forward to vehicles deferred until 0ms
+117.943739014s 193 caf.Forwarder:OnOutgoingAlert(): [DEBUG] out=257 alert=/alert/emergency/veh/238/seq=0/zor=[MASKED]
+117.943739014s 193 ndn.AlertConsumer:doReceive(): [INFO ] Received alert: /alert/emergency/veh/238/seq=0/zor=[MASKED]
+117.943739018s 209 caf.Forwarder:OnIncomingAlert(): [DEBUG] in=257 alert=/alert/emergency/veh/238/seq=0/zor=[MASKED]
+117.943739018s 209 caf.Forwarder:AlertVehicleHandler(): [DEBUG] in=(257,0) alert=/alert/emergency/veh/238/seq=0/zor=[MASKED] decision=drop because duplicate alert
+117.943739030s 190 caf.Forwarder:OnIncomingAlert(): [DEBUG] in=257 alert=/alert/emergency/veh/238/seq=0/zor=[MASKED]
+117.943739030s 190 caf.Forwarder:AlertVehicleHandler(): [DEBUG] in=(257,0) alert=/alert/emergency/veh/238/seq=0/zor=[MASKED] decision=drop because duplicate alert
+117.943739031s 135 caf.Forwarder:OnIncomingAlert(): [DEBUG] in=257 alert=/alert/emergency/veh/238/seq=0/zor=[MASKED]
+117.943739031s 135 caf.Forwarder:AlertVehicleHandler(): [DEBUG] in=(257,0) alert=/alert/emergency/veh/238/seq=0/zor=[MASKED] decision=forward to vehicles deferred until 0ms
+117.943739031s 135 caf.Forwarder:OnOutgoingAlert(): [DEBUG] out=257 alert=/alert/emergency/veh/238/seq=0/zor=[MASKED]
+117.943739031s 135 ndn.AlertConsumer:doReceive(): [INFO ] Received alert: /alert/emergency/veh/238/seq=0/zor=[MASKED]
+117.943739051s 217 caf.Forwarder:OnIncomingAlert(): [DEBUG] in=257 alert=/alert/emergency/veh/238/seq=0/zor=[MASKED]
+117.943739051s 217 caf.Forwarder:AlertVehicleHandler(): [DEBUG] in=(257,0) alert=/alert/emergency/veh/238/seq=0/zor=[MASKED] decision=drop because duplicate alert
+117.943739052s 178 caf.Forwarder:OnIncomingAlert(): [DEBUG] in=257 alert=/alert/emergency/veh/238/seq=0/zor=[MASKED]
+117.943739052s 178 caf.Forwarder:AlertVehicleHandler(): [DEBUG] in=(257,0) alert=/alert/emergency/veh/238/seq=0/zor=[MASKED] decision=forward to vehicles deferred until 0ms
+117.943739052s 178 caf.Forwarder:OnOutgoingAlert(): [DEBUG] out=257 alert=/alert/emergency/veh/238/seq=0/zor=[MASKED]
+117.943739052s 178 ndn.AlertConsumer:doReceive(): [INFO ] Received alert: /alert/emergency/veh/238/seq=0/zor=[MASKED]
+117.943739057s 143 caf.Forwarder:OnIncomingAlert(): [DEBUG] in=257 alert=/alert/emergency/veh/238/seq=0/zor=[MASKED]
+117.943739057s 143 caf.Forwarder:AlertVehicleHandler(): [DEBUG] in=(257,0) alert=/alert/emergency/veh/238/seq=0/zor=[MASKED] decision=forward to vehicles deferred until 0ms
+117.943739057s 143 caf.Forwarder:OnOutgoingAlert(): [DEBUG] out=257 alert=/alert/emergency/veh/238/seq=0/zor=[MASKED]
+117.943739057s 143 ndn.AlertConsumer:doReceive(): [INFO ] Received alert: /alert/emergency/veh/238/seq=0/zor=[MASKED]
+117.943739074s 152 caf.Forwarder:OnIncomingAlert(): [DEBUG] in=257 alert=/alert/emergency/veh/238/seq=0/zor=[MASKED]
+117.943739074s 152 caf.Forwarder:AlertVehicleHandler(): [DEBUG] in=(257,0) alert=/alert/emergency/veh/238/seq=0/zor=[MASKED] decision=drop because duplicate alert
+117.943739080s 123 caf.Forwarder:OnIncomingAlert(): [DEBUG] in=257 alert=/alert/emergency/veh/238/seq=0/zor=[MASKED]
+117.943739080s 123 caf.Forwarder:AlertVehicleHandler(): [DEBUG] in=(257,0) alert=/alert/emergency/veh/238/seq=0/zor=[MASKED] decision=forward to vehicles deferred until 0ms
+117.943739080s 123 caf.Forwarder:OnOutgoingAlert(): [DEBUG] out=257 alert=/alert/emergency/veh/238/seq=0/zor=[MASKED]
+117.943739080s 123 ndn.AlertConsumer:doReceive(): [INFO ] Received alert: /alert/emergency/veh/238/seq=0/zor=[MASKED]
+117.943739085s 172 caf.Forwarder:OnIncomingAlert(): [DEBUG] in=257 alert=/alert/emergency/veh/238/seq=0/zor=[MASKED]
+117.943739085s 172 caf.Forwarder:AlertVehicleHandler(): [DEBUG] in=(257,0) alert=/alert/emergency/veh/238/seq=0/zor=[MASKED] decision=forward to vehicles deferred until 0ms
+117.943739085s 172 caf.Forwarder:OnOutgoingAlert(): [DEBUG] out=257 alert=/alert/emergency/veh/238/seq=0/zor=[MASKED]
+117.943739085s 172 ndn.AlertConsumer:doReceive(): [INFO ] Received alert: /alert/emergency/veh/238/seq=0/zor=[MASKED]
+117.943739107s 117 caf.Forwarder:OnIncomingAlert(): [DEBUG] in=257 alert=/alert/emergency/veh/238/seq=0/zor=[MASKED]
+117.943739107s 117 caf.Forwarder:AlertVehicleHandler(): [DEBUG] in=(257,0) alert=/alert/emergency/veh/238/seq=0/zor=[MASKED] decision=forward to vehicles deferred until 0ms
+117.943739107s 117 caf.Forwarder:OnOutgoingAlert(): [DEBUG] out=257 alert=/alert/emergency/veh/238/seq=0/zor=[MASKED]
+117.943739107s 117 ndn.AlertConsumer:doReceive(): [INFO ] Received alert: /alert/emergency/veh/238/seq=0/zor=[MASKED]
+117.943739119s 171 caf.Forwarder:OnIncomingAlert(): [DEBUG] in=257 alert=/alert/emergency/veh/238/seq=0/zor=[MASKED]
+117.943739119s 171 caf.Forwarder:AlertVehicleHandler(): [DEBUG] in=(257,0) alert=/alert/emergency/veh/238/seq=0/zor=[MASKED] decision=forward to vehicles deferred until 0ms
+117.943739119s 171 caf.Forwarder:OnOutgoingAlert(): [DEBUG] out=257 alert=/alert/emergency/veh/238/seq=0/zor=[MASKED]
+117.943739119s 171 ndn.AlertConsumer:doReceive(): [INFO ] Received alert: /alert/emergency/veh/238/seq=0/zor=[MASKED]
+117.944613134s 109 caf.Forwarder:OnIncomingAlert(): [DEBUG] in=257 alert=/alert/emergency/veh/238/seq=0/zor=[MASKED]
+117.944613134s 109 caf.Forwarder:AlertVehicleHandler(): [DEBUG] in=(257,0) alert=/alert/emergency/veh/238/seq=0/zor=[MASKED] decision=forward to vehicles deferred until 0ms
+117.944613134s 109 caf.Forwarder:OnOutgoingAlert(): [DEBUG] out=257 alert=/alert/emergency/veh/238/seq=0/zor=[MASKED]
+117.944613134s 109 ndn.AlertConsumer:doReceive(): [INFO ] Received alert: /alert/emergency/veh/238/seq=0/zor=[MASKED]
+117.945487149s 171 caf.Forwarder:OnIncomingAlert(): [DEBUG] in=257 alert=/alert/emergency/veh/238/seq=0/zor=[MASKED]
+117.945487149s 171 caf.Forwarder:AlertVehicleHandler(): [DEBUG] in=(257,0) alert=/alert/emergency/veh/238/seq=0/zor=[MASKED] decision=drop because duplicate alert
+117.945487157s 117 caf.Forwarder:OnIncomingAlert(): [DEBUG] in=257 alert=/alert/emergency/veh/238/seq=0/zor=[MASKED]
+117.945487157s 117 caf.Forwarder:AlertVehicleHandler(): [DEBUG] in=(257,0) alert=/alert/emergency/veh/238/seq=0/zor=[MASKED] decision=drop because duplicate alert
+117.945487160s 108 caf.Forwarder:OnIncomingAlert(): [DEBUG] in=257 alert=/alert/emergency/veh/238/seq=0/zor=[MASKED]
+117.945487160s 108 caf.Forwarder:AlertVehicleHandler(): [DEBUG] in=(257,0) alert=/alert/emergency/veh/238/seq=0/zor=[MASKED] decision=forward to vehicles deferred until 0ms
+117.945487160s 165 caf.Forwarder:OnIncomingAlert(): [DEBUG] in=257 alert=/alert/emergency/veh/238/seq=0/zor=[MASKED]
+117.945487160s 165 caf.Forwarder:AlertVehicleHandler(): [DEBUG] in=(257,0) alert=/alert/emergency/veh/238/seq=0/zor=[MASKED] decision=forward to vehicles deferred until 0ms
+117.945487160s 108 caf.Forwarder:OnOutgoingAlert(): [DEBUG] out=257 alert=/alert/emergency/veh/238/seq=0/zor=[MASKED]
+117.945487160s 108 ndn.AlertConsumer:doReceive(): [INFO ] Received alert: /alert/emergency/veh/238/seq=0/zor=[MASKED]
+117.945487160s 165 caf.Forwarder:OnOutgoingAlert(): [DEBUG] out=257 alert=/alert/emergency/veh/238/seq=0/zor=[MASKED]
+117.945487160s 165 ndn.AlertConsumer:doReceive(): [INFO ] Received alert: /alert/emergency/veh/238/seq=0/zor=[MASKED]
+117.945487180s 172 caf.Forwarder:OnIncomingAlert(): [DEBUG] in=257 alert=/alert/emergency/veh/238/seq=0/zor=[MASKED]
+117.945487180s 172 caf.Forwarder:AlertVehicleHandler(): [DEBUG] in=(257,0) alert=/alert/emergency/veh/238/seq=0/zor=[MASKED] decision=drop because duplicate alert
+117.945487184s 86 caf.Forwarder:OnIncomingAlert(): [DEBUG] in=257 alert=/alert/emergency/veh/238/seq=0/zor=[MASKED]
+117.945487184s 86 caf.Forwarder:AlertVehicleHandler(): [DEBUG] in=(257,0) alert=/alert/emergency/veh/238/seq=0/zor=[MASKED] decision=forward to vehicles deferred until 0ms
+117.945487184s 123 caf.Forwarder:OnIncomingAlert(): [DEBUG] in=257 alert=/alert/emergency/veh/238/seq=0/zor=[MASKED]
+117.945487184s 123 caf.Forwarder:AlertVehicleHandler(): [DEBUG] in=(257,0) alert=/alert/emergency/veh/238/seq=0/zor=[MASKED] decision=drop because duplicate alert
+117.945487184s 86 caf.Forwarder:OnOutgoingAlert(): [DEBUG] out=257 alert=/alert/emergency/veh/238/seq=0/zor=[MASKED]
+117.945487184s 86 ndn.AlertConsumer:doReceive(): [INFO ] Received alert: /alert/emergency/veh/238/seq=0/zor=[MASKED]
+117.945487186s 157 caf.Forwarder:OnIncomingAlert(): [DEBUG] in=257 alert=/alert/emergency/veh/238/seq=0/zor=[MASKED]
+117.945487186s 157 caf.Forwarder:AlertVehicleHandler(): [DEBUG] in=(257,0) alert=/alert/emergency/veh/238/seq=0/zor=[MASKED] decision=forward to vehicles deferred until 0ms
+117.945487186s 157 caf.Forwarder:OnOutgoingAlert(): [DEBUG] out=257 alert=/alert/emergency/veh/238/seq=0/zor=[MASKED]
+117.945487186s 157 ndn.AlertConsumer:doReceive(): [INFO ] Received alert: /alert/emergency/veh/238/seq=0/zor=[MASKED]
+117.945487187s 98 caf.Forwarder:OnIncomingAlert(): [DEBUG] in=257 alert=/alert/emergency/veh/238/seq=0/zor=[MASKED]
+117.945487187s 98 caf.Forwarder:AlertVehicleHandler(): [DEBUG] in=(257,0) alert=/alert/emergency/veh/238/seq=0/zor=[MASKED] decision=forward to vehicles deferred until 0ms
+117.945487187s 98 caf.Forwarder:OnOutgoingAlert(): [DEBUG] out=257 alert=/alert/emergency/veh/238/seq=0/zor=[MASKED]
+117.945487187s 98 ndn.AlertConsumer:doReceive(): [INFO ] Received alert: /alert/emergency/veh/238/seq=0/zor=[MASKED]
+117.945487207s 143 caf.Forwarder:OnIncomingAlert(): [DEBUG] in=257 alert=/alert/emergency/veh/238/seq=0/zor=[MASKED]
+117.945487207s 143 caf.Forwarder:AlertVehicleHandler(): [DEBUG] in=(257,0) alert=/alert/emergency/veh/238/seq=0/zor=[MASKED] decision=drop because duplicate alert
+117.945487212s 88 caf.Forwarder:OnIncomingAlert(): [DEBUG] in=257 alert=/alert/emergency/veh/238/seq=0/zor=[MASKED]
+117.945487212s 88 caf.Forwarder:AlertVehicleHandler(): [DEBUG] in=(257,0) alert=/alert/emergency/veh/238/seq=0/zor=[MASKED] decision=forward to vehicles deferred until 0ms
+117.945487212s 156 caf.Forwarder:OnIncomingAlert(): [DEBUG] in=257 alert=/alert/emergency/veh/238/seq=0/zor=[MASKED]
+117.945487212s 156 caf.Forwarder:AlertVehicleHandler(): [DEBUG] in=(257,0) alert=/alert/emergency/veh/238/seq=0/zor=[MASKED] decision=forward to vehicles deferred until 0ms
+117.945487212s 178 caf.Forwarder:OnIncomingAlert(): [DEBUG] in=257 alert=/alert/emergency/veh/238/seq=0/zor=[MASKED]
+117.945487212s 178 caf.Forwarder:AlertVehicleHandler(): [DEBUG] in=(257,0) alert=/alert/emergency/veh/238/seq=0/zor=[MASKED] decision=drop because duplicate alert
+117.945487212s 88 caf.Forwarder:OnOutgoingAlert(): [DEBUG] out=257 alert=/alert/emergency/veh/238/seq=0/zor=[MASKED]
+117.945487212s 88 ndn.AlertConsumer:doReceive(): [INFO ] Received alert: /alert/emergency/veh/238/seq=0/zor=[MASKED]
+117.945487212s 156 caf.Forwarder:OnOutgoingAlert(): [DEBUG] out=257 alert=/alert/emergency/veh/238/seq=0/zor=[MASKED]
+117.945487212s 156 ndn.AlertConsumer:doReceive(): [INFO ] Received alert: /alert/emergency/veh/238/seq=0/zor=[MASKED]
+117.945487234s 135 caf.Forwarder:OnIncomingAlert(): [DEBUG] in=257 alert=/alert/emergency/veh/238/seq=0/zor=[MASKED]
+117.945487234s 135 caf.Forwarder:AlertVehicleHandler(): [DEBUG] in=(257,0) alert=/alert/emergency/veh/238/seq=0/zor=[MASKED] decision=drop because duplicate alert
+117.945487237s 73 caf.Forwarder:OnIncomingAlert(): [DEBUG] in=257 alert=/alert/emergency/veh/238/seq=0/zor=[MASKED]
+117.945487237s 73 caf.Forwarder:AlertVehicleHandler(): [DEBUG] in=(257,0) alert=/alert/emergency/veh/238/seq=0/zor=[MASKED] decision=forward to vehicles deferred until 0ms
+117.945487237s 73 caf.Forwarder:OnOutgoingAlert(): [DEBUG] out=257 alert=/alert/emergency/veh/238/seq=0/zor=[MASKED]
+117.945487237s 73 ndn.AlertConsumer:doReceive(): [INFO ] Received alert: /alert/emergency/veh/238/seq=0/zor=[MASKED]
+117.945487238s 142 caf.Forwarder:OnIncomingAlert(): [DEBUG] in=257 alert=/alert/emergency/veh/238/seq=0/zor=[MASKED]
+117.945487238s 142 caf.Forwarder:AlertVehicleHandler(): [DEBUG] in=(257,0) alert=/alert/emergency/veh/238/seq=0/zor=[MASKED] decision=forward to vehicles deferred until 0ms
+117.945487238s 142 caf.Forwarder:OnOutgoingAlert(): [DEBUG] out=257 alert=/alert/emergency/veh/238/seq=0/zor=[MASKED]
+117.945487238s 142 ndn.AlertConsumer:doReceive(): [INFO ] Received alert: /alert/emergency/veh/238/seq=0/zor=[MASKED]
+117.945487250s 193 caf.Forwarder:OnIncomingAlert(): [DEBUG] in=257 alert=/alert/emergency/veh/238/seq=0/zor=[MASKED]
+117.945487250s 193 caf.Forwarder:AlertVehicleHandler(): [DEBUG] in=(257,0) alert=/alert/emergency/veh/238/seq=0/zor=[MASKED] decision=drop because duplicate alert
+117.945487255s 166 caf.Forwarder:OnIncomingAlert(): [DEBUG] in=257 alert=/alert/emergency/veh/238/seq=0/zor=[MASKED]
+117.945487255s 166 caf.Forwarder:AlertVehicleHandler(): [DEBUG] in=(257,0) alert=/alert/emergency/veh/238/seq=0/zor=[MASKED] decision=forward to vehicles deferred until 0ms
+117.945487255s 166 caf.Forwarder:OnOutgoingAlert(): [DEBUG] out=257 alert=/alert/emergency/veh/238/seq=0/zor=[MASKED]
+117.945487255s 166 ndn.AlertConsumer:doReceive(): [INFO ] Received alert: /alert/emergency/veh/238/seq=0/zor=[MASKED]
+117.945487257s 151 caf.Forwarder:OnIncomingAlert(): [DEBUG] in=257 alert=/alert/emergency/veh/238/seq=0/zor=[MASKED]
+117.945487257s 151 caf.Forwarder:AlertVehicleHandler(): [DEBUG] in=(257,0) alert=/alert/emergency/veh/238/seq=0/zor=[MASKED] decision=drop because duplicate alert
+117.945487263s 144 caf.Forwarder:OnIncomingAlert(): [DEBUG] in=257 alert=/alert/emergency/veh/238/seq=0/zor=[MASKED]
+117.945487263s 144 caf.Forwarder:AlertVehicleHandler(): [DEBUG] in=(257,0) alert=/alert/emergency/veh/238/seq=0/zor=[MASKED] decision=forward to vehicles deferred until 0ms
+117.945487263s 144 caf.Forwarder:OnOutgoingAlert(): [DEBUG] out=257 alert=/alert/emergency/veh/238/seq=0/zor=[MASKED]
+117.945487263s 144 ndn.AlertConsumer:doReceive(): [INFO ] Received alert: /alert/emergency/veh/238/seq=0/zor=[MASKED]
+117.945487270s 159 caf.Forwarder:OnIncomingAlert(): [DEBUG] in=257 alert=/alert/emergency/veh/238/seq=0/zor=[MASKED]
+117.945487270s 159 caf.Forwarder:AlertVehicleHandler(): [DEBUG] in=(257,0) alert=/alert/emergency/veh/238/seq=0/zor=[MASKED] decision=forward to vehicles deferred until 0ms
+117.945487270s 159 caf.Forwarder:OnOutgoingAlert(): [DEBUG] out=257 alert=/alert/emergency/veh/238/seq=0/zor=[MASKED]
+117.945487270s 159 ndn.AlertConsumer:doReceive(): [INFO ] Received alert: /alert/emergency/veh/238/seq=0/zor=[MASKED]
+117.945487273s 99 caf.Forwarder:OnIncomingAlert(): [DEBUG] in=257 alert=/alert/emergency/veh/238/seq=0/zor=[MASKED]
+117.945487273s 99 caf.Forwarder:AlertVehicleHandler(): [DEBUG] in=(257,0) alert=/alert/emergency/veh/238/seq=0/zor=[MASKED] decision=forward to vehicles deferred until 0ms
+117.945487273s 99 caf.Forwarder:OnOutgoingAlert(): [DEBUG] out=257 alert=/alert/emergency/veh/238/seq=0/zor=[MASKED]
+117.945487273s 99 ndn.AlertConsumer:doReceive(): [INFO ] Received alert: /alert/emergency/veh/238/seq=0/zor=[MASKED]
+117.945487279s 167 caf.Forwarder:OnIncomingAlert(): [DEBUG] in=257 alert=/alert/emergency/veh/238/seq=0/zor=[MASKED]
+117.945487279s 167 caf.Forwarder:AlertVehicleHandler(): [DEBUG] in=(257,0) alert=/alert/emergency/veh/238/seq=0/zor=[MASKED] decision=forward to vehicles deferred until 0ms
+117.945487279s 167 caf.Forwarder:OnOutgoingAlert(): [DEBUG] out=257 alert=/alert/emergency/veh/238/seq=0/zor=[MASKED]
+117.945487279s 167 ndn.AlertConsumer:doReceive(): [INFO ] Received alert: /alert/emergency/veh/238/seq=0/zor=[MASKED]
+117.945487281s 198 caf.Forwarder:OnIncomingAlert(): [DEBUG] in=257 alert=/alert/emergency/veh/238/seq=0/zor=[MASKED]
+117.945487281s 198 caf.Forwarder:AlertVehicleHandler(): [DEBUG] in=(257,0) alert=/alert/emergency/veh/238/seq=0/zor=[MASKED] decision=drop because duplicate alert
+117.945487284s 150 caf.Forwarder:OnIncomingAlert(): [DEBUG] in=257 alert=/alert/emergency/veh/238/seq=0/zor=[MASKED]
+117.945487284s 150 caf.Forwarder:AlertVehicleHandler(): [DEBUG] in=(257,0) alert=/alert/emergency/veh/238/seq=0/zor=[MASKED] decision=drop because duplicate alert
+117.945487287s 145 caf.Forwarder:OnIncomingAlert(): [DEBUG] in=257 alert=/alert/emergency/veh/238/seq=0/zor=[MASKED]
+117.945487287s 145 caf.Forwarder:AlertVehicleHandler(): [DEBUG] in=(257,0) alert=/alert/emergency/veh/238/seq=0/zor=[MASKED] decision=forward to vehicles deferred until 0ms
+117.945487287s 158 caf.Forwarder:OnIncomingAlert(): [DEBUG] in=257 alert=/alert/emergency/veh/238/seq=0/zor=[MASKED]
+117.945487287s 158 caf.Forwarder:AlertVehicleHandler(): [DEBUG] in=(257,0) alert=/alert/emergency/veh/238/seq=0/zor=[MASKED] decision=forward to vehicles deferred until 0ms
+117.945487287s 145 caf.Forwarder:OnOutgoingAlert(): [DEBUG] out=257 alert=/alert/emergency/veh/238/seq=0/zor=[MASKED]
+117.945487287s 145 ndn.AlertConsumer:doReceive(): [INFO ] Received alert: /alert/emergency/veh/238/seq=0/zor=[MASKED]
+117.945487287s 158 caf.Forwarder:OnOutgoingAlert(): [DEBUG] out=257 alert=/alert/emergency/veh/238/seq=0/zor=[MASKED]
+117.945487287s 158 ndn.AlertConsumer:doReceive(): [INFO ] Received alert: /alert/emergency/veh/238/seq=0/zor=[MASKED]
+117.945487289s 136 caf.Forwarder:OnIncomingAlert(): [DEBUG] in=257 alert=/alert/emergency/veh/238/seq=0/zor=[MASKED]
+117.945487289s 136 caf.Forwarder:AlertVehicleHandler(): [DEBUG] in=(257,0) alert=/alert/emergency/veh/238/seq=0/zor=[MASKED] decision=forward to vehicles deferred until 0ms
+117.945487289s 136 caf.Forwarder:OnOutgoingAlert(): [DEBUG] out=257 alert=/alert/emergency/veh/238/seq=0/zor=[MASKED]
+117.945487289s 136 ndn.AlertConsumer:doReceive(): [INFO ] Received alert: /alert/emergency/veh/238/seq=0/zor=[MASKED]
+118.195963584s 241 ndn.RandomAlertProducer:AlertSupplier(): [LOGIC] Send alert=/alert/emergency/veh/241/seq=0/zor=[MASKED] vehCount=131 rsuCount=9
+118.195963584s 241 caf.Forwarder:OnIncomingAlert(): [DEBUG] in=260 alert=/alert/emergency/veh/241/seq=0/zor=[MASKED]
+118.195963584s 241 caf.Forwarder:AlertVehicleHandler(): [DEBUG] in=(260,0) alert=/alert/emergency/veh/241/seq=0/zor=[MASKED] decision=forward to vehicles
+118.195963584s 241 caf.Forwarder:OnOutgoingAlert(): [DEBUG] out=257 alert=/alert/emergency/veh/241/seq=0/zor=[MASKED]
+118.196837611s 77 caf.Forwarder:OnIncomingAlert(): [DEBUG] in=257 alert=/alert/emergency/veh/241/seq=0/zor=[MASKED]
+118.196837611s 77 caf.Forwarder:AlertVehicleHandler(): [DEBUG] in=(257,0) alert=/alert/emergency/veh/241/seq=0/zor=[MASKED] decision=forward to vehicles deferred until 4.25148ms
+118.196837615s 236 caf.Forwarder:OnIncomingAlert(): [DEBUG] in=257 alert=/alert/emergency/veh/241/seq=0/zor=[MASKED]
+118.196837615s 236 caf.Forwarder:AlertVehicleHandler(): [DEBUG] in=(257,0) alert=/alert/emergency/veh/241/seq=0/zor=[MASKED] decision=forward to vehicles deferred until 4.12358ms
+118.196837619s 244 caf.Forwarder:OnIncomingAlert(): [DEBUG] in=257 alert=/alert/emergency/veh/241/seq=0/zor=[MASKED]
+118.196837619s 244 caf.Forwarder:AlertVehicleHandler(): [DEBUG] in=(257,0) alert=/alert/emergency/veh/241/seq=0/zor=[MASKED] decision=drop since sender is closer
+118.196837653s 101 caf.Forwarder:OnIncomingAlert(): [DEBUG] in=257 alert=/alert/emergency/veh/241/seq=0/zor=[MASKED]
+118.196837653s 101 caf.Forwarder:AlertVehicleHandler(): [DEBUG] in=(257,0) alert=/alert/emergency/veh/241/seq=0/zor=[MASKED] decision=drop since sender is closer
+118.196837656s 72 caf.Forwarder:OnIncomingAlert(): [DEBUG] in=257 alert=/alert/emergency/veh/241/seq=0/zor=[MASKED]
+118.196837656s 72 caf.Forwarder:AlertVehicleHandler(): [DEBUG] in=(257,0) alert=/alert/emergency/veh/241/seq=0/zor=[MASKED] decision=forward to vehicles deferred until 2.87198ms
+118.196837660s 249 caf.Forwarder:OnIncomingAlert(): [DEBUG] in=257 alert=/alert/emergency/veh/241/seq=0/zor=[MASKED]
+118.196837660s 249 caf.Forwarder:AlertVehicleHandler(): [DEBUG] in=(257,0) alert=/alert/emergency/veh/241/seq=0/zor=[MASKED] decision=drop since sender is closer
+118.196837690s 233 caf.Forwarder:OnIncomingAlert(): [DEBUG] in=257 alert=/alert/emergency/veh/241/seq=0/zor=[MASKED]
+118.196837690s 233 caf.Forwarder:AlertVehicleHandler(): [DEBUG] in=(257,0) alert=/alert/emergency/veh/241/seq=0/zor=[MASKED] decision=forward to vehicles deferred until 1.84421ms
+118.196837690s 252 caf.Forwarder:OnIncomingAlert(): [DEBUG] in=257 alert=/alert/emergency/veh/241/seq=0/zor=[MASKED]
+118.196837690s 252 caf.Forwarder:AlertVehicleHandler(): [DEBUG] in=(257,0) alert=/alert/emergency/veh/241/seq=0/zor=[MASKED] decision=drop since sender is closer
+118.198681904s 233 caf.Forwarder:OnOutgoingAlert(): [DEBUG] out=257 alert=/alert/emergency/veh/241/seq=0/zor=[MASKED]
+118.199555944s 72 caf.Forwarder:OnIncomingAlert(): [DEBUG] in=257 alert=/alert/emergency/veh/241/seq=0/zor=[MASKED]
+118.199555944s 72 caf.Forwarder:AlertVehicleHandler(): [DEBUG] in= (257,0) alert=/alert/emergency/veh/241/seq=0/zor=[MASKED] timer cancelled because sender closer to ZoR
+118.199555974s 229 caf.Forwarder:OnIncomingAlert(): [DEBUG] in=257 alert=/alert/emergency/veh/241/seq=0/zor=[MASKED]
+118.199555974s 229 caf.Forwarder:AlertVehicleHandler(): [DEBUG] in=(257,0) alert=/alert/emergency/veh/241/seq=0/zor=[MASKED] decision=forward to vehicles deferred until 2.94347ms
+118.199555981s 236 caf.Forwarder:OnIncomingAlert(): [DEBUG] in=257 alert=/alert/emergency/veh/241/seq=0/zor=[MASKED]
+118.199555981s 236 caf.Forwarder:AlertVehicleHandler(): [DEBUG] in= (257,0) alert=/alert/emergency/veh/241/seq=0/zor=[MASKED] timer cancelled because sender closer to ZoR
+118.199555999s 77 caf.Forwarder:OnIncomingAlert(): [DEBUG] in=257 alert=/alert/emergency/veh/241/seq=0/zor=[MASKED]
+118.199555999s 77 caf.Forwarder:AlertVehicleHandler(): [DEBUG] in= (257,0) alert=/alert/emergency/veh/241/seq=0/zor=[MASKED] timer cancelled because sender closer to ZoR
+118.199556010s 241 caf.Forwarder:OnIncomingAlert(): [DEBUG] in=257 alert=/alert/emergency/veh/241/seq=0/zor=[MASKED]
+118.199556010s 241 caf.Forwarder:AlertVehicleHandler(): [DEBUG] in=(257,0) alert=/alert/emergency/veh/241/seq=0/zor=[MASKED] decision=drop because duplicate alert
+118.199556030s 102 caf.Forwarder:OnIncomingAlert(): [DEBUG] in=257 alert=/alert/emergency/veh/241/seq=0/zor=[MASKED]
+118.199556030s 102 caf.Forwarder:AlertVehicleHandler(): [DEBUG] in=(257,0) alert=/alert/emergency/veh/241/seq=0/zor=[MASKED] decision=forward to vehicles deferred until 0ms
+118.199556030s 102 caf.Forwarder:OnOutgoingAlert(): [DEBUG] out=257 alert=/alert/emergency/veh/241/seq=0/zor=[MASKED]
+118.199556030s 102 ndn.AlertConsumer:doReceive(): [INFO ] Received alert: /alert/emergency/veh/241/seq=0/zor=[MASKED]
+118.199556043s 244 caf.Forwarder:OnIncomingAlert(): [DEBUG] in=257 alert=/alert/emergency/veh/241/seq=0/zor=[MASKED]
+118.199556043s 244 caf.Forwarder:AlertVehicleHandler(): [DEBUG] in=(257,0) alert=/alert/emergency/veh/241/seq=0/zor=[MASKED] decision=drop because duplicate alert
+118.200430089s 226 caf.Forwarder:OnIncomingAlert(): [DEBUG] in=257 alert=/alert/emergency/veh/241/seq=0/zor=[MASKED]
+118.200430089s 226 caf.Forwarder:AlertVehicleHandler(): [DEBUG] in=(257,0) alert=/alert/emergency/veh/241/seq=0/zor=[MASKED] decision=forward to vehicles deferred until 0ms
+118.200430089s 226 caf.Forwarder:OnOutgoingAlert(): [DEBUG] out=257 alert=/alert/emergency/veh/241/seq=0/zor=[MASKED]
+118.200430089s 226 ndn.AlertConsumer:doReceive(): [INFO ] Received alert: /alert/emergency/veh/241/seq=0/zor=[MASKED]
+118.200430092s 229 caf.Forwarder:OnIncomingAlert(): [DEBUG] in=257 alert=/alert/emergency/veh/241/seq=0/zor=[MASKED]
+118.200430092s 229 caf.Forwarder:AlertVehicleHandler(): [DEBUG] in= (257,0) alert=/alert/emergency/veh/241/seq=0/zor=[MASKED] timer cancelled because sender closer to ZoR
+118.200430156s 233 caf.Forwarder:OnIncomingAlert(): [DEBUG] in=257 alert=/alert/emergency/veh/241/seq=0/zor=[MASKED]
+118.200430156s 233 caf.Forwarder:AlertVehicleHandler(): [DEBUG] in=(257,0) alert=/alert/emergency/veh/241/seq=0/zor=[MASKED] decision=drop because duplicate alert
+118.200430168s 221 caf.Forwarder:OnIncomingAlert(): [DEBUG] in=257 alert=/alert/emergency/veh/241/seq=0/zor=[MASKED]
+118.200430168s 221 caf.Forwarder:AlertVehicleHandler(): [DEBUG] in=(257,0) alert=/alert/emergency/veh/241/seq=0/zor=[MASKED] decision=forward to vehicles deferred until 0ms
+118.200430168s 221 caf.Forwarder:OnOutgoingAlert(): [DEBUG] out=257 alert=/alert/emergency/veh/241/seq=0/zor=[MASKED]
+118.200430168s 221 ndn.AlertConsumer:doReceive(): [INFO ] Received alert: /alert/emergency/veh/241/seq=0/zor=[MASKED]
+118.200430187s 72 caf.Forwarder:OnIncomingAlert(): [DEBUG] in=257 alert=/alert/emergency/veh/241/seq=0/zor=[MASKED]
+118.200430187s 72 caf.Forwarder:AlertVehicleHandler(): [DEBUG] in=(257,0) alert=/alert/emergency/veh/241/seq=0/zor=[MASKED] decision=drop because duplicate alert
+118.200430189s 213 caf.Forwarder:OnIncomingAlert(): [DEBUG] in=257 alert=/alert/emergency/veh/241/seq=0/zor=[MASKED]
+118.200430189s 213 caf.Forwarder:AlertVehicleHandler(): [DEBUG] in=(257,0) alert=/alert/emergency/veh/241/seq=0/zor=[MASKED] decision=forward to vehicles deferred until 0ms
+118.200430189s 213 caf.Forwarder:OnOutgoingAlert(): [DEBUG] out=257 alert=/alert/emergency/veh/241/seq=0/zor=[MASKED]
+118.200430189s 213 ndn.AlertConsumer:doReceive(): [INFO ] Received alert: /alert/emergency/veh/241/seq=0/zor=[MASKED]
+118.201304148s 102 caf.Forwarder:OnIncomingAlert(): [DEBUG] in=257 alert=/alert/emergency/veh/241/seq=0/zor=[MASKED]
+118.201304148s 102 caf.Forwarder:AlertVehicleHandler(): [DEBUG] in=(257,0) alert=/alert/emergency/veh/241/seq=0/zor=[MASKED] decision=drop because duplicate alert
+118.201304197s 229 caf.Forwarder:OnIncomingAlert(): [DEBUG] in=257 alert=/alert/emergency/veh/241/seq=0/zor=[MASKED]
+118.201304197s 229 caf.Forwarder:AlertVehicleHandler(): [DEBUG] in=(257,0) alert=/alert/emergency/veh/241/seq=0/zor=[MASKED] decision=drop because duplicate alert
+118.201304226s 210 caf.Forwarder:OnIncomingAlert(): [DEBUG] in=257 alert=/alert/emergency/veh/241/seq=0/zor=[MASKED]
+118.201304226s 210 caf.Forwarder:AlertVehicleHandler(): [DEBUG] in=(257,0) alert=/alert/emergency/veh/241/seq=0/zor=[MASKED] decision=forward to vehicles deferred until 0ms
+118.201304226s 210 caf.Forwarder:OnOutgoingAlert(): [DEBUG] out=257 alert=/alert/emergency/veh/241/seq=0/zor=[MASKED]
+118.201304226s 210 ndn.AlertConsumer:doReceive(): [INFO ] Received alert: /alert/emergency/veh/241/seq=0/zor=[MASKED]
+118.202178263s 213 caf.Forwarder:OnIncomingAlert(): [DEBUG] in=257 alert=/alert/emergency/veh/241/seq=0/zor=[MASKED]
+118.202178263s 213 caf.Forwarder:AlertVehicleHandler(): [DEBUG] in=(257,0) alert=/alert/emergency/veh/241/seq=0/zor=[MASKED] decision=drop because duplicate alert
+118.202178276s 129 caf.Forwarder:OnIncomingAlert(): [DEBUG] in=257 alert=/alert/emergency/veh/241/seq=0/zor=[MASKED]
+118.202178276s 129 caf.Forwarder:AlertVehicleHandler(): [DEBUG] in=(257,0) alert=/alert/emergency/veh/241/seq=0/zor=[MASKED] decision=forward to vehicles deferred until 0ms
+118.202178276s 129 caf.Forwarder:OnOutgoingAlert(): [DEBUG] out=257 alert=/alert/emergency/veh/241/seq=0/zor=[MASKED]
+118.202178276s 129 ndn.AlertConsumer:doReceive(): [INFO ] Received alert: /alert/emergency/veh/241/seq=0/zor=[MASKED]
+118.202178285s 221 caf.Forwarder:OnIncomingAlert(): [DEBUG] in=257 alert=/alert/emergency/veh/241/seq=0/zor=[MASKED]
+118.202178285s 221 caf.Forwarder:AlertVehicleHandler(): [DEBUG] in=(257,0) alert=/alert/emergency/veh/241/seq=0/zor=[MASKED] decision=drop because duplicate alert
+118.202178292s 205 caf.Forwarder:OnIncomingAlert(): [DEBUG] in=257 alert=/alert/emergency/veh/241/seq=0/zor=[MASKED]
+118.202178292s 205 caf.Forwarder:AlertVehicleHandler(): [DEBUG] in=(257,0) alert=/alert/emergency/veh/241/seq=0/zor=[MASKED] decision=forward to vehicles deferred until 0ms
+118.202178292s 205 caf.Forwarder:OnOutgoingAlert(): [DEBUG] out=257 alert=/alert/emergency/veh/241/seq=0/zor=[MASKED]
+118.202178292s 205 ndn.AlertConsumer:doReceive(): [INFO ] Received alert: /alert/emergency/veh/241/seq=0/zor=[MASKED]
+118.202178336s 218 caf.Forwarder:OnIncomingAlert(): [DEBUG] in=257 alert=/alert/emergency/veh/241/seq=0/zor=[MASKED]
+118.202178336s 218 caf.Forwarder:AlertVehicleHandler(): [DEBUG] in=(257,0) alert=/alert/emergency/veh/241/seq=0/zor=[MASKED] decision=forward to vehicles deferred until 0ms
+118.202178336s 218 caf.Forwarder:OnOutgoingAlert(): [DEBUG] out=257 alert=/alert/emergency/veh/241/seq=0/zor=[MASKED]
+118.202178336s 218 ndn.AlertConsumer:doReceive(): [INFO ] Received alert: /alert/emergency/veh/241/seq=0/zor=[MASKED]
+118.202178365s 226 caf.Forwarder:OnIncomingAlert(): [DEBUG] in=257 alert=/alert/emergency/veh/241/seq=0/zor=[MASKED]
+118.202178365s 226 caf.Forwarder:AlertVehicleHandler(): [DEBUG] in=(257,0) alert=/alert/emergency/veh/241/seq=0/zor=[MASKED] decision=drop because duplicate alert
+118.202178373s 71 caf.Forwarder:OnIncomingAlert(): [DEBUG] in=257 alert=/alert/emergency/veh/241/seq=0/zor=[MASKED]
+118.202178373s 71 caf.Forwarder:AlertVehicleHandler(): [DEBUG] in=(257,0) alert=/alert/emergency/veh/241/seq=0/zor=[MASKED] decision=forward to vehicles deferred until 0ms
+118.202178373s 71 caf.Forwarder:OnOutgoingAlert(): [DEBUG] out=257 alert=/alert/emergency/veh/241/seq=0/zor=[MASKED]
+118.202178373s 71 ndn.AlertConsumer:doReceive(): [INFO ] Received alert: /alert/emergency/veh/241/seq=0/zor=[MASKED]
+118.202178377s 202 caf.Forwarder:OnIncomingAlert(): [DEBUG] in=257 alert=/alert/emergency/veh/241/seq=0/zor=[MASKED]
+118.202178377s 202 caf.Forwarder:AlertVehicleHandler(): [DEBUG] in=(257,0) alert=/alert/emergency/veh/241/seq=0/zor=[MASKED] decision=forward to vehicles deferred until 0ms
+118.202178377s 202 caf.Forwarder:OnOutgoingAlert(): [DEBUG] out=257 alert=/alert/emergency/veh/241/seq=0/zor=[MASKED]
+118.202178377s 202 ndn.AlertConsumer:doReceive(): [INFO ] Received alert: /alert/emergency/veh/241/seq=0/zor=[MASKED]
+118.603659736s 240 ndn.RandomAlertProducer:AlertSupplier(): [LOGIC] Send alert=/alert/emergency/veh/240/seq=0/zor=[MASKED] vehCount=132 rsuCount=9
+118.603659736s 240 caf.Forwarder:OnIncomingAlert(): [DEBUG] in=260 alert=/alert/emergency/veh/240/seq=0/zor=[MASKED]
+118.603659736s 240 caf.Forwarder:AlertVehicleHandler(): [DEBUG] in=(260,0) alert=/alert/emergency/veh/240/seq=0/zor=[MASKED] decision=forward to vehicles
+118.603659736s 240 caf.Forwarder:OnOutgoingAlert(): [DEBUG] out=257 alert=/alert/emergency/veh/240/seq=0/zor=[MASKED]
+118.604533747s 130 caf.Forwarder:OnIncomingAlert(): [DEBUG] in=257 alert=/alert/emergency/veh/240/seq=0/zor=[MASKED]
+118.604533747s 130 caf.Forwarder:AlertVehicleHandler(): [DEBUG] in=(257,0) alert=/alert/emergency/veh/240/seq=0/zor=[MASKED] decision=drop since sender is closer
+118.604533748s 230 caf.Forwarder:OnIncomingAlert(): [DEBUG] in=257 alert=/alert/emergency/veh/240/seq=0/zor=[MASKED]
+118.604533748s 230 caf.Forwarder:AlertVehicleHandler(): [DEBUG] in=(257,0) alert=/alert/emergency/veh/240/seq=0/zor=[MASKED] decision=drop since sender is closer
+118.604533810s 82 caf.Forwarder:OnIncomingAlert(): [DEBUG] in=257 alert=/alert/emergency/veh/240/seq=0/zor=[MASKED]
+118.604533810s 82 caf.Forwarder:AlertVehicleHandler(): [DEBUG] in=(257,0) alert=/alert/emergency/veh/240/seq=0/zor=[MASKED] decision=drop since sender is closer
+118.604533810s 232 caf.Forwarder:OnIncomingAlert(): [DEBUG] in=257 alert=/alert/emergency/veh/240/seq=0/zor=[MASKED]
+118.604533810s 232 caf.Forwarder:AlertVehicleHandler(): [DEBUG] in=(257,0) alert=/alert/emergency/veh/240/seq=0/zor=[MASKED] decision=drop since sender is closer
+118.604533820s 222 caf.Forwarder:OnIncomingAlert(): [DEBUG] in=257 alert=/alert/emergency/veh/240/seq=0/zor=[MASKED]
+118.604533820s 222 caf.Forwarder:AlertVehicleHandler(): [DEBUG] in=(257,0) alert=/alert/emergency/veh/240/seq=0/zor=[MASKED] decision=forward to vehicles deferred until 0ms
+118.604533820s 222 caf.Forwarder:OnOutgoingAlert(): [DEBUG] out=257 alert=/alert/emergency/veh/240/seq=0/zor=[MASKED]
+118.604533820s 222 ndn.AlertConsumer:doReceive(): [INFO ] Received alert: /alert/emergency/veh/240/seq=0/zor=[MASKED]
+118.604533874s 214 caf.Forwarder:OnIncomingAlert(): [DEBUG] in=257 alert=/alert/emergency/veh/240/seq=0/zor=[MASKED]
+118.604533874s 214 caf.Forwarder:AlertVehicleHandler(): [DEBUG] in=(257,0) alert=/alert/emergency/veh/240/seq=0/zor=[MASKED] decision=forward to vehicles deferred until 0ms
+118.604533874s 214 caf.Forwarder:OnOutgoingAlert(): [DEBUG] out=257 alert=/alert/emergency/veh/240/seq=0/zor=[MASKED]
+118.604533874s 214 ndn.AlertConsumer:doReceive(): [INFO ] Received alert: /alert/emergency/veh/240/seq=0/zor=[MASKED]
+118.604533884s 248 caf.Forwarder:OnIncomingAlert(): [DEBUG] in=257 alert=/alert/emergency/veh/240/seq=0/zor=[MASKED]
+118.604533884s 248 caf.Forwarder:AlertVehicleHandler(): [DEBUG] in=(257,0) alert=/alert/emergency/veh/240/seq=0/zor=[MASKED] decision=drop since sender is closer
+118.604533889s 225 caf.Forwarder:OnIncomingAlert(): [DEBUG] in=257 alert=/alert/emergency/veh/240/seq=0/zor=[MASKED]
+118.604533889s 225 caf.Forwarder:AlertVehicleHandler(): [DEBUG] in=(257,0) alert=/alert/emergency/veh/240/seq=0/zor=[MASKED] decision=forward to vehicles deferred until 0ms
+118.604533889s 225 caf.Forwarder:OnOutgoingAlert(): [DEBUG] out=257 alert=/alert/emergency/veh/240/seq=0/zor=[MASKED]
+118.604533889s 225 ndn.AlertConsumer:doReceive(): [INFO ] Received alert: /alert/emergency/veh/240/seq=0/zor=[MASKED]
+118.604533905s 152 caf.Forwarder:OnIncomingAlert(): [DEBUG] in=257 alert=/alert/emergency/veh/240/seq=0/zor=[MASKED]
+118.604533905s 152 caf.Forwarder:AlertVehicleHandler(): [DEBUG] in=(257,0) alert=/alert/emergency/veh/240/seq=0/zor=[MASKED] decision=forward to vehicles deferred until 0ms
+118.604533905s 152 caf.Forwarder:OnOutgoingAlert(): [DEBUG] out=257 alert=/alert/emergency/veh/240/seq=0/zor=[MASKED]
+118.604533905s 152 ndn.AlertConsumer:doReceive(): [INFO ] Received alert: /alert/emergency/veh/240/seq=0/zor=[MASKED]
+118.735154703s 242 ndn.RandomAlertProducer:SendAlert(): [LOGIC] Don't send alert; condition failed
+119.177046734s 245 ndn.RandomAlertProducer:AlertSupplier(): [LOGIC] Send alert=/alert/emergency/veh/245/seq=0/zor=[MASKED] vehCount=133 rsuCount=9
+119.177046734s 245 caf.Forwarder:OnIncomingAlert(): [DEBUG] in=260 alert=/alert/emergency/veh/245/seq=0/zor=[MASKED]
+119.177046734s 245 caf.Forwarder:AlertVehicleHandler(): [DEBUG] in=(260,0) alert=/alert/emergency/veh/245/seq=0/zor=[MASKED] decision=forward to vehicles
+119.177046734s 245 caf.Forwarder:OnOutgoingAlert(): [DEBUG] out=257 alert=/alert/emergency/veh/245/seq=0/zor=[MASKED]
+119.177920769s 110 caf.Forwarder:OnIncomingAlert(): [DEBUG] in=257 alert=/alert/emergency/veh/245/seq=0/zor=[MASKED]
+119.177920769s 110 caf.Forwarder:AlertVehicleHandler(): [DEBUG] in=(257,0) alert=/alert/emergency/veh/245/seq=0/zor=[MASKED] decision=forward to vehicles deferred until 4.00234ms
+119.177920775s 118 caf.Forwarder:OnIncomingAlert(): [DEBUG] in=257 alert=/alert/emergency/veh/245/seq=0/zor=[MASKED]
+119.177920775s 118 caf.Forwarder:AlertVehicleHandler(): [DEBUG] in=(257,0) alert=/alert/emergency/veh/245/seq=0/zor=[MASKED] decision=drop since sender is closer
+119.177920777s 256 caf.Forwarder:OnIncomingAlert(): [DEBUG] in=257 alert=/alert/emergency/veh/245/seq=0/zor=[MASKED]
+119.177920777s 256 caf.Forwarder:AlertVehicleHandler(): [DEBUG] in=(257,0) alert=/alert/emergency/veh/245/seq=0/zor=[MASKED] decision=drop since sender is closer
+119.177920788s 238 caf.Forwarder:OnIncomingAlert(): [DEBUG] in=257 alert=/alert/emergency/veh/245/seq=0/zor=[MASKED]
+119.177920788s 238 caf.Forwarder:AlertVehicleHandler(): [DEBUG] in=(257,0) alert=/alert/emergency/veh/245/seq=0/zor=[MASKED] decision=forward to vehicles deferred until 3.41278ms
+119.177920791s 253 caf.Forwarder:OnIncomingAlert(): [DEBUG] in=257 alert=/alert/emergency/veh/245/seq=0/zor=[MASKED]
+119.177920791s 253 caf.Forwarder:AlertVehicleHandler(): [DEBUG] in=(257,0) alert=/alert/emergency/veh/245/seq=0/zor=[MASKED] decision=drop since sender is closer
+119.177920831s 248 caf.Forwarder:OnIncomingAlert(): [DEBUG] in=257 alert=/alert/emergency/veh/245/seq=0/zor=[MASKED]
+119.177920831s 248 caf.Forwarder:AlertVehicleHandler(): [DEBUG] in=(257,0) alert=/alert/emergency/veh/245/seq=0/zor=[MASKED] decision=forward to vehicles deferred until 2.11878ms
+119.177920849s 261 caf.Forwarder:OnIncomingAlert(): [DEBUG] in=257 alert=/alert/emergency/veh/245/seq=0/zor=[MASKED]
+119.177920849s 261 caf.Forwarder:AlertVehicleHandler(): [DEBUG] in=(257,0) alert=/alert/emergency/veh/245/seq=0/zor=[MASKED] decision=drop since sender is closer
+119.177920865s 82 caf.Forwarder:OnIncomingAlert(): [DEBUG] in=257 alert=/alert/emergency/veh/245/seq=0/zor=[MASKED]
+119.177920865s 82 caf.Forwarder:AlertVehicleHandler(): [DEBUG] in=(257,0) alert=/alert/emergency/veh/245/seq=0/zor=[MASKED] decision=forward to vehicles deferred until 1.08112ms
+119.177920902s 232 caf.Forwarder:OnIncomingAlert(): [DEBUG] in=257 alert=/alert/emergency/veh/245/seq=0/zor=[MASKED]
+119.177920902s 232 caf.Forwarder:AlertVehicleHandler(): [DEBUG] in=(257,0) alert=/alert/emergency/veh/245/seq=0/zor=[MASKED] decision=forward to vehicles deferred until 0ms
+119.177920902s 232 caf.Forwarder:OnOutgoingAlert(): [DEBUG] out=257 alert=/alert/emergency/veh/245/seq=0/zor=[MASKED]
+119.178794933s 130 caf.Forwarder:OnIncomingAlert(): [DEBUG] in=257 alert=/alert/emergency/veh/245/seq=0/zor=[MASKED]
+119.178794933s 130 caf.Forwarder:AlertVehicleHandler(): [DEBUG] in=(257,0) alert=/alert/emergency/veh/245/seq=0/zor=[MASKED] decision=forward to vehicles deferred until 4.10568ms
+119.178794954s 82 caf.Forwarder:OnIncomingAlert(): [DEBUG] in=257 alert=/alert/emergency/veh/245/seq=0/zor=[MASKED]
+119.178794954s 82 caf.Forwarder:AlertVehicleHandler(): [DEBUG] in= (257,0) alert=/alert/emergency/veh/245/seq=0/zor=[MASKED] timer cancelled because sender closer to ZoR
+119.178794968s 230 caf.Forwarder:OnIncomingAlert(): [DEBUG] in=257 alert=/alert/emergency/veh/245/seq=0/zor=[MASKED]
+119.178794968s 230 caf.Forwarder:AlertVehicleHandler(): [DEBUG] in=(257,0) alert=/alert/emergency/veh/245/seq=0/zor=[MASKED] decision=forward to vehicles deferred until 3.04902ms
+119.178794975s 248 caf.Forwarder:OnIncomingAlert(): [DEBUG] in=257 alert=/alert/emergency/veh/245/seq=0/zor=[MASKED]
+119.178794975s 248 caf.Forwarder:AlertVehicleHandler(): [DEBUG] in= (257,0) alert=/alert/emergency/veh/245/seq=0/zor=[MASKED] timer cancelled because sender closer to ZoR
+119.178794982s 240 caf.Forwarder:OnIncomingAlert(): [DEBUG] in=257 alert=/alert/emergency/veh/245/seq=0/zor=[MASKED]
+119.178794982s 240 caf.Forwarder:AlertVehicleHandler(): [DEBUG] in=(257,0) alert=/alert/emergency/veh/245/seq=0/zor=[MASKED] decision=forward to vehicles deferred until 2.62068ms
+119.178795016s 238 caf.Forwarder:OnIncomingAlert(): [DEBUG] in=257 alert=/alert/emergency/veh/245/seq=0/zor=[MASKED]
+119.178795016s 238 caf.Forwarder:AlertVehicleHandler(): [DEBUG] in= (257,0) alert=/alert/emergency/veh/245/seq=0/zor=[MASKED] timer cancelled because sender closer to ZoR
+119.178795055s 222 caf.Forwarder:OnIncomingAlert(): [DEBUG] in=257 alert=/alert/emergency/veh/245/seq=0/zor=[MASKED]
+119.178795055s 222 caf.Forwarder:AlertVehicleHandler(): [DEBUG] in=(257,0) alert=/alert/emergency/veh/245/seq=0/zor=[MASKED] decision=forward to vehicles deferred until 0ms
+119.178795055s 222 caf.Forwarder:OnOutgoingAlert(): [DEBUG] out=257 alert=/alert/emergency/veh/245/seq=0/zor=[MASKED]
+119.178795055s 222 ndn.AlertConsumer:doReceive(): [INFO ] Received alert: /alert/emergency/veh/245/seq=0/zor=[MASKED]
+119.178795060s 110 caf.Forwarder:OnIncomingAlert(): [DEBUG] in=257 alert=/alert/emergency/veh/245/seq=0/zor=[MASKED]
+119.178795060s 110 caf.Forwarder:AlertVehicleHandler(): [DEBUG] in= (257,0) alert=/alert/emergency/veh/245/seq=0/zor=[MASKED] timer cancelled because sender closer to ZoR
+119.178795070s 245 caf.Forwarder:OnIncomingAlert(): [DEBUG] in=257 alert=/alert/emergency/veh/245/seq=0/zor=[MASKED]
+119.178795070s 245 caf.Forwarder:AlertVehicleHandler(): [DEBUG] in=(257,0) alert=/alert/emergency/veh/245/seq=0/zor=[MASKED] decision=drop because duplicate alert
+119.179669106s 214 caf.Forwarder:OnIncomingAlert(): [DEBUG] in=257 alert=/alert/emergency/veh/245/seq=0/zor=[MASKED]
+119.179669106s 214 caf.Forwarder:AlertVehicleHandler(): [DEBUG] in=(257,0) alert=/alert/emergency/veh/245/seq=0/zor=[MASKED] decision=forward to vehicles deferred until 0ms
+119.179669106s 214 caf.Forwarder:OnOutgoingAlert(): [DEBUG] out=257 alert=/alert/emergency/veh/245/seq=0/zor=[MASKED]
+119.179669106s 214 ndn.AlertConsumer:doReceive(): [INFO ] Received alert: /alert/emergency/veh/245/seq=0/zor=[MASKED]
+119.179669110s 152 caf.Forwarder:OnIncomingAlert(): [DEBUG] in=257 alert=/alert/emergency/veh/245/seq=0/zor=[MASKED]
+119.179669110s 152 caf.Forwarder:AlertVehicleHandler(): [DEBUG] in=(257,0) alert=/alert/emergency/veh/245/seq=0/zor=[MASKED] decision=forward to vehicles deferred until 0ms
+119.179669110s 152 caf.Forwarder:OnOutgoingAlert(): [DEBUG] out=257 alert=/alert/emergency/veh/245/seq=0/zor=[MASKED]
+119.179669110s 152 ndn.AlertConsumer:doReceive(): [INFO ] Received alert: /alert/emergency/veh/245/seq=0/zor=[MASKED]
+119.179669130s 225 caf.Forwarder:OnIncomingAlert(): [DEBUG] in=257 alert=/alert/emergency/veh/245/seq=0/zor=[MASKED]
+119.179669130s 225 caf.Forwarder:AlertVehicleHandler(): [DEBUG] in=(257,0) alert=/alert/emergency/veh/245/seq=0/zor=[MASKED] decision=forward to vehicles deferred until 0ms
+119.179669130s 240 caf.Forwarder:OnIncomingAlert(): [DEBUG] in=257 alert=/alert/emergency/veh/245/seq=0/zor=[MASKED]
+119.179669130s 240 caf.Forwarder:AlertVehicleHandler(): [DEBUG] in= (257,0) alert=/alert/emergency/veh/245/seq=0/zor=[MASKED] timer cancelled because sender closer to ZoR
+119.179669130s 225 caf.Forwarder:OnOutgoingAlert(): [DEBUG] out=257 alert=/alert/emergency/veh/245/seq=0/zor=[MASKED]
+119.179669130s 225 ndn.AlertConsumer:doReceive(): [INFO ] Received alert: /alert/emergency/veh/245/seq=0/zor=[MASKED]
+119.179669142s 230 caf.Forwarder:OnIncomingAlert(): [DEBUG] in=257 alert=/alert/emergency/veh/245/seq=0/zor=[MASKED]
+119.179669142s 230 caf.Forwarder:AlertVehicleHandler(): [DEBUG] in= (257,0) alert=/alert/emergency/veh/245/seq=0/zor=[MASKED] timer cancelled because sender closer to ZoR
+119.179669177s 217 caf.Forwarder:OnIncomingAlert(): [DEBUG] in=257 alert=/alert/emergency/veh/245/seq=0/zor=[MASKED]
+119.179669177s 217 caf.Forwarder:AlertVehicleHandler(): [DEBUG] in=(257,0) alert=/alert/emergency/veh/245/seq=0/zor=[MASKED] decision=forward to vehicles deferred until 0ms
+119.179669177s 217 caf.Forwarder:OnOutgoingAlert(): [DEBUG] out=257 alert=/alert/emergency/veh/245/seq=0/zor=[MASKED]
+119.179669177s 217 ndn.AlertConsumer:doReceive(): [INFO ] Received alert: /alert/emergency/veh/245/seq=0/zor=[MASKED]
+119.179669187s 130 caf.Forwarder:OnIncomingAlert(): [DEBUG] in=257 alert=/alert/emergency/veh/245/seq=0/zor=[MASKED]
+119.179669187s 130 caf.Forwarder:AlertVehicleHandler(): [DEBUG] in= (257,0) alert=/alert/emergency/veh/245/seq=0/zor=[MASKED] timer cancelled because sender closer to ZoR
+119.179669192s 190 caf.Forwarder:OnIncomingAlert(): [DEBUG] in=257 alert=/alert/emergency/veh/245/seq=0/zor=[MASKED]
+119.179669192s 190 caf.Forwarder:AlertVehicleHandler(): [DEBUG] in=(257,0) alert=/alert/emergency/veh/245/seq=0/zor=[MASKED] decision=forward to vehicles deferred until 0ms
+119.179669192s 190 caf.Forwarder:OnOutgoingAlert(): [DEBUG] out=257 alert=/alert/emergency/veh/245/seq=0/zor=[MASKED]
+119.179669192s 190 ndn.AlertConsumer:doReceive(): [INFO ] Received alert: /alert/emergency/veh/245/seq=0/zor=[MASKED]
+119.179669204s 209 caf.Forwarder:OnIncomingAlert(): [DEBUG] in=257 alert=/alert/emergency/veh/245/seq=0/zor=[MASKED]
+119.179669204s 209 caf.Forwarder:AlertVehicleHandler(): [DEBUG] in=(257,0) alert=/alert/emergency/veh/245/seq=0/zor=[MASKED] decision=forward to vehicles deferred until 0ms
+119.179669204s 209 caf.Forwarder:OnOutgoingAlert(): [DEBUG] out=257 alert=/alert/emergency/veh/245/seq=0/zor=[MASKED]
+119.179669204s 209 ndn.AlertConsumer:doReceive(): [INFO ] Received alert: /alert/emergency/veh/245/seq=0/zor=[MASKED]
+119.179669207s 153 caf.Forwarder:OnIncomingAlert(): [DEBUG] in=257 alert=/alert/emergency/veh/245/seq=0/zor=[MASKED]
+119.179669207s 153 caf.Forwarder:AlertVehicleHandler(): [DEBUG] in=(257,0) alert=/alert/emergency/veh/245/seq=0/zor=[MASKED] decision=forward to vehicles deferred until 0ms
+119.179669207s 153 caf.Forwarder:OnOutgoingAlert(): [DEBUG] out=257 alert=/alert/emergency/veh/245/seq=0/zor=[MASKED]
+119.179669207s 153 ndn.AlertConsumer:doReceive(): [INFO ] Received alert: /alert/emergency/veh/245/seq=0/zor=[MASKED]
+119.179669208s 232 caf.Forwarder:OnIncomingAlert(): [DEBUG] in=257 alert=/alert/emergency/veh/245/seq=0/zor=[MASKED]
+119.179669208s 232 caf.Forwarder:AlertVehicleHandler(): [DEBUG] in=(257,0) alert=/alert/emergency/veh/245/seq=0/zor=[MASKED] decision=drop because duplicate alert
+119.179669219s 185 caf.Forwarder:OnIncomingAlert(): [DEBUG] in=257 alert=/alert/emergency/veh/245/seq=0/zor=[MASKED]
+119.179669219s 185 caf.Forwarder:AlertVehicleHandler(): [DEBUG] in=(257,0) alert=/alert/emergency/veh/245/seq=0/zor=[MASKED] decision=forward to vehicles deferred until 0ms
+119.179669219s 185 caf.Forwarder:OnOutgoingAlert(): [DEBUG] out=257 alert=/alert/emergency/veh/245/seq=0/zor=[MASKED]
+119.179669219s 185 ndn.AlertConsumer:doReceive(): [INFO ] Received alert: /alert/emergency/veh/245/seq=0/zor=[MASKED]
+119.427736544s 244 ndn.RandomAlertProducer:SendAlert(): [LOGIC] Don't send alert; condition failed
+119.984113024s 243 ndn.RandomAlertProducer:SendAlert(): [LOGIC] Don't send alert; condition failed
