/home/crackedcookie53/Project/ns-3/bindings/python/wscript:333: SyntaxWarning: invalid escape sequence '\d'
  m = re.match( "^castxml version (\d\.\d)(-)?(\w+)?", castxml_version_line)
+60.000000000s 17 ndn.AlertConsumer:StartApplication(): [DEBUG] StartApplication()
+60.000000000s 18 ndn.AlertConsumer:StartApplication(): [DEBUG] StartApplication()
+60.000000000s 19 ndn.AlertConsumer:StartApplication(): [DEBUG] StartApplication()
+60.000000000s 20 ndn.AlertConsumer:StartApplication(): [DEBUG] StartApplication()
+60.000000000s 21 ndn.AlertConsumer:StartApplication(): [DEBUG] StartApplication()
+60.000000000s 22 ndn.AlertConsumer:StartApplication(): [DEBUG] StartApplication()
+60.000000000s 23 ndn.AlertConsumer:StartApplication(): [DEBUG] StartApplication()
+60.000000000s 24 ndn.AlertConsumer:StartApplication(): [DEBUG] StartApplication()
+60.000000000s 25 ndn.AlertConsumer:StartApplication(): [DEBUG] StartApplication()
+60.000000000s 26 ndn.AlertConsumer:StartApplication(): [DEBUG] StartApplication()
+60.000000000s 27 ndn.AlertConsumer:StartApplication(): [DEBUG] StartApplication()
+60.000000000s 28 ndn.AlertConsumer:StartApplication(): [DEBUG] StartApplication()
+60.000000000s 29 ndn.AlertConsumer:StartApplication(): [DEBUG] StartApplication()
+60.000000000s 30 ndn.AlertConsumer:StartApplication(): [DEBUG] StartApplication()
+60.000000000s 31 ndn.AlertConsumer:StartApplication(): [DEBUG] StartApplication()
+60.000000000s 32 ndn.AlertConsumer:StartApplication(): [DEBUG] StartApplication()
+60.000000000s 33 ndn.AlertConsumer:StartApplication(): [DEBUG] StartApplication()
+60.000000000s 34 ndn.AlertConsumer:StartApplication(): [DEBUG] StartApplication()
+60.000000000s 35 ndn.AlertConsumer:StartApplication(): [DEBUG] StartApplication()
+60.000000000s 36 ndn.AlertConsumer:StartApplication(): [DEBUG] StartApplication()
+60.000000000s 37 ndn.AlertConsumer:StartApplication(): [DEBUG] StartApplication()
+60.000000000s 38 ndn.AlertConsumer:StartApplication(): [DEBUG] StartApplication()
+60.000000000s 39 ndn.AlertConsumer:StartApplication(): [DEBUG] StartApplication()
+60.000000000s 40 ndn.AlertConsumer:StartApplication(): [DEBUG] StartApplication()
+60.000000000s 41 ndn.AlertConsumer:StartApplication(): [DEBUG] StartApplication()
+60.000000000s 42 ndn.AlertConsumer:StartApplication(): [DEBUG] StartApplication()
+60.000000000s 43 ndn.AlertConsumer:StartApplication(): [DEBUG] StartApplication()
+60.000000000s 44 ndn.AlertConsumer:StartApplication(): [DEBUG] StartApplication()
+60.000000000s 45 ndn.AlertConsumer:StartApplication(): [DEBUG] StartApplication()
+60.000000000s 46 ndn.AlertConsumer:StartApplication(): [DEBUG] StartApplication()
+60.000000000s 47 ndn.AlertConsumer:StartApplication(): [DEBUG] StartApplication()
+60.000000000s 48 ndn.AlertConsumer:StartApplication(): [DEBUG] StartApplication()
+60.000000000s 49 ndn.AlertConsumer:StartApplication(): [DEBUG] StartApplication()
+60.000000000s 50 ndn.AlertConsumer:StartApplication(): [DEBUG] StartApplication()
+60.000000000s 51 ndn.AlertConsumer:StartApplication(): [DEBUG] StartApplication()
+60.000000000s 52 ndn.AlertConsumer:StartApplication(): [DEBUG] StartApplication()
+60.000000000s 53 ndn.AlertConsumer:StartApplication(): [DEBUG] StartApplication()
+60.000000000s 54 ndn.AlertConsumer:StartApplication(): [DEBUG] StartApplication()
+60.000000000s 55 ndn.AlertConsumer:StartApplication(): [DEBUG] StartApplication()
+60.000000000s 56 ndn.AlertConsumer:StartApplication(): [DEBUG] StartApplication()
+60.000000000s 57 ndn.AlertConsumer:StartApplication(): [DEBUG] StartApplication()
+60.000000000s 58 ndn.AlertConsumer:StartApplication(): [DEBUG] StartApplication()
+60.000000000s 59 ndn.AlertConsumer:StartApplication(): [DEBUG] StartApplication()
+60.000000000s 60 ndn.AlertConsumer:StartApplication(): [DEBUG] StartApplication()
+60.000000000s 61 ndn.AlertConsumer:StartApplication(): [DEBUG] StartApplication()
+60.000000000s 62 ndn.AlertConsumer:StartApplication(): [DEBUG] StartApplication()
+60.000000000s 63 ndn.AlertConsumer:StartApplication(): [DEBUG] StartApplication()
+60.000000000s 64 ndn.AlertConsumer:StartApplication(): [DEBUG] StartApplication()
+60.000000000s 65 ndn.AlertConsumer:StartApplication(): [DEBUG] StartApplication()
+60.000000000s 66 ndn.AlertConsumer:StartApplication(): [DEBUG] StartApplication()
+60.000000000s 67 ndn.AlertConsumer:StartApplication(): [DEBUG] StartApplication()
+60.000000000s 68 ndn.AlertConsumer:StartApplication(): [DEBUG] StartApplication()
+60.000000000s 69 ndn.AlertConsumer:StartApplication(): [DEBUG] StartApplication()
+60.000000000s 70 ndn.AlertConsumer:StartApplication(): [DEBUG] StartApplication()
+60.000000000s 71 ndn.AlertConsumer:StartApplication(): [DEBUG] StartApplication()
+60.000000000s 72 ndn.AlertConsumer:StartApplication(): [DEBUG] StartApplication()
+60.000000000s 73 ndn.AlertConsumer:StartApplication(): [DEBUG] StartApplication()
+60.000000000s 74 ndn.AlertConsumer:StartApplication(): [DEBUG] StartApplication()
+60.000000000s 75 ndn.AlertConsumer:StartApplication(): [DEBUG] StartApplication()
+60.000000000s 76 ndn.AlertConsumer:StartApplication(): [DEBUG] StartApplication()
+60.000000000s 77 ndn.AlertConsumer:StartApplication(): [DEBUG] StartApplication()
+60.000000000s 78 ndn.AlertConsumer:StartApplication(): [DEBUG] StartApplication()
+60.000000000s 79 ndn.AlertConsumer:StartApplication(): [DEBUG] StartApplication()
+60.000000000s 80 ndn.AlertConsumer:StartApplication(): [DEBUG] StartApplication()
+60.000000000s 81 ndn.AlertConsumer:StartApplication(): [DEBUG] StartApplication()
+60.000000000s 82 ndn.AlertConsumer:StartApplication(): [DEBUG] StartApplication()
+60.000000000s 83 ndn.AlertConsumer:StartApplication(): [DEBUG] StartApplication()
+60.000000000s 84 ndn.AlertConsumer:StartApplication(): [DEBUG] StartApplication()
+60.000000000s 85 ndn.AlertConsumer:StartApplication(): [DEBUG] StartApplication()
+60.000000000s 86 ndn.AlertConsumer:StartApplication(): [DEBUG] StartApplication()
+60.000000000s 87 ndn.AlertConsumer:StartApplication(): [DEBUG] StartApplication()
+60.000000000s 88 ndn.AlertConsumer:StartApplication(): [DEBUG] StartApplication()
+60.000000000s 89 ndn.AlertConsumer:StartApplication(): [DEBUG] StartApplication()
+60.000000000s 90 ndn.AlertConsumer:StartApplication(): [DEBUG] StartApplication()
+60.000000000s 91 ndn.AlertConsumer:StartApplication(): [DEBUG] StartApplication()
+60.000000000s 92 ndn.AlertConsumer:StartApplication(): [DEBUG] StartApplication()
+60.000000000s 93 ndn.AlertConsumer:StartApplication(): [DEBUG] StartApplication()
+60.000000000s 94 ndn.AlertConsumer:StartApplication(): [DEBUG] StartApplication()
+60.000000000s 95 ndn.AlertConsumer:StartApplication(): [DEBUG] StartApplication()
+60.000000000s 96 ndn.AlertConsumer:StartApplication(): [DEBUG] StartApplication()
+60.000000000s 97 ndn.AlertConsumer:StartApplication(): [DEBUG] StartApplication()
+60.000000000s 98 ndn.AlertConsumer:StartApplication(): [DEBUG] StartApplication()
+60.000000000s 99 ndn.AlertConsumer:StartApplication(): [DEBUG] StartApplication()
+60.000000000s 100 ndn.AlertConsumer:StartApplication(): [DEBUG] StartApplication()
+60.000000000s 101 ndn.AlertConsumer:StartApplication(): [DEBUG] StartApplication()
+60.000000000s 102 ndn.AlertConsumer:StartApplication(): [DEBUG] StartApplication()
+60.000000000s 103 ndn.AlertConsumer:StartApplication(): [DEBUG] StartApplication()
+60.000000000s 104 ndn.AlertConsumer:StartApplication(): [DEBUG] StartApplication()
+60.000000000s 105 ndn.AlertConsumer:StartApplication(): [DEBUG] StartApplication()
+60.000000000s 106 ndn.AlertConsumer:StartApplication(): [DEBUG] StartApplication()
+60.000000000s 107 ndn.AlertConsumer:StartApplication(): [DEBUG] StartApplication()
+60.000000000s 108 ndn.AlertConsumer:StartApplication(): [DEBUG] StartApplication()
+60.000000000s 109 ndn.AlertConsumer:StartApplication(): [DEBUG] StartApplication()
+60.000000000s 110 ndn.AlertConsumer:StartApplication(): [DEBUG] StartApplication()
+60.000000000s 111 ndn.AlertConsumer:StartApplication(): [DEBUG] StartApplication()
+60.000000000s 112 ndn.AlertConsumer:StartApplication(): [DEBUG] StartApplication()
+60.000000000s 113 ndn.AlertConsumer:StartApplication(): [DEBUG] StartApplication()
+60.000000000s 114 ndn.AlertConsumer:StartApplication(): [DEBUG] StartApplication()
+60.000000000s 115 ndn.AlertConsumer:StartApplication(): [DEBUG] StartApplication()
+60.000000000s 116 ndn.AlertConsumer:StartApplication(): [DEBUG] StartApplication()
+60.000000000s 117 ndn.AlertConsumer:StartApplication(): [DEBUG] StartApplication()
+60.000000000s 118 ndn.AlertConsumer:StartApplication(): [DEBUG] StartApplication()
+60.000000000s 119 ndn.AlertConsumer:StartApplication(): [DEBUG] StartApplication()
+60.000000000s 120 ndn.AlertConsumer:StartApplication(): [DEBUG] StartApplication()
+60.000000000s 121 ndn.AlertConsumer:StartApplication(): [DEBUG] StartApplication()
+60.000000000s 122 ndn.AlertConsumer:StartApplication(): [DEBUG] StartApplication()
+60.000000000s 123 ndn.AlertConsumer:StartApplication(): [DEBUG] StartApplication()
+60.000000000s 124 ndn.AlertConsumer:StartApplication(): [DEBUG] StartApplication()
+60.000000000s 125 ndn.AlertConsumer:StartApplication(): [DEBUG] StartApplication()
+60.000000000s 126 ndn.AlertConsumer:StartApplication(): [DEBUG] StartApplication()
+60.000000000s 127 ndn.AlertConsumer:StartApplication(): [DEBUG] StartApplication()
+60.000000000s 128 ndn.AlertConsumer:StartApplication(): [DEBUG] StartApplication()
+60.000000000s 129 ndn.AlertConsumer:StartApplication(): [DEBUG] StartApplication()
+60.000000000s 130 ndn.AlertConsumer:StartApplication(): [DEBUG] StartApplication()
+60.000000000s 131 ndn.AlertConsumer:StartApplication(): [DEBUG] StartApplication()
+60.000000000s 132 ndn.AlertConsumer:StartApplication(): [DEBUG] StartApplication()
+60.000000000s 133 ndn.AlertConsumer:StartApplication(): [DEBUG] StartApplication()
+60.000000000s 134 ndn.AlertConsumer:StartApplication(): [DEBUG] StartApplication()
+60.000000000s 135 ndn.AlertConsumer:StartApplication(): [DEBUG] StartApplication()
+60.000000000s 136 ndn.AlertConsumer:StartApplication(): [DEBUG] StartApplication()
+60.000000000s 137 ndn.AlertConsumer:StartApplication(): [DEBUG] StartApplication()
+60.000000000s 138 ndn.AlertConsumer:StartApplication(): [DEBUG] StartApplication()
+60.000000000s 139 ndn.AlertConsumer:StartApplication(): [DEBUG] StartApplication()
+60.000000000s 140 ndn.AlertConsumer:StartApplication(): [DEBUG] StartApplication()
+60.000000000s 141 ndn.AlertConsumer:StartApplication(): [DEBUG] StartApplication()
+60.000000000s 142 ndn.AlertConsumer:StartApplication(): [DEBUG] StartApplication()
+60.000000000s 143 ndn.AlertConsumer:StartApplication(): [DEBUG] StartApplication()
+60.000000000s 144 ndn.AlertConsumer:StartApplication(): [DEBUG] StartApplication()
+60.000000000s 145 ndn.AlertConsumer:StartApplication(): [DEBUG] StartApplication()
+60.000000000s 146 ndn.AlertConsumer:StartApplication(): [DEBUG] StartApplication()
+60.000000000s 147 ndn.AlertConsumer:StartApplication(): [DEBUG] StartApplication()
+60.000000000s 148 ndn.AlertConsumer:StartApplication(): [DEBUG] StartApplication()
+60.000000000s 149 ndn.AlertConsumer:StartApplication(): [DEBUG] StartApplication()
+60.000000000s 150 ndn.AlertConsumer:StartApplication(): [DEBUG] StartApplication()
+60.000000000s 151 ndn.AlertConsumer:StartApplication(): [DEBUG] StartApplication()
+60.000000000s 152 ndn.AlertConsumer:StartApplication(): [DEBUG] StartApplication()
+60.000000000s 153 ndn.AlertConsumer:StartApplication(): [DEBUG] StartApplication()
+60.000000000s 154 ndn.AlertConsumer:StartApplication(): [DEBUG] StartApplication()
+60.000000000s 155 ndn.AlertConsumer:StartApplication(): [DEBUG] StartApplication()
+60.000000000s 156 ndn.AlertConsumer:StartApplication(): [DEBUG] StartApplication()
+60.000000000s 157 ndn.AlertConsumer:StartApplication(): [DEBUG] StartApplication()
+60.000000000s 158 ndn.AlertConsumer:StartApplication(): [DEBUG] StartApplication()
+60.000000000s 159 ndn.AlertConsumer:StartApplication(): [DEBUG] StartApplication()
+60.000000000s 160 ndn.AlertConsumer:StartApplication(): [DEBUG] StartApplication()
+60.000000000s 161 ndn.AlertConsumer:StartApplication(): [DEBUG] StartApplication()
+60.000000000s 162 ndn.AlertConsumer:StartApplication(): [DEBUG] StartApplication()
+60.000000000s 163 ndn.AlertConsumer:StartApplication(): [DEBUG] StartApplication()
+60.000000000s 164 ndn.AlertConsumer:StartApplication(): [DEBUG] StartApplication()
+60.000000000s 165 ndn.AlertConsumer:StartApplication(): [DEBUG] StartApplication()
+60.000000000s 166 ndn.AlertConsumer:StartApplication(): [DEBUG] StartApplication()
+60.000000000s 167 ndn.AlertConsumer:StartApplication(): [DEBUG] StartApplication()
+60.000000000s 168 ndn.AlertConsumer:StartApplication(): [DEBUG] StartApplication()
+60.000000000s 169 ndn.AlertConsumer:StartApplication(): [DEBUG] StartApplication()
+60.000000000s 170 ndn.AlertConsumer:StartApplication(): [DEBUG] StartApplication()
+60.000000000s 171 ndn.AlertConsumer:StartApplication(): [DEBUG] StartApplication()
+60.000000000s 172 ndn.AlertConsumer:StartApplication(): [DEBUG] StartApplication()
+60.873523344s 75 ndn.RandomAlertProducer:AlertSupplier(): [LOGIC] Send alert=/alert/emergency/veh/75/seq=0/zor=[MASKED] vehCount=44 rsuCount=9
+60.873523344s 75 caf.Forwarder:OnIncomingAlert(): [DEBUG] in=260 alert=/alert/emergency/veh/75/seq=0/zor=[MASKED]
+60.873523344s 75 caf.Forwarder:AlertVehicleHandler(): [DEBUG] in=(260,0) alert=/alert/emergency/veh/75/seq=0/zor=[MASKED] decision=forward to vehicles
+60.873523344s 75 caf.Forwarder:OnOutgoingAlert(): [DEBUG] out=257 alert=/alert/emergency/veh/75/seq=0/zor=[MASKED]
+60.874393364s 76 caf.Forwarder:OnIncomingAlert(): [DEBUG] in=257 alert=/alert/emergency/veh/75/seq=0/zor=[MASKED]
+60.874393364s 76 caf.Forwarder:AlertVehicleHandler(): [DEBUG] in=(257,0) alert=/alert/emergency/veh/75/seq=0/zor=[MASKED] decision=drop since sender is closer
+60.874393416s 78 caf.Forwarder:OnIncomingAlert(): [DEBUG] in=257 alert=/alert/emergency/veh/75/seq=0/zor=[MASKED]
+60.874393416s 78 caf.Forwarder:AlertVehicleHandler(): [DEBUG] in=(257,0) alert=/alert/emergency/veh/75/seq=0/zor=[MASKED] decision=drop since sender is closer
+60.874393462s 70 caf.Forwarder:OnIncomingAlert(): [DEBUG] in=257 alert=/alert/emergency/veh/75/seq=0/zor=[MASKED]
+60.874393462s 70 caf.Forwarder:AlertVehicleHandler(): [DEBUG] in=(257,0) alert=/alert/emergency/veh/75/seq=0/zor=[MASKED] decision=forward to vehicles deferred until 1.48683ms
+60.875880294s 70 caf.Forwarder:OnOutgoingAlert(): [DEBUG] out=257 alert=/alert/emergency/veh/75/seq=0/zor=[MASKED]
+60.876750362s 67 caf.Forwarder:OnIncomingAlert(): [DEBUG] in=257 alert=/alert/emergency/veh/75/seq=0/zor=[MASKED]
+60.876750362s 67 caf.Forwarder:AlertVehicleHandler(): [DEBUG] in=(257,0) alert=/alert/emergency/veh/75/seq=0/zor=[MASKED] decision=forward to vehicles deferred until 2.99064ms
+60.876750412s 75 caf.Forwarder:OnIncomingAlert(): [DEBUG] in=257 alert=/alert/emergency/veh/75/seq=0/zor=[MASKED]
+60.876750412s 75 caf.Forwarder:AlertVehicleHandler(): [DEBUG] in=(257,0) alert=/alert/emergency/veh/75/seq=0/zor=[MASKED] decision=drop because duplicate alert
+60.876750423s 71 caf.Forwarder:OnIncomingAlert(): [DEBUG] in=257 alert=/alert/emergency/veh/75/seq=0/zor=[MASKED]
+60.876750423s 71 caf.Forwarder:AlertVehicleHandler(): [DEBUG] in=(257,0) alert=/alert/emergency/veh/75/seq=0/zor=[MASKED] decision=forward to vehicles deferred until 1.13774ms
+60.876750428s 76 caf.Forwarder:OnIncomingAlert(): [DEBUG] in=257 alert=/alert/emergency/veh/75/seq=0/zor=[MASKED]
+60.876750428s 76 caf.Forwarder:AlertVehicleHandler(): [DEBUG] in=(257,0) alert=/alert/emergency/veh/75/seq=0/zor=[MASKED] decision=drop because duplicate alert
+60.876750442s 17 caf.Forwarder:OnIncomingAlert(): [DEBUG] in=257 alert=/alert/emergency/veh/75/seq=0/zor=[MASKED]
+60.876750442s 17 caf.Forwarder:AlertVehicleHandler(): [DEBUG] in=(257,0) alert=/alert/emergency/veh/75/seq=0/zor=[MASKED] decision=forward to vehicles deferred until 0.559074ms
+60.877309516s 17 caf.Forwarder:OnOutgoingAlert(): [DEBUG] out=257 alert=/alert/emergency/veh/75/seq=0/zor=[MASKED]
+60.877888165s 71 caf.Forwarder:OnOutgoingAlert(): [DEBUG] out=257 alert=/alert/emergency/veh/75/seq=0/zor=[MASKED]
+60.878179543s 71 caf.Forwarder:OnIncomingAlert(): [DEBUG] in=257 alert=/alert/emergency/veh/75/seq=0/zor=[MASKED]
+60.878179543s 71 caf.Forwarder:AlertVehicleHandler(): [DEBUG] in=(257,0) alert=/alert/emergency/veh/75/seq=0/zor=[MASKED] decision=drop because duplicate alert
+60.878179599s 67 caf.Forwarder:OnIncomingAlert(): [DEBUG] in=257 alert=/alert/emergency/veh/75/seq=0/zor=[MASKED]
+60.878179599s 67 caf.Forwarder:AlertVehicleHandler(): [DEBUG] in= (257,0) alert=/alert/emergency/veh/75/seq=0/zor=[MASKED] timer cancelled because sender closer to ZoR
+60.878179664s 70 caf.Forwarder:OnIncomingAlert(): [DEBUG] in=257 alert=/alert/emergency/veh/75/seq=0/zor=[MASKED]
+60.878179664s 70 caf.Forwarder:AlertVehicleHandler(): [DEBUG] in=(257,0) alert=/alert/emergency/veh/75/seq=0/zor=[MASKED] decision=drop because duplicate alert
+60.879088570s 17 caf.Forwarder:OnIncomingAlert(): [DEBUG] in=257 alert=/alert/emergency/veh/75/seq=0/zor=[MASKED]
+60.879088570s 17 caf.Forwarder:AlertVehicleHandler(): [DEBUG] in=(257,0) alert=/alert/emergency/veh/75/seq=0/zor=[MASKED] decision=drop because duplicate alert
+60.879088605s 67 caf.Forwarder:OnIncomingAlert(): [DEBUG] in=257 alert=/alert/emergency/veh/75/seq=0/zor=[MASKED]
+60.879088605s 67 caf.Forwarder:AlertVehicleHandler(): [DEBUG] in=(257,0) alert=/alert/emergency/veh/75/seq=0/zor=[MASKED] decision=drop because duplicate alert
+60.879088672s 70 caf.Forwarder:OnIncomingAlert(): [DEBUG] in=257 alert=/alert/emergency/veh/75/seq=0/zor=[MASKED]
+60.879088672s 70 caf.Forwarder:AlertVehicleHandler(): [DEBUG] in=(257,0) alert=/alert/emergency/veh/75/seq=0/zor=[MASKED] decision=drop because duplicate alert
+61.833624090s 76 ndn.RandomAlertProducer:SendAlert(): [LOGIC] Don't send alert; condition failed
+63.308171655s 78 ndn.RandomAlertProducer:AlertSupplier(): [LOGIC] Send alert=/alert/emergency/veh/78/seq=0/zor=[MASKED] vehCount=44 rsuCount=9
+63.308171655s 78 caf.Forwarder:OnIncomingAlert(): [DEBUG] in=260 alert=/alert/emergency/veh/78/seq=0/zor=[MASKED]
+63.308171655s 78 caf.Forwarder:AlertVehicleHandler(): [DEBUG] in=(260,0) alert=/alert/emergency/veh/78/seq=0/zor=[MASKED] decision=forward to vehicles
+63.308171655s 78 caf.Forwarder:OnOutgoingAlert(): [DEBUG] out=257 alert=/alert/emergency/veh/78/seq=0/zor=[MASKED]
+63.309041722s 76 caf.Forwarder:OnIncomingAlert(): [DEBUG] in=257 alert=/alert/emergency/veh/78/seq=0/zor=[MASKED]
+63.309041722s 76 caf.Forwarder:AlertVehicleHandler(): [DEBUG] in=(257,0) alert=/alert/emergency/veh/78/seq=0/zor=[MASKED] decision=forward to vehicles deferred until 3.00994ms
+63.309041728s 75 caf.Forwarder:OnIncomingAlert(): [DEBUG] in=257 alert=/alert/emergency/veh/78/seq=0/zor=[MASKED]
+63.309041728s 75 caf.Forwarder:AlertVehicleHandler(): [DEBUG] in=(257,0) alert=/alert/emergency/veh/78/seq=0/zor=[MASKED] decision=forward to vehicles deferred until 2.83071ms
+63.309041779s 81 caf.Forwarder:OnIncomingAlert(): [DEBUG] in=257 alert=/alert/emergency/veh/78/seq=0/zor=[MASKED]
+63.309041779s 81 caf.Forwarder:AlertVehicleHandler(): [DEBUG] in=(257,0) alert=/alert/emergency/veh/78/seq=0/zor=[MASKED] decision=drop since sender is closer
+63.309041790s 17 caf.Forwarder:OnIncomingAlert(): [DEBUG] in=257 alert=/alert/emergency/veh/78/seq=0/zor=[MASKED]
+63.309041790s 17 caf.Forwarder:AlertVehicleHandler(): [DEBUG] in=(257,0) alert=/alert/emergency/veh/78/seq=0/zor=[MASKED] decision=forward to vehicles deferred until 0.973982ms
+63.310015772s 17 caf.Forwarder:OnOutgoingAlert(): [DEBUG] out=257 alert=/alert/emergency/veh/78/seq=0/zor=[MASKED]
+63.310885835s 70 caf.Forwarder:OnIncomingAlert(): [DEBUG] in=257 alert=/alert/emergency/veh/78/seq=0/zor=[MASKED]
+63.310885835s 70 caf.Forwarder:AlertVehicleHandler(): [DEBUG] in=(257,0) alert=/alert/emergency/veh/78/seq=0/zor=[MASKED] decision=forward to vehicles deferred until 3.15138ms
+63.310885835s 75 caf.Forwarder:OnIncomingAlert(): [DEBUG] in=257 alert=/alert/emergency/veh/78/seq=0/zor=[MASKED]
+63.310885835s 75 caf.Forwarder:AlertVehicleHandler(): [DEBUG] in= (257,0) alert=/alert/emergency/veh/78/seq=0/zor=[MASKED] timer cancelled because sender closer to ZoR
+63.310885846s 76 caf.Forwarder:OnIncomingAlert(): [DEBUG] in=257 alert=/alert/emergency/veh/78/seq=0/zor=[MASKED]
+63.310885846s 76 caf.Forwarder:AlertVehicleHandler(): [DEBUG] in= (257,0) alert=/alert/emergency/veh/78/seq=0/zor=[MASKED] timer cancelled because sender closer to ZoR
+63.310885900s 67 caf.Forwarder:OnIncomingAlert(): [DEBUG] in=257 alert=/alert/emergency/veh/78/seq=0/zor=[MASKED]
+63.310885900s 67 caf.Forwarder:AlertVehicleHandler(): [DEBUG] in=(257,0) alert=/alert/emergency/veh/78/seq=0/zor=[MASKED] decision=forward to vehicles deferred until 1.17545ms
+63.310885907s 78 caf.Forwarder:OnIncomingAlert(): [DEBUG] in=257 alert=/alert/emergency/veh/78/seq=0/zor=[MASKED]
+63.310885907s 78 caf.Forwarder:AlertVehicleHandler(): [DEBUG] in=(257,0) alert=/alert/emergency/veh/78/seq=0/zor=[MASKED] decision=drop because duplicate alert
+63.312061351s 67 caf.Forwarder:OnOutgoingAlert(): [DEBUG] out=257 alert=/alert/emergency/veh/78/seq=0/zor=[MASKED]
+63.312931421s 70 caf.Forwarder:OnIncomingAlert(): [DEBUG] in=257 alert=/alert/emergency/veh/78/seq=0/zor=[MASKED]
+63.312931421s 70 caf.Forwarder:AlertVehicleHandler(): [DEBUG] in= (257,0) alert=/alert/emergency/veh/78/seq=0/zor=[MASKED] timer cancelled because sender closer to ZoR
+63.312931439s 71 caf.Forwarder:OnIncomingAlert(): [DEBUG] in=257 alert=/alert/emergency/veh/78/seq=0/zor=[MASKED]
+63.312931439s 71 caf.Forwarder:AlertVehicleHandler(): [DEBUG] in=(257,0) alert=/alert/emergency/veh/78/seq=0/zor=[MASKED] decision=forward to vehicles deferred until 2.37388ms
+63.312931479s 17 caf.Forwarder:OnIncomingAlert(): [DEBUG] in=257 alert=/alert/emergency/veh/78/seq=0/zor=[MASKED]
+63.312931479s 17 caf.Forwarder:AlertVehicleHandler(): [DEBUG] in=(257,0) alert=/alert/emergency/veh/78/seq=0/zor=[MASKED] decision=drop because duplicate alert
+63.315305320s 71 caf.Forwarder:OnOutgoingAlert(): [DEBUG] out=257 alert=/alert/emergency/veh/78/seq=0/zor=[MASKED]
+63.316175408s 67 caf.Forwarder:OnIncomingAlert(): [DEBUG] in=257 alert=/alert/emergency/veh/78/seq=0/zor=[MASKED]
+63.316175408s 67 caf.Forwarder:AlertVehicleHandler(): [DEBUG] in=(257,0) alert=/alert/emergency/veh/78/seq=0/zor=[MASKED] decision=drop because duplicate alert
+63.316175412s 19 caf.Forwarder:OnIncomingAlert(): [DEBUG] in=257 alert=/alert/emergency/veh/78/seq=0/zor=[MASKED]
+63.316175412s 19 caf.Forwarder:AlertVehicleHandler(): [DEBUG] in=(257,0) alert=/alert/emergency/veh/78/seq=0/zor=[MASKED] decision=forward to vehicles deferred until 0ms
+63.316175412s 19 caf.Forwarder:OnOutgoingAlert(): [DEBUG] out=257 alert=/alert/emergency/veh/78/seq=0/zor=[MASKED]
+63.316175412s 19 ndn.AlertConsumer:doReceive(): [INFO ] Received alert: /alert/emergency/veh/78/seq=0/zor=[MASKED]
+63.316175478s 70 caf.Forwarder:OnIncomingAlert(): [DEBUG] in=257 alert=/alert/emergency/veh/78/seq=0/zor=[MASKED]
+63.316175478s 70 caf.Forwarder:AlertVehicleHandler(): [DEBUG] in=(257,0) alert=/alert/emergency/veh/78/seq=0/zor=[MASKED] decision=drop because duplicate alert
+63.317045504s 71 caf.Forwarder:OnIncomingAlert(): [DEBUG] in=257 alert=/alert/emergency/veh/78/seq=0/zor=[MASKED]
+63.317045504s 71 caf.Forwarder:AlertVehicleHandler(): [DEBUG] in=(257,0) alert=/alert/emergency/veh/78/seq=0/zor=[MASKED] decision=drop because duplicate alert
+63.317045507s 62 caf.Forwarder:OnIncomingAlert(): [DEBUG] in=257 alert=/alert/emergency/veh/78/seq=0/zor=[MASKED]
+63.317045507s 62 caf.Forwarder:AlertVehicleHandler(): [DEBUG] in=(257,0) alert=/alert/emergency/veh/78/seq=0/zor=[MASKED] decision=forward to vehicles deferred until 0ms
+63.317045507s 62 caf.Forwarder:OnOutgoingAlert(): [DEBUG] out=257 alert=/alert/emergency/veh/78/seq=0/zor=[MASKED]
+63.317045507s 62 ndn.AlertConsumer:doReceive(): [INFO ] Received alert: /alert/emergency/veh/78/seq=0/zor=[MASKED]
+63.317915602s 19 caf.Forwarder:OnIncomingAlert(): [DEBUG] in=257 alert=/alert/emergency/veh/78/seq=0/zor=[MASKED]
+63.317915602s 19 caf.Forwarder:AlertVehicleHandler(): [DEBUG] in=(257,0) alert=/alert/emergency/veh/78/seq=0/zor=[MASKED] decision=drop because duplicate alert
+63.317915638s 34 caf.Forwarder:OnIncomingAlert(): [DEBUG] in=257 alert=/alert/emergency/veh/78/seq=0/zor=[MASKED]
+63.317915638s 34 caf.Forwarder:AlertVehicleHandler(): [DEBUG] in=(257,0) alert=/alert/emergency/veh/78/seq=0/zor=[MASKED] decision=forward to vehicles deferred until 0ms
+63.317915638s 34 caf.Forwarder:OnOutgoingAlert(): [DEBUG] out=257 alert=/alert/emergency/veh/78/seq=0/zor=[MASKED]
+63.317915638s 34 ndn.AlertConsumer:doReceive(): [INFO ] Received alert: /alert/emergency/veh/78/seq=0/zor=[MASKED]
+63.318785735s 59 caf.Forwarder:OnIncomingAlert(): [DEBUG] in=257 alert=/alert/emergency/veh/78/seq=0/zor=[MASKED]
+63.318785735s 59 caf.Forwarder:AlertVehicleHandler(): [DEBUG] in=(257,0) alert=/alert/emergency/veh/78/seq=0/zor=[MASKED] decision=forward to vehicles deferred until 0ms
+63.318785735s 59 caf.Forwarder:OnOutgoingAlert(): [DEBUG] out=257 alert=/alert/emergency/veh/78/seq=0/zor=[MASKED]
+63.318785735s 59 ndn.AlertConsumer:doReceive(): [INFO ] Received alert: /alert/emergency/veh/78/seq=0/zor=[MASKED]
+63.318785740s 20 caf.Forwarder:OnIncomingAlert(): [DEBUG] in=257 alert=/alert/emergency/veh/78/seq=0/zor=[MASKED]
+63.318785740s 20 caf.Forwarder:AlertVehicleHandler(): [DEBUG] in=(257,0) alert=/alert/emergency/veh/78/seq=0/zor=[MASKED] decision=forward to vehicles deferred until 0ms
+63.318785740s 20 caf.Forwarder:OnOutgoingAlert(): [DEBUG] out=257 alert=/alert/emergency/veh/78/seq=0/zor=[MASKED]
+63.318785740s 20 ndn.AlertConsumer:doReceive(): [INFO ] Received alert: /alert/emergency/veh/78/seq=0/zor=[MASKED]
+63.318785769s 62 caf.Forwarder:OnIncomingAlert(): [DEBUG] in=257 alert=/alert/emergency/veh/78/seq=0/zor=[MASKED]
+63.318785769s 62 caf.Forwarder:AlertVehicleHandler(): [DEBUG] in=(257,0) alert=/alert/emergency/veh/78/seq=0/zor=[MASKED] decision=drop because duplicate alert
+63.318785809s 54 caf.Forwarder:OnIncomingAlert(): [DEBUG] in=257 alert=/alert/emergency/veh/78/seq=0/zor=[MASKED]
+63.318785809s 54 caf.Forwarder:AlertVehicleHandler(): [DEBUG] in=(257,0) alert=/alert/emergency/veh/78/seq=0/zor=[MASKED] decision=forward to vehicles deferred until 0ms
+63.318785809s 54 caf.Forwarder:OnOutgoingAlert(): [DEBUG] out=257 alert=/alert/emergency/veh/78/seq=0/zor=[MASKED]
+63.318785809s 54 ndn.AlertConsumer:doReceive(): [INFO ] Received alert: /alert/emergency/veh/78/seq=0/zor=[MASKED]
+63.319655840s 52 caf.Forwarder:OnIncomingAlert(): [DEBUG] in=257 alert=/alert/emergency/veh/78/seq=0/zor=[MASKED]
+63.319655840s 52 caf.Forwarder:AlertVehicleHandler(): [DEBUG] in=(257,0) alert=/alert/emergency/veh/78/seq=0/zor=[MASKED] decision=forward to vehicles deferred until 0ms
+63.319655840s 52 caf.Forwarder:OnOutgoingAlert(): [DEBUG] out=257 alert=/alert/emergency/veh/78/seq=0/zor=[MASKED]
+63.319655840s 52 ndn.AlertConsumer:doReceive(): [INFO ] Received alert: /alert/emergency/veh/78/seq=0/zor=[MASKED]
+63.319655854s 36 caf.Forwarder:OnIncomingAlert(): [DEBUG] in=257 alert=/alert/emergency/veh/78/seq=0/zor=[MASKED]
+63.319655854s 36 caf.Forwarder:AlertVehicleHandler(): [DEBUG] in=(257,0) alert=/alert/emergency/veh/78/seq=0/zor=[MASKED] decision=forward to vehicles deferred until 0ms
+63.319655854s 36 caf.Forwarder:OnOutgoingAlert(): [DEBUG] out=257 alert=/alert/emergency/veh/78/seq=0/zor=[MASKED]
+63.319655854s 36 ndn.AlertConsumer:doReceive(): [INFO ] Received alert: /alert/emergency/veh/78/seq=0/zor=[MASKED]
+63.319655867s 40 caf.Forwarder:OnIncomingAlert(): [DEBUG] in=257 alert=/alert/emergency/veh/78/seq=0/zor=[MASKED]
+63.319655867s 40 caf.Forwarder:AlertVehicleHandler(): [DEBUG] in=(257,0) alert=/alert/emergency/veh/78/seq=0/zor=[MASKED] decision=forward to vehicles deferred until 0ms
+63.319655867s 40 caf.Forwarder:OnOutgoingAlert(): [DEBUG] out=257 alert=/alert/emergency/veh/78/seq=0/zor=[MASKED]
+63.319655867s 40 ndn.AlertConsumer:doReceive(): [INFO ] Received alert: /alert/emergency/veh/78/seq=0/zor=[MASKED]
+63.319655891s 42 caf.Forwarder:OnIncomingAlert(): [DEBUG] in=257 alert=/alert/emergency/veh/78/seq=0/zor=[MASKED]
+63.319655891s 42 caf.Forwarder:AlertVehicleHandler(): [DEBUG] in=(257,0) alert=/alert/emergency/veh/78/seq=0/zor=[MASKED] decision=forward to vehicles deferred until 0ms
+63.319655891s 42 caf.Forwarder:OnOutgoingAlert(): [DEBUG] out=257 alert=/alert/emergency/veh/78/seq=0/zor=[MASKED]
+63.319655891s 42 ndn.AlertConsumer:doReceive(): [INFO ] Received alert: /alert/emergency/veh/78/seq=0/zor=[MASKED]
+63.319655908s 57 caf.Forwarder:OnIncomingAlert(): [DEBUG] in=257 alert=/alert/emergency/veh/78/seq=0/zor=[MASKED]
+63.319655908s 57 caf.Forwarder:AlertVehicleHandler(): [DEBUG] in=(257,0) alert=/alert/emergency/veh/78/seq=0/zor=[MASKED] decision=forward to vehicles deferred until 0ms
+63.319655908s 57 caf.Forwarder:OnOutgoingAlert(): [DEBUG] out=257 alert=/alert/emergency/veh/78/seq=0/zor=[MASKED]
+63.319655908s 57 ndn.AlertConsumer:doReceive(): [INFO ] Received alert: /alert/emergency/veh/78/seq=0/zor=[MASKED]
+63.337600197s 77 ndn.RandomAlertProducer:SendAlert(): [LOGIC] Don't send alert; condition failed
+64.283091059s 80 ndn.RandomAlertProducer:AlertSupplier(): [LOGIC] Send alert=/alert/emergency/veh/80/seq=0/zor=[MASKED] vehCount=44 rsuCount=9
+64.283091059s 80 caf.Forwarder:OnIncomingAlert(): [DEBUG] in=260 alert=/alert/emergency/veh/80/seq=0/zor=[MASKED]
+64.283091059s 80 caf.Forwarder:AlertVehicleHandler(): [DEBUG] in=(260,0) alert=/alert/emergency/veh/80/seq=0/zor=[MASKED] decision=forward to vehicles
+64.283091059s 80 caf.Forwarder:OnOutgoingAlert(): [DEBUG] out=257 alert=/alert/emergency/veh/80/seq=0/zor=[MASKED]
+64.283961136s 82 caf.Forwarder:OnIncomingAlert(): [DEBUG] in=257 alert=/alert/emergency/veh/80/seq=0/zor=[MASKED]
+64.283961136s 82 caf.Forwarder:AlertVehicleHandler(): [DEBUG] in=(257,0) alert=/alert/emergency/veh/80/seq=0/zor=[MASKED] decision=drop since sender is closer
+64.283961139s 18 caf.Forwarder:OnIncomingAlert(): [DEBUG] in=257 alert=/alert/emergency/veh/80/seq=0/zor=[MASKED]
+64.283961139s 18 caf.Forwarder:AlertVehicleHandler(): [DEBUG] in=(257,0) alert=/alert/emergency/veh/80/seq=0/zor=[MASKED] decision=forward to vehicles deferred until 2.63201ms
+64.286593144s 18 caf.Forwarder:OnOutgoingAlert(): [DEBUG] out=257 alert=/alert/emergency/veh/80/seq=0/zor=[MASKED]
+64.287463224s 80 caf.Forwarder:OnIncomingAlert(): [DEBUG] in=257 alert=/alert/emergency/veh/80/seq=0/zor=[MASKED]
+64.287463224s 80 caf.Forwarder:AlertVehicleHandler(): [DEBUG] in=(257,0) alert=/alert/emergency/veh/80/seq=0/zor=[MASKED] decision=drop because duplicate alert
+64.287463297s 82 caf.Forwarder:OnIncomingAlert(): [DEBUG] in=257 alert=/alert/emergency/veh/80/seq=0/zor=[MASKED]
+64.287463297s 82 caf.Forwarder:AlertVehicleHandler(): [DEBUG] in=(257,0) alert=/alert/emergency/veh/80/seq=0/zor=[MASKED] decision=drop because duplicate alert
+64.287463304s 26 caf.Forwarder:OnIncomingAlert(): [DEBUG] in=257 alert=/alert/emergency/veh/80/seq=0/zor=[MASKED]
+64.287463304s 26 caf.Forwarder:AlertVehicleHandler(): [DEBUG] in=(257,0) alert=/alert/emergency/veh/80/seq=0/zor=[MASKED] decision=forward to vehicles deferred until 0.21825ms
+64.287681553s 26 caf.Forwarder:OnOutgoingAlert(): [DEBUG] out=257 alert=/alert/emergency/veh/80/seq=0/zor=[MASKED]
+64.288551648s 74 caf.Forwarder:OnIncomingAlert(): [DEBUG] in=257 alert=/alert/emergency/veh/80/seq=0/zor=[MASKED]
+64.288551648s 74 caf.Forwarder:AlertVehicleHandler(): [DEBUG] in=(257,0) alert=/alert/emergency/veh/80/seq=0/zor=[MASKED] decision=forward to vehicles deferred until 2.18381ms
+64.288551713s 18 caf.Forwarder:OnIncomingAlert(): [DEBUG] in=257 alert=/alert/emergency/veh/80/seq=0/zor=[MASKED]
+64.288551713s 18 caf.Forwarder:AlertVehicleHandler(): [DEBUG] in=(257,0) alert=/alert/emergency/veh/80/seq=0/zor=[MASKED] decision=drop because duplicate alert
+64.290735457s 74 caf.Forwarder:OnOutgoingAlert(): [DEBUG] out=257 alert=/alert/emergency/veh/80/seq=0/zor=[MASKED]
+64.291605542s 69 caf.Forwarder:OnIncomingAlert(): [DEBUG] in=257 alert=/alert/emergency/veh/80/seq=0/zor=[MASKED]
+64.291605542s 69 caf.Forwarder:AlertVehicleHandler(): [DEBUG] in=(257,0) alert=/alert/emergency/veh/80/seq=0/zor=[MASKED] decision=forward to vehicles deferred until 2.46486ms
+64.291605552s 26 caf.Forwarder:OnIncomingAlert(): [DEBUG] in=257 alert=/alert/emergency/veh/80/seq=0/zor=[MASKED]
+64.291605552s 26 caf.Forwarder:AlertVehicleHandler(): [DEBUG] in=(257,0) alert=/alert/emergency/veh/80/seq=0/zor=[MASKED] decision=drop because duplicate alert
+64.291605595s 66 caf.Forwarder:OnIncomingAlert(): [DEBUG] in=257 alert=/alert/emergency/veh/80/seq=0/zor=[MASKED]
+64.291605595s 66 caf.Forwarder:AlertVehicleHandler(): [DEBUG] in=(257,0) alert=/alert/emergency/veh/80/seq=0/zor=[MASKED] decision=forward to vehicles deferred until 0.878424ms
+64.292484018s 66 caf.Forwarder:OnOutgoingAlert(): [DEBUG] out=257 alert=/alert/emergency/veh/80/seq=0/zor=[MASKED]
+64.293354071s 69 caf.Forwarder:OnIncomingAlert(): [DEBUG] in=257 alert=/alert/emergency/veh/80/seq=0/zor=[MASKED]
+64.293354071s 69 caf.Forwarder:AlertVehicleHandler(): [DEBUG] in= (257,0) alert=/alert/emergency/veh/80/seq=0/zor=[MASKED] timer cancelled because sender closer to ZoR
+64.293354151s 24 caf.Forwarder:OnIncomingAlert(): [DEBUG] in=257 alert=/alert/emergency/veh/80/seq=0/zor=[MASKED]
+64.293354151s 24 caf.Forwarder:AlertVehicleHandler(): [DEBUG] in=(257,0) alert=/alert/emergency/veh/80/seq=0/zor=[MASKED] decision=forward to vehicles deferred until 0ms
+64.293354151s 24 caf.Forwarder:OnOutgoingAlert(): [DEBUG] out=257 alert=/alert/emergency/veh/80/seq=0/zor=[MASKED]
+64.293354151s 24 ndn.AlertConsumer:doReceive(): [INFO ] Received alert: /alert/emergency/veh/80/seq=0/zor=[MASKED]
+64.293354156s 74 caf.Forwarder:OnIncomingAlert(): [DEBUG] in=257 alert=/alert/emergency/veh/80/seq=0/zor=[MASKED]
+64.293354156s 74 caf.Forwarder:AlertVehicleHandler(): [DEBUG] in=(257,0) alert=/alert/emergency/veh/80/seq=0/zor=[MASKED] decision=drop because duplicate alert
+64.294224242s 61 caf.Forwarder:OnIncomingAlert(): [DEBUG] in=257 alert=/alert/emergency/veh/80/seq=0/zor=[MASKED]
+64.294224242s 61 caf.Forwarder:AlertVehicleHandler(): [DEBUG] in=(257,0) alert=/alert/emergency/veh/80/seq=0/zor=[MASKED] decision=forward to vehicles deferred until 0ms
+64.294224242s 61 caf.Forwarder:OnOutgoingAlert(): [DEBUG] out=257 alert=/alert/emergency/veh/80/seq=0/zor=[MASKED]
+64.294224242s 61 ndn.AlertConsumer:doReceive(): [INFO ] Received alert: /alert/emergency/veh/80/seq=0/zor=[MASKED]
+64.294224284s 66 caf.Forwarder:OnIncomingAlert(): [DEBUG] in=257 alert=/alert/emergency/veh/80/seq=0/zor=[MASKED]
+64.294224284s 66 caf.Forwarder:AlertVehicleHandler(): [DEBUG] in=(257,0) alert=/alert/emergency/veh/80/seq=0/zor=[MASKED] decision=drop because duplicate alert
+64.294224301s 60 caf.Forwarder:OnIncomingAlert(): [DEBUG] in=257 alert=/alert/emergency/veh/80/seq=0/zor=[MASKED]
+64.294224301s 60 caf.Forwarder:AlertVehicleHandler(): [DEBUG] in=(257,0) alert=/alert/emergency/veh/80/seq=0/zor=[MASKED] decision=forward to vehicles deferred until 0ms
+64.294224301s 60 caf.Forwarder:OnOutgoingAlert(): [DEBUG] out=257 alert=/alert/emergency/veh/80/seq=0/zor=[MASKED]
+64.294224301s 60 ndn.AlertConsumer:doReceive(): [INFO ] Received alert: /alert/emergency/veh/80/seq=0/zor=[MASKED]
+64.295094333s 24 caf.Forwarder:OnIncomingAlert(): [DEBUG] in=257 alert=/alert/emergency/veh/80/seq=0/zor=[MASKED]
+64.295094333s 24 caf.Forwarder:AlertVehicleHandler(): [DEBUG] in=(257,0) alert=/alert/emergency/veh/80/seq=0/zor=[MASKED] decision=drop because duplicate alert
+64.295094365s 58 caf.Forwarder:OnIncomingAlert(): [DEBUG] in=257 alert=/alert/emergency/veh/80/seq=0/zor=[MASKED]
+64.295094365s 58 caf.Forwarder:AlertVehicleHandler(): [DEBUG] in=(257,0) alert=/alert/emergency/veh/80/seq=0/zor=[MASKED] decision=forward to vehicles deferred until 0ms
+64.295094365s 58 caf.Forwarder:OnOutgoingAlert(): [DEBUG] out=257 alert=/alert/emergency/veh/80/seq=0/zor=[MASKED]
+64.295094365s 58 ndn.AlertConsumer:doReceive(): [INFO ] Received alert: /alert/emergency/veh/80/seq=0/zor=[MASKED]
+64.295964429s 60 caf.Forwarder:OnIncomingAlert(): [DEBUG] in=257 alert=/alert/emergency/veh/80/seq=0/zor=[MASKED]
+64.295964429s 60 caf.Forwarder:AlertVehicleHandler(): [DEBUG] in=(257,0) alert=/alert/emergency/veh/80/seq=0/zor=[MASKED] decision=drop because duplicate alert
+64.295964487s 61 caf.Forwarder:OnIncomingAlert(): [DEBUG] in=257 alert=/alert/emergency/veh/80/seq=0/zor=[MASKED]
+64.295964487s 61 caf.Forwarder:AlertVehicleHandler(): [DEBUG] in=(257,0) alert=/alert/emergency/veh/80/seq=0/zor=[MASKED] decision=drop because duplicate alert
+64.743316343s 79 ndn.RandomAlertProducer:SendAlert(): [LOGIC] Don't send alert; condition failed
+64.815943958s 81 ndn.RandomAlertProducer:AlertSupplier(): [LOGIC] Send alert=/alert/emergency/veh/81/seq=0/zor=[MASKED] vehCount=45 rsuCount=9
+64.815943958s 81 caf.Forwarder:OnIncomingAlert(): [DEBUG] in=260 alert=/alert/emergency/veh/81/seq=0/zor=[MASKED]
+64.815943958s 81 caf.Forwarder:AlertVehicleHandler(): [DEBUG] in=(260,0) alert=/alert/emergency/veh/81/seq=0/zor=[MASKED] decision=forward to vehicles
+64.815943958s 81 caf.Forwarder:OnOutgoingAlert(): [DEBUG] out=257 alert=/alert/emergency/veh/81/seq=0/zor=[MASKED]
+64.816814074s 78 caf.Forwarder:OnIncomingAlert(): [DEBUG] in=257 alert=/alert/emergency/veh/81/seq=0/zor=[MASKED]
+64.816814074s 78 caf.Forwarder:AlertVehicleHandler(): [DEBUG] in=(257,0) alert=/alert/emergency/veh/81/seq=0/zor=[MASKED] decision=forward to vehicles deferred until 1.52189ms
+64.816814082s 17 caf.Forwarder:OnIncomingAlert(): [DEBUG] in=257 alert=/alert/emergency/veh/81/seq=0/zor=[MASKED]
+64.816814082s 17 caf.Forwarder:AlertVehicleHandler(): [DEBUG] in=(257,0) alert=/alert/emergency/veh/81/seq=0/zor=[MASKED] decision=forward to vehicles deferred until 1.28354ms
+64.816814084s 83 caf.Forwarder:OnIncomingAlert(): [DEBUG] in=257 alert=/alert/emergency/veh/81/seq=0/zor=[MASKED]
+64.816814084s 83 caf.Forwarder:AlertVehicleHandler(): [DEBUG] in=(257,0) alert=/alert/emergency/veh/81/seq=0/zor=[MASKED] decision=drop since sender is closer
+64.818097624s 17 caf.Forwarder:OnOutgoingAlert(): [DEBUG] out=257 alert=/alert/emergency/veh/81/seq=0/zor=[MASKED]
+64.818335960s 78 caf.Forwarder:OnOutgoingAlert(): [DEBUG] out=257 alert=/alert/emergency/veh/81/seq=0/zor=[MASKED]
+64.818967646s 78 caf.Forwarder:OnIncomingAlert(): [DEBUG] in=257 alert=/alert/emergency/veh/81/seq=0/zor=[MASKED]
+64.818967646s 78 caf.Forwarder:AlertVehicleHandler(): [DEBUG] in=(257,0) alert=/alert/emergency/veh/81/seq=0/zor=[MASKED] decision=drop because duplicate alert
+64.818967697s 75 caf.Forwarder:OnIncomingAlert(): [DEBUG] in=257 alert=/alert/emergency/veh/81/seq=0/zor=[MASKED]
+64.818967697s 75 caf.Forwarder:AlertVehicleHandler(): [DEBUG] in=(257,0) alert=/alert/emergency/veh/81/seq=0/zor=[MASKED] decision=forward to vehicles deferred until 2.84707ms
+64.818967697s 76 caf.Forwarder:OnIncomingAlert(): [DEBUG] in=257 alert=/alert/emergency/veh/81/seq=0/zor=[MASKED]
+64.818967697s 76 caf.Forwarder:AlertVehicleHandler(): [DEBUG] in=(257,0) alert=/alert/emergency/veh/81/seq=0/zor=[MASKED] decision=forward to vehicles deferred until 2.85134ms
+64.818967748s 81 caf.Forwarder:OnIncomingAlert(): [DEBUG] in=257 alert=/alert/emergency/veh/81/seq=0/zor=[MASKED]
+64.818967748s 81 caf.Forwarder:AlertVehicleHandler(): [DEBUG] in=(257,0) alert=/alert/emergency/veh/81/seq=0/zor=[MASKED] decision=drop because duplicate alert
+64.819954668s 17 caf.Forwarder:OnIncomingAlert(): [DEBUG] in=257 alert=/alert/emergency/veh/81/seq=0/zor=[MASKED]
+64.819954668s 17 caf.Forwarder:AlertVehicleHandler(): [DEBUG] in=(257,0) alert=/alert/emergency/veh/81/seq=0/zor=[MASKED] decision=drop because duplicate alert
+64.819954716s 76 caf.Forwarder:OnIncomingAlert(): [DEBUG] in=257 alert=/alert/emergency/veh/81/seq=0/zor=[MASKED]
+64.819954720s 75 caf.Forwarder:OnIncomingAlert(): [DEBUG] in=257 alert=/alert/emergency/veh/81/seq=0/zor=[MASKED]
+64.819954762s 81 caf.Forwarder:OnIncomingAlert(): [DEBUG] in=257 alert=/alert/emergency/veh/81/seq=0/zor=[MASKED]
+64.819954762s 81 caf.Forwarder:AlertVehicleHandler(): [DEBUG] in=(257,0) alert=/alert/emergency/veh/81/seq=0/zor=[MASKED] decision=drop because duplicate alert
+64.821814766s 75 caf.Forwarder:OnOutgoingAlert(): [DEBUG] out=257 alert=/alert/emergency/veh/81/seq=0/zor=[MASKED]
+64.821819038s 76 caf.Forwarder:OnOutgoingAlert(): [DEBUG] out=257 alert=/alert/emergency/veh/81/seq=0/zor=[MASKED]
+64.822684778s 76 caf.Forwarder:OnIncomingAlert(): [DEBUG] in=257 alert=/alert/emergency/veh/81/seq=0/zor=[MASKED]
+64.822684778s 76 caf.Forwarder:AlertVehicleHandler(): [DEBUG] in=(257,0) alert=/alert/emergency/veh/81/seq=0/zor=[MASKED] decision=drop because duplicate alert
+64.822684839s 17 caf.Forwarder:OnIncomingAlert(): [DEBUG] in=257 alert=/alert/emergency/veh/81/seq=0/zor=[MASKED]
+64.822684839s 17 caf.Forwarder:AlertVehicleHandler(): [DEBUG] in=(257,0) alert=/alert/emergency/veh/81/seq=0/zor=[MASKED] decision=drop because duplicate alert
+64.822684840s 78 caf.Forwarder:OnIncomingAlert(): [DEBUG] in=257 alert=/alert/emergency/veh/81/seq=0/zor=[MASKED]
+64.822684840s 78 caf.Forwarder:AlertVehicleHandler(): [DEBUG] in=(257,0) alert=/alert/emergency/veh/81/seq=0/zor=[MASKED] decision=drop because duplicate alert
+64.822684877s 70 caf.Forwarder:OnIncomingAlert(): [DEBUG] in=257 alert=/alert/emergency/veh/81/seq=0/zor=[MASKED]
+64.822684877s 70 caf.Forwarder:AlertVehicleHandler(): [DEBUG] in=(257,0) alert=/alert/emergency/veh/81/seq=0/zor=[MASKED] decision=forward to vehicles deferred until 1.68584ms
+64.823554790s 75 caf.Forwarder:OnIncomingAlert(): [DEBUG] in=257 alert=/alert/emergency/veh/81/seq=0/zor=[MASKED]
+64.823554790s 75 caf.Forwarder:AlertVehicleHandler(): [DEBUG] in=(257,0) alert=/alert/emergency/veh/81/seq=0/zor=[MASKED] decision=drop because duplicate alert
+64.823554848s 78 caf.Forwarder:OnIncomingAlert(): [DEBUG] in=257 alert=/alert/emergency/veh/81/seq=0/zor=[MASKED]
+64.823554848s 78 caf.Forwarder:AlertVehicleHandler(): [DEBUG] in=(257,0) alert=/alert/emergency/veh/81/seq=0/zor=[MASKED] decision=drop because duplicate alert
+64.823554851s 17 caf.Forwarder:OnIncomingAlert(): [DEBUG] in=257 alert=/alert/emergency/veh/81/seq=0/zor=[MASKED]
+64.823554851s 17 caf.Forwarder:AlertVehicleHandler(): [DEBUG] in=(257,0) alert=/alert/emergency/veh/81/seq=0/zor=[MASKED] decision=drop because duplicate alert
+64.823554893s 70 caf.Forwarder:OnIncomingAlert(): [DEBUG] in=257 alert=/alert/emergency/veh/81/seq=0/zor=[MASKED]
+64.824370715s 70 caf.Forwarder:OnOutgoingAlert(): [DEBUG] out=257 alert=/alert/emergency/veh/81/seq=0/zor=[MASKED]
+64.825240781s 67 caf.Forwarder:OnIncomingAlert(): [DEBUG] in=257 alert=/alert/emergency/veh/81/seq=0/zor=[MASKED]
+64.825240781s 67 caf.Forwarder:AlertVehicleHandler(): [DEBUG] in=(257,0) alert=/alert/emergency/veh/81/seq=0/zor=[MASKED] decision=forward to vehicles deferred until 3.05649ms
+64.825240826s 75 caf.Forwarder:OnIncomingAlert(): [DEBUG] in=257 alert=/alert/emergency/veh/81/seq=0/zor=[MASKED]
+64.825240826s 75 caf.Forwarder:AlertVehicleHandler(): [DEBUG] in=(257,0) alert=/alert/emergency/veh/81/seq=0/zor=[MASKED] decision=drop because duplicate alert
+64.825240830s 76 caf.Forwarder:OnIncomingAlert(): [DEBUG] in=257 alert=/alert/emergency/veh/81/seq=0/zor=[MASKED]
+64.825240830s 76 caf.Forwarder:AlertVehicleHandler(): [DEBUG] in=(257,0) alert=/alert/emergency/veh/81/seq=0/zor=[MASKED] decision=drop because duplicate alert
+64.825240838s 19 caf.Forwarder:OnIncomingAlert(): [DEBUG] in=257 alert=/alert/emergency/veh/81/seq=0/zor=[MASKED]
+64.825240838s 19 caf.Forwarder:AlertVehicleHandler(): [DEBUG] in=(257,0) alert=/alert/emergency/veh/81/seq=0/zor=[MASKED] decision=forward to vehicles deferred until 1.31604ms
+64.826556880s 19 caf.Forwarder:OnOutgoingAlert(): [DEBUG] out=257 alert=/alert/emergency/veh/81/seq=0/zor=[MASKED]
+64.827426938s 71 caf.Forwarder:OnIncomingAlert(): [DEBUG] in=257 alert=/alert/emergency/veh/81/seq=0/zor=[MASKED]
+64.827426938s 71 caf.Forwarder:AlertVehicleHandler(): [DEBUG] in=(257,0) alert=/alert/emergency/veh/81/seq=0/zor=[MASKED] decision=forward to vehicles deferred until 0ms
+64.827426938s 71 caf.Forwarder:OnOutgoingAlert(): [DEBUG] out=257 alert=/alert/emergency/veh/81/seq=0/zor=[MASKED]
+64.827426938s 71 ndn.AlertConsumer:doReceive(): [INFO ] Received alert: /alert/emergency/veh/81/seq=0/zor=[MASKED]
+64.827426939s 67 caf.Forwarder:OnIncomingAlert(): [DEBUG] in=257 alert=/alert/emergency/veh/81/seq=0/zor=[MASKED]
+64.827426939s 67 caf.Forwarder:AlertVehicleHandler(): [DEBUG] in= (257,0) alert=/alert/emergency/veh/81/seq=0/zor=[MASKED] timer cancelled because sender closer to ZoR
+64.827427003s 70 caf.Forwarder:OnIncomingAlert(): [DEBUG] in=257 alert=/alert/emergency/veh/81/seq=0/zor=[MASKED]
+64.827427003s 70 caf.Forwarder:AlertVehicleHandler(): [DEBUG] in=(257,0) alert=/alert/emergency/veh/81/seq=0/zor=[MASKED] decision=drop because duplicate alert
+64.828296996s 19 caf.Forwarder:OnIncomingAlert(): [DEBUG] in=257 alert=/alert/emergency/veh/81/seq=0/zor=[MASKED]
+64.828296996s 19 caf.Forwarder:AlertVehicleHandler(): [DEBUG] in=(257,0) alert=/alert/emergency/veh/81/seq=0/zor=[MASKED] decision=drop because duplicate alert
+64.828297046s 67 caf.Forwarder:OnIncomingAlert(): [DEBUG] in=257 alert=/alert/emergency/veh/81/seq=0/zor=[MASKED]
+64.828297046s 67 caf.Forwarder:AlertVehicleHandler(): [DEBUG] in=(257,0) alert=/alert/emergency/veh/81/seq=0/zor=[MASKED] decision=drop because duplicate alert
+64.828297109s 34 caf.Forwarder:OnIncomingAlert(): [DEBUG] in=257 alert=/alert/emergency/veh/81/seq=0/zor=[MASKED]
+64.828297109s 34 caf.Forwarder:AlertVehicleHandler(): [DEBUG] in=(257,0) alert=/alert/emergency/veh/81/seq=0/zor=[MASKED] decision=forward to vehicles deferred until 0ms
+64.828297109s 34 caf.Forwarder:OnOutgoingAlert(): [DEBUG] out=257 alert=/alert/emergency/veh/81/seq=0/zor=[MASKED]
+64.828297109s 34 ndn.AlertConsumer:doReceive(): [INFO ] Received alert: /alert/emergency/veh/81/seq=0/zor=[MASKED]
+64.829167131s 62 caf.Forwarder:OnIncomingAlert(): [DEBUG] in=257 alert=/alert/emergency/veh/81/seq=0/zor=[MASKED]
+64.829167131s 62 caf.Forwarder:AlertVehicleHandler(): [DEBUG] in=(257,0) alert=/alert/emergency/veh/81/seq=0/zor=[MASKED] decision=forward to vehicles deferred until 0ms
+64.829167131s 62 caf.Forwarder:OnOutgoingAlert(): [DEBUG] out=257 alert=/alert/emergency/veh/81/seq=0/zor=[MASKED]
+64.829167131s 62 ndn.AlertConsumer:doReceive(): [INFO ] Received alert: /alert/emergency/veh/81/seq=0/zor=[MASKED]
+64.829167218s 20 caf.Forwarder:OnIncomingAlert(): [DEBUG] in=257 alert=/alert/emergency/veh/81/seq=0/zor=[MASKED]
+64.829167218s 20 caf.Forwarder:AlertVehicleHandler(): [DEBUG] in=(257,0) alert=/alert/emergency/veh/81/seq=0/zor=[MASKED] decision=forward to vehicles deferred until 0ms
+64.829167218s 20 caf.Forwarder:OnOutgoingAlert(): [DEBUG] out=257 alert=/alert/emergency/veh/81/seq=0/zor=[MASKED]
+64.829167218s 20 ndn.AlertConsumer:doReceive(): [INFO ] Received alert: /alert/emergency/veh/81/seq=0/zor=[MASKED]
+64.829167280s 71 caf.Forwarder:OnIncomingAlert(): [DEBUG] in=257 alert=/alert/emergency/veh/81/seq=0/zor=[MASKED]
+64.829167280s 71 caf.Forwarder:AlertVehicleHandler(): [DEBUG] in=(257,0) alert=/alert/emergency/veh/81/seq=0/zor=[MASKED] decision=drop because duplicate alert
+64.830037153s 34 caf.Forwarder:OnIncomingAlert(): [DEBUG] in=257 alert=/alert/emergency/veh/81/seq=0/zor=[MASKED]
+64.830037153s 34 caf.Forwarder:AlertVehicleHandler(): [DEBUG] in=(257,0) alert=/alert/emergency/veh/81/seq=0/zor=[MASKED] decision=drop because duplicate alert
+64.830037328s 36 caf.Forwarder:OnIncomingAlert(): [DEBUG] in=257 alert=/alert/emergency/veh/81/seq=0/zor=[MASKED]
+64.830037328s 36 caf.Forwarder:AlertVehicleHandler(): [DEBUG] in=(257,0) alert=/alert/emergency/veh/81/seq=0/zor=[MASKED] decision=forward to vehicles deferred until 0ms
+64.830037328s 36 caf.Forwarder:OnOutgoingAlert(): [DEBUG] out=257 alert=/alert/emergency/veh/81/seq=0/zor=[MASKED]
+64.830037328s 36 ndn.AlertConsumer:doReceive(): [INFO ] Received alert: /alert/emergency/veh/81/seq=0/zor=[MASKED]
+64.830037345s 59 caf.Forwarder:OnIncomingAlert(): [DEBUG] in=257 alert=/alert/emergency/veh/81/seq=0/zor=[MASKED]
+64.830037345s 59 caf.Forwarder:AlertVehicleHandler(): [DEBUG] in=(257,0) alert=/alert/emergency/veh/81/seq=0/zor=[MASKED] decision=forward to vehicles deferred until 0ms
+64.830037345s 59 caf.Forwarder:OnOutgoingAlert(): [DEBUG] out=257 alert=/alert/emergency/veh/81/seq=0/zor=[MASKED]
+64.830037345s 59 ndn.AlertConsumer:doReceive(): [INFO ] Received alert: /alert/emergency/veh/81/seq=0/zor=[MASKED]
+64.830037354s 54 caf.Forwarder:OnIncomingAlert(): [DEBUG] in=257 alert=/alert/emergency/veh/81/seq=0/zor=[MASKED]
+64.830037354s 54 caf.Forwarder:AlertVehicleHandler(): [DEBUG] in=(257,0) alert=/alert/emergency/veh/81/seq=0/zor=[MASKED] decision=forward to vehicles deferred until 0ms
+64.830037354s 54 caf.Forwarder:OnOutgoingAlert(): [DEBUG] out=257 alert=/alert/emergency/veh/81/seq=0/zor=[MASKED]
+64.830037354s 54 ndn.AlertConsumer:doReceive(): [INFO ] Received alert: /alert/emergency/veh/81/seq=0/zor=[MASKED]
+64.830037379s 52 caf.Forwarder:OnIncomingAlert(): [DEBUG] in=257 alert=/alert/emergency/veh/81/seq=0/zor=[MASKED]
+64.830037379s 52 caf.Forwarder:AlertVehicleHandler(): [DEBUG] in=(257,0) alert=/alert/emergency/veh/81/seq=0/zor=[MASKED] decision=forward to vehicles deferred until 0ms
+64.830037379s 52 caf.Forwarder:OnOutgoingAlert(): [DEBUG] out=257 alert=/alert/emergency/veh/81/seq=0/zor=[MASKED]
+64.830037379s 52 ndn.AlertConsumer:doReceive(): [INFO ] Received alert: /alert/emergency/veh/81/seq=0/zor=[MASKED]
+64.830907407s 40 caf.Forwarder:OnIncomingAlert(): [DEBUG] in=257 alert=/alert/emergency/veh/81/seq=0/zor=[MASKED]
+64.830907407s 40 caf.Forwarder:AlertVehicleHandler(): [DEBUG] in=(257,0) alert=/alert/emergency/veh/81/seq=0/zor=[MASKED] decision=forward to vehicles deferred until 0ms
+64.830907407s 40 caf.Forwarder:OnOutgoingAlert(): [DEBUG] out=257 alert=/alert/emergency/veh/81/seq=0/zor=[MASKED]
+64.830907407s 40 ndn.AlertConsumer:doReceive(): [INFO ] Received alert: /alert/emergency/veh/81/seq=0/zor=[MASKED]
+64.831777435s 41 caf.Forwarder:OnIncomingAlert(): [DEBUG] in=257 alert=/alert/emergency/veh/81/seq=0/zor=[MASKED]
+64.831777435s 41 caf.Forwarder:AlertVehicleHandler(): [DEBUG] in=(257,0) alert=/alert/emergency/veh/81/seq=0/zor=[MASKED] decision=forward to vehicles deferred until 0ms
+64.831777435s 52 caf.Forwarder:OnIncomingAlert(): [DEBUG] in=257 alert=/alert/emergency/veh/81/seq=0/zor=[MASKED]
+64.831777435s 52 caf.Forwarder:AlertVehicleHandler(): [DEBUG] in=(257,0) alert=/alert/emergency/veh/81/seq=0/zor=[MASKED] decision=drop because duplicate alert
+64.831777435s 41 caf.Forwarder:OnOutgoingAlert(): [DEBUG] out=257 alert=/alert/emergency/veh/81/seq=0/zor=[MASKED]
+64.831777435s 41 ndn.AlertConsumer:doReceive(): [INFO ] Received alert: /alert/emergency/veh/81/seq=0/zor=[MASKED]
+64.831777437s 42 caf.Forwarder:OnIncomingAlert(): [DEBUG] in=257 alert=/alert/emergency/veh/81/seq=0/zor=[MASKED]
+64.831777437s 42 caf.Forwarder:AlertVehicleHandler(): [DEBUG] in=(257,0) alert=/alert/emergency/veh/81/seq=0/zor=[MASKED] decision=forward to vehicles deferred until 0ms
+64.831777437s 42 caf.Forwarder:OnOutgoingAlert(): [DEBUG] out=257 alert=/alert/emergency/veh/81/seq=0/zor=[MASKED]
+64.831777437s 42 ndn.AlertConsumer:doReceive(): [INFO ] Received alert: /alert/emergency/veh/81/seq=0/zor=[MASKED]
+64.831777460s 54 caf.Forwarder:OnIncomingAlert(): [DEBUG] in=257 alert=/alert/emergency/veh/81/seq=0/zor=[MASKED]
+64.831777460s 54 caf.Forwarder:AlertVehicleHandler(): [DEBUG] in=(257,0) alert=/alert/emergency/veh/81/seq=0/zor=[MASKED] decision=drop because duplicate alert
+64.831777472s 59 caf.Forwarder:OnIncomingAlert(): [DEBUG] in=257 alert=/alert/emergency/veh/81/seq=0/zor=[MASKED]
+64.831777472s 59 caf.Forwarder:AlertVehicleHandler(): [DEBUG] in=(257,0) alert=/alert/emergency/veh/81/seq=0/zor=[MASKED] decision=drop because duplicate alert
+64.831777483s 50 caf.Forwarder:OnIncomingAlert(): [DEBUG] in=257 alert=/alert/emergency/veh/81/seq=0/zor=[MASKED]
+64.831777483s 50 caf.Forwarder:AlertVehicleHandler(): [DEBUG] in=(257,0) alert=/alert/emergency/veh/81/seq=0/zor=[MASKED] decision=forward to vehicles deferred until 0ms
+64.831777483s 50 caf.Forwarder:OnOutgoingAlert(): [DEBUG] out=257 alert=/alert/emergency/veh/81/seq=0/zor=[MASKED]
+64.831777483s 50 ndn.AlertConsumer:doReceive(): [INFO ] Received alert: /alert/emergency/veh/81/seq=0/zor=[MASKED]
+64.831777487s 36 caf.Forwarder:OnIncomingAlert(): [DEBUG] in=257 alert=/alert/emergency/veh/81/seq=0/zor=[MASKED]
+64.831777487s 36 caf.Forwarder:AlertVehicleHandler(): [DEBUG] in=(257,0) alert=/alert/emergency/veh/81/seq=0/zor=[MASKED] decision=drop because duplicate alert
+64.831777489s 57 caf.Forwarder:OnIncomingAlert(): [DEBUG] in=257 alert=/alert/emergency/veh/81/seq=0/zor=[MASKED]
+64.831777489s 57 caf.Forwarder:AlertVehicleHandler(): [DEBUG] in=(257,0) alert=/alert/emergency/veh/81/seq=0/zor=[MASKED] decision=forward to vehicles deferred until 0ms
+64.831777489s 57 caf.Forwarder:OnOutgoingAlert(): [DEBUG] out=257 alert=/alert/emergency/veh/81/seq=0/zor=[MASKED]
+64.831777489s 57 ndn.AlertConsumer:doReceive(): [INFO ] Received alert: /alert/emergency/veh/81/seq=0/zor=[MASKED]
+64.831777504s 39 caf.Forwarder:OnIncomingAlert(): [DEBUG] in=257 alert=/alert/emergency/veh/81/seq=0/zor=[MASKED]
+64.831777504s 39 caf.Forwarder:AlertVehicleHandler(): [DEBUG] in=(257,0) alert=/alert/emergency/veh/81/seq=0/zor=[MASKED] decision=forward to vehicles deferred until 0ms
+64.831777504s 39 caf.Forwarder:OnOutgoingAlert(): [DEBUG] out=257 alert=/alert/emergency/veh/81/seq=0/zor=[MASKED]
+64.831777504s 39 ndn.AlertConsumer:doReceive(): [INFO ] Received alert: /alert/emergency/veh/81/seq=0/zor=[MASKED]
+64.831777527s 32 caf.Forwarder:OnIncomingAlert(): [DEBUG] in=257 alert=/alert/emergency/veh/81/seq=0/zor=[MASKED]
+64.831777527s 32 caf.Forwarder:AlertVehicleHandler(): [DEBUG] in=(257,0) alert=/alert/emergency/veh/81/seq=0/zor=[MASKED] decision=forward to vehicles deferred until 0ms
+64.831777527s 32 caf.Forwarder:OnOutgoingAlert(): [DEBUG] out=257 alert=/alert/emergency/veh/81/seq=0/zor=[MASKED]
+64.831777527s 32 ndn.AlertConsumer:doReceive(): [INFO ] Received alert: /alert/emergency/veh/81/seq=0/zor=[MASKED]
+64.831777536s 48 caf.Forwarder:OnIncomingAlert(): [DEBUG] in=257 alert=/alert/emergency/veh/81/seq=0/zor=[MASKED]
+64.831777536s 48 caf.Forwarder:AlertVehicleHandler(): [DEBUG] in=(257,0) alert=/alert/emergency/veh/81/seq=0/zor=[MASKED] decision=forward to vehicles deferred until 0ms
+64.831777536s 48 caf.Forwarder:OnOutgoingAlert(): [DEBUG] out=257 alert=/alert/emergency/veh/81/seq=0/zor=[MASKED]
+64.831777536s 48 ndn.AlertConsumer:doReceive(): [INFO ] Received alert: /alert/emergency/veh/81/seq=0/zor=[MASKED]
+65.174195610s 82 ndn.RandomAlertProducer:SendAlert(): [LOGIC] Don't send alert; condition failed
+66.695776264s 83 ndn.RandomAlertProducer:AlertSupplier(): [LOGIC] Send alert=/alert/emergency/veh/83/seq=0/zor=[MASKED] vehCount=47 rsuCount=9
+66.695776264s 83 caf.Forwarder:OnIncomingAlert(): [DEBUG] in=260 alert=/alert/emergency/veh/83/seq=0/zor=[MASKED]
+66.695776264s 83 caf.Forwarder:AlertVehicleHandler(): [DEBUG] in=(260,0) alert=/alert/emergency/veh/83/seq=0/zor=[MASKED] decision=forward to vehicles
+66.695776264s 83 caf.Forwarder:OnOutgoingAlert(): [DEBUG] out=257 alert=/alert/emergency/veh/83/seq=0/zor=[MASKED]
+66.696646339s 87 caf.Forwarder:OnIncomingAlert(): [DEBUG] in=257 alert=/alert/emergency/veh/83/seq=0/zor=[MASKED]
+66.696646339s 87 caf.Forwarder:AlertVehicleHandler(): [DEBUG] in=(257,0) alert=/alert/emergency/veh/83/seq=0/zor=[MASKED] decision=drop since sender is closer
+66.696646355s 17 caf.Forwarder:OnIncomingAlert(): [DEBUG] in=257 alert=/alert/emergency/veh/83/seq=0/zor=[MASKED]
+66.696646355s 17 caf.Forwarder:AlertVehicleHandler(): [DEBUG] in=(257,0) alert=/alert/emergency/veh/83/seq=0/zor=[MASKED] decision=forward to vehicles deferred until 2.28586ms
+66.696646396s 81 caf.Forwarder:OnIncomingAlert(): [DEBUG] in=257 alert=/alert/emergency/veh/83/seq=0/zor=[MASKED]
+66.696646396s 81 caf.Forwarder:AlertVehicleHandler(): [DEBUG] in=(257,0) alert=/alert/emergency/veh/83/seq=0/zor=[MASKED] decision=forward to vehicles deferred until 1.04188ms
+66.697688278s 81 caf.Forwarder:OnOutgoingAlert(): [DEBUG] out=257 alert=/alert/emergency/veh/83/seq=0/zor=[MASKED]
+66.698558335s 17 caf.Forwarder:OnIncomingAlert(): [DEBUG] in=257 alert=/alert/emergency/veh/83/seq=0/zor=[MASKED]
+66.698558335s 17 caf.Forwarder:AlertVehicleHandler(): [DEBUG] in= (257,0) alert=/alert/emergency/veh/83/seq=0/zor=[MASKED] timer cancelled because sender closer to ZoR
+66.698558389s 78 caf.Forwarder:OnIncomingAlert(): [DEBUG] in=257 alert=/alert/emergency/veh/83/seq=0/zor=[MASKED]
+66.698558389s 78 caf.Forwarder:AlertVehicleHandler(): [DEBUG] in=(257,0) alert=/alert/emergency/veh/83/seq=0/zor=[MASKED] decision=forward to vehicles deferred until 1.68946ms
+66.698558410s 83 caf.Forwarder:OnIncomingAlert(): [DEBUG] in=257 alert=/alert/emergency/veh/83/seq=0/zor=[MASKED]
+66.698558410s 83 caf.Forwarder:AlertVehicleHandler(): [DEBUG] in=(257,0) alert=/alert/emergency/veh/83/seq=0/zor=[MASKED] decision=drop because duplicate alert
+66.700247848s 78 caf.Forwarder:OnOutgoingAlert(): [DEBUG] out=257 alert=/alert/emergency/veh/83/seq=0/zor=[MASKED]
+66.701117918s 76 caf.Forwarder:OnIncomingAlert(): [DEBUG] in=257 alert=/alert/emergency/veh/83/seq=0/zor=[MASKED]
+66.701117918s 76 caf.Forwarder:AlertVehicleHandler(): [DEBUG] in=(257,0) alert=/alert/emergency/veh/83/seq=0/zor=[MASKED] decision=forward to vehicles deferred until 2.91541ms
+66.701117920s 75 caf.Forwarder:OnIncomingAlert(): [DEBUG] in=257 alert=/alert/emergency/veh/83/seq=0/zor=[MASKED]
+66.701117920s 75 caf.Forwarder:AlertVehicleHandler(): [DEBUG] in=(257,0) alert=/alert/emergency/veh/83/seq=0/zor=[MASKED] decision=forward to vehicles deferred until 2.87921ms
+66.701117959s 81 caf.Forwarder:OnIncomingAlert(): [DEBUG] in=257 alert=/alert/emergency/veh/83/seq=0/zor=[MASKED]
+66.701117959s 81 caf.Forwarder:AlertVehicleHandler(): [DEBUG] in=(257,0) alert=/alert/emergency/veh/83/seq=0/zor=[MASKED] decision=drop because duplicate alert
+66.701117987s 19 caf.Forwarder:OnIncomingAlert(): [DEBUG] in=257 alert=/alert/emergency/veh/83/seq=0/zor=[MASKED]
+66.701117987s 19 caf.Forwarder:AlertVehicleHandler(): [DEBUG] in=(257,0) alert=/alert/emergency/veh/83/seq=0/zor=[MASKED] decision=forward to vehicles deferred until 0.848133ms
+66.701118007s 17 caf.Forwarder:OnIncomingAlert(): [DEBUG] in=257 alert=/alert/emergency/veh/83/seq=0/zor=[MASKED]
+66.701118007s 17 caf.Forwarder:AlertVehicleHandler(): [DEBUG] in=(257,0) alert=/alert/emergency/veh/83/seq=0/zor=[MASKED] decision=drop because duplicate alert
+66.701966120s 19 caf.Forwarder:OnOutgoingAlert(): [DEBUG] out=257 alert=/alert/emergency/veh/83/seq=0/zor=[MASKED]
+66.702836180s 70 caf.Forwarder:OnIncomingAlert(): [DEBUG] in=257 alert=/alert/emergency/veh/83/seq=0/zor=[MASKED]
+66.702836180s 70 caf.Forwarder:AlertVehicleHandler(): [DEBUG] in=(257,0) alert=/alert/emergency/veh/83/seq=0/zor=[MASKED] decision=forward to vehicles deferred until 3.22762ms
+66.702836189s 75 caf.Forwarder:OnIncomingAlert(): [DEBUG] in=257 alert=/alert/emergency/veh/83/seq=0/zor=[MASKED]
+66.702836189s 75 caf.Forwarder:AlertVehicleHandler(): [DEBUG] in= (257,0) alert=/alert/emergency/veh/83/seq=0/zor=[MASKED] timer cancelled because sender closer to ZoR
+66.702836195s 76 caf.Forwarder:OnIncomingAlert(): [DEBUG] in=257 alert=/alert/emergency/veh/83/seq=0/zor=[MASKED]
+66.702836195s 76 caf.Forwarder:AlertVehicleHandler(): [DEBUG] in= (257,0) alert=/alert/emergency/veh/83/seq=0/zor=[MASKED] timer cancelled because sender closer to ZoR
+66.702836227s 67 caf.Forwarder:OnIncomingAlert(): [DEBUG] in=257 alert=/alert/emergency/veh/83/seq=0/zor=[MASKED]
+66.702836227s 67 caf.Forwarder:AlertVehicleHandler(): [DEBUG] in=(257,0) alert=/alert/emergency/veh/83/seq=0/zor=[MASKED] decision=forward to vehicles deferred until 1.81548ms
+66.702836259s 78 caf.Forwarder:OnIncomingAlert(): [DEBUG] in=257 alert=/alert/emergency/veh/83/seq=0/zor=[MASKED]
+66.702836259s 78 caf.Forwarder:AlertVehicleHandler(): [DEBUG] in=(257,0) alert=/alert/emergency/veh/83/seq=0/zor=[MASKED] decision=drop because duplicate alert
+66.704651711s 67 caf.Forwarder:OnOutgoingAlert(): [DEBUG] out=257 alert=/alert/emergency/veh/83/seq=0/zor=[MASKED]
+66.705521766s 70 caf.Forwarder:OnIncomingAlert(): [DEBUG] in=257 alert=/alert/emergency/veh/83/seq=0/zor=[MASKED]
+66.705521766s 70 caf.Forwarder:AlertVehicleHandler(): [DEBUG] in= (257,0) alert=/alert/emergency/veh/83/seq=0/zor=[MASKED] timer cancelled because sender closer to ZoR
+66.705521818s 19 caf.Forwarder:OnIncomingAlert(): [DEBUG] in=257 alert=/alert/emergency/veh/83/seq=0/zor=[MASKED]
+66.705521818s 19 caf.Forwarder:AlertVehicleHandler(): [DEBUG] in=(257,0) alert=/alert/emergency/veh/83/seq=0/zor=[MASKED] decision=drop because duplicate alert
+66.705521836s 34 caf.Forwarder:OnIncomingAlert(): [DEBUG] in=257 alert=/alert/emergency/veh/83/seq=0/zor=[MASKED]
+66.705521836s 34 caf.Forwarder:AlertVehicleHandler(): [DEBUG] in=(257,0) alert=/alert/emergency/veh/83/seq=0/zor=[MASKED] decision=forward to vehicles deferred until 0ms
+66.705521836s 34 caf.Forwarder:OnOutgoingAlert(): [DEBUG] out=257 alert=/alert/emergency/veh/83/seq=0/zor=[MASKED]
+66.705521836s 34 ndn.AlertConsumer:doReceive(): [INFO ] Received alert: /alert/emergency/veh/83/seq=0/zor=[MASKED]
+66.705521838s 71 caf.Forwarder:OnIncomingAlert(): [DEBUG] in=257 alert=/alert/emergency/veh/83/seq=0/zor=[MASKED]
+66.705521838s 71 caf.Forwarder:AlertVehicleHandler(): [DEBUG] in=(257,0) alert=/alert/emergency/veh/83/seq=0/zor=[MASKED] decision=forward to vehicles deferred until 0ms
+66.705521838s 71 caf.Forwarder:OnOutgoingAlert(): [DEBUG] out=257 alert=/alert/emergency/veh/83/seq=0/zor=[MASKED]
+66.705521838s 71 ndn.AlertConsumer:doReceive(): [INFO ] Received alert: /alert/emergency/veh/83/seq=0/zor=[MASKED]
+66.705521881s 75 caf.Forwarder:OnIncomingAlert(): [DEBUG] in=257 alert=/alert/emergency/veh/83/seq=0/zor=[MASKED]
+66.705521881s 75 caf.Forwarder:AlertVehicleHandler(): [DEBUG] in=(257,0) alert=/alert/emergency/veh/83/seq=0/zor=[MASKED] decision=drop because duplicate alert
+67.393829198s 84 ndn.RandomAlertProducer:AlertSupplier(): [LOGIC] Send alert=/alert/emergency/veh/84/seq=0/zor=[MASKED] vehCount=49 rsuCount=9
+67.393829198s 84 caf.Forwarder:OnIncomingAlert(): [DEBUG] in=260 alert=/alert/emergency/veh/84/seq=0/zor=[MASKED]
+67.393829198s 84 caf.Forwarder:AlertVehicleHandler(): [DEBUG] in=(260,0) alert=/alert/emergency/veh/84/seq=0/zor=[MASKED] decision=forward to vehicles
+67.393829198s 84 caf.Forwarder:OnOutgoingAlert(): [DEBUG] out=257 alert=/alert/emergency/veh/84/seq=0/zor=[MASKED]
+67.394699268s 85 caf.Forwarder:OnIncomingAlert(): [DEBUG] in=257 alert=/alert/emergency/veh/84/seq=0/zor=[MASKED]
+67.394699268s 85 caf.Forwarder:AlertVehicleHandler(): [DEBUG] in=(257,0) alert=/alert/emergency/veh/84/seq=0/zor=[MASKED] decision=drop since sender is closer
+67.394699345s 88 caf.Forwarder:OnIncomingAlert(): [DEBUG] in=257 alert=/alert/emergency/veh/84/seq=0/zor=[MASKED]
+67.394699345s 88 caf.Forwarder:AlertVehicleHandler(): [DEBUG] in=(257,0) alert=/alert/emergency/veh/84/seq=0/zor=[MASKED] decision=drop since sender is closer
+68.657059033s 85 ndn.RandomAlertProducer:SendAlert(): [LOGIC] Don't send alert; condition failed
+69.629453566s 86 ndn.RandomAlertProducer:SendAlert(): [LOGIC] Don't send alert; condition failed
+70.084407824s 88 ndn.RandomAlertProducer:SendAlert(): [LOGIC] Don't send alert; condition failed
+70.399015615s 89 ndn.RandomAlertProducer:AlertSupplier(): [LOGIC] Send alert=/alert/emergency/veh/89/seq=0/zor=[MASKED] vehCount=47 rsuCount=9
+70.399015615s 89 caf.Forwarder:OnIncomingAlert(): [DEBUG] in=260 alert=/alert/emergency/veh/89/seq=0/zor=[MASKED]
+70.399015615s 89 caf.Forwarder:AlertVehicleHandler(): [DEBUG] in=(260,0) alert=/alert/emergency/veh/89/seq=0/zor=[MASKED] decision=forward to vehicles
+70.399015615s 89 caf.Forwarder:OnOutgoingAlert(): [DEBUG] out=257 alert=/alert/emergency/veh/89/seq=0/zor=[MASKED]
+70.399885662s 26 caf.Forwarder:OnIncomingAlert(): [DEBUG] in=257 alert=/alert/emergency/veh/89/seq=0/zor=[MASKED]
+70.399885662s 26 caf.Forwarder:AlertVehicleHandler(): [DEBUG] in=(257,0) alert=/alert/emergency/veh/89/seq=0/zor=[MASKED] decision=forward to vehicles deferred until 3.62903ms
+70.399885736s 18 caf.Forwarder:OnIncomingAlert(): [DEBUG] in=257 alert=/alert/emergency/veh/89/seq=0/zor=[MASKED]
+70.399885736s 18 caf.Forwarder:AlertVehicleHandler(): [DEBUG] in=(257,0) alert=/alert/emergency/veh/89/seq=0/zor=[MASKED] decision=drop since sender is closer
+70.399885743s 92 caf.Forwarder:OnIncomingAlert(): [DEBUG] in=257 alert=/alert/emergency/veh/89/seq=0/zor=[MASKED]
+70.399885743s 92 caf.Forwarder:AlertVehicleHandler(): [DEBUG] in=(257,0) alert=/alert/emergency/veh/89/seq=0/zor=[MASKED] decision=drop since sender is closer
+70.403514696s 26 caf.Forwarder:OnOutgoingAlert(): [DEBUG] out=257 alert=/alert/emergency/veh/89/seq=0/zor=[MASKED]
+70.404384743s 89 caf.Forwarder:OnIncomingAlert(): [DEBUG] in=257 alert=/alert/emergency/veh/89/seq=0/zor=[MASKED]
+70.404384743s 89 caf.Forwarder:AlertVehicleHandler(): [DEBUG] in=(257,0) alert=/alert/emergency/veh/89/seq=0/zor=[MASKED] decision=drop because duplicate alert
+70.404384847s 18 caf.Forwarder:OnIncomingAlert(): [DEBUG] in=257 alert=/alert/emergency/veh/89/seq=0/zor=[MASKED]
+70.404384847s 18 caf.Forwarder:AlertVehicleHandler(): [DEBUG] in=(257,0) alert=/alert/emergency/veh/89/seq=0/zor=[MASKED] decision=drop because duplicate alert
+70.404384848s 86 caf.Forwarder:OnIncomingAlert(): [DEBUG] in=257 alert=/alert/emergency/veh/89/seq=0/zor=[MASKED]
+70.404384848s 86 caf.Forwarder:AlertVehicleHandler(): [DEBUG] in=(257,0) alert=/alert/emergency/veh/89/seq=0/zor=[MASKED] decision=forward to vehicles deferred until 0.456562ms
+70.404384861s 92 caf.Forwarder:OnIncomingAlert(): [DEBUG] in=257 alert=/alert/emergency/veh/89/seq=0/zor=[MASKED]
+70.404384861s 92 caf.Forwarder:AlertVehicleHandler(): [DEBUG] in=(257,0) alert=/alert/emergency/veh/89/seq=0/zor=[MASKED] decision=drop because duplicate alert
+70.404841410s 86 caf.Forwarder:OnOutgoingAlert(): [DEBUG] out=257 alert=/alert/emergency/veh/89/seq=0/zor=[MASKED]
+70.405711486s 82 caf.Forwarder:OnIncomingAlert(): [DEBUG] in=257 alert=/alert/emergency/veh/89/seq=0/zor=[MASKED]
+70.405711486s 82 caf.Forwarder:AlertVehicleHandler(): [DEBUG] in=(257,0) alert=/alert/emergency/veh/89/seq=0/zor=[MASKED] decision=forward to vehicles deferred until 2.75058ms
+70.405711562s 26 caf.Forwarder:OnIncomingAlert(): [DEBUG] in=257 alert=/alert/emergency/veh/89/seq=0/zor=[MASKED]
+70.405711562s 26 caf.Forwarder:AlertVehicleHandler(): [DEBUG] in=(257,0) alert=/alert/emergency/veh/89/seq=0/zor=[MASKED] decision=drop because duplicate alert
+70.405711581s 80 caf.Forwarder:OnIncomingAlert(): [DEBUG] in=257 alert=/alert/emergency/veh/89/seq=0/zor=[MASKED]
+70.405711581s 80 caf.Forwarder:AlertVehicleHandler(): [DEBUG] in=(257,0) alert=/alert/emergency/veh/89/seq=0/zor=[MASKED] decision=forward to vehicles deferred until 0ms
+70.405711581s 80 caf.Forwarder:OnOutgoingAlert(): [DEBUG] out=257 alert=/alert/emergency/veh/89/seq=0/zor=[MASKED]
+70.406581675s 24 caf.Forwarder:OnIncomingAlert(): [DEBUG] in=257 alert=/alert/emergency/veh/89/seq=0/zor=[MASKED]
+70.406581675s 24 caf.Forwarder:AlertVehicleHandler(): [DEBUG] in=(257,0) alert=/alert/emergency/veh/89/seq=0/zor=[MASKED] decision=forward to vehicles deferred until 2.19575ms
+70.406581676s 82 caf.Forwarder:OnIncomingAlert(): [DEBUG] in=257 alert=/alert/emergency/veh/89/seq=0/zor=[MASKED]
+70.406581676s 82 caf.Forwarder:AlertVehicleHandler(): [DEBUG] in= (257,0) alert=/alert/emergency/veh/89/seq=0/zor=[MASKED] timer cancelled because sender closer to ZoR
+70.406581752s 86 caf.Forwarder:OnIncomingAlert(): [DEBUG] in=257 alert=/alert/emergency/veh/89/seq=0/zor=[MASKED]
+70.406581752s 86 caf.Forwarder:AlertVehicleHandler(): [DEBUG] in=(257,0) alert=/alert/emergency/veh/89/seq=0/zor=[MASKED] decision=drop because duplicate alert
+70.408777429s 24 caf.Forwarder:OnOutgoingAlert(): [DEBUG] out=257 alert=/alert/emergency/veh/89/seq=0/zor=[MASKED]
+70.409647523s 80 caf.Forwarder:OnIncomingAlert(): [DEBUG] in=257 alert=/alert/emergency/veh/89/seq=0/zor=[MASKED]
+70.409647523s 80 caf.Forwarder:AlertVehicleHandler(): [DEBUG] in=(257,0) alert=/alert/emergency/veh/89/seq=0/zor=[MASKED] decision=drop because duplicate alert
+70.903121660s 87 ndn.RandomAlertProducer:SendAlert(): [LOGIC] Don't send alert; condition failed
+71.518691131s 90 ndn.RandomAlertProducer:AlertSupplier(): [LOGIC] Send alert=/alert/emergency/veh/90/seq=0/zor=[MASKED] vehCount=48 rsuCount=9
+71.518691131s 90 caf.Forwarder:OnIncomingAlert(): [DEBUG] in=260 alert=/alert/emergency/veh/90/seq=0/zor=[MASKED]
+71.518691131s 90 caf.Forwarder:AlertVehicleHandler(): [DEBUG] in=(260,0) alert=/alert/emergency/veh/90/seq=0/zor=[MASKED] decision=forward to vehicles
+71.518691131s 90 caf.Forwarder:OnOutgoingAlert(): [DEBUG] out=257 alert=/alert/emergency/veh/90/seq=0/zor=[MASKED]
+71.519561204s 17 caf.Forwarder:OnIncomingAlert(): [DEBUG] in=257 alert=/alert/emergency/veh/90/seq=0/zor=[MASKED]
+71.519561204s 17 caf.Forwarder:AlertVehicleHandler(): [DEBUG] in=(257,0) alert=/alert/emergency/veh/90/seq=0/zor=[MASKED] decision=drop since sender is closer
+71.519561236s 93 caf.Forwarder:OnIncomingAlert(): [DEBUG] in=257 alert=/alert/emergency/veh/90/seq=0/zor=[MASKED]
+71.519561236s 93 caf.Forwarder:AlertVehicleHandler(): [DEBUG] in=(257,0) alert=/alert/emergency/veh/90/seq=0/zor=[MASKED] decision=drop since sender is closer
+73.756244559s 91 ndn.RandomAlertProducer:SendAlert(): [LOGIC] Don't send alert; condition failed
+73.833630552s 92 ndn.RandomAlertProducer:AlertSupplier(): [LOGIC] Send alert=/alert/emergency/veh/92/seq=0/zor=[MASKED] vehCount=48 rsuCount=9
+73.833630552s 92 caf.Forwarder:OnIncomingAlert(): [DEBUG] in=260 alert=/alert/emergency/veh/92/seq=0/zor=[MASKED]
+73.833630552s 92 caf.Forwarder:AlertVehicleHandler(): [DEBUG] in=(260,0) alert=/alert/emergency/veh/92/seq=0/zor=[MASKED] decision=forward to vehicles
+73.833630552s 92 caf.Forwarder:OnOutgoingAlert(): [DEBUG] out=257 alert=/alert/emergency/veh/92/seq=0/zor=[MASKED]
+73.834500656s 96 caf.Forwarder:OnIncomingAlert(): [DEBUG] in=257 alert=/alert/emergency/veh/92/seq=0/zor=[MASKED]
+73.834500656s 96 caf.Forwarder:AlertVehicleHandler(): [DEBUG] in=(257,0) alert=/alert/emergency/veh/92/seq=0/zor=[MASKED] decision=drop since sender is closer
+73.834500659s 89 caf.Forwarder:OnIncomingAlert(): [DEBUG] in=257 alert=/alert/emergency/veh/92/seq=0/zor=[MASKED]
+73.834500659s 89 caf.Forwarder:AlertVehicleHandler(): [DEBUG] in=(257,0) alert=/alert/emergency/veh/92/seq=0/zor=[MASKED] decision=forward to vehicles deferred until 1.8142ms
+73.834500705s 97 caf.Forwarder:OnIncomingAlert(): [DEBUG] in=257 alert=/alert/emergency/veh/92/seq=0/zor=[MASKED]
+73.834500705s 97 caf.Forwarder:AlertVehicleHandler(): [DEBUG] in=(257,0) alert=/alert/emergency/veh/92/seq=0/zor=[MASKED] decision=drop since sender is closer
+73.836314857s 89 caf.Forwarder:OnOutgoingAlert(): [DEBUG] out=257 alert=/alert/emergency/veh/92/seq=0/zor=[MASKED]
+73.837184964s 92 caf.Forwarder:OnIncomingAlert(): [DEBUG] in=257 alert=/alert/emergency/veh/92/seq=0/zor=[MASKED]
+73.837184964s 92 caf.Forwarder:AlertVehicleHandler(): [DEBUG] in=(257,0) alert=/alert/emergency/veh/92/seq=0/zor=[MASKED] decision=drop because duplicate alert
+73.837185007s 24 caf.Forwarder:OnIncomingAlert(): [DEBUG] in=257 alert=/alert/emergency/veh/92/seq=0/zor=[MASKED]
+73.837185007s 24 caf.Forwarder:AlertVehicleHandler(): [DEBUG] in=(257,0) alert=/alert/emergency/veh/92/seq=0/zor=[MASKED] decision=forward to vehicles deferred until 0.521101ms
+73.837706107s 24 caf.Forwarder:OnOutgoingAlert(): [DEBUG] out=257 alert=/alert/emergency/veh/92/seq=0/zor=[MASKED]
+73.838576148s 86 caf.Forwarder:OnIncomingAlert(): [DEBUG] in=257 alert=/alert/emergency/veh/92/seq=0/zor=[MASKED]
+73.838576148s 86 caf.Forwarder:AlertVehicleHandler(): [DEBUG] in=(257,0) alert=/alert/emergency/veh/92/seq=0/zor=[MASKED] decision=forward to vehicles deferred until 3.80185ms
+73.838576209s 82 caf.Forwarder:OnIncomingAlert(): [DEBUG] in=257 alert=/alert/emergency/veh/92/seq=0/zor=[MASKED]
+73.838576209s 82 caf.Forwarder:AlertVehicleHandler(): [DEBUG] in=(257,0) alert=/alert/emergency/veh/92/seq=0/zor=[MASKED] decision=forward to vehicles deferred until 1.95551ms
+73.838576256s 89 caf.Forwarder:OnIncomingAlert(): [DEBUG] in=257 alert=/alert/emergency/veh/92/seq=0/zor=[MASKED]
+73.838576256s 89 caf.Forwarder:AlertVehicleHandler(): [DEBUG] in=(257,0) alert=/alert/emergency/veh/92/seq=0/zor=[MASKED] decision=drop because duplicate alert
+73.840531714s 82 caf.Forwarder:OnOutgoingAlert(): [DEBUG] out=257 alert=/alert/emergency/veh/92/seq=0/zor=[MASKED]
+73.841401785s 86 caf.Forwarder:OnIncomingAlert(): [DEBUG] in=257 alert=/alert/emergency/veh/92/seq=0/zor=[MASKED]
+73.841401785s 86 caf.Forwarder:AlertVehicleHandler(): [DEBUG] in= (257,0) alert=/alert/emergency/veh/92/seq=0/zor=[MASKED] timer cancelled because sender closer to ZoR
+73.841401816s 24 caf.Forwarder:OnIncomingAlert(): [DEBUG] in=257 alert=/alert/emergency/veh/92/seq=0/zor=[MASKED]
+73.841401816s 24 caf.Forwarder:AlertVehicleHandler(): [DEBUG] in=(257,0) alert=/alert/emergency/veh/92/seq=0/zor=[MASKED] decision=drop because duplicate alert
+73.841401818s 80 caf.Forwarder:OnIncomingAlert(): [DEBUG] in=257 alert=/alert/emergency/veh/92/seq=0/zor=[MASKED]
+73.841401818s 80 caf.Forwarder:AlertVehicleHandler(): [DEBUG] in=(257,0) alert=/alert/emergency/veh/92/seq=0/zor=[MASKED] decision=forward to vehicles deferred until 1.90003ms
+73.843301851s 80 caf.Forwarder:OnOutgoingAlert(): [DEBUG] out=257 alert=/alert/emergency/veh/92/seq=0/zor=[MASKED]
+73.844171955s 82 caf.Forwarder:OnIncomingAlert(): [DEBUG] in=257 alert=/alert/emergency/veh/92/seq=0/zor=[MASKED]
+73.844171955s 82 caf.Forwarder:AlertVehicleHandler(): [DEBUG] in=(257,0) alert=/alert/emergency/veh/92/seq=0/zor=[MASKED] decision=drop because duplicate alert
+74.423333793s 93 ndn.RandomAlertProducer:AlertSupplier(): [LOGIC] Send alert=/alert/emergency/veh/93/seq=0/zor=[MASKED] vehCount=46 rsuCount=9
+74.423333793s 93 caf.Forwarder:OnIncomingAlert(): [DEBUG] in=260 alert=/alert/emergency/veh/93/seq=0/zor=[MASKED]
+74.423333793s 93 caf.Forwarder:AlertVehicleHandler(): [DEBUG] in=(260,0) alert=/alert/emergency/veh/93/seq=0/zor=[MASKED] decision=forward to vehicles
+74.423333793s 93 caf.Forwarder:OnOutgoingAlert(): [DEBUG] out=257 alert=/alert/emergency/veh/93/seq=0/zor=[MASKED]
+74.424203853s 19 caf.Forwarder:OnIncomingAlert(): [DEBUG] in=257 alert=/alert/emergency/veh/93/seq=0/zor=[MASKED]
+74.424203853s 19 caf.Forwarder:AlertVehicleHandler(): [DEBUG] in=(257,0) alert=/alert/emergency/veh/93/seq=0/zor=[MASKED] decision=forward to vehicles deferred until 3.22987ms
+74.424203899s 90 caf.Forwarder:OnIncomingAlert(): [DEBUG] in=257 alert=/alert/emergency/veh/93/seq=0/zor=[MASKED]
+74.424203899s 90 caf.Forwarder:AlertVehicleHandler(): [DEBUG] in=(257,0) alert=/alert/emergency/veh/93/seq=0/zor=[MASKED] decision=forward to vehicles deferred until 1.84899ms
+74.424203908s 98 caf.Forwarder:OnIncomingAlert(): [DEBUG] in=257 alert=/alert/emergency/veh/93/seq=0/zor=[MASKED]
+74.424203908s 98 caf.Forwarder:AlertVehicleHandler(): [DEBUG] in=(257,0) alert=/alert/emergency/veh/93/seq=0/zor=[MASKED] decision=drop since sender is closer
+74.426052891s 90 caf.Forwarder:OnOutgoingAlert(): [DEBUG] out=257 alert=/alert/emergency/veh/93/seq=0/zor=[MASKED]
+74.426922950s 19 caf.Forwarder:OnIncomingAlert(): [DEBUG] in=257 alert=/alert/emergency/veh/93/seq=0/zor=[MASKED]
+74.426922950s 19 caf.Forwarder:AlertVehicleHandler(): [DEBUG] in= (257,0) alert=/alert/emergency/veh/93/seq=0/zor=[MASKED] timer cancelled because sender closer to ZoR
+74.426922997s 93 caf.Forwarder:OnIncomingAlert(): [DEBUG] in=257 alert=/alert/emergency/veh/93/seq=0/zor=[MASKED]
+74.426922997s 93 caf.Forwarder:AlertVehicleHandler(): [DEBUG] in=(257,0) alert=/alert/emergency/veh/93/seq=0/zor=[MASKED] decision=drop because duplicate alert
+74.426923059s 87 caf.Forwarder:OnIncomingAlert(): [DEBUG] in=257 alert=/alert/emergency/veh/93/seq=0/zor=[MASKED]
+74.426923059s 87 caf.Forwarder:AlertVehicleHandler(): [DEBUG] in=(257,0) alert=/alert/emergency/veh/93/seq=0/zor=[MASKED] decision=forward to vehicles deferred until 0ms
+74.426923059s 87 caf.Forwarder:OnOutgoingAlert(): [DEBUG] out=257 alert=/alert/emergency/veh/93/seq=0/zor=[MASKED]
+74.427793103s 34 caf.Forwarder:OnIncomingAlert(): [DEBUG] in=257 alert=/alert/emergency/veh/93/seq=0/zor=[MASKED]
+74.427793103s 34 caf.Forwarder:AlertVehicleHandler(): [DEBUG] in=(257,0) alert=/alert/emergency/veh/93/seq=0/zor=[MASKED] decision=forward to vehicles deferred until 3.7237ms
+74.427793132s 83 caf.Forwarder:OnIncomingAlert(): [DEBUG] in=257 alert=/alert/emergency/veh/93/seq=0/zor=[MASKED]
+74.427793132s 83 caf.Forwarder:AlertVehicleHandler(): [DEBUG] in=(257,0) alert=/alert/emergency/veh/93/seq=0/zor=[MASKED] decision=forward to vehicles deferred until 2.84526ms
+74.427793227s 90 caf.Forwarder:OnIncomingAlert(): [DEBUG] in=257 alert=/alert/emergency/veh/93/seq=0/zor=[MASKED]
+74.427793227s 90 caf.Forwarder:AlertVehicleHandler(): [DEBUG] in=(257,0) alert=/alert/emergency/veh/93/seq=0/zor=[MASKED] decision=drop because duplicate alert
+74.430638391s 83 caf.Forwarder:OnOutgoingAlert(): [DEBUG] out=257 alert=/alert/emergency/veh/93/seq=0/zor=[MASKED]
+74.431508445s 34 caf.Forwarder:OnIncomingAlert(): [DEBUG] in=257 alert=/alert/emergency/veh/93/seq=0/zor=[MASKED]
+74.431508445s 34 caf.Forwarder:AlertVehicleHandler(): [DEBUG] in= (257,0) alert=/alert/emergency/veh/93/seq=0/zor=[MASKED] timer cancelled because sender closer to ZoR
+74.431508464s 87 caf.Forwarder:OnIncomingAlert(): [DEBUG] in=257 alert=/alert/emergency/veh/93/seq=0/zor=[MASKED]
+74.431508464s 87 caf.Forwarder:AlertVehicleHandler(): [DEBUG] in=(257,0) alert=/alert/emergency/veh/93/seq=0/zor=[MASKED] decision=drop because duplicate alert
+74.431508493s 20 caf.Forwarder:OnIncomingAlert(): [DEBUG] in=257 alert=/alert/emergency/veh/93/seq=0/zor=[MASKED]
+74.431508493s 20 caf.Forwarder:AlertVehicleHandler(): [DEBUG] in=(257,0) alert=/alert/emergency/veh/93/seq=0/zor=[MASKED] decision=forward to vehicles deferred until 1.95145ms
+74.431508551s 81 caf.Forwarder:OnIncomingAlert(): [DEBUG] in=257 alert=/alert/emergency/veh/93/seq=0/zor=[MASKED]
+74.431508551s 81 caf.Forwarder:AlertVehicleHandler(): [DEBUG] in=(257,0) alert=/alert/emergency/veh/93/seq=0/zor=[MASKED] decision=forward to vehicles deferred until 0.215999ms
+74.431724550s 81 caf.Forwarder:OnOutgoingAlert(): [DEBUG] out=257 alert=/alert/emergency/veh/93/seq=0/zor=[MASKED]
+74.432594587s 36 caf.Forwarder:OnIncomingAlert(): [DEBUG] in=257 alert=/alert/emergency/veh/93/seq=0/zor=[MASKED]
+74.432594587s 36 caf.Forwarder:AlertVehicleHandler(): [DEBUG] in=(257,0) alert=/alert/emergency/veh/93/seq=0/zor=[MASKED] decision=forward to vehicles deferred until 3.92474ms
+74.432594620s 20 caf.Forwarder:OnIncomingAlert(): [DEBUG] in=257 alert=/alert/emergency/veh/93/seq=0/zor=[MASKED]
+74.432594620s 20 caf.Forwarder:AlertVehicleHandler(): [DEBUG] in= (257,0) alert=/alert/emergency/veh/93/seq=0/zor=[MASKED] timer cancelled because sender closer to ZoR
+74.432594629s 78 caf.Forwarder:OnIncomingAlert(): [DEBUG] in=257 alert=/alert/emergency/veh/93/seq=0/zor=[MASKED]
+74.432594629s 78 caf.Forwarder:AlertVehicleHandler(): [DEBUG] in=(257,0) alert=/alert/emergency/veh/93/seq=0/zor=[MASKED] decision=forward to vehicles deferred until 0ms
+74.432594629s 78 caf.Forwarder:OnOutgoingAlert(): [DEBUG] out=257 alert=/alert/emergency/veh/93/seq=0/zor=[MASKED]
+74.432594629s 78 ndn.AlertConsumer:doReceive(): [INFO ] Received alert: /alert/emergency/veh/93/seq=0/zor=[MASKED]
+74.432594683s 75 caf.Forwarder:OnIncomingAlert(): [DEBUG] in=257 alert=/alert/emergency/veh/93/seq=0/zor=[MASKED]
+74.432594683s 75 caf.Forwarder:AlertVehicleHandler(): [DEBUG] in=(257,0) alert=/alert/emergency/veh/93/seq=0/zor=[MASKED] decision=forward to vehicles deferred until 0ms
+74.432594683s 75 caf.Forwarder:OnOutgoingAlert(): [DEBUG] out=257 alert=/alert/emergency/veh/93/seq=0/zor=[MASKED]
+74.432594683s 75 ndn.AlertConsumer:doReceive(): [INFO ] Received alert: /alert/emergency/veh/93/seq=0/zor=[MASKED]
+74.432594691s 41 caf.Forwarder:OnIncomingAlert(): [DEBUG] in=257 alert=/alert/emergency/veh/93/seq=0/zor=[MASKED]
+74.432594691s 41 caf.Forwarder:AlertVehicleHandler(): [DEBUG] in=(257,0) alert=/alert/emergency/veh/93/seq=0/zor=[MASKED] decision=forward to vehicles deferred until 0ms
+74.432594691s 41 caf.Forwarder:OnOutgoingAlert(): [DEBUG] out=257 alert=/alert/emergency/veh/93/seq=0/zor=[MASKED]
+74.432594691s 41 ndn.AlertConsumer:doReceive(): [INFO ] Received alert: /alert/emergency/veh/93/seq=0/zor=[MASKED]
+74.432594710s 83 caf.Forwarder:OnIncomingAlert(): [DEBUG] in=257 alert=/alert/emergency/veh/93/seq=0/zor=[MASKED]
+74.432594710s 83 caf.Forwarder:AlertVehicleHandler(): [DEBUG] in=(257,0) alert=/alert/emergency/veh/93/seq=0/zor=[MASKED] decision=drop because duplicate alert
+74.433464692s 36 caf.Forwarder:OnIncomingAlert(): [DEBUG] in=257 alert=/alert/emergency/veh/93/seq=0/zor=[MASKED]
+74.433464692s 36 caf.Forwarder:AlertVehicleHandler(): [DEBUG] in= (257,0) alert=/alert/emergency/veh/93/seq=0/zor=[MASKED] timer cancelled because sender closer to ZoR
+74.433464708s 81 caf.Forwarder:OnIncomingAlert(): [DEBUG] in=257 alert=/alert/emergency/veh/93/seq=0/zor=[MASKED]
+74.433464708s 81 caf.Forwarder:AlertVehicleHandler(): [DEBUG] in=(257,0) alert=/alert/emergency/veh/93/seq=0/zor=[MASKED] decision=drop because duplicate alert
+74.918323691s 94 ndn.RandomAlertProducer:AlertSupplier(): [LOGIC] Send alert=/alert/emergency/veh/94/seq=0/zor=[MASKED] vehCount=46 rsuCount=9
+74.918323691s 94 caf.Forwarder:OnIncomingAlert(): [DEBUG] in=260 alert=/alert/emergency/veh/94/seq=0/zor=[MASKED]
+74.918323691s 94 caf.Forwarder:AlertVehicleHandler(): [DEBUG] in=(260,0) alert=/alert/emergency/veh/94/seq=0/zor=[MASKED] decision=forward to vehicles
+74.918323691s 94 caf.Forwarder:OnOutgoingAlert(): [DEBUG] out=257 alert=/alert/emergency/veh/94/seq=0/zor=[MASKED]
+74.919193733s 22 caf.Forwarder:OnIncomingAlert(): [DEBUG] in=257 alert=/alert/emergency/veh/94/seq=0/zor=[MASKED]
+74.919193733s 22 caf.Forwarder:AlertVehicleHandler(): [DEBUG] in=(257,0) alert=/alert/emergency/veh/94/seq=0/zor=[MASKED] decision=drop since sender is closer
+74.919193828s 99 caf.Forwarder:OnIncomingAlert(): [DEBUG] in=257 alert=/alert/emergency/veh/94/seq=0/zor=[MASKED]
+74.919193828s 99 caf.Forwarder:AlertVehicleHandler(): [DEBUG] in=(257,0) alert=/alert/emergency/veh/94/seq=0/zor=[MASKED] decision=drop since sender is closer
+76.463915274s 95 ndn.RandomAlertProducer:AlertSupplier(): [LOGIC] Send alert=/alert/emergency/veh/95/seq=0/zor=[MASKED] vehCount=46 rsuCount=9
+76.463915274s 95 caf.Forwarder:OnIncomingAlert(): [DEBUG] in=260 alert=/alert/emergency/veh/95/seq=0/zor=[MASKED]
+76.463915274s 95 caf.Forwarder:AlertVehicleHandler(): [DEBUG] in=(260,0) alert=/alert/emergency/veh/95/seq=0/zor=[MASKED] decision=forward to vehicles
+76.463915274s 95 caf.Forwarder:OnOutgoingAlert(): [DEBUG] out=257 alert=/alert/emergency/veh/95/seq=0/zor=[MASKED]
+76.464785339s 30 caf.Forwarder:OnIncomingAlert(): [DEBUG] in=257 alert=/alert/emergency/veh/95/seq=0/zor=[MASKED]
+76.464785339s 30 caf.Forwarder:AlertVehicleHandler(): [DEBUG] in=(257,0) alert=/alert/emergency/veh/95/seq=0/zor=[MASKED] decision=forward to vehicles deferred until 3.07727ms
+76.464785349s 91 caf.Forwarder:OnIncomingAlert(): [DEBUG] in=257 alert=/alert/emergency/veh/95/seq=0/zor=[MASKED]
+76.464785349s 91 caf.Forwarder:AlertVehicleHandler(): [DEBUG] in=(257,0) alert=/alert/emergency/veh/95/seq=0/zor=[MASKED] decision=forward to vehicles deferred until 2.79337ms
+76.464785351s 21 caf.Forwarder:OnIncomingAlert(): [DEBUG] in=257 alert=/alert/emergency/veh/95/seq=0/zor=[MASKED]
+76.464785351s 21 caf.Forwarder:AlertVehicleHandler(): [DEBUG] in=(257,0) alert=/alert/emergency/veh/95/seq=0/zor=[MASKED] decision=drop since sender is closer
+76.464785417s 28 caf.Forwarder:OnIncomingAlert(): [DEBUG] in=257 alert=/alert/emergency/veh/95/seq=0/zor=[MASKED]
+76.464785417s 28 caf.Forwarder:AlertVehicleHandler(): [DEBUG] in=(257,0) alert=/alert/emergency/veh/95/seq=0/zor=[MASKED] decision=forward to vehicles deferred until 0.707271ms
+76.464785429s 100 caf.Forwarder:OnIncomingAlert(): [DEBUG] in=257 alert=/alert/emergency/veh/95/seq=0/zor=[MASKED]
+76.464785429s 100 caf.Forwarder:AlertVehicleHandler(): [DEBUG] in=(257,0) alert=/alert/emergency/veh/95/seq=0/zor=[MASKED] decision=drop since sender is closer
+76.465492687s 28 caf.Forwarder:OnOutgoingAlert(): [DEBUG] out=257 alert=/alert/emergency/veh/95/seq=0/zor=[MASKED]
+76.466362762s 91 caf.Forwarder:OnIncomingAlert(): [DEBUG] in=257 alert=/alert/emergency/veh/95/seq=0/zor=[MASKED]
+76.466362762s 91 caf.Forwarder:AlertVehicleHandler(): [DEBUG] in= (257,0) alert=/alert/emergency/veh/95/seq=0/zor=[MASKED] timer cancelled because sender closer to ZoR
+76.466362767s 30 caf.Forwarder:OnIncomingAlert(): [DEBUG] in=257 alert=/alert/emergency/veh/95/seq=0/zor=[MASKED]
+76.466362767s 30 caf.Forwarder:AlertVehicleHandler(): [DEBUG] in= (257,0) alert=/alert/emergency/veh/95/seq=0/zor=[MASKED] timer cancelled because sender closer to ZoR
+76.466362769s 88 caf.Forwarder:OnIncomingAlert(): [DEBUG] in=257 alert=/alert/emergency/veh/95/seq=0/zor=[MASKED]
+76.466362769s 88 caf.Forwarder:AlertVehicleHandler(): [DEBUG] in=(257,0) alert=/alert/emergency/veh/95/seq=0/zor=[MASKED] decision=forward to vehicles deferred until 2.56017ms
+76.466362804s 46 caf.Forwarder:OnIncomingAlert(): [DEBUG] in=257 alert=/alert/emergency/veh/95/seq=0/zor=[MASKED]
+76.466362804s 46 caf.Forwarder:AlertVehicleHandler(): [DEBUG] in=(257,0) alert=/alert/emergency/veh/95/seq=0/zor=[MASKED] decision=forward to vehicles deferred until 1.50416ms
+76.466362820s 85 caf.Forwarder:OnIncomingAlert(): [DEBUG] in=257 alert=/alert/emergency/veh/95/seq=0/zor=[MASKED]
+76.466362820s 85 caf.Forwarder:AlertVehicleHandler(): [DEBUG] in=(257,0) alert=/alert/emergency/veh/95/seq=0/zor=[MASKED] decision=forward to vehicles deferred until 1.02883ms
+76.466362830s 95 caf.Forwarder:OnIncomingAlert(): [DEBUG] in=257 alert=/alert/emergency/veh/95/seq=0/zor=[MASKED]
+76.466362830s 95 caf.Forwarder:AlertVehicleHandler(): [DEBUG] in=(257,0) alert=/alert/emergency/veh/95/seq=0/zor=[MASKED] decision=drop because duplicate alert
+76.467391650s 85 caf.Forwarder:OnOutgoingAlert(): [DEBUG] out=257 alert=/alert/emergency/veh/95/seq=0/zor=[MASKED]
+76.467866959s 46 caf.Forwarder:OnOutgoingAlert(): [DEBUG] out=257 alert=/alert/emergency/veh/95/seq=0/zor=[MASKED]
+76.468261684s 46 caf.Forwarder:OnIncomingAlert(): [DEBUG] in=257 alert=/alert/emergency/veh/95/seq=0/zor=[MASKED]
+76.468261684s 46 caf.Forwarder:AlertVehicleHandler(): [DEBUG] in=(257,0) alert=/alert/emergency/veh/95/seq=0/zor=[MASKED] decision=drop because duplicate alert
+76.468261701s 88 caf.Forwarder:OnIncomingAlert(): [DEBUG] in=257 alert=/alert/emergency/veh/95/seq=0/zor=[MASKED]
+76.468261701s 88 caf.Forwarder:AlertVehicleHandler(): [DEBUG] in= (257,0) alert=/alert/emergency/veh/95/seq=0/zor=[MASKED] timer cancelled because sender closer to ZoR
+76.468261722s 84 caf.Forwarder:OnIncomingAlert(): [DEBUG] in=257 alert=/alert/emergency/veh/95/seq=0/zor=[MASKED]
+76.468261722s 84 caf.Forwarder:AlertVehicleHandler(): [DEBUG] in=(257,0) alert=/alert/emergency/veh/95/seq=0/zor=[MASKED] decision=forward to vehicles deferred until 2.88419ms
+76.468261783s 28 caf.Forwarder:OnIncomingAlert(): [DEBUG] in=257 alert=/alert/emergency/veh/95/seq=0/zor=[MASKED]
+76.468261783s 28 caf.Forwarder:AlertVehicleHandler(): [DEBUG] in=(257,0) alert=/alert/emergency/veh/95/seq=0/zor=[MASKED] decision=drop because duplicate alert
+76.468261786s 51 caf.Forwarder:OnIncomingAlert(): [DEBUG] in=257 alert=/alert/emergency/veh/95/seq=0/zor=[MASKED]
+76.468261786s 51 caf.Forwarder:AlertVehicleHandler(): [DEBUG] in=(257,0) alert=/alert/emergency/veh/95/seq=0/zor=[MASKED] decision=forward to vehicles deferred until 0.924051ms
+76.469185837s 51 caf.Forwarder:OnOutgoingAlert(): [DEBUG] out=257 alert=/alert/emergency/veh/95/seq=0/zor=[MASKED]
+76.469261718s 85 caf.Forwarder:OnIncomingAlert(): [DEBUG] in=257 alert=/alert/emergency/veh/95/seq=0/zor=[MASKED]
+76.469261718s 85 caf.Forwarder:AlertVehicleHandler(): [DEBUG] in=(257,0) alert=/alert/emergency/veh/95/seq=0/zor=[MASKED] decision=drop because duplicate alert
+76.469261727s 88 caf.Forwarder:OnIncomingAlert(): [DEBUG] in=257 alert=/alert/emergency/veh/95/seq=0/zor=[MASKED]
+76.469261727s 88 caf.Forwarder:AlertVehicleHandler(): [DEBUG] in=(257,0) alert=/alert/emergency/veh/95/seq=0/zor=[MASKED] decision=drop because duplicate alert
+76.469261770s 84 caf.Forwarder:OnIncomingAlert(): [DEBUG] in=257 alert=/alert/emergency/veh/95/seq=0/zor=[MASKED]
+76.469261801s 28 caf.Forwarder:OnIncomingAlert(): [DEBUG] in=257 alert=/alert/emergency/veh/95/seq=0/zor=[MASKED]
+76.469261801s 28 caf.Forwarder:AlertVehicleHandler(): [DEBUG] in=(257,0) alert=/alert/emergency/veh/95/seq=0/zor=[MASKED] decision=drop because duplicate alert
+76.469261828s 51 caf.Forwarder:OnIncomingAlert(): [DEBUG] in=257 alert=/alert/emergency/veh/95/seq=0/zor=[MASKED]
+76.469261828s 51 caf.Forwarder:AlertVehicleHandler(): [DEBUG] in=(257,0) alert=/alert/emergency/veh/95/seq=0/zor=[MASKED] decision=drop because duplicate alert
+76.470235893s 84 caf.Forwarder:OnIncomingAlert(): [DEBUG] in=257 alert=/alert/emergency/veh/95/seq=0/zor=[MASKED]
+76.470235893s 84 caf.Forwarder:AlertVehicleHandler(): [DEBUG] in= (257,0) alert=/alert/emergency/veh/95/seq=0/zor=[MASKED] timer cancelled because sender closer to ZoR
+76.470235941s 45 caf.Forwarder:OnIncomingAlert(): [DEBUG] in=257 alert=/alert/emergency/veh/95/seq=0/zor=[MASKED]
+76.470235941s 45 caf.Forwarder:AlertVehicleHandler(): [DEBUG] in=(257,0) alert=/alert/emergency/veh/95/seq=0/zor=[MASKED] decision=forward to vehicles deferred until 0ms
+76.470235941s 45 caf.Forwarder:OnOutgoingAlert(): [DEBUG] out=257 alert=/alert/emergency/veh/95/seq=0/zor=[MASKED]
+76.470235941s 45 ndn.AlertConsumer:doReceive(): [INFO ] Received alert: /alert/emergency/veh/95/seq=0/zor=[MASKED]
+76.470235964s 85 caf.Forwarder:OnIncomingAlert(): [DEBUG] in=257 alert=/alert/emergency/veh/95/seq=0/zor=[MASKED]
+76.470235964s 85 caf.Forwarder:AlertVehicleHandler(): [DEBUG] in=(257,0) alert=/alert/emergency/veh/95/seq=0/zor=[MASKED] decision=drop because duplicate alert
+76.470235972s 46 caf.Forwarder:OnIncomingAlert(): [DEBUG] in=257 alert=/alert/emergency/veh/95/seq=0/zor=[MASKED]
+76.470235972s 46 caf.Forwarder:AlertVehicleHandler(): [DEBUG] in=(257,0) alert=/alert/emergency/veh/95/seq=0/zor=[MASKED] decision=drop because duplicate alert
+76.471106038s 48 caf.Forwarder:OnIncomingAlert(): [DEBUG] in=257 alert=/alert/emergency/veh/95/seq=0/zor=[MASKED]
+76.471106038s 48 caf.Forwarder:AlertVehicleHandler(): [DEBUG] in=(257,0) alert=/alert/emergency/veh/95/seq=0/zor=[MASKED] decision=forward to vehicles deferred until 0ms
+76.471106038s 48 caf.Forwarder:OnOutgoingAlert(): [DEBUG] out=257 alert=/alert/emergency/veh/95/seq=0/zor=[MASKED]
+76.471106038s 48 ndn.AlertConsumer:doReceive(): [INFO ] Received alert: /alert/emergency/veh/95/seq=0/zor=[MASKED]
+76.471106054s 51 caf.Forwarder:OnIncomingAlert(): [DEBUG] in=257 alert=/alert/emergency/veh/95/seq=0/zor=[MASKED]
+76.471106054s 51 caf.Forwarder:AlertVehicleHandler(): [DEBUG] in=(257,0) alert=/alert/emergency/veh/95/seq=0/zor=[MASKED] decision=drop because duplicate alert
+76.471976135s 45 caf.Forwarder:OnIncomingAlert(): [DEBUG] in=257 alert=/alert/emergency/veh/95/seq=0/zor=[MASKED]
+76.471976135s 45 caf.Forwarder:AlertVehicleHandler(): [DEBUG] in=(257,0) alert=/alert/emergency/veh/95/seq=0/zor=[MASKED] decision=drop because duplicate alert
+76.471976205s 39 caf.Forwarder:OnIncomingAlert(): [DEBUG] in=257 alert=/alert/emergency/veh/95/seq=0/zor=[MASKED]
+76.471976205s 39 caf.Forwarder:AlertVehicleHandler(): [DEBUG] in=(257,0) alert=/alert/emergency/veh/95/seq=0/zor=[MASKED] decision=forward to vehicles deferred until 0ms
+76.471976205s 39 caf.Forwarder:OnOutgoingAlert(): [DEBUG] out=257 alert=/alert/emergency/veh/95/seq=0/zor=[MASKED]
+76.471976205s 39 ndn.AlertConsumer:doReceive(): [INFO ] Received alert: /alert/emergency/veh/95/seq=0/zor=[MASKED]
+76.472846290s 57 caf.Forwarder:OnIncomingAlert(): [DEBUG] in=257 alert=/alert/emergency/veh/95/seq=0/zor=[MASKED]
+76.472846290s 57 caf.Forwarder:AlertVehicleHandler(): [DEBUG] in=(257,0) alert=/alert/emergency/veh/95/seq=0/zor=[MASKED] decision=forward to vehicles deferred until 0ms
+76.472846290s 57 caf.Forwarder:OnOutgoingAlert(): [DEBUG] out=257 alert=/alert/emergency/veh/95/seq=0/zor=[MASKED]
+76.472846290s 57 ndn.AlertConsumer:doReceive(): [INFO ] Received alert: /alert/emergency/veh/95/seq=0/zor=[MASKED]
+76.472846314s 72 caf.Forwarder:OnIncomingAlert(): [DEBUG] in=257 alert=/alert/emergency/veh/95/seq=0/zor=[MASKED]
+76.472846314s 72 caf.Forwarder:AlertVehicleHandler(): [DEBUG] in=(257,0) alert=/alert/emergency/veh/95/seq=0/zor=[MASKED] decision=forward to vehicles deferred until 0ms
+76.472846314s 72 caf.Forwarder:OnOutgoingAlert(): [DEBUG] out=257 alert=/alert/emergency/veh/95/seq=0/zor=[MASKED]
+76.472846314s 72 ndn.AlertConsumer:doReceive(): [INFO ] Received alert: /alert/emergency/veh/95/seq=0/zor=[MASKED]
+76.472846372s 48 caf.Forwarder:OnIncomingAlert(): [DEBUG] in=257 alert=/alert/emergency/veh/95/seq=0/zor=[MASKED]
+76.472846372s 48 caf.Forwarder:AlertVehicleHandler(): [DEBUG] in=(257,0) alert=/alert/emergency/veh/95/seq=0/zor=[MASKED] decision=drop because duplicate alert
+76.472846372s 59 caf.Forwarder:OnIncomingAlert(): [DEBUG] in=257 alert=/alert/emergency/veh/95/seq=0/zor=[MASKED]
+76.472846372s 59 caf.Forwarder:AlertVehicleHandler(): [DEBUG] in=(257,0) alert=/alert/emergency/veh/95/seq=0/zor=[MASKED] decision=forward to vehicles deferred until 0ms
+76.472846372s 59 caf.Forwarder:OnOutgoingAlert(): [DEBUG] out=257 alert=/alert/emergency/veh/95/seq=0/zor=[MASKED]
+76.472846372s 59 ndn.AlertConsumer:doReceive(): [INFO ] Received alert: /alert/emergency/veh/95/seq=0/zor=[MASKED]
+76.473716440s 52 caf.Forwarder:OnIncomingAlert(): [DEBUG] in=257 alert=/alert/emergency/veh/95/seq=0/zor=[MASKED]
+76.473716440s 52 caf.Forwarder:AlertVehicleHandler(): [DEBUG] in=(257,0) alert=/alert/emergency/veh/95/seq=0/zor=[MASKED] decision=forward to vehicles deferred until 0ms
+76.473716440s 52 caf.Forwarder:OnOutgoingAlert(): [DEBUG] out=257 alert=/alert/emergency/veh/95/seq=0/zor=[MASKED]
+76.473716440s 52 ndn.AlertConsumer:doReceive(): [INFO ] Received alert: /alert/emergency/veh/95/seq=0/zor=[MASKED]
+76.473716453s 54 caf.Forwarder:OnIncomingAlert(): [DEBUG] in=257 alert=/alert/emergency/veh/95/seq=0/zor=[MASKED]
+76.473716453s 54 caf.Forwarder:AlertVehicleHandler(): [DEBUG] in=(257,0) alert=/alert/emergency/veh/95/seq=0/zor=[MASKED] decision=forward to vehicles deferred until 0ms
+76.473716453s 54 caf.Forwarder:OnOutgoingAlert(): [DEBUG] out=257 alert=/alert/emergency/veh/95/seq=0/zor=[MASKED]
+76.473716453s 54 ndn.AlertConsumer:doReceive(): [INFO ] Received alert: /alert/emergency/veh/95/seq=0/zor=[MASKED]
+76.474586449s 40 caf.Forwarder:OnIncomingAlert(): [DEBUG] in=257 alert=/alert/emergency/veh/95/seq=0/zor=[MASKED]
+76.474586449s 40 caf.Forwarder:AlertVehicleHandler(): [DEBUG] in=(257,0) alert=/alert/emergency/veh/95/seq=0/zor=[MASKED] decision=forward to vehicles deferred until 0ms
+76.474586449s 40 caf.Forwarder:OnOutgoingAlert(): [DEBUG] out=257 alert=/alert/emergency/veh/95/seq=0/zor=[MASKED]
+76.474586449s 40 ndn.AlertConsumer:doReceive(): [INFO ] Received alert: /alert/emergency/veh/95/seq=0/zor=[MASKED]
+76.474586534s 50 caf.Forwarder:OnIncomingAlert(): [DEBUG] in=257 alert=/alert/emergency/veh/95/seq=0/zor=[MASKED]
+76.474586534s 50 caf.Forwarder:AlertVehicleHandler(): [DEBUG] in=(257,0) alert=/alert/emergency/veh/95/seq=0/zor=[MASKED] decision=forward to vehicles deferred until 0ms
+76.474586534s 50 caf.Forwarder:OnOutgoingAlert(): [DEBUG] out=257 alert=/alert/emergency/veh/95/seq=0/zor=[MASKED]
+76.474586534s 50 ndn.AlertConsumer:doReceive(): [INFO ] Received alert: /alert/emergency/veh/95/seq=0/zor=[MASKED]
+76.474586545s 72 caf.Forwarder:OnIncomingAlert(): [DEBUG] in=257 alert=/alert/emergency/veh/95/seq=0/zor=[MASKED]
+76.474586545s 72 caf.Forwarder:AlertVehicleHandler(): [DEBUG] in=(257,0) alert=/alert/emergency/veh/95/seq=0/zor=[MASKED] decision=drop because duplicate alert
+76.474586587s 62 caf.Forwarder:OnIncomingAlert(): [DEBUG] in=257 alert=/alert/emergency/veh/95/seq=0/zor=[MASKED]
+76.474586587s 62 caf.Forwarder:AlertVehicleHandler(): [DEBUG] in=(257,0) alert=/alert/emergency/veh/95/seq=0/zor=[MASKED] decision=forward to vehicles deferred until 0ms
+76.474586587s 62 caf.Forwarder:OnOutgoingAlert(): [DEBUG] out=257 alert=/alert/emergency/veh/95/seq=0/zor=[MASKED]
+76.474586587s 62 ndn.AlertConsumer:doReceive(): [INFO ] Received alert: /alert/emergency/veh/95/seq=0/zor=[MASKED]
+76.474586591s 58 caf.Forwarder:OnIncomingAlert(): [DEBUG] in=257 alert=/alert/emergency/veh/95/seq=0/zor=[MASKED]
+76.474586591s 58 caf.Forwarder:AlertVehicleHandler(): [DEBUG] in=(257,0) alert=/alert/emergency/veh/95/seq=0/zor=[MASKED] decision=forward to vehicles deferred until 0ms
+76.474586591s 58 caf.Forwarder:OnOutgoingAlert(): [DEBUG] out=257 alert=/alert/emergency/veh/95/seq=0/zor=[MASKED]
+76.474586591s 58 ndn.AlertConsumer:doReceive(): [INFO ] Received alert: /alert/emergency/veh/95/seq=0/zor=[MASKED]
+76.474586595s 71 caf.Forwarder:OnIncomingAlert(): [DEBUG] in=257 alert=/alert/emergency/veh/95/seq=0/zor=[MASKED]
+76.474586595s 71 caf.Forwarder:AlertVehicleHandler(): [DEBUG] in=(257,0) alert=/alert/emergency/veh/95/seq=0/zor=[MASKED] decision=forward to vehicles deferred until 0ms
+76.474586595s 71 caf.Forwarder:OnOutgoingAlert(): [DEBUG] out=257 alert=/alert/emergency/veh/95/seq=0/zor=[MASKED]
+76.474586595s 71 ndn.AlertConsumer:doReceive(): [INFO ] Received alert: /alert/emergency/veh/95/seq=0/zor=[MASKED]
+76.474586596s 64 caf.Forwarder:OnIncomingAlert(): [DEBUG] in=257 alert=/alert/emergency/veh/95/seq=0/zor=[MASKED]
+76.474586596s 64 caf.Forwarder:AlertVehicleHandler(): [DEBUG] in=(257,0) alert=/alert/emergency/veh/95/seq=0/zor=[MASKED] decision=forward to vehicles deferred until 0ms
+76.474586596s 64 caf.Forwarder:OnOutgoingAlert(): [DEBUG] out=257 alert=/alert/emergency/veh/95/seq=0/zor=[MASKED]
+76.474586596s 64 ndn.AlertConsumer:doReceive(): [INFO ] Received alert: /alert/emergency/veh/95/seq=0/zor=[MASKED]
+76.474586618s 60 caf.Forwarder:OnIncomingAlert(): [DEBUG] in=257 alert=/alert/emergency/veh/95/seq=0/zor=[MASKED]
+76.474586618s 60 caf.Forwarder:AlertVehicleHandler(): [DEBUG] in=(257,0) alert=/alert/emergency/veh/95/seq=0/zor=[MASKED] decision=forward to vehicles deferred until 0ms
+76.474586618s 60 caf.Forwarder:OnOutgoingAlert(): [DEBUG] out=257 alert=/alert/emergency/veh/95/seq=0/zor=[MASKED]
+76.474586618s 60 ndn.AlertConsumer:doReceive(): [INFO ] Received alert: /alert/emergency/veh/95/seq=0/zor=[MASKED]
+76.475456458s 52 caf.Forwarder:OnIncomingAlert(): [DEBUG] in=257 alert=/alert/emergency/veh/95/seq=0/zor=[MASKED]
+76.475456458s 52 caf.Forwarder:AlertVehicleHandler(): [DEBUG] in=(257,0) alert=/alert/emergency/veh/95/seq=0/zor=[MASKED] decision=drop because duplicate alert
+76.475456523s 59 caf.Forwarder:OnIncomingAlert(): [DEBUG] in=257 alert=/alert/emergency/veh/95/seq=0/zor=[MASKED]
+76.475456523s 59 caf.Forwarder:AlertVehicleHandler(): [DEBUG] in=(257,0) alert=/alert/emergency/veh/95/seq=0/zor=[MASKED] decision=drop because duplicate alert
+76.475456632s 73 caf.Forwarder:OnIncomingAlert(): [DEBUG] in=257 alert=/alert/emergency/veh/95/seq=0/zor=[MASKED]
+76.475456632s 73 caf.Forwarder:AlertVehicleHandler(): [DEBUG] in=(257,0) alert=/alert/emergency/veh/95/seq=0/zor=[MASKED] decision=forward to vehicles deferred until 0ms
+76.475456632s 73 caf.Forwarder:OnOutgoingAlert(): [DEBUG] out=257 alert=/alert/emergency/veh/95/seq=0/zor=[MASKED]
+76.475456632s 73 ndn.AlertConsumer:doReceive(): [INFO ] Received alert: /alert/emergency/veh/95/seq=0/zor=[MASKED]
+76.475456642s 63 caf.Forwarder:OnIncomingAlert(): [DEBUG] in=257 alert=/alert/emergency/veh/95/seq=0/zor=[MASKED]
+76.475456642s 63 caf.Forwarder:AlertVehicleHandler(): [DEBUG] in=(257,0) alert=/alert/emergency/veh/95/seq=0/zor=[MASKED] decision=forward to vehicles deferred until 0ms
+76.475456642s 63 caf.Forwarder:OnOutgoingAlert(): [DEBUG] out=257 alert=/alert/emergency/veh/95/seq=0/zor=[MASKED]
+76.475456642s 63 ndn.AlertConsumer:doReceive(): [INFO ] Received alert: /alert/emergency/veh/95/seq=0/zor=[MASKED]
+76.475456648s 42 caf.Forwarder:OnIncomingAlert(): [DEBUG] in=257 alert=/alert/emergency/veh/95/seq=0/zor=[MASKED]
+76.475456648s 42 caf.Forwarder:AlertVehicleHandler(): [DEBUG] in=(257,0) alert=/alert/emergency/veh/95/seq=0/zor=[MASKED] decision=forward to vehicles deferred until 0ms
+76.475456648s 42 caf.Forwarder:OnOutgoingAlert(): [DEBUG] out=257 alert=/alert/emergency/veh/95/seq=0/zor=[MASKED]
+76.475456648s 42 ndn.AlertConsumer:doReceive(): [INFO ] Received alert: /alert/emergency/veh/95/seq=0/zor=[MASKED]
+76.475456660s 65 caf.Forwarder:OnIncomingAlert(): [DEBUG] in=257 alert=/alert/emergency/veh/95/seq=0/zor=[MASKED]
+76.475456660s 65 caf.Forwarder:AlertVehicleHandler(): [DEBUG] in=(257,0) alert=/alert/emergency/veh/95/seq=0/zor=[MASKED] decision=forward to vehicles deferred until 0ms
+76.475456660s 65 caf.Forwarder:OnOutgoingAlert(): [DEBUG] out=257 alert=/alert/emergency/veh/95/seq=0/zor=[MASKED]
+76.475456660s 65 ndn.AlertConsumer:doReceive(): [INFO ] Received alert: /alert/emergency/veh/95/seq=0/zor=[MASKED]
+76.475456701s 23 caf.Forwarder:OnIncomingAlert(): [DEBUG] in=257 alert=/alert/emergency/veh/95/seq=0/zor=[MASKED]
+76.475456701s 23 caf.Forwarder:AlertVehicleHandler(): [DEBUG] in=(257,0) alert=/alert/emergency/veh/95/seq=0/zor=[MASKED] decision=forward to vehicles deferred until 0ms
+76.475456701s 23 caf.Forwarder:OnOutgoingAlert(): [DEBUG] out=257 alert=/alert/emergency/veh/95/seq=0/zor=[MASKED]
+76.475456701s 23 ndn.AlertConsumer:doReceive(): [INFO ] Received alert: /alert/emergency/veh/95/seq=0/zor=[MASKED]
+76.475456706s 77 caf.Forwarder:OnIncomingAlert(): [DEBUG] in=257 alert=/alert/emergency/veh/95/seq=0/zor=[MASKED]
+76.475456706s 77 caf.Forwarder:AlertVehicleHandler(): [DEBUG] in=(257,0) alert=/alert/emergency/veh/95/seq=0/zor=[MASKED] decision=forward to vehicles deferred until 0ms
+76.475456706s 77 caf.Forwarder:OnOutgoingAlert(): [DEBUG] out=257 alert=/alert/emergency/veh/95/seq=0/zor=[MASKED]
+76.475456706s 77 ndn.AlertConsumer:doReceive(): [INFO ] Received alert: /alert/emergency/veh/95/seq=0/zor=[MASKED]
+76.475456718s 68 caf.Forwarder:OnIncomingAlert(): [DEBUG] in=257 alert=/alert/emergency/veh/95/seq=0/zor=[MASKED]
+76.475456718s 68 caf.Forwarder:AlertVehicleHandler(): [DEBUG] in=(257,0) alert=/alert/emergency/veh/95/seq=0/zor=[MASKED] decision=forward to vehicles deferred until 0ms
+76.475456718s 68 caf.Forwarder:OnOutgoingAlert(): [DEBUG] out=257 alert=/alert/emergency/veh/95/seq=0/zor=[MASKED]
+76.475456718s 68 ndn.AlertConsumer:doReceive(): [INFO ] Received alert: /alert/emergency/veh/95/seq=0/zor=[MASKED]
+77.245953610s 96 ndn.RandomAlertProducer:SendAlert(): [LOGIC] Don't send alert; condition failed
+79.419007162s 97 ndn.RandomAlertProducer:SendAlert(): [LOGIC] Don't send alert; condition failed
+79.786593640s 98 ndn.RandomAlertProducer:AlertSupplier(): [LOGIC] Send alert=/alert/emergency/veh/98/seq=0/zor=[MASKED] vehCount=43 rsuCount=9
+79.786593640s 98 caf.Forwarder:OnIncomingAlert(): [DEBUG] in=260 alert=/alert/emergency/veh/98/seq=0/zor=[MASKED]
+79.786593640s 98 caf.Forwarder:AlertVehicleHandler(): [DEBUG] in=(260,0) alert=/alert/emergency/veh/98/seq=0/zor=[MASKED] decision=forward to vehicles
+79.786593640s 98 caf.Forwarder:OnOutgoingAlert(): [DEBUG] out=257 alert=/alert/emergency/veh/98/seq=0/zor=[MASKED]
+79.787463713s 20 caf.Forwarder:OnIncomingAlert(): [DEBUG] in=257 alert=/alert/emergency/veh/98/seq=0/zor=[MASKED]
+79.787463713s 20 caf.Forwarder:AlertVehicleHandler(): [DEBUG] in=(257,0) alert=/alert/emergency/veh/98/seq=0/zor=[MASKED] decision=forward to vehicles deferred until 2.84501ms
+79.787463723s 93 caf.Forwarder:OnIncomingAlert(): [DEBUG] in=257 alert=/alert/emergency/veh/98/seq=0/zor=[MASKED]
+79.787463723s 93 caf.Forwarder:AlertVehicleHandler(): [DEBUG] in=(257,0) alert=/alert/emergency/veh/98/seq=0/zor=[MASKED] decision=forward to vehicles deferred until 2.53746ms
+79.787463741s 34 caf.Forwarder:OnIncomingAlert(): [DEBUG] in=257 alert=/alert/emergency/veh/98/seq=0/zor=[MASKED]
+79.787463741s 34 caf.Forwarder:AlertVehicleHandler(): [DEBUG] in=(257,0) alert=/alert/emergency/veh/98/seq=0/zor=[MASKED] decision=drop since sender is closer
+79.787463770s 36 caf.Forwarder:OnIncomingAlert(): [DEBUG] in=257 alert=/alert/emergency/veh/98/seq=0/zor=[MASKED]
+79.787463770s 36 caf.Forwarder:AlertVehicleHandler(): [DEBUG] in=(257,0) alert=/alert/emergency/veh/98/seq=0/zor=[MASKED] decision=forward to vehicles deferred until 1.11715ms
+79.788580919s 36 caf.Forwarder:OnOutgoingAlert(): [DEBUG] out=257 alert=/alert/emergency/veh/98/seq=0/zor=[MASKED]
+79.789450966s 93 caf.Forwarder:OnIncomingAlert(): [DEBUG] in=257 alert=/alert/emergency/veh/98/seq=0/zor=[MASKED]
+79.789450966s 93 caf.Forwarder:AlertVehicleHandler(): [DEBUG] in= (257,0) alert=/alert/emergency/veh/98/seq=0/zor=[MASKED] timer cancelled because sender closer to ZoR
+79.789450982s 90 caf.Forwarder:OnIncomingAlert(): [DEBUG] in=257 alert=/alert/emergency/veh/98/seq=0/zor=[MASKED]
+79.789450982s 90 caf.Forwarder:AlertVehicleHandler(): [DEBUG] in=(257,0) alert=/alert/emergency/veh/98/seq=0/zor=[MASKED] decision=forward to vehicles deferred until 3.12927ms
+79.789450983s 20 caf.Forwarder:OnIncomingAlert(): [DEBUG] in=257 alert=/alert/emergency/veh/98/seq=0/zor=[MASKED]
+79.789450983s 20 caf.Forwarder:AlertVehicleHandler(): [DEBUG] in= (257,0) alert=/alert/emergency/veh/98/seq=0/zor=[MASKED] timer cancelled because sender closer to ZoR
+79.789451046s 41 caf.Forwarder:OnIncomingAlert(): [DEBUG] in=257 alert=/alert/emergency/veh/98/seq=0/zor=[MASKED]
+79.789451046s 41 caf.Forwarder:AlertVehicleHandler(): [DEBUG] in=(257,0) alert=/alert/emergency/veh/98/seq=0/zor=[MASKED] decision=forward to vehicles deferred until 1.19394ms
+79.789451049s 98 caf.Forwarder:OnIncomingAlert(): [DEBUG] in=257 alert=/alert/emergency/veh/98/seq=0/zor=[MASKED]
+79.789451049s 98 caf.Forwarder:AlertVehicleHandler(): [DEBUG] in=(257,0) alert=/alert/emergency/veh/98/seq=0/zor=[MASKED] decision=drop because duplicate alert
+79.790644990s 41 caf.Forwarder:OnOutgoingAlert(): [DEBUG] out=257 alert=/alert/emergency/veh/98/seq=0/zor=[MASKED]
+79.791515064s 90 caf.Forwarder:OnIncomingAlert(): [DEBUG] in=257 alert=/alert/emergency/veh/98/seq=0/zor=[MASKED]
+79.791515064s 90 caf.Forwarder:AlertVehicleHandler(): [DEBUG] in= (257,0) alert=/alert/emergency/veh/98/seq=0/zor=[MASKED] timer cancelled because sender closer to ZoR
+79.791515073s 87 caf.Forwarder:OnIncomingAlert(): [DEBUG] in=257 alert=/alert/emergency/veh/98/seq=0/zor=[MASKED]
+79.791515073s 87 caf.Forwarder:AlertVehicleHandler(): [DEBUG] in=(257,0) alert=/alert/emergency/veh/98/seq=0/zor=[MASKED] decision=forward to vehicles deferred until 2.54357ms
+79.791515117s 36 caf.Forwarder:OnIncomingAlert(): [DEBUG] in=257 alert=/alert/emergency/veh/98/seq=0/zor=[MASKED]
+79.791515117s 36 caf.Forwarder:AlertVehicleHandler(): [DEBUG] in=(257,0) alert=/alert/emergency/veh/98/seq=0/zor=[MASKED] decision=drop because duplicate alert
+79.791515126s 83 caf.Forwarder:OnIncomingAlert(): [DEBUG] in=257 alert=/alert/emergency/veh/98/seq=0/zor=[MASKED]
+79.791515126s 83 caf.Forwarder:AlertVehicleHandler(): [DEBUG] in=(257,0) alert=/alert/emergency/veh/98/seq=0/zor=[MASKED] decision=forward to vehicles deferred until 0ms
+79.791515126s 83 caf.Forwarder:OnOutgoingAlert(): [DEBUG] out=257 alert=/alert/emergency/veh/98/seq=0/zor=[MASKED]
+79.791515126s 83 ndn.AlertConsumer:doReceive(): [INFO ] Received alert: /alert/emergency/veh/98/seq=0/zor=[MASKED]
+79.792385185s 87 caf.Forwarder:OnIncomingAlert(): [DEBUG] in=257 alert=/alert/emergency/veh/98/seq=0/zor=[MASKED]
+79.792385185s 87 caf.Forwarder:AlertVehicleHandler(): [DEBUG] in= (257,0) alert=/alert/emergency/veh/98/seq=0/zor=[MASKED] timer cancelled because sender closer to ZoR
+79.792385199s 32 caf.Forwarder:OnIncomingAlert(): [DEBUG] in=257 alert=/alert/emergency/veh/98/seq=0/zor=[MASKED]
+79.792385199s 32 caf.Forwarder:AlertVehicleHandler(): [DEBUG] in=(257,0) alert=/alert/emergency/veh/98/seq=0/zor=[MASKED] decision=forward to vehicles deferred until 0ms
+79.792385199s 32 caf.Forwarder:OnOutgoingAlert(): [DEBUG] out=257 alert=/alert/emergency/veh/98/seq=0/zor=[MASKED]
+79.792385199s 32 ndn.AlertConsumer:doReceive(): [INFO ] Received alert: /alert/emergency/veh/98/seq=0/zor=[MASKED]
+79.792385262s 41 caf.Forwarder:OnIncomingAlert(): [DEBUG] in=257 alert=/alert/emergency/veh/98/seq=0/zor=[MASKED]
+79.792385262s 41 caf.Forwarder:AlertVehicleHandler(): [DEBUG] in=(257,0) alert=/alert/emergency/veh/98/seq=0/zor=[MASKED] decision=drop because duplicate alert
+79.793255272s 83 caf.Forwarder:OnIncomingAlert(): [DEBUG] in=257 alert=/alert/emergency/veh/98/seq=0/zor=[MASKED]
+79.793255272s 83 caf.Forwarder:AlertVehicleHandler(): [DEBUG] in=(257,0) alert=/alert/emergency/veh/98/seq=0/zor=[MASKED] decision=drop because duplicate alert
+79.793255320s 81 caf.Forwarder:OnIncomingAlert(): [DEBUG] in=257 alert=/alert/emergency/veh/98/seq=0/zor=[MASKED]
+79.793255320s 81 caf.Forwarder:AlertVehicleHandler(): [DEBUG] in=(257,0) alert=/alert/emergency/veh/98/seq=0/zor=[MASKED] decision=forward to vehicles deferred until 0ms
+79.793255320s 81 caf.Forwarder:OnOutgoingAlert(): [DEBUG] out=257 alert=/alert/emergency/veh/98/seq=0/zor=[MASKED]
+79.793255320s 81 ndn.AlertConsumer:doReceive(): [INFO ] Received alert: /alert/emergency/veh/98/seq=0/zor=[MASKED]
+79.793255329s 56 caf.Forwarder:OnIncomingAlert(): [DEBUG] in=257 alert=/alert/emergency/veh/98/seq=0/zor=[MASKED]
+79.793255329s 56 caf.Forwarder:AlertVehicleHandler(): [DEBUG] in=(257,0) alert=/alert/emergency/veh/98/seq=0/zor=[MASKED] decision=forward to vehicles deferred until 0ms
+79.793255329s 56 caf.Forwarder:OnOutgoingAlert(): [DEBUG] out=257 alert=/alert/emergency/veh/98/seq=0/zor=[MASKED]
+79.793255329s 56 ndn.AlertConsumer:doReceive(): [INFO ] Received alert: /alert/emergency/veh/98/seq=0/zor=[MASKED]
+79.793255331s 87 caf.Forwarder:OnIncomingAlert(): [DEBUG] in=257 alert=/alert/emergency/veh/98/seq=0/zor=[MASKED]
+79.793255331s 87 caf.Forwarder:AlertVehicleHandler(): [DEBUG] in=(257,0) alert=/alert/emergency/veh/98/seq=0/zor=[MASKED] decision=drop because duplicate alert
+80.247520697s 99 ndn.RandomAlertProducer:AlertSupplier(): [LOGIC] Send alert=/alert/emergency/veh/99/seq=0/zor=[MASKED] vehCount=43 rsuCount=9
+80.247520697s 99 caf.Forwarder:OnIncomingAlert(): [DEBUG] in=260 alert=/alert/emergency/veh/99/seq=0/zor=[MASKED]
+80.247520697s 99 caf.Forwarder:AlertVehicleHandler(): [DEBUG] in=(260,0) alert=/alert/emergency/veh/99/seq=0/zor=[MASKED] decision=forward to vehicles
+80.247520697s 99 caf.Forwarder:OnOutgoingAlert(): [DEBUG] out=257 alert=/alert/emergency/veh/99/seq=0/zor=[MASKED]
+80.248390729s 25 caf.Forwarder:OnIncomingAlert(): [DEBUG] in=257 alert=/alert/emergency/veh/99/seq=0/zor=[MASKED]
+80.248390729s 25 caf.Forwarder:AlertVehicleHandler(): [DEBUG] in=(257,0) alert=/alert/emergency/veh/99/seq=0/zor=[MASKED] decision=drop since sender is closer
+80.248390777s 29 caf.Forwarder:OnIncomingAlert(): [DEBUG] in=257 alert=/alert/emergency/veh/99/seq=0/zor=[MASKED]
+80.248390777s 29 caf.Forwarder:AlertVehicleHandler(): [DEBUG] in=(257,0) alert=/alert/emergency/veh/99/seq=0/zor=[MASKED] decision=drop since sender is closer
+80.248390826s 31 caf.Forwarder:OnIncomingAlert(): [DEBUG] in=257 alert=/alert/emergency/veh/99/seq=0/zor=[MASKED]
+80.248390826s 31 caf.Forwarder:AlertVehicleHandler(): [DEBUG] in=(257,0) alert=/alert/emergency/veh/99/seq=0/zor=[MASKED] decision=forward to vehicles deferred until 1.14372ms
+80.248390831s 94 caf.Forwarder:OnIncomingAlert(): [DEBUG] in=257 alert=/alert/emergency/veh/99/seq=0/zor=[MASKED]
+80.248390831s 94 caf.Forwarder:AlertVehicleHandler(): [DEBUG] in=(257,0) alert=/alert/emergency/veh/99/seq=0/zor=[MASKED] decision=forward to vehicles deferred until 1.00571ms
+80.249396538s 94 caf.Forwarder:OnOutgoingAlert(): [DEBUG] out=257 alert=/alert/emergency/veh/99/seq=0/zor=[MASKED]
+80.249534545s 31 caf.Forwarder:OnOutgoingAlert(): [DEBUG] out=257 alert=/alert/emergency/veh/99/seq=0/zor=[MASKED]
+80.250266560s 31 caf.Forwarder:OnIncomingAlert(): [DEBUG] in=257 alert=/alert/emergency/veh/99/seq=0/zor=[MASKED]
+80.250266560s 31 caf.Forwarder:AlertVehicleHandler(): [DEBUG] in=(257,0) alert=/alert/emergency/veh/99/seq=0/zor=[MASKED] decision=drop because duplicate alert
+80.250266603s 27 caf.Forwarder:OnIncomingAlert(): [DEBUG] in=257 alert=/alert/emergency/veh/99/seq=0/zor=[MASKED]
+80.250266603s 27 caf.Forwarder:AlertVehicleHandler(): [DEBUG] in=(257,0) alert=/alert/emergency/veh/99/seq=0/zor=[MASKED] decision=forward to vehicles deferred until 3.08935ms
+80.250266672s 99 caf.Forwarder:OnIncomingAlert(): [DEBUG] in=257 alert=/alert/emergency/veh/99/seq=0/zor=[MASKED]
+80.250266672s 99 caf.Forwarder:AlertVehicleHandler(): [DEBUG] in=(257,0) alert=/alert/emergency/veh/99/seq=0/zor=[MASKED] decision=drop because duplicate alert
+80.250266698s 25 caf.Forwarder:OnIncomingAlert(): [DEBUG] in=257 alert=/alert/emergency/veh/99/seq=0/zor=[MASKED]
+80.250266698s 25 caf.Forwarder:AlertVehicleHandler(): [DEBUG] in=(257,0) alert=/alert/emergency/veh/99/seq=0/zor=[MASKED] decision=drop because duplicate alert
+80.251227582s 94 caf.Forwarder:OnIncomingAlert(): [DEBUG] in=257 alert=/alert/emergency/veh/99/seq=0/zor=[MASKED]
+80.251227582s 94 caf.Forwarder:AlertVehicleHandler(): [DEBUG] in=(257,0) alert=/alert/emergency/veh/99/seq=0/zor=[MASKED] decision=drop because duplicate alert
+80.251227622s 27 caf.Forwarder:OnIncomingAlert(): [DEBUG] in=257 alert=/alert/emergency/veh/99/seq=0/zor=[MASKED]
+80.251227689s 99 caf.Forwarder:OnIncomingAlert(): [DEBUG] in=257 alert=/alert/emergency/veh/99/seq=0/zor=[MASKED]
+80.251227689s 99 caf.Forwarder:AlertVehicleHandler(): [DEBUG] in=(257,0) alert=/alert/emergency/veh/99/seq=0/zor=[MASKED] decision=drop because duplicate alert
+80.251227713s 25 caf.Forwarder:OnIncomingAlert(): [DEBUG] in=257 alert=/alert/emergency/veh/99/seq=0/zor=[MASKED]
+80.251227713s 25 caf.Forwarder:AlertVehicleHandler(): [DEBUG] in=(257,0) alert=/alert/emergency/veh/99/seq=0/zor=[MASKED] decision=drop because duplicate alert
+80.253355948s 27 caf.Forwarder:OnOutgoingAlert(): [DEBUG] out=257 alert=/alert/emergency/veh/99/seq=0/zor=[MASKED]
+80.254226010s 31 caf.Forwarder:OnIncomingAlert(): [DEBUG] in=257 alert=/alert/emergency/veh/99/seq=0/zor=[MASKED]
+80.254226010s 31 caf.Forwarder:AlertVehicleHandler(): [DEBUG] in=(257,0) alert=/alert/emergency/veh/99/seq=0/zor=[MASKED] decision=drop because duplicate alert
+80.254226013s 94 caf.Forwarder:OnIncomingAlert(): [DEBUG] in=257 alert=/alert/emergency/veh/99/seq=0/zor=[MASKED]
+80.254226013s 94 caf.Forwarder:AlertVehicleHandler(): [DEBUG] in=(257,0) alert=/alert/emergency/veh/99/seq=0/zor=[MASKED] decision=drop because duplicate alert
+80.254226108s 43 caf.Forwarder:OnIncomingAlert(): [DEBUG] in=257 alert=/alert/emergency/veh/99/seq=0/zor=[MASKED]
+80.254226108s 43 caf.Forwarder:AlertVehicleHandler(): [DEBUG] in=(257,0) alert=/alert/emergency/veh/99/seq=0/zor=[MASKED] decision=forward to vehicles deferred until 0.209672ms
+80.254435779s 43 caf.Forwarder:OnOutgoingAlert(): [DEBUG] out=257 alert=/alert/emergency/veh/99/seq=0/zor=[MASKED]
+80.255305873s 44 caf.Forwarder:OnIncomingAlert(): [DEBUG] in=257 alert=/alert/emergency/veh/99/seq=0/zor=[MASKED]
+80.255305873s 44 caf.Forwarder:AlertVehicleHandler(): [DEBUG] in=(257,0) alert=/alert/emergency/veh/99/seq=0/zor=[MASKED] decision=forward to vehicles deferred until 0ms
+80.255305873s 44 caf.Forwarder:OnOutgoingAlert(): [DEBUG] out=257 alert=/alert/emergency/veh/99/seq=0/zor=[MASKED]
+80.255305873s 44 ndn.AlertConsumer:doReceive(): [INFO ] Received alert: /alert/emergency/veh/99/seq=0/zor=[MASKED]
+80.255305939s 27 caf.Forwarder:OnIncomingAlert(): [DEBUG] in=257 alert=/alert/emergency/veh/99/seq=0/zor=[MASKED]
+80.255305939s 27 caf.Forwarder:AlertVehicleHandler(): [DEBUG] in=(257,0) alert=/alert/emergency/veh/99/seq=0/zor=[MASKED] decision=drop because duplicate alert
+80.256175967s 43 caf.Forwarder:OnIncomingAlert(): [DEBUG] in=257 alert=/alert/emergency/veh/99/seq=0/zor=[MASKED]
+80.256175967s 43 caf.Forwarder:AlertVehicleHandler(): [DEBUG] in=(257,0) alert=/alert/emergency/veh/99/seq=0/zor=[MASKED] decision=drop because duplicate alert
+80.256175979s 49 caf.Forwarder:OnIncomingAlert(): [DEBUG] in=257 alert=/alert/emergency/veh/99/seq=0/zor=[MASKED]
+80.256175979s 49 caf.Forwarder:AlertVehicleHandler(): [DEBUG] in=(257,0) alert=/alert/emergency/veh/99/seq=0/zor=[MASKED] decision=forward to vehicles deferred until 0ms
+80.256175979s 49 caf.Forwarder:OnOutgoingAlert(): [DEBUG] out=257 alert=/alert/emergency/veh/99/seq=0/zor=[MASKED]
+80.256175979s 49 ndn.AlertConsumer:doReceive(): [INFO ] Received alert: /alert/emergency/veh/99/seq=0/zor=[MASKED]
+80.257046085s 44 caf.Forwarder:OnIncomingAlert(): [DEBUG] in=257 alert=/alert/emergency/veh/99/seq=0/zor=[MASKED]
+80.257046085s 44 caf.Forwarder:AlertVehicleHandler(): [DEBUG] in=(257,0) alert=/alert/emergency/veh/99/seq=0/zor=[MASKED] decision=drop because duplicate alert
+80.257046143s 23 caf.Forwarder:OnIncomingAlert(): [DEBUG] in=257 alert=/alert/emergency/veh/99/seq=0/zor=[MASKED]
+80.257046143s 23 caf.Forwarder:AlertVehicleHandler(): [DEBUG] in=(257,0) alert=/alert/emergency/veh/99/seq=0/zor=[MASKED] decision=forward to vehicles deferred until 0ms
+80.257046143s 23 caf.Forwarder:OnOutgoingAlert(): [DEBUG] out=257 alert=/alert/emergency/veh/99/seq=0/zor=[MASKED]
+80.257046143s 23 ndn.AlertConsumer:doReceive(): [INFO ] Received alert: /alert/emergency/veh/99/seq=0/zor=[MASKED]
+80.257916205s 79 caf.Forwarder:OnIncomingAlert(): [DEBUG] in=257 alert=/alert/emergency/veh/99/seq=0/zor=[MASKED]
+80.257916205s 79 caf.Forwarder:AlertVehicleHandler(): [DEBUG] in=(257,0) alert=/alert/emergency/veh/99/seq=0/zor=[MASKED] decision=forward to vehicles deferred until 0ms
+80.257916205s 79 caf.Forwarder:OnOutgoingAlert(): [DEBUG] out=257 alert=/alert/emergency/veh/99/seq=0/zor=[MASKED]
+80.257916205s 79 ndn.AlertConsumer:doReceive(): [INFO ] Received alert: /alert/emergency/veh/99/seq=0/zor=[MASKED]
+80.257916245s 64 caf.Forwarder:OnIncomingAlert(): [DEBUG] in=257 alert=/alert/emergency/veh/99/seq=0/zor=[MASKED]
+80.257916245s 64 caf.Forwarder:AlertVehicleHandler(): [DEBUG] in=(257,0) alert=/alert/emergency/veh/99/seq=0/zor=[MASKED] decision=forward to vehicles deferred until 0ms
+80.257916245s 64 caf.Forwarder:OnOutgoingAlert(): [DEBUG] out=257 alert=/alert/emergency/veh/99/seq=0/zor=[MASKED]
+80.257916245s 64 ndn.AlertConsumer:doReceive(): [INFO ] Received alert: /alert/emergency/veh/99/seq=0/zor=[MASKED]
+80.257916307s 49 caf.Forwarder:OnIncomingAlert(): [DEBUG] in=257 alert=/alert/emergency/veh/99/seq=0/zor=[MASKED]
+80.257916307s 49 caf.Forwarder:AlertVehicleHandler(): [DEBUG] in=(257,0) alert=/alert/emergency/veh/99/seq=0/zor=[MASKED] decision=drop because duplicate alert
+80.258786267s 23 caf.Forwarder:OnIncomingAlert(): [DEBUG] in=257 alert=/alert/emergency/veh/99/seq=0/zor=[MASKED]
+80.258786267s 23 caf.Forwarder:AlertVehicleHandler(): [DEBUG] in=(257,0) alert=/alert/emergency/veh/99/seq=0/zor=[MASKED] decision=drop because duplicate alert
+80.258786357s 68 caf.Forwarder:OnIncomingAlert(): [DEBUG] in=257 alert=/alert/emergency/veh/99/seq=0/zor=[MASKED]
+80.258786357s 68 caf.Forwarder:AlertVehicleHandler(): [DEBUG] in=(257,0) alert=/alert/emergency/veh/99/seq=0/zor=[MASKED] decision=forward to vehicles deferred until 0ms
+80.258786357s 68 caf.Forwarder:OnOutgoingAlert(): [DEBUG] out=257 alert=/alert/emergency/veh/99/seq=0/zor=[MASKED]
+80.258786357s 68 ndn.AlertConsumer:doReceive(): [INFO ] Received alert: /alert/emergency/veh/99/seq=0/zor=[MASKED]
+80.259656403s 77 caf.Forwarder:OnIncomingAlert(): [DEBUG] in=257 alert=/alert/emergency/veh/99/seq=0/zor=[MASKED]
+80.259656403s 77 caf.Forwarder:AlertVehicleHandler(): [DEBUG] in=(257,0) alert=/alert/emergency/veh/99/seq=0/zor=[MASKED] decision=forward to vehicles deferred until 0ms
+80.259656403s 77 caf.Forwarder:OnOutgoingAlert(): [DEBUG] out=257 alert=/alert/emergency/veh/99/seq=0/zor=[MASKED]
+80.259656403s 77 ndn.AlertConsumer:doReceive(): [INFO ] Received alert: /alert/emergency/veh/99/seq=0/zor=[MASKED]
+80.259656413s 65 caf.Forwarder:OnIncomingAlert(): [DEBUG] in=257 alert=/alert/emergency/veh/99/seq=0/zor=[MASKED]
+80.259656413s 65 caf.Forwarder:AlertVehicleHandler(): [DEBUG] in=(257,0) alert=/alert/emergency/veh/99/seq=0/zor=[MASKED] decision=forward to vehicles deferred until 0ms
+80.259656413s 65 caf.Forwarder:OnOutgoingAlert(): [DEBUG] out=257 alert=/alert/emergency/veh/99/seq=0/zor=[MASKED]
+80.259656413s 65 ndn.AlertConsumer:doReceive(): [INFO ] Received alert: /alert/emergency/veh/99/seq=0/zor=[MASKED]
+80.259656431s 52 caf.Forwarder:OnIncomingAlert(): [DEBUG] in=257 alert=/alert/emergency/veh/99/seq=0/zor=[MASKED]
+80.259656431s 52 caf.Forwarder:AlertVehicleHandler(): [DEBUG] in=(257,0) alert=/alert/emergency/veh/99/seq=0/zor=[MASKED] decision=forward to vehicles deferred until 0ms
+80.259656431s 52 caf.Forwarder:OnOutgoingAlert(): [DEBUG] out=257 alert=/alert/emergency/veh/99/seq=0/zor=[MASKED]
+80.259656431s 52 ndn.AlertConsumer:doReceive(): [INFO ] Received alert: /alert/emergency/veh/99/seq=0/zor=[MASKED]
+80.259656457s 40 caf.Forwarder:OnIncomingAlert(): [DEBUG] in=257 alert=/alert/emergency/veh/99/seq=0/zor=[MASKED]
+80.259656457s 40 caf.Forwarder:AlertVehicleHandler(): [DEBUG] in=(257,0) alert=/alert/emergency/veh/99/seq=0/zor=[MASKED] decision=forward to vehicles deferred until 0ms
+80.259656457s 40 caf.Forwarder:OnOutgoingAlert(): [DEBUG] out=257 alert=/alert/emergency/veh/99/seq=0/zor=[MASKED]
+80.259656457s 40 ndn.AlertConsumer:doReceive(): [INFO ] Received alert: /alert/emergency/veh/99/seq=0/zor=[MASKED]
+80.259656461s 63 caf.Forwarder:OnIncomingAlert(): [DEBUG] in=257 alert=/alert/emergency/veh/99/seq=0/zor=[MASKED]
+80.259656461s 63 caf.Forwarder:AlertVehicleHandler(): [DEBUG] in=(257,0) alert=/alert/emergency/veh/99/seq=0/zor=[MASKED] decision=forward to vehicles deferred until 0ms
+80.259656461s 63 caf.Forwarder:OnOutgoingAlert(): [DEBUG] out=257 alert=/alert/emergency/veh/99/seq=0/zor=[MASKED]
+80.259656461s 63 ndn.AlertConsumer:doReceive(): [INFO ] Received alert: /alert/emergency/veh/99/seq=0/zor=[MASKED]
+80.259656470s 64 caf.Forwarder:OnIncomingAlert(): [DEBUG] in=257 alert=/alert/emergency/veh/99/seq=0/zor=[MASKED]
+80.259656470s 64 caf.Forwarder:AlertVehicleHandler(): [DEBUG] in=(257,0) alert=/alert/emergency/veh/99/seq=0/zor=[MASKED] decision=drop because duplicate alert
+80.259656484s 73 caf.Forwarder:OnIncomingAlert(): [DEBUG] in=257 alert=/alert/emergency/veh/99/seq=0/zor=[MASKED]
+80.259656484s 73 caf.Forwarder:AlertVehicleHandler(): [DEBUG] in=(257,0) alert=/alert/emergency/veh/99/seq=0/zor=[MASKED] decision=forward to vehicles deferred until 0ms
+80.259656484s 73 caf.Forwarder:OnOutgoingAlert(): [DEBUG] out=257 alert=/alert/emergency/veh/99/seq=0/zor=[MASKED]
+80.259656484s 73 ndn.AlertConsumer:doReceive(): [INFO ] Received alert: /alert/emergency/veh/99/seq=0/zor=[MASKED]
+80.259656485s 54 caf.Forwarder:OnIncomingAlert(): [DEBUG] in=257 alert=/alert/emergency/veh/99/seq=0/zor=[MASKED]
+80.259656485s 54 caf.Forwarder:AlertVehicleHandler(): [DEBUG] in=(257,0) alert=/alert/emergency/veh/99/seq=0/zor=[MASKED] decision=forward to vehicles deferred until 0ms
+80.259656485s 54 caf.Forwarder:OnOutgoingAlert(): [DEBUG] out=257 alert=/alert/emergency/veh/99/seq=0/zor=[MASKED]
+80.259656485s 54 ndn.AlertConsumer:doReceive(): [INFO ] Received alert: /alert/emergency/veh/99/seq=0/zor=[MASKED]
+80.259656515s 42 caf.Forwarder:OnIncomingAlert(): [DEBUG] in=257 alert=/alert/emergency/veh/99/seq=0/zor=[MASKED]
+80.259656515s 42 caf.Forwarder:AlertVehicleHandler(): [DEBUG] in=(257,0) alert=/alert/emergency/veh/99/seq=0/zor=[MASKED] decision=forward to vehicles deferred until 0ms
+80.259656515s 42 caf.Forwarder:OnOutgoingAlert(): [DEBUG] out=257 alert=/alert/emergency/veh/99/seq=0/zor=[MASKED]
+80.259656515s 42 ndn.AlertConsumer:doReceive(): [INFO ] Received alert: /alert/emergency/veh/99/seq=0/zor=[MASKED]
+80.259656516s 79 caf.Forwarder:OnIncomingAlert(): [DEBUG] in=257 alert=/alert/emergency/veh/99/seq=0/zor=[MASKED]
+80.259656516s 79 caf.Forwarder:AlertVehicleHandler(): [DEBUG] in=(257,0) alert=/alert/emergency/veh/99/seq=0/zor=[MASKED] decision=drop because duplicate alert
+80.260526559s 55 caf.Forwarder:OnIncomingAlert(): [DEBUG] in=257 alert=/alert/emergency/veh/99/seq=0/zor=[MASKED]
+80.260526559s 55 caf.Forwarder:AlertVehicleHandler(): [DEBUG] in=(257,0) alert=/alert/emergency/veh/99/seq=0/zor=[MASKED] decision=forward to vehicles deferred until 0ms
+80.260526559s 55 caf.Forwarder:OnOutgoingAlert(): [DEBUG] out=257 alert=/alert/emergency/veh/99/seq=0/zor=[MASKED]
+80.260526559s 55 ndn.AlertConsumer:doReceive(): [INFO ] Received alert: /alert/emergency/veh/99/seq=0/zor=[MASKED]
+80.261396603s 42 caf.Forwarder:OnIncomingAlert(): [DEBUG] in=257 alert=/alert/emergency/veh/99/seq=0/zor=[MASKED]
+80.261396603s 42 caf.Forwarder:AlertVehicleHandler(): [DEBUG] in=(257,0) alert=/alert/emergency/veh/99/seq=0/zor=[MASKED] decision=drop because duplicate alert
+80.261396611s 66 caf.Forwarder:OnIncomingAlert(): [DEBUG] in=257 alert=/alert/emergency/veh/99/seq=0/zor=[MASKED]
+80.261396611s 66 caf.Forwarder:AlertVehicleHandler(): [DEBUG] in=(257,0) alert=/alert/emergency/veh/99/seq=0/zor=[MASKED] decision=forward to vehicles deferred until 0ms
+80.261396611s 66 caf.Forwarder:OnOutgoingAlert(): [DEBUG] out=257 alert=/alert/emergency/veh/99/seq=0/zor=[MASKED]
+80.261396611s 66 ndn.AlertConsumer:doReceive(): [INFO ] Received alert: /alert/emergency/veh/99/seq=0/zor=[MASKED]
+80.261396620s 69 caf.Forwarder:OnIncomingAlert(): [DEBUG] in=257 alert=/alert/emergency/veh/99/seq=0/zor=[MASKED]
+80.261396620s 69 caf.Forwarder:AlertVehicleHandler(): [DEBUG] in=(257,0) alert=/alert/emergency/veh/99/seq=0/zor=[MASKED] decision=forward to vehicles deferred until 0ms
+80.261396620s 69 caf.Forwarder:OnOutgoingAlert(): [DEBUG] out=257 alert=/alert/emergency/veh/99/seq=0/zor=[MASKED]
+80.261396620s 69 ndn.AlertConsumer:doReceive(): [INFO ] Received alert: /alert/emergency/veh/99/seq=0/zor=[MASKED]
+80.261396635s 73 caf.Forwarder:OnIncomingAlert(): [DEBUG] in=257 alert=/alert/emergency/veh/99/seq=0/zor=[MASKED]
+80.261396635s 73 caf.Forwarder:AlertVehicleHandler(): [DEBUG] in=(257,0) alert=/alert/emergency/veh/99/seq=0/zor=[MASKED] decision=drop because duplicate alert
+80.261396658s 63 caf.Forwarder:OnIncomingAlert(): [DEBUG] in=257 alert=/alert/emergency/veh/99/seq=0/zor=[MASKED]
+80.261396658s 63 caf.Forwarder:AlertVehicleHandler(): [DEBUG] in=(257,0) alert=/alert/emergency/veh/99/seq=0/zor=[MASKED] decision=drop because duplicate alert
+80.261396680s 74 caf.Forwarder:OnIncomingAlert(): [DEBUG] in=257 alert=/alert/emergency/veh/99/seq=0/zor=[MASKED]
+80.261396680s 74 caf.Forwarder:AlertVehicleHandler(): [DEBUG] in=(257,0) alert=/alert/emergency/veh/99/seq=0/zor=[MASKED] decision=forward to vehicles deferred until 0ms
+80.261396680s 74 caf.Forwarder:OnOutgoingAlert(): [DEBUG] out=257 alert=/alert/emergency/veh/99/seq=0/zor=[MASKED]
+80.261396680s 74 ndn.AlertConsumer:doReceive(): [INFO ] Received alert: /alert/emergency/veh/99/seq=0/zor=[MASKED]
+80.261396707s 65 caf.Forwarder:OnIncomingAlert(): [DEBUG] in=257 alert=/alert/emergency/veh/99/seq=0/zor=[MASKED]
+80.261396707s 65 caf.Forwarder:AlertVehicleHandler(): [DEBUG] in=(257,0) alert=/alert/emergency/veh/99/seq=0/zor=[MASKED] decision=drop because duplicate alert
+80.261396723s 77 caf.Forwarder:OnIncomingAlert(): [DEBUG] in=257 alert=/alert/emergency/veh/99/seq=0/zor=[MASKED]
+80.261396723s 77 caf.Forwarder:AlertVehicleHandler(): [DEBUG] in=(257,0) alert=/alert/emergency/veh/99/seq=0/zor=[MASKED] decision=drop because duplicate alert
+81.244889151s 101 ndn.RandomAlertProducer:SendAlert(): [LOGIC] Don't send alert; condition failed
+81.816508549s 100 ndn.RandomAlertProducer:SendAlert(): [LOGIC] Don't send alert; condition failed
+83.562637301s 102 ndn.RandomAlertProducer:AlertSupplier(): [LOGIC] Send alert=/alert/emergency/veh/102/seq=0/zor=[MASKED] vehCount=44 rsuCount=9
+83.562637301s 102 caf.Forwarder:OnIncomingAlert(): [DEBUG] in=260 alert=/alert/emergency/veh/102/seq=0/zor=[MASKED]
+83.562637301s 102 caf.Forwarder:AlertVehicleHandler(): [DEBUG] in=(260,0) alert=/alert/emergency/veh/102/seq=0/zor=[MASKED] decision=forward to vehicles
+83.562637301s 102 caf.Forwarder:OnOutgoingAlert(): [DEBUG] out=257 alert=/alert/emergency/veh/102/seq=0/zor=[MASKED]
+83.563511426s 97 caf.Forwarder:OnIncomingAlert(): [DEBUG] in=257 alert=/alert/emergency/veh/102/seq=0/zor=[MASKED]
+83.563511426s 97 caf.Forwarder:AlertVehicleHandler(): [DEBUG] in=(257,0) alert=/alert/emergency/veh/102/seq=0/zor=[MASKED] decision=forward to vehicles deferred until 1.26826ms
+83.563511456s 96 caf.Forwarder:OnIncomingAlert(): [DEBUG] in=257 alert=/alert/emergency/veh/102/seq=0/zor=[MASKED]
+83.563511456s 96 caf.Forwarder:AlertVehicleHandler(): [DEBUG] in=(257,0) alert=/alert/emergency/veh/102/seq=0/zor=[MASKED] decision=forward to vehicles deferred until 0.369573ms
+83.563511461s 37 caf.Forwarder:OnIncomingAlert(): [DEBUG] in=257 alert=/alert/emergency/veh/102/seq=0/zor=[MASKED]
+83.563511461s 37 caf.Forwarder:AlertVehicleHandler(): [DEBUG] in=(257,0) alert=/alert/emergency/veh/102/seq=0/zor=[MASKED] decision=forward to vehicles deferred until 0.210026ms
+83.563721487s 37 caf.Forwarder:OnOutgoingAlert(): [DEBUG] out=257 alert=/alert/emergency/veh/102/seq=0/zor=[MASKED]
+83.563881029s 96 caf.Forwarder:OnOutgoingAlert(): [DEBUG] out=257 alert=/alert/emergency/veh/102/seq=0/zor=[MASKED]
+83.564595508s 96 caf.Forwarder:OnIncomingAlert(): [DEBUG] in=257 alert=/alert/emergency/veh/102/seq=0/zor=[MASKED]
+83.564595508s 96 caf.Forwarder:AlertVehicleHandler(): [DEBUG] in=(257,0) alert=/alert/emergency/veh/102/seq=0/zor=[MASKED] decision=drop because duplicate alert
+83.564595532s 97 caf.Forwarder:OnIncomingAlert(): [DEBUG] in=257 alert=/alert/emergency/veh/102/seq=0/zor=[MASKED]
+83.564595532s 97 caf.Forwarder:AlertVehicleHandler(): [DEBUG] in= (257,0) alert=/alert/emergency/veh/102/seq=0/zor=[MASKED] timer cancelled because sender closer to ZoR
+83.564595533s 53 caf.Forwarder:OnIncomingAlert(): [DEBUG] in=257 alert=/alert/emergency/veh/102/seq=0/zor=[MASKED]
+83.564595533s 53 caf.Forwarder:AlertVehicleHandler(): [DEBUG] in=(257,0) alert=/alert/emergency/veh/102/seq=0/zor=[MASKED] decision=forward to vehicles deferred until 3.6502ms
+83.564595556s 38 caf.Forwarder:OnIncomingAlert(): [DEBUG] in=257 alert=/alert/emergency/veh/102/seq=0/zor=[MASKED]
+83.564595556s 38 caf.Forwarder:AlertVehicleHandler(): [DEBUG] in=(257,0) alert=/alert/emergency/veh/102/seq=0/zor=[MASKED] decision=forward to vehicles deferred until 2.97587ms
+83.564595623s 92 caf.Forwarder:OnIncomingAlert(): [DEBUG] in=257 alert=/alert/emergency/veh/102/seq=0/zor=[MASKED]
+83.564595623s 92 caf.Forwarder:AlertVehicleHandler(): [DEBUG] in=(257,0) alert=/alert/emergency/veh/102/seq=0/zor=[MASKED] decision=forward to vehicles deferred until 0.933026ms
+83.564595647s 102 caf.Forwarder:OnIncomingAlert(): [DEBUG] in=257 alert=/alert/emergency/veh/102/seq=0/zor=[MASKED]
+83.564595647s 102 caf.Forwarder:AlertVehicleHandler(): [DEBUG] in=(257,0) alert=/alert/emergency/veh/102/seq=0/zor=[MASKED] decision=drop because duplicate alert
+83.565528648s 92 caf.Forwarder:OnOutgoingAlert(): [DEBUG] out=257 alert=/alert/emergency/veh/102/seq=0/zor=[MASKED]
+83.565560529s 37 caf.Forwarder:OnIncomingAlert(): [DEBUG] in=257 alert=/alert/emergency/veh/102/seq=0/zor=[MASKED]
+83.565560529s 37 caf.Forwarder:AlertVehicleHandler(): [DEBUG] in=(257,0) alert=/alert/emergency/veh/102/seq=0/zor=[MASKED] decision=drop because duplicate alert
+83.565560539s 97 caf.Forwarder:OnIncomingAlert(): [DEBUG] in=257 alert=/alert/emergency/veh/102/seq=0/zor=[MASKED]
+83.565560539s 97 caf.Forwarder:AlertVehicleHandler(): [DEBUG] in=(257,0) alert=/alert/emergency/veh/102/seq=0/zor=[MASKED] decision=drop because duplicate alert
+83.565560557s 53 caf.Forwarder:OnIncomingAlert(): [DEBUG] in=257 alert=/alert/emergency/veh/102/seq=0/zor=[MASKED]
+83.565560582s 38 caf.Forwarder:OnIncomingAlert(): [DEBUG] in=257 alert=/alert/emergency/veh/102/seq=0/zor=[MASKED]
+83.565560644s 92 caf.Forwarder:OnIncomingAlert(): [DEBUG] in=257 alert=/alert/emergency/veh/102/seq=0/zor=[MASKED]
+83.565560644s 92 caf.Forwarder:AlertVehicleHandler(): [DEBUG] in=(257,0) alert=/alert/emergency/veh/102/seq=0/zor=[MASKED] decision=drop because duplicate alert
+83.565560663s 102 caf.Forwarder:OnIncomingAlert(): [DEBUG] in=257 alert=/alert/emergency/veh/102/seq=0/zor=[MASKED]
+83.565560663s 102 caf.Forwarder:AlertVehicleHandler(): [DEBUG] in=(257,0) alert=/alert/emergency/veh/102/seq=0/zor=[MASKED] decision=drop because duplicate alert
+83.566551714s 38 caf.Forwarder:OnIncomingAlert(): [DEBUG] in=257 alert=/alert/emergency/veh/102/seq=0/zor=[MASKED]
+83.566551714s 38 caf.Forwarder:AlertVehicleHandler(): [DEBUG] in= (257,0) alert=/alert/emergency/veh/102/seq=0/zor=[MASKED] timer cancelled because sender closer to ZoR
+83.566551722s 89 caf.Forwarder:OnIncomingAlert(): [DEBUG] in=257 alert=/alert/emergency/veh/102/seq=0/zor=[MASKED]
+83.566551722s 89 caf.Forwarder:AlertVehicleHandler(): [DEBUG] in=(257,0) alert=/alert/emergency/veh/102/seq=0/zor=[MASKED] decision=forward to vehicles deferred until 2.6885ms
+83.566551734s 53 caf.Forwarder:OnIncomingAlert(): [DEBUG] in=257 alert=/alert/emergency/veh/102/seq=0/zor=[MASKED]
+83.566551734s 53 caf.Forwarder:AlertVehicleHandler(): [DEBUG] in= (257,0) alert=/alert/emergency/veh/102/seq=0/zor=[MASKED] timer cancelled because sender closer to ZoR
+83.566551780s 37 caf.Forwarder:OnIncomingAlert(): [DEBUG] in=257 alert=/alert/emergency/veh/102/seq=0/zor=[MASKED]
+83.566551780s 37 caf.Forwarder:AlertVehicleHandler(): [DEBUG] in=(257,0) alert=/alert/emergency/veh/102/seq=0/zor=[MASKED] decision=drop because duplicate alert
+83.566551780s 96 caf.Forwarder:OnIncomingAlert(): [DEBUG] in=257 alert=/alert/emergency/veh/102/seq=0/zor=[MASKED]
+83.566551780s 96 caf.Forwarder:AlertVehicleHandler(): [DEBUG] in=(257,0) alert=/alert/emergency/veh/102/seq=0/zor=[MASKED] decision=drop because duplicate alert
+83.566551809s 97 caf.Forwarder:OnIncomingAlert(): [DEBUG] in=257 alert=/alert/emergency/veh/102/seq=0/zor=[MASKED]
+83.566551809s 97 caf.Forwarder:AlertVehicleHandler(): [DEBUG] in=(257,0) alert=/alert/emergency/veh/102/seq=0/zor=[MASKED] decision=drop because duplicate alert
+83.566551811s 33 caf.Forwarder:OnIncomingAlert(): [DEBUG] in=257 alert=/alert/emergency/veh/102/seq=0/zor=[MASKED]
+83.566551811s 33 caf.Forwarder:AlertVehicleHandler(): [DEBUG] in=(257,0) alert=/alert/emergency/veh/102/seq=0/zor=[MASKED] decision=forward to vehicles deferred until 0ms
+83.566551811s 33 caf.Forwarder:OnOutgoingAlert(): [DEBUG] out=257 alert=/alert/emergency/veh/102/seq=0/zor=[MASKED]
+83.566551811s 33 ndn.AlertConsumer:doReceive(): [INFO ] Received alert: /alert/emergency/veh/102/seq=0/zor=[MASKED]
+83.567425883s 86 caf.Forwarder:OnIncomingAlert(): [DEBUG] in=257 alert=/alert/emergency/veh/102/seq=0/zor=[MASKED]
+83.567425883s 86 caf.Forwarder:AlertVehicleHandler(): [DEBUG] in=(257,0) alert=/alert/emergency/veh/102/seq=0/zor=[MASKED] decision=forward to vehicles deferred until 0ms
+83.567425883s 86 caf.Forwarder:OnOutgoingAlert(): [DEBUG] out=257 alert=/alert/emergency/veh/102/seq=0/zor=[MASKED]
+83.567425883s 86 ndn.AlertConsumer:doReceive(): [INFO ] Received alert: /alert/emergency/veh/102/seq=0/zor=[MASKED]
+83.567425894s 35 caf.Forwarder:OnIncomingAlert(): [DEBUG] in=257 alert=/alert/emergency/veh/102/seq=0/zor=[MASKED]
+83.567425894s 35 caf.Forwarder:AlertVehicleHandler(): [DEBUG] in=(257,0) alert=/alert/emergency/veh/102/seq=0/zor=[MASKED] decision=forward to vehicles deferred until 0ms
+83.567425894s 35 caf.Forwarder:OnOutgoingAlert(): [DEBUG] out=257 alert=/alert/emergency/veh/102/seq=0/zor=[MASKED]
+83.567425894s 35 ndn.AlertConsumer:doReceive(): [INFO ] Received alert: /alert/emergency/veh/102/seq=0/zor=[MASKED]
+83.567425903s 89 caf.Forwarder:OnIncomingAlert(): [DEBUG] in=257 alert=/alert/emergency/veh/102/seq=0/zor=[MASKED]
+83.567425903s 89 caf.Forwarder:AlertVehicleHandler(): [DEBUG] in= (257,0) alert=/alert/emergency/veh/102/seq=0/zor=[MASKED] timer cancelled because sender closer to ZoR
+83.567425925s 82 caf.Forwarder:OnIncomingAlert(): [DEBUG] in=257 alert=/alert/emergency/veh/102/seq=0/zor=[MASKED]
+83.567425925s 82 caf.Forwarder:AlertVehicleHandler(): [DEBUG] in=(257,0) alert=/alert/emergency/veh/102/seq=0/zor=[MASKED] decision=forward to vehicles deferred until 0ms
+83.567425925s 82 caf.Forwarder:OnOutgoingAlert(): [DEBUG] out=257 alert=/alert/emergency/veh/102/seq=0/zor=[MASKED]
+83.567425925s 82 ndn.AlertConsumer:doReceive(): [INFO ] Received alert: /alert/emergency/veh/102/seq=0/zor=[MASKED]
+83.567425977s 92 caf.Forwarder:OnIncomingAlert(): [DEBUG] in=257 alert=/alert/emergency/veh/102/seq=0/zor=[MASKED]
+83.567425977s 92 caf.Forwarder:AlertVehicleHandler(): [DEBUG] in=(257,0) alert=/alert/emergency/veh/102/seq=0/zor=[MASKED] decision=drop because duplicate alert
+84.349704611s 103 ndn.RandomAlertProducer:SendAlert(): [LOGIC] Don't send alert; condition failed
+84.665319010s 104 ndn.RandomAlertProducer:AlertSupplier(): [LOGIC] Send alert=/alert/emergency/veh/104/seq=0/zor=[MASKED] vehCount=44 rsuCount=9
+84.665319010s 104 caf.Forwarder:OnIncomingAlert(): [DEBUG] in=260 alert=/alert/emergency/veh/104/seq=0/zor=[MASKED]
+84.665319010s 104 caf.Forwarder:AlertVehicleHandler(): [DEBUG] in=(260,0) alert=/alert/emergency/veh/104/seq=0/zor=[MASKED] decision=forward to vehicles
+84.665319010s 104 caf.Forwarder:OnOutgoingAlert(): [DEBUG] out=257 alert=/alert/emergency/veh/104/seq=0/zor=[MASKED]
+84.666193076s 45 caf.Forwarder:OnIncomingAlert(): [DEBUG] in=257 alert=/alert/emergency/veh/104/seq=0/zor=[MASKED]
+84.666193076s 45 caf.Forwarder:AlertVehicleHandler(): [DEBUG] in=(257,0) alert=/alert/emergency/veh/104/seq=0/zor=[MASKED] decision=forward to vehicles deferred until 3.05309ms
+84.666193090s 51 caf.Forwarder:OnIncomingAlert(): [DEBUG] in=257 alert=/alert/emergency/veh/104/seq=0/zor=[MASKED]
+84.666193090s 51 caf.Forwarder:AlertVehicleHandler(): [DEBUG] in=(257,0) alert=/alert/emergency/veh/104/seq=0/zor=[MASKED] decision=drop since sender is closer
+84.666193128s 101 caf.Forwarder:OnIncomingAlert(): [DEBUG] in=257 alert=/alert/emergency/veh/104/seq=0/zor=[MASKED]
+84.666193128s 101 caf.Forwarder:AlertVehicleHandler(): [DEBUG] in=(257,0) alert=/alert/emergency/veh/104/seq=0/zor=[MASKED] decision=forward to vehicles deferred until 1.48273ms
+84.666193133s 107 caf.Forwarder:OnIncomingAlert(): [DEBUG] in=257 alert=/alert/emergency/veh/104/seq=0/zor=[MASKED]
+84.666193133s 107 caf.Forwarder:AlertVehicleHandler(): [DEBUG] in=(257,0) alert=/alert/emergency/veh/104/seq=0/zor=[MASKED] decision=drop since sender is closer
+84.666193159s 48 caf.Forwarder:OnIncomingAlert(): [DEBUG] in=257 alert=/alert/emergency/veh/104/seq=0/zor=[MASKED]
+84.666193159s 48 caf.Forwarder:AlertVehicleHandler(): [DEBUG] in=(257,0) alert=/alert/emergency/veh/104/seq=0/zor=[MASKED] decision=forward to vehicles deferred until 0.548501ms
+84.666193159s 100 caf.Forwarder:OnIncomingAlert(): [DEBUG] in=257 alert=/alert/emergency/veh/104/seq=0/zor=[MASKED]
+84.666193159s 100 caf.Forwarder:AlertVehicleHandler(): [DEBUG] in=(257,0) alert=/alert/emergency/veh/104/seq=0/zor=[MASKED] decision=forward to vehicles deferred until 0.524612ms
+84.666717770s 100 caf.Forwarder:OnOutgoingAlert(): [DEBUG] out=257 alert=/alert/emergency/veh/104/seq=0/zor=[MASKED]
+84.666741659s 48 caf.Forwarder:OnOutgoingAlert(): [DEBUG] out=257 alert=/alert/emergency/veh/104/seq=0/zor=[MASKED]
+84.667591802s 48 caf.Forwarder:OnIncomingAlert(): [DEBUG] in=257 alert=/alert/emergency/veh/104/seq=0/zor=[MASKED]
+84.667591802s 48 caf.Forwarder:AlertVehicleHandler(): [DEBUG] in=(257,0) alert=/alert/emergency/veh/104/seq=0/zor=[MASKED] decision=drop because duplicate alert
+84.667591804s 101 caf.Forwarder:OnIncomingAlert(): [DEBUG] in=257 alert=/alert/emergency/veh/104/seq=0/zor=[MASKED]
+84.667591804s 101 caf.Forwarder:AlertVehicleHandler(): [DEBUG] in= (257,0) alert=/alert/emergency/veh/104/seq=0/zor=[MASKED] timer cancelled because sender closer to ZoR
+84.667591867s 45 caf.Forwarder:OnIncomingAlert(): [DEBUG] in=257 alert=/alert/emergency/veh/104/seq=0/zor=[MASKED]
+84.667591867s 45 caf.Forwarder:AlertVehicleHandler(): [DEBUG] in= (257,0) alert=/alert/emergency/veh/104/seq=0/zor=[MASKED] timer cancelled because sender closer to ZoR
+84.667591919s 104 caf.Forwarder:OnIncomingAlert(): [DEBUG] in=257 alert=/alert/emergency/veh/104/seq=0/zor=[MASKED]
+84.667591919s 104 caf.Forwarder:AlertVehicleHandler(): [DEBUG] in=(257,0) alert=/alert/emergency/veh/104/seq=0/zor=[MASKED] decision=drop because duplicate alert
+84.668465834s 100 caf.Forwarder:OnIncomingAlert(): [DEBUG] in=257 alert=/alert/emergency/veh/104/seq=0/zor=[MASKED]
+84.668465834s 100 caf.Forwarder:AlertVehicleHandler(): [DEBUG] in=(257,0) alert=/alert/emergency/veh/104/seq=0/zor=[MASKED] decision=drop because duplicate alert
+84.668465837s 101 caf.Forwarder:OnIncomingAlert(): [DEBUG] in=257 alert=/alert/emergency/veh/104/seq=0/zor=[MASKED]
+84.668465837s 101 caf.Forwarder:AlertVehicleHandler(): [DEBUG] in=(257,0) alert=/alert/emergency/veh/104/seq=0/zor=[MASKED] decision=drop because duplicate alert
+84.668465889s 45 caf.Forwarder:OnIncomingAlert(): [DEBUG] in=257 alert=/alert/emergency/veh/104/seq=0/zor=[MASKED]
+84.668465889s 45 caf.Forwarder:AlertVehicleHandler(): [DEBUG] in=(257,0) alert=/alert/emergency/veh/104/seq=0/zor=[MASKED] decision=drop because duplicate alert
+84.668465951s 104 caf.Forwarder:OnIncomingAlert(): [DEBUG] in=257 alert=/alert/emergency/veh/104/seq=0/zor=[MASKED]
+84.668465951s 104 caf.Forwarder:AlertVehicleHandler(): [DEBUG] in=(257,0) alert=/alert/emergency/veh/104/seq=0/zor=[MASKED] decision=drop because duplicate alert
+85.787544979s 105 ndn.RandomAlertProducer:SendAlert(): [LOGIC] Don't send alert; condition failed
+88.087853183s 106 ndn.RandomAlertProducer:SendAlert(): [LOGIC] Don't send alert; condition failed
+88.240686231s 107 ndn.RandomAlertProducer:SendAlert(): [LOGIC] Don't send alert; condition failed
+88.659999369s 108 ndn.RandomAlertProducer:AlertSupplier(): [LOGIC] Send alert=/alert/emergency/veh/108/seq=0/zor=[MASKED] vehCount=43 rsuCount=9
+88.659999369s 108 caf.Forwarder:OnIncomingAlert(): [DEBUG] in=260 alert=/alert/emergency/veh/108/seq=0/zor=[MASKED]
+88.659999369s 108 caf.Forwarder:AlertVehicleHandler(): [DEBUG] in=(260,0) alert=/alert/emergency/veh/108/seq=0/zor=[MASKED] decision=forward to vehicles
+88.659999369s 108 caf.Forwarder:OnOutgoingAlert(): [DEBUG] out=257 alert=/alert/emergency/veh/108/seq=0/zor=[MASKED]
+88.660873382s 109 caf.Forwarder:OnIncomingAlert(): [DEBUG] in=257 alert=/alert/emergency/veh/108/seq=0/zor=[MASKED]
+88.660873382s 109 caf.Forwarder:AlertVehicleHandler(): [DEBUG] in=(257,0) alert=/alert/emergency/veh/108/seq=0/zor=[MASKED] decision=drop since sender is closer
+88.660873391s 53 caf.Forwarder:OnIncomingAlert(): [DEBUG] in=257 alert=/alert/emergency/veh/108/seq=0/zor=[MASKED]
+88.660873391s 53 caf.Forwarder:AlertVehicleHandler(): [DEBUG] in=(257,0) alert=/alert/emergency/veh/108/seq=0/zor=[MASKED] decision=drop since sender is closer
+88.660873401s 37 caf.Forwarder:OnIncomingAlert(): [DEBUG] in=257 alert=/alert/emergency/veh/108/seq=0/zor=[MASKED]
+88.660873401s 37 caf.Forwarder:AlertVehicleHandler(): [DEBUG] in=(257,0) alert=/alert/emergency/veh/108/seq=0/zor=[MASKED] decision=forward to vehicles deferred until 4.07992ms
+88.660873440s 38 caf.Forwarder:OnIncomingAlert(): [DEBUG] in=257 alert=/alert/emergency/veh/108/seq=0/zor=[MASKED]
+88.660873440s 38 caf.Forwarder:AlertVehicleHandler(): [DEBUG] in=(257,0) alert=/alert/emergency/veh/108/seq=0/zor=[MASKED] decision=forward to vehicles deferred until 2.89957ms
+88.660873443s 114 caf.Forwarder:OnIncomingAlert(): [DEBUG] in=257 alert=/alert/emergency/veh/108/seq=0/zor=[MASKED]
+88.660873443s 114 caf.Forwarder:AlertVehicleHandler(): [DEBUG] in=(257,0) alert=/alert/emergency/veh/108/seq=0/zor=[MASKED] decision=drop since sender is closer
+88.660873467s 113 caf.Forwarder:OnIncomingAlert(): [DEBUG] in=257 alert=/alert/emergency/veh/108/seq=0/zor=[MASKED]
+88.660873467s 113 caf.Forwarder:AlertVehicleHandler(): [DEBUG] in=(257,0) alert=/alert/emergency/veh/108/seq=0/zor=[MASKED] decision=drop since sender is closer
+88.663773011s 38 caf.Forwarder:OnOutgoingAlert(): [DEBUG] out=257 alert=/alert/emergency/veh/108/seq=0/zor=[MASKED]
+88.664647076s 37 caf.Forwarder:OnIncomingAlert(): [DEBUG] in=257 alert=/alert/emergency/veh/108/seq=0/zor=[MASKED]
+88.664647076s 37 caf.Forwarder:AlertVehicleHandler(): [DEBUG] in= (257,0) alert=/alert/emergency/veh/108/seq=0/zor=[MASKED] timer cancelled because sender closer to ZoR
+88.664647082s 108 caf.Forwarder:OnIncomingAlert(): [DEBUG] in=257 alert=/alert/emergency/veh/108/seq=0/zor=[MASKED]
+88.664647082s 108 caf.Forwarder:AlertVehicleHandler(): [DEBUG] in=(257,0) alert=/alert/emergency/veh/108/seq=0/zor=[MASKED] decision=drop because duplicate alert
+88.664647083s 53 caf.Forwarder:OnIncomingAlert(): [DEBUG] in=257 alert=/alert/emergency/veh/108/seq=0/zor=[MASKED]
+88.664647083s 53 caf.Forwarder:AlertVehicleHandler(): [DEBUG] in=(257,0) alert=/alert/emergency/veh/108/seq=0/zor=[MASKED] decision=drop because duplicate alert
+88.664647086s 109 caf.Forwarder:OnIncomingAlert(): [DEBUG] in=257 alert=/alert/emergency/veh/108/seq=0/zor=[MASKED]
+88.664647086s 109 caf.Forwarder:AlertVehicleHandler(): [DEBUG] in=(257,0) alert=/alert/emergency/veh/108/seq=0/zor=[MASKED] decision=drop because duplicate alert
+88.664647154s 114 caf.Forwarder:OnIncomingAlert(): [DEBUG] in=257 alert=/alert/emergency/veh/108/seq=0/zor=[MASKED]
+88.664647154s 114 caf.Forwarder:AlertVehicleHandler(): [DEBUG] in=(257,0) alert=/alert/emergency/veh/108/seq=0/zor=[MASKED] decision=drop because duplicate alert
+88.664647176s 113 caf.Forwarder:OnIncomingAlert(): [DEBUG] in=257 alert=/alert/emergency/veh/108/seq=0/zor=[MASKED]
+88.664647176s 113 caf.Forwarder:AlertVehicleHandler(): [DEBUG] in=(257,0) alert=/alert/emergency/veh/108/seq=0/zor=[MASKED] decision=drop because duplicate alert
+91.532609027s 110 ndn.RandomAlertProducer:AlertSupplier(): [LOGIC] Send alert=/alert/emergency/veh/110/seq=0/zor=[MASKED] vehCount=47 rsuCount=9
+91.532609027s 110 caf.Forwarder:OnIncomingAlert(): [DEBUG] in=260 alert=/alert/emergency/veh/110/seq=0/zor=[MASKED]
+91.532609027s 110 caf.Forwarder:AlertVehicleHandler(): [DEBUG] in=(260,0) alert=/alert/emergency/veh/110/seq=0/zor=[MASKED] decision=forward to vehicles
+91.532609027s 110 caf.Forwarder:OnOutgoingAlert(): [DEBUG] out=257 alert=/alert/emergency/veh/110/seq=0/zor=[MASKED]
+91.533483054s 111 caf.Forwarder:OnIncomingAlert(): [DEBUG] in=257 alert=/alert/emergency/veh/110/seq=0/zor=[MASKED]
+91.533483054s 111 caf.Forwarder:AlertVehicleHandler(): [DEBUG] in=(257,0) alert=/alert/emergency/veh/110/seq=0/zor=[MASKED] decision=forward to vehicles deferred until 4.23745ms
+91.533483134s 49 caf.Forwarder:OnIncomingAlert(): [DEBUG] in=257 alert=/alert/emergency/veh/110/seq=0/zor=[MASKED]
+91.533483134s 49 caf.Forwarder:AlertVehicleHandler(): [DEBUG] in=(257,0) alert=/alert/emergency/veh/110/seq=0/zor=[MASKED] decision=drop since sender is closer
+91.533483149s 64 caf.Forwarder:OnIncomingAlert(): [DEBUG] in=257 alert=/alert/emergency/veh/110/seq=0/zor=[MASKED]
+91.533483149s 64 caf.Forwarder:AlertVehicleHandler(): [DEBUG] in=(257,0) alert=/alert/emergency/veh/110/seq=0/zor=[MASKED] decision=forward to vehicles deferred until 1.35622ms
+91.533483174s 23 caf.Forwarder:OnIncomingAlert(): [DEBUG] in=257 alert=/alert/emergency/veh/110/seq=0/zor=[MASKED]
+91.533483174s 23 caf.Forwarder:AlertVehicleHandler(): [DEBUG] in=(257,0) alert=/alert/emergency/veh/110/seq=0/zor=[MASKED] decision=forward to vehicles deferred until 0.58752ms
+91.534070693s 23 caf.Forwarder:OnOutgoingAlert(): [DEBUG] out=257 alert=/alert/emergency/veh/110/seq=0/zor=[MASKED]
+91.534839373s 64 caf.Forwarder:OnOutgoingAlert(): [DEBUG] out=257 alert=/alert/emergency/veh/110/seq=0/zor=[MASKED]
+91.534944720s 64 caf.Forwarder:OnIncomingAlert(): [DEBUG] in=257 alert=/alert/emergency/veh/110/seq=0/zor=[MASKED]
+91.534944720s 64 caf.Forwarder:AlertVehicleHandler(): [DEBUG] in=(257,0) alert=/alert/emergency/veh/110/seq=0/zor=[MASKED] decision=drop because duplicate alert
+91.534944818s 111 caf.Forwarder:OnIncomingAlert(): [DEBUG] in=257 alert=/alert/emergency/veh/110/seq=0/zor=[MASKED]
+91.534944818s 111 caf.Forwarder:AlertVehicleHandler(): [DEBUG] in= (257,0) alert=/alert/emergency/veh/110/seq=0/zor=[MASKED] timer cancelled because sender closer to ZoR
+91.534944840s 110 caf.Forwarder:OnIncomingAlert(): [DEBUG] in=257 alert=/alert/emergency/veh/110/seq=0/zor=[MASKED]
+91.534944840s 110 caf.Forwarder:AlertVehicleHandler(): [DEBUG] in=(257,0) alert=/alert/emergency/veh/110/seq=0/zor=[MASKED] decision=drop because duplicate alert
+91.536013747s 23 caf.Forwarder:OnIncomingAlert(): [DEBUG] in=257 alert=/alert/emergency/veh/110/seq=0/zor=[MASKED]
+91.536013747s 23 caf.Forwarder:AlertVehicleHandler(): [DEBUG] in=(257,0) alert=/alert/emergency/veh/110/seq=0/zor=[MASKED] decision=drop because duplicate alert
+91.536013819s 111 caf.Forwarder:OnIncomingAlert(): [DEBUG] in=257 alert=/alert/emergency/veh/110/seq=0/zor=[MASKED]
+91.536013819s 111 caf.Forwarder:AlertVehicleHandler(): [DEBUG] in=(257,0) alert=/alert/emergency/veh/110/seq=0/zor=[MASKED] decision=drop because duplicate alert
+91.536013842s 110 caf.Forwarder:OnIncomingAlert(): [DEBUG] in=257 alert=/alert/emergency/veh/110/seq=0/zor=[MASKED]
+91.536013842s 110 caf.Forwarder:AlertVehicleHandler(): [DEBUG] in=(257,0) alert=/alert/emergency/veh/110/seq=0/zor=[MASKED] decision=drop because duplicate alert
+91.739624301s 111 ndn.RandomAlertProducer:SendAlert(): [LOGIC] Don't send alert; condition failed
+91.766167972s 112 ndn.RandomAlertProducer:AlertSupplier(): [LOGIC] Send alert=/alert/emergency/veh/112/seq=0/zor=[MASKED] vehCount=47 rsuCount=9
+91.766167972s 112 caf.Forwarder:OnIncomingAlert(): [DEBUG] in=260 alert=/alert/emergency/veh/112/seq=0/zor=[MASKED]
+91.766167972s 112 caf.Forwarder:AlertVehicleHandler(): [DEBUG] in=(260,0) alert=/alert/emergency/veh/112/seq=0/zor=[MASKED] decision=forward to vehicles
+91.766167972s 112 caf.Forwarder:OnOutgoingAlert(): [DEBUG] out=257 alert=/alert/emergency/veh/112/seq=0/zor=[MASKED]
+91.767041994s 57 caf.Forwarder:OnIncomingAlert(): [DEBUG] in=257 alert=/alert/emergency/veh/112/seq=0/zor=[MASKED]
+91.767041994s 57 caf.Forwarder:AlertVehicleHandler(): [DEBUG] in=(257,0) alert=/alert/emergency/veh/112/seq=0/zor=[MASKED] decision=forward to vehicles deferred until 4.39915ms
+91.767042021s 115 caf.Forwarder:OnIncomingAlert(): [DEBUG] in=257 alert=/alert/emergency/veh/112/seq=0/zor=[MASKED]
+91.767042021s 115 caf.Forwarder:AlertVehicleHandler(): [DEBUG] in=(257,0) alert=/alert/emergency/veh/112/seq=0/zor=[MASKED] decision=forward to vehicles deferred until 3.5566ms
+91.767042047s 117 caf.Forwarder:OnIncomingAlert(): [DEBUG] in=257 alert=/alert/emergency/veh/112/seq=0/zor=[MASKED]
+91.767042047s 117 caf.Forwarder:AlertVehicleHandler(): [DEBUG] in=(257,0) alert=/alert/emergency/veh/112/seq=0/zor=[MASKED] decision=drop since sender is closer
+91.767042061s 39 caf.Forwarder:OnIncomingAlert(): [DEBUG] in=257 alert=/alert/emergency/veh/112/seq=0/zor=[MASKED]
+91.767042061s 39 caf.Forwarder:AlertVehicleHandler(): [DEBUG] in=(257,0) alert=/alert/emergency/veh/112/seq=0/zor=[MASKED] decision=forward to vehicles deferred until 2.34881ms
+91.767042142s 107 caf.Forwarder:OnIncomingAlert(): [DEBUG] in=257 alert=/alert/emergency/veh/112/seq=0/zor=[MASKED]
+91.767042142s 107 caf.Forwarder:AlertVehicleHandler(): [DEBUG] in=(257,0) alert=/alert/emergency/veh/112/seq=0/zor=[MASKED] decision=forward to vehicles deferred until 0ms
+91.767042142s 107 caf.Forwarder:OnOutgoingAlert(): [DEBUG] out=257 alert=/alert/emergency/veh/112/seq=0/zor=[MASKED]
+91.767042143s 59 caf.Forwarder:OnIncomingAlert(): [DEBUG] in=257 alert=/alert/emergency/veh/112/seq=0/zor=[MASKED]
+91.767042143s 59 caf.Forwarder:AlertVehicleHandler(): [DEBUG] in=(257,0) alert=/alert/emergency/veh/112/seq=0/zor=[MASKED] decision=forward to vehicles deferred until 0ms
+91.767042143s 59 caf.Forwarder:OnOutgoingAlert(): [DEBUG] out=257 alert=/alert/emergency/veh/112/seq=0/zor=[MASKED]
+91.769390869s 39 caf.Forwarder:OnOutgoingAlert(): [DEBUG] out=257 alert=/alert/emergency/veh/112/seq=0/zor=[MASKED]
+91.770264910s 115 caf.Forwarder:OnIncomingAlert(): [DEBUG] in=257 alert=/alert/emergency/veh/112/seq=0/zor=[MASKED]
+91.770264910s 115 caf.Forwarder:AlertVehicleHandler(): [DEBUG] in= (257,0) alert=/alert/emergency/veh/112/seq=0/zor=[MASKED] timer cancelled because sender closer to ZoR
+91.770264949s 57 caf.Forwarder:OnIncomingAlert(): [DEBUG] in=257 alert=/alert/emergency/veh/112/seq=0/zor=[MASKED]
+91.770264949s 57 caf.Forwarder:AlertVehicleHandler(): [DEBUG] in= (257,0) alert=/alert/emergency/veh/112/seq=0/zor=[MASKED] timer cancelled because sender closer to ZoR
+91.770264955s 59 caf.Forwarder:OnIncomingAlert(): [DEBUG] in=257 alert=/alert/emergency/veh/112/seq=0/zor=[MASKED]
+91.770264955s 59 caf.Forwarder:AlertVehicleHandler(): [DEBUG] in=(257,0) alert=/alert/emergency/veh/112/seq=0/zor=[MASKED] decision=drop because duplicate alert
+91.770264958s 112 caf.Forwarder:OnIncomingAlert(): [DEBUG] in=257 alert=/alert/emergency/veh/112/seq=0/zor=[MASKED]
+91.770264958s 112 caf.Forwarder:AlertVehicleHandler(): [DEBUG] in=(257,0) alert=/alert/emergency/veh/112/seq=0/zor=[MASKED] decision=drop because duplicate alert
+91.770264962s 107 caf.Forwarder:OnIncomingAlert(): [DEBUG] in=257 alert=/alert/emergency/veh/112/seq=0/zor=[MASKED]
+91.770264962s 107 caf.Forwarder:AlertVehicleHandler(): [DEBUG] in=(257,0) alert=/alert/emergency/veh/112/seq=0/zor=[MASKED] decision=drop because duplicate alert
+91.770265030s 117 caf.Forwarder:OnIncomingAlert(): [DEBUG] in=257 alert=/alert/emergency/veh/112/seq=0/zor=[MASKED]
+91.770265030s 117 caf.Forwarder:AlertVehicleHandler(): [DEBUG] in=(257,0) alert=/alert/emergency/veh/112/seq=0/zor=[MASKED] decision=drop because duplicate alert
+91.863506016s 109 ndn.RandomAlertProducer:SendAlert(): [LOGIC] Don't send alert; condition failed
+93.708337356s 113 ndn.RandomAlertProducer:AlertSupplier(): [LOGIC] Send alert=/alert/emergency/veh/113/seq=0/zor=[MASKED] vehCount=49 rsuCount=9
+93.708337356s 113 caf.Forwarder:OnIncomingAlert(): [DEBUG] in=260 alert=/alert/emergency/veh/113/seq=0/zor=[MASKED]
+93.708337356s 113 caf.Forwarder:AlertVehicleHandler(): [DEBUG] in=(260,0) alert=/alert/emergency/veh/113/seq=0/zor=[MASKED] decision=forward to vehicles
+93.708337356s 113 caf.Forwarder:OnOutgoingAlert(): [DEBUG] out=257 alert=/alert/emergency/veh/113/seq=0/zor=[MASKED]
+93.709211378s 33 caf.Forwarder:OnIncomingAlert(): [DEBUG] in=257 alert=/alert/emergency/veh/113/seq=0/zor=[MASKED]
+93.709211378s 33 caf.Forwarder:AlertVehicleHandler(): [DEBUG] in=(257,0) alert=/alert/emergency/veh/113/seq=0/zor=[MASKED] decision=forward to vehicles deferred until 4.39889ms
+93.709211385s 114 caf.Forwarder:OnIncomingAlert(): [DEBUG] in=257 alert=/alert/emergency/veh/113/seq=0/zor=[MASKED]
+93.709211385s 114 caf.Forwarder:AlertVehicleHandler(): [DEBUG] in=(257,0) alert=/alert/emergency/veh/113/seq=0/zor=[MASKED] decision=forward to vehicles deferred until 4.18251ms
+93.709211429s 109 caf.Forwarder:OnIncomingAlert(): [DEBUG] in=257 alert=/alert/emergency/veh/113/seq=0/zor=[MASKED]
+93.709211429s 109 caf.Forwarder:AlertVehicleHandler(): [DEBUG] in=(257,0) alert=/alert/emergency/veh/113/seq=0/zor=[MASKED] decision=forward to vehicles deferred until 2.84451ms
+93.709211437s 35 caf.Forwarder:OnIncomingAlert(): [DEBUG] in=257 alert=/alert/emergency/veh/113/seq=0/zor=[MASKED]
+93.709211437s 35 caf.Forwarder:AlertVehicleHandler(): [DEBUG] in=(257,0) alert=/alert/emergency/veh/113/seq=0/zor=[MASKED] decision=forward to vehicles deferred until 2.58782ms
+93.709211453s 108 caf.Forwarder:OnIncomingAlert(): [DEBUG] in=257 alert=/alert/emergency/veh/113/seq=0/zor=[MASKED]
+93.709211453s 108 caf.Forwarder:AlertVehicleHandler(): [DEBUG] in=(257,0) alert=/alert/emergency/veh/113/seq=0/zor=[MASKED] decision=forward to vehicles deferred until 2.11147ms
+93.711322923s 108 caf.Forwarder:OnOutgoingAlert(): [DEBUG] out=257 alert=/alert/emergency/veh/113/seq=0/zor=[MASKED]
+93.711799256s 35 caf.Forwarder:OnOutgoingAlert(): [DEBUG] out=257 alert=/alert/emergency/veh/113/seq=0/zor=[MASKED]
+93.712055943s 109 caf.Forwarder:OnOutgoingAlert(): [DEBUG] out=257 alert=/alert/emergency/veh/113/seq=0/zor=[MASKED]
+93.712196949s 109 caf.Forwarder:OnIncomingAlert(): [DEBUG] in=257 alert=/alert/emergency/veh/113/seq=0/zor=[MASKED]
+93.712196949s 109 caf.Forwarder:AlertVehicleHandler(): [DEBUG] in=(257,0) alert=/alert/emergency/veh/113/seq=0/zor=[MASKED] decision=drop because duplicate alert
+93.712196960s 35 caf.Forwarder:OnIncomingAlert(): [DEBUG] in=257 alert=/alert/emergency/veh/113/seq=0/zor=[MASKED]
+93.712196960s 35 caf.Forwarder:AlertVehicleHandler(): [DEBUG] in=(257,0) alert=/alert/emergency/veh/113/seq=0/zor=[MASKED] decision=drop because duplicate alert
+93.712196993s 114 caf.Forwarder:OnIncomingAlert(): [DEBUG] in=257 alert=/alert/emergency/veh/113/seq=0/zor=[MASKED]
+93.712196993s 114 caf.Forwarder:AlertVehicleHandler(): [DEBUG] in= (257,0) alert=/alert/emergency/veh/113/seq=0/zor=[MASKED] timer cancelled because sender closer to ZoR
+93.712197020s 113 caf.Forwarder:OnIncomingAlert(): [DEBUG] in=257 alert=/alert/emergency/veh/113/seq=0/zor=[MASKED]
+93.712197020s 113 caf.Forwarder:AlertVehicleHandler(): [DEBUG] in=(257,0) alert=/alert/emergency/veh/113/seq=0/zor=[MASKED] decision=drop because duplicate alert
+93.712197021s 33 caf.Forwarder:OnIncomingAlert(): [DEBUG] in=257 alert=/alert/emergency/veh/113/seq=0/zor=[MASKED]
+93.712197021s 33 caf.Forwarder:AlertVehicleHandler(): [DEBUG] in= (257,0) alert=/alert/emergency/veh/113/seq=0/zor=[MASKED] timer cancelled because sender closer to ZoR
+93.713187982s 109 caf.Forwarder:OnIncomingAlert(): [DEBUG] in=257 alert=/alert/emergency/veh/113/seq=0/zor=[MASKED]
+93.713187982s 109 caf.Forwarder:AlertVehicleHandler(): [DEBUG] in=(257,0) alert=/alert/emergency/veh/113/seq=0/zor=[MASKED] decision=drop because duplicate alert
+93.713187997s 108 caf.Forwarder:OnIncomingAlert(): [DEBUG] in=257 alert=/alert/emergency/veh/113/seq=0/zor=[MASKED]
+93.713187997s 108 caf.Forwarder:AlertVehicleHandler(): [DEBUG] in=(257,0) alert=/alert/emergency/veh/113/seq=0/zor=[MASKED] decision=drop because duplicate alert
+93.713188021s 114 caf.Forwarder:OnIncomingAlert(): [DEBUG] in=257 alert=/alert/emergency/veh/113/seq=0/zor=[MASKED]
+93.713188021s 114 caf.Forwarder:AlertVehicleHandler(): [DEBUG] in=(257,0) alert=/alert/emergency/veh/113/seq=0/zor=[MASKED] decision=drop because duplicate alert
+93.713188035s 33 caf.Forwarder:OnIncomingAlert(): [DEBUG] in=257 alert=/alert/emergency/veh/113/seq=0/zor=[MASKED]
+93.713188035s 33 caf.Forwarder:AlertVehicleHandler(): [DEBUG] in=(257,0) alert=/alert/emergency/veh/113/seq=0/zor=[MASKED] decision=drop because duplicate alert
+93.713188041s 113 caf.Forwarder:OnIncomingAlert(): [DEBUG] in=257 alert=/alert/emergency/veh/113/seq=0/zor=[MASKED]
+93.713188041s 113 caf.Forwarder:AlertVehicleHandler(): [DEBUG] in=(257,0) alert=/alert/emergency/veh/113/seq=0/zor=[MASKED] decision=drop because duplicate alert
+93.714075004s 35 caf.Forwarder:OnIncomingAlert(): [DEBUG] in=257 alert=/alert/emergency/veh/113/seq=0/zor=[MASKED]
+93.714075004s 35 caf.Forwarder:AlertVehicleHandler(): [DEBUG] in=(257,0) alert=/alert/emergency/veh/113/seq=0/zor=[MASKED] decision=drop because duplicate alert
+93.714075008s 108 caf.Forwarder:OnIncomingAlert(): [DEBUG] in=257 alert=/alert/emergency/veh/113/seq=0/zor=[MASKED]
+93.714075008s 108 caf.Forwarder:AlertVehicleHandler(): [DEBUG] in=(257,0) alert=/alert/emergency/veh/113/seq=0/zor=[MASKED] decision=drop because duplicate alert
+93.714075029s 114 caf.Forwarder:OnIncomingAlert(): [DEBUG] in=257 alert=/alert/emergency/veh/113/seq=0/zor=[MASKED]
+93.714075029s 114 caf.Forwarder:AlertVehicleHandler(): [DEBUG] in=(257,0) alert=/alert/emergency/veh/113/seq=0/zor=[MASKED] decision=drop because duplicate alert
+93.714075055s 33 caf.Forwarder:OnIncomingAlert(): [DEBUG] in=257 alert=/alert/emergency/veh/113/seq=0/zor=[MASKED]
+93.714075055s 33 caf.Forwarder:AlertVehicleHandler(): [DEBUG] in=(257,0) alert=/alert/emergency/veh/113/seq=0/zor=[MASKED] decision=drop because duplicate alert
+93.714075055s 113 caf.Forwarder:OnIncomingAlert(): [DEBUG] in=257 alert=/alert/emergency/veh/113/seq=0/zor=[MASKED]
+93.714075055s 113 caf.Forwarder:AlertVehicleHandler(): [DEBUG] in=(257,0) alert=/alert/emergency/veh/113/seq=0/zor=[MASKED] decision=drop because duplicate alert
+94.112996609s 115 ndn.RandomAlertProducer:SendAlert(): [LOGIC] Don't send alert; condition failed
+94.311972089s 114 ndn.RandomAlertProducer:SendAlert(): [LOGIC] Don't send alert; condition failed
+94.595806986s 117 ndn.RandomAlertProducer:AlertSupplier(): [LOGIC] Send alert=/alert/emergency/veh/117/seq=0/zor=[MASKED] vehCount=48 rsuCount=9
+94.595806986s 117 caf.Forwarder:OnIncomingAlert(): [DEBUG] in=260 alert=/alert/emergency/veh/117/seq=0/zor=[MASKED]
+94.595806986s 117 caf.Forwarder:AlertVehicleHandler(): [DEBUG] in=(260,0) alert=/alert/emergency/veh/117/seq=0/zor=[MASKED] decision=forward to vehicles
+94.595806986s 117 caf.Forwarder:OnOutgoingAlert(): [DEBUG] out=257 alert=/alert/emergency/veh/117/seq=0/zor=[MASKED]
+94.596681009s 59 caf.Forwarder:OnIncomingAlert(): [DEBUG] in=257 alert=/alert/emergency/veh/117/seq=0/zor=[MASKED]
+94.596681009s 59 caf.Forwarder:AlertVehicleHandler(): [DEBUG] in=(257,0) alert=/alert/emergency/veh/117/seq=0/zor=[MASKED] decision=drop since sender is closer
+94.596681058s 112 caf.Forwarder:OnIncomingAlert(): [DEBUG] in=257 alert=/alert/emergency/veh/117/seq=0/zor=[MASKED]
+94.596681058s 112 caf.Forwarder:AlertVehicleHandler(): [DEBUG] in=(257,0) alert=/alert/emergency/veh/117/seq=0/zor=[MASKED] decision=forward to vehicles deferred until 2.86649ms
+94.596681068s 39 caf.Forwarder:OnIncomingAlert(): [DEBUG] in=257 alert=/alert/emergency/veh/117/seq=0/zor=[MASKED]
+94.596681068s 39 caf.Forwarder:AlertVehicleHandler(): [DEBUG] in=(257,0) alert=/alert/emergency/veh/117/seq=0/zor=[MASKED] decision=drop since sender is closer
+94.596681132s 115 caf.Forwarder:OnIncomingAlert(): [DEBUG] in=257 alert=/alert/emergency/veh/117/seq=0/zor=[MASKED]
+94.596681132s 115 caf.Forwarder:AlertVehicleHandler(): [DEBUG] in=(257,0) alert=/alert/emergency/veh/117/seq=0/zor=[MASKED] decision=forward to vehicles deferred until 0.641286ms
+94.597322418s 115 caf.Forwarder:OnOutgoingAlert(): [DEBUG] out=257 alert=/alert/emergency/veh/117/seq=0/zor=[MASKED]
+94.598196492s 112 caf.Forwarder:OnIncomingAlert(): [DEBUG] in=257 alert=/alert/emergency/veh/117/seq=0/zor=[MASKED]
+94.598196492s 112 caf.Forwarder:AlertVehicleHandler(): [DEBUG] in= (257,0) alert=/alert/emergency/veh/117/seq=0/zor=[MASKED] timer cancelled because sender closer to ZoR
+94.598196523s 107 caf.Forwarder:OnIncomingAlert(): [DEBUG] in=257 alert=/alert/emergency/veh/117/seq=0/zor=[MASKED]
+94.598196523s 107 caf.Forwarder:AlertVehicleHandler(): [DEBUG] in=(257,0) alert=/alert/emergency/veh/117/seq=0/zor=[MASKED] decision=forward to vehicles deferred until 1.88029ms
+94.598196564s 117 caf.Forwarder:OnIncomingAlert(): [DEBUG] in=257 alert=/alert/emergency/veh/117/seq=0/zor=[MASKED]
+94.598196564s 117 caf.Forwarder:AlertVehicleHandler(): [DEBUG] in=(257,0) alert=/alert/emergency/veh/117/seq=0/zor=[MASKED] decision=drop because duplicate alert
+94.598196572s 59 caf.Forwarder:OnIncomingAlert(): [DEBUG] in=257 alert=/alert/emergency/veh/117/seq=0/zor=[MASKED]
+94.598196572s 59 caf.Forwarder:AlertVehicleHandler(): [DEBUG] in=(257,0) alert=/alert/emergency/veh/117/seq=0/zor=[MASKED] decision=drop because duplicate alert
+94.600076812s 107 caf.Forwarder:OnOutgoingAlert(): [DEBUG] out=257 alert=/alert/emergency/veh/117/seq=0/zor=[MASKED]
+94.600950914s 50 caf.Forwarder:OnIncomingAlert(): [DEBUG] in=257 alert=/alert/emergency/veh/117/seq=0/zor=[MASKED]
+94.600950914s 50 caf.Forwarder:AlertVehicleHandler(): [DEBUG] in=(257,0) alert=/alert/emergency/veh/117/seq=0/zor=[MASKED] decision=forward to vehicles deferred until 0ms
+94.600950914s 50 caf.Forwarder:OnOutgoingAlert(): [DEBUG] out=257 alert=/alert/emergency/veh/117/seq=0/zor=[MASKED]
+94.600950914s 50 ndn.AlertConsumer:doReceive(): [INFO ] Received alert: /alert/emergency/veh/117/seq=0/zor=[MASKED]
+94.600950917s 115 caf.Forwarder:OnIncomingAlert(): [DEBUG] in=257 alert=/alert/emergency/veh/117/seq=0/zor=[MASKED]
+94.600950917s 115 caf.Forwarder:AlertVehicleHandler(): [DEBUG] in=(257,0) alert=/alert/emergency/veh/117/seq=0/zor=[MASKED] decision=drop because duplicate alert
+94.600950920s 104 caf.Forwarder:OnIncomingAlert(): [DEBUG] in=257 alert=/alert/emergency/veh/117/seq=0/zor=[MASKED]
+94.600950920s 104 caf.Forwarder:AlertVehicleHandler(): [DEBUG] in=(257,0) alert=/alert/emergency/veh/117/seq=0/zor=[MASKED] decision=forward to vehicles deferred until 0ms
+94.600950920s 104 caf.Forwarder:OnOutgoingAlert(): [DEBUG] out=257 alert=/alert/emergency/veh/117/seq=0/zor=[MASKED]
+94.600950920s 104 ndn.AlertConsumer:doReceive(): [INFO ] Received alert: /alert/emergency/veh/117/seq=0/zor=[MASKED]
+94.737071475s 116 ndn.RandomAlertProducer:SendAlert(): [LOGIC] Don't send alert; condition failed
+94.956952244s 118 ndn.RandomAlertProducer:SendAlert(): [LOGIC] Don't send alert; condition failed
+97.268874093s 120 ndn.RandomAlertProducer:SendAlert(): [LOGIC] Don't send alert; condition failed
+97.772421077s 121 ndn.RandomAlertProducer:SendAlert(): [LOGIC] Don't send alert; condition failed
+97.867517007s 119 ndn.RandomAlertProducer:AlertSupplier(): [LOGIC] Send alert=/alert/emergency/veh/119/seq=0/zor=[MASKED] vehCount=49 rsuCount=9
+97.867517007s 119 caf.Forwarder:OnIncomingAlert(): [DEBUG] in=260 alert=/alert/emergency/veh/119/seq=0/zor=[MASKED]
+97.867517007s 119 caf.Forwarder:AlertVehicleHandler(): [DEBUG] in=(260,0) alert=/alert/emergency/veh/119/seq=0/zor=[MASKED] decision=forward to vehicles
+97.867517007s 119 caf.Forwarder:OnOutgoingAlert(): [DEBUG] out=257 alert=/alert/emergency/veh/119/seq=0/zor=[MASKED]
+97.868391045s 23 caf.Forwarder:OnIncomingAlert(): [DEBUG] in=257 alert=/alert/emergency/veh/119/seq=0/zor=[MASKED]
+97.868391045s 23 caf.Forwarder:AlertVehicleHandler(): [DEBUG] in=(257,0) alert=/alert/emergency/veh/119/seq=0/zor=[MASKED] decision=drop since sender is closer
+97.868391119s 118 caf.Forwarder:OnIncomingAlert(): [DEBUG] in=257 alert=/alert/emergency/veh/119/seq=0/zor=[MASKED]
+97.868391119s 118 caf.Forwarder:AlertVehicleHandler(): [DEBUG] in=(257,0) alert=/alert/emergency/veh/119/seq=0/zor=[MASKED] decision=forward to vehicles deferred until 1.66249ms
+97.868391126s 64 caf.Forwarder:OnIncomingAlert(): [DEBUG] in=257 alert=/alert/emergency/veh/119/seq=0/zor=[MASKED]
+97.868391126s 64 caf.Forwarder:AlertVehicleHandler(): [DEBUG] in=(257,0) alert=/alert/emergency/veh/119/seq=0/zor=[MASKED] decision=drop since sender is closer
+97.868391141s 121 caf.Forwarder:OnIncomingAlert(): [DEBUG] in=257 alert=/alert/emergency/veh/119/seq=0/zor=[MASKED]
+97.868391141s 121 caf.Forwarder:AlertVehicleHandler(): [DEBUG] in=(257,0) alert=/alert/emergency/veh/119/seq=0/zor=[MASKED] decision=drop since sender is closer
+97.870053610s 118 caf.Forwarder:OnOutgoingAlert(): [DEBUG] out=257 alert=/alert/emergency/veh/119/seq=0/zor=[MASKED]
+97.870927677s 116 caf.Forwarder:OnIncomingAlert(): [DEBUG] in=257 alert=/alert/emergency/veh/119/seq=0/zor=[MASKED]
+97.870927677s 116 caf.Forwarder:AlertVehicleHandler(): [DEBUG] in=(257,0) alert=/alert/emergency/veh/119/seq=0/zor=[MASKED] decision=forward to vehicles deferred until 3.01171ms
+97.870927698s 52 caf.Forwarder:OnIncomingAlert(): [DEBUG] in=257 alert=/alert/emergency/veh/119/seq=0/zor=[MASKED]
+97.870927698s 52 caf.Forwarder:AlertVehicleHandler(): [DEBUG] in=(257,0) alert=/alert/emergency/veh/119/seq=0/zor=[MASKED] decision=forward to vehicles deferred until 2.39138ms
+97.870927722s 119 caf.Forwarder:OnIncomingAlert(): [DEBUG] in=257 alert=/alert/emergency/veh/119/seq=0/zor=[MASKED]
+97.870927722s 119 caf.Forwarder:AlertVehicleHandler(): [DEBUG] in=(257,0) alert=/alert/emergency/veh/119/seq=0/zor=[MASKED] decision=drop because duplicate alert
+97.870927746s 23 caf.Forwarder:OnIncomingAlert(): [DEBUG] in=257 alert=/alert/emergency/veh/119/seq=0/zor=[MASKED]
+97.870927746s 23 caf.Forwarder:AlertVehicleHandler(): [DEBUG] in=(257,0) alert=/alert/emergency/veh/119/seq=0/zor=[MASKED] decision=drop because duplicate alert
+97.873319076s 52 caf.Forwarder:OnOutgoingAlert(): [DEBUG] out=257 alert=/alert/emergency/veh/119/seq=0/zor=[MASKED]
+97.873939391s 116 caf.Forwarder:OnOutgoingAlert(): [DEBUG] out=257 alert=/alert/emergency/veh/119/seq=0/zor=[MASKED]
+97.874193104s 116 caf.Forwarder:OnIncomingAlert(): [DEBUG] in=257 alert=/alert/emergency/veh/119/seq=0/zor=[MASKED]
+97.874193104s 116 caf.Forwarder:AlertVehicleHandler(): [DEBUG] in=(257,0) alert=/alert/emergency/veh/119/seq=0/zor=[MASKED] decision=drop because duplicate alert
+97.874193164s 118 caf.Forwarder:OnIncomingAlert(): [DEBUG] in=257 alert=/alert/emergency/veh/119/seq=0/zor=[MASKED]
+97.874193164s 118 caf.Forwarder:AlertVehicleHandler(): [DEBUG] in=(257,0) alert=/alert/emergency/veh/119/seq=0/zor=[MASKED] decision=drop because duplicate alert
+97.874193215s 110 caf.Forwarder:OnIncomingAlert(): [DEBUG] in=257 alert=/alert/emergency/veh/119/seq=0/zor=[MASKED]
+97.874193215s 110 caf.Forwarder:AlertVehicleHandler(): [DEBUG] in=(257,0) alert=/alert/emergency/veh/119/seq=0/zor=[MASKED] decision=forward to vehicles deferred until 0.855947ms
+97.875049161s 110 caf.Forwarder:OnOutgoingAlert(): [DEBUG] out=257 alert=/alert/emergency/veh/119/seq=0/zor=[MASKED]
+97.875262132s 52 caf.Forwarder:OnIncomingAlert(): [DEBUG] in=257 alert=/alert/emergency/veh/119/seq=0/zor=[MASKED]
+97.875262132s 52 caf.Forwarder:AlertVehicleHandler(): [DEBUG] in=(257,0) alert=/alert/emergency/veh/119/seq=0/zor=[MASKED] decision=drop because duplicate alert
+97.875262171s 118 caf.Forwarder:OnIncomingAlert(): [DEBUG] in=257 alert=/alert/emergency/veh/119/seq=0/zor=[MASKED]
+97.875262171s 118 caf.Forwarder:AlertVehicleHandler(): [DEBUG] in=(257,0) alert=/alert/emergency/veh/119/seq=0/zor=[MASKED] decision=drop because duplicate alert
+97.875262254s 110 caf.Forwarder:OnIncomingAlert(): [DEBUG] in=257 alert=/alert/emergency/veh/119/seq=0/zor=[MASKED]
+97.875262254s 110 caf.Forwarder:AlertVehicleHandler(): [DEBUG] in=(257,0) alert=/alert/emergency/veh/119/seq=0/zor=[MASKED] decision=drop because duplicate alert
+97.876188312s 111 caf.Forwarder:OnIncomingAlert(): [DEBUG] in=257 alert=/alert/emergency/veh/119/seq=0/zor=[MASKED]
+97.876188312s 111 caf.Forwarder:AlertVehicleHandler(): [DEBUG] in=(257,0) alert=/alert/emergency/veh/119/seq=0/zor=[MASKED] decision=forward to vehicles deferred until 0ms
+97.876188312s 111 caf.Forwarder:OnOutgoingAlert(): [DEBUG] out=257 alert=/alert/emergency/veh/119/seq=0/zor=[MASKED]
+97.876188312s 111 ndn.AlertConsumer:doReceive(): [INFO ] Received alert: /alert/emergency/veh/119/seq=0/zor=[MASKED]
+97.876188328s 40 caf.Forwarder:OnIncomingAlert(): [DEBUG] in=257 alert=/alert/emergency/veh/119/seq=0/zor=[MASKED]
+97.876188328s 40 caf.Forwarder:AlertVehicleHandler(): [DEBUG] in=(257,0) alert=/alert/emergency/veh/119/seq=0/zor=[MASKED] decision=forward to vehicles deferred until 0ms
+97.876188328s 40 caf.Forwarder:OnOutgoingAlert(): [DEBUG] out=257 alert=/alert/emergency/veh/119/seq=0/zor=[MASKED]
+97.876188328s 40 ndn.AlertConsumer:doReceive(): [INFO ] Received alert: /alert/emergency/veh/119/seq=0/zor=[MASKED]
+97.876188393s 52 caf.Forwarder:OnIncomingAlert(): [DEBUG] in=257 alert=/alert/emergency/veh/119/seq=0/zor=[MASKED]
+97.876188393s 52 caf.Forwarder:AlertVehicleHandler(): [DEBUG] in=(257,0) alert=/alert/emergency/veh/119/seq=0/zor=[MASKED] decision=drop because duplicate alert
+97.876188404s 116 caf.Forwarder:OnIncomingAlert(): [DEBUG] in=257 alert=/alert/emergency/veh/119/seq=0/zor=[MASKED]
+97.876188404s 116 caf.Forwarder:AlertVehicleHandler(): [DEBUG] in=(257,0) alert=/alert/emergency/veh/119/seq=0/zor=[MASKED] decision=drop because duplicate alert
+100.252237329s 124 ndn.RandomAlertProducer:AlertSupplier(): [LOGIC] Send alert=/alert/emergency/veh/124/seq=0/zor=[MASKED] vehCount=49 rsuCount=9
+100.252237329s 124 caf.Forwarder:OnIncomingAlert(): [DEBUG] in=260 alert=/alert/emergency/veh/124/seq=0/zor=[MASKED]
+100.252237329s 124 caf.Forwarder:AlertVehicleHandler(): [DEBUG] in=(260,0) alert=/alert/emergency/veh/124/seq=0/zor=[MASKED] decision=forward to vehicles
+100.252237329s 124 caf.Forwarder:OnOutgoingAlert(): [DEBUG] out=257 alert=/alert/emergency/veh/124/seq=0/zor=[MASKED]
+100.253111355s 122 caf.Forwarder:OnIncomingAlert(): [DEBUG] in=257 alert=/alert/emergency/veh/124/seq=0/zor=[MASKED]
+100.253111355s 122 caf.Forwarder:AlertVehicleHandler(): [DEBUG] in=(257,0) alert=/alert/emergency/veh/124/seq=0/zor=[MASKED] decision=drop since sender is closer
+100.253111375s 120 caf.Forwarder:OnIncomingAlert(): [DEBUG] in=257 alert=/alert/emergency/veh/124/seq=0/zor=[MASKED]
+100.253111375s 120 caf.Forwarder:AlertVehicleHandler(): [DEBUG] in=(257,0) alert=/alert/emergency/veh/124/seq=0/zor=[MASKED] decision=forward to vehicles deferred until 3.65503ms
+100.253111467s 50 caf.Forwarder:OnIncomingAlert(): [DEBUG] in=257 alert=/alert/emergency/veh/124/seq=0/zor=[MASKED]
+100.253111467s 50 caf.Forwarder:AlertVehicleHandler(): [DEBUG] in=(257,0) alert=/alert/emergency/veh/124/seq=0/zor=[MASKED] decision=forward to vehicles deferred until 0.873886ms
+100.253111475s 129 caf.Forwarder:OnIncomingAlert(): [DEBUG] in=257 alert=/alert/emergency/veh/124/seq=0/zor=[MASKED]
+100.253111475s 129 caf.Forwarder:AlertVehicleHandler(): [DEBUG] in=(257,0) alert=/alert/emergency/veh/124/seq=0/zor=[MASKED] decision=drop since sender is closer
+100.253985352s 50 caf.Forwarder:OnOutgoingAlert(): [DEBUG] out=257 alert=/alert/emergency/veh/124/seq=0/zor=[MASKED]
+100.254859449s 120 caf.Forwarder:OnIncomingAlert(): [DEBUG] in=257 alert=/alert/emergency/veh/124/seq=0/zor=[MASKED]
+100.254859449s 120 caf.Forwarder:AlertVehicleHandler(): [DEBUG] in= (257,0) alert=/alert/emergency/veh/124/seq=0/zor=[MASKED] timer cancelled because sender closer to ZoR
+100.254859477s 58 caf.Forwarder:OnIncomingAlert(): [DEBUG] in=257 alert=/alert/emergency/veh/124/seq=0/zor=[MASKED]
+100.254859477s 58 caf.Forwarder:AlertVehicleHandler(): [DEBUG] in=(257,0) alert=/alert/emergency/veh/124/seq=0/zor=[MASKED] decision=forward to vehicles deferred until 1.25911ms
+100.254859490s 117 caf.Forwarder:OnIncomingAlert(): [DEBUG] in=257 alert=/alert/emergency/veh/124/seq=0/zor=[MASKED]
+100.254859490s 117 caf.Forwarder:AlertVehicleHandler(): [DEBUG] in=(257,0) alert=/alert/emergency/veh/124/seq=0/zor=[MASKED] decision=forward to vehicles deferred until 0.879369ms
+100.254859490s 124 caf.Forwarder:OnIncomingAlert(): [DEBUG] in=257 alert=/alert/emergency/veh/124/seq=0/zor=[MASKED]
+100.254859490s 124 caf.Forwarder:AlertVehicleHandler(): [DEBUG] in=(257,0) alert=/alert/emergency/veh/124/seq=0/zor=[MASKED] decision=drop because duplicate alert
+100.254859515s 122 caf.Forwarder:OnIncomingAlert(): [DEBUG] in=257 alert=/alert/emergency/veh/124/seq=0/zor=[MASKED]
+100.254859515s 122 caf.Forwarder:AlertVehicleHandler(): [DEBUG] in=(257,0) alert=/alert/emergency/veh/124/seq=0/zor=[MASKED] decision=drop because duplicate alert
+100.255738858s 117 caf.Forwarder:OnOutgoingAlert(): [DEBUG] out=257 alert=/alert/emergency/veh/124/seq=0/zor=[MASKED]
+100.256118585s 58 caf.Forwarder:OnOutgoingAlert(): [DEBUG] out=257 alert=/alert/emergency/veh/124/seq=0/zor=[MASKED]
+100.256612891s 58 caf.Forwarder:OnIncomingAlert(): [DEBUG] in=257 alert=/alert/emergency/veh/124/seq=0/zor=[MASKED]
+100.256612891s 58 caf.Forwarder:AlertVehicleHandler(): [DEBUG] in=(257,0) alert=/alert/emergency/veh/124/seq=0/zor=[MASKED] decision=drop because duplicate alert
+100.256612918s 112 caf.Forwarder:OnIncomingAlert(): [DEBUG] in=257 alert=/alert/emergency/veh/124/seq=0/zor=[MASKED]
+100.256612918s 112 caf.Forwarder:AlertVehicleHandler(): [DEBUG] in=(257,0) alert=/alert/emergency/veh/124/seq=0/zor=[MASKED] decision=forward to vehicles deferred until 3.22308ms
+100.256612996s 50 caf.Forwarder:OnIncomingAlert(): [DEBUG] in=257 alert=/alert/emergency/veh/124/seq=0/zor=[MASKED]
+100.256612996s 50 caf.Forwarder:AlertVehicleHandler(): [DEBUG] in=(257,0) alert=/alert/emergency/veh/124/seq=0/zor=[MASKED] decision=drop because duplicate alert
+100.256613010s 70 caf.Forwarder:OnIncomingAlert(): [DEBUG] in=257 alert=/alert/emergency/veh/124/seq=0/zor=[MASKED]
+100.256613010s 70 caf.Forwarder:AlertVehicleHandler(): [DEBUG] in=(257,0) alert=/alert/emergency/veh/124/seq=0/zor=[MASKED] decision=forward to vehicles deferred until 0ms
+100.256613010s 70 caf.Forwarder:OnOutgoingAlert(): [DEBUG] out=257 alert=/alert/emergency/veh/124/seq=0/zor=[MASKED]
+100.256613010s 70 ndn.AlertConsumer:doReceive(): [INFO ] Received alert: /alert/emergency/veh/124/seq=0/zor=[MASKED]
+100.257487051s 115 caf.Forwarder:OnIncomingAlert(): [DEBUG] in=257 alert=/alert/emergency/veh/124/seq=0/zor=[MASKED]
+100.257487051s 115 caf.Forwarder:AlertVehicleHandler(): [DEBUG] in=(257,0) alert=/alert/emergency/veh/124/seq=0/zor=[MASKED] decision=forward to vehicles deferred until 0ms
+100.257487051s 115 caf.Forwarder:OnOutgoingAlert(): [DEBUG] out=257 alert=/alert/emergency/veh/124/seq=0/zor=[MASKED]
+100.257487051s 115 ndn.AlertConsumer:doReceive(): [INFO ] Received alert: /alert/emergency/veh/124/seq=0/zor=[MASKED]
+100.257487101s 112 caf.Forwarder:OnIncomingAlert(): [DEBUG] in=257 alert=/alert/emergency/veh/124/seq=0/zor=[MASKED]
+100.257487101s 112 caf.Forwarder:AlertVehicleHandler(): [DEBUG] in= (257,0) alert=/alert/emergency/veh/124/seq=0/zor=[MASKED] timer cancelled because sender closer to ZoR
+100.257487129s 107 caf.Forwarder:OnIncomingAlert(): [DEBUG] in=257 alert=/alert/emergency/veh/124/seq=0/zor=[MASKED]
+100.257487129s 107 caf.Forwarder:AlertVehicleHandler(): [DEBUG] in=(257,0) alert=/alert/emergency/veh/124/seq=0/zor=[MASKED] decision=forward to vehicles deferred until 0ms
+100.257487129s 107 caf.Forwarder:OnOutgoingAlert(): [DEBUG] out=257 alert=/alert/emergency/veh/124/seq=0/zor=[MASKED]
+100.257487129s 107 ndn.AlertConsumer:doReceive(): [INFO ] Received alert: /alert/emergency/veh/124/seq=0/zor=[MASKED]
+100.257487162s 117 caf.Forwarder:OnIncomingAlert(): [DEBUG] in=257 alert=/alert/emergency/veh/124/seq=0/zor=[MASKED]
+100.257487162s 117 caf.Forwarder:AlertVehicleHandler(): [DEBUG] in=(257,0) alert=/alert/emergency/veh/124/seq=0/zor=[MASKED] decision=drop because duplicate alert
+100.257487167s 58 caf.Forwarder:OnIncomingAlert(): [DEBUG] in=257 alert=/alert/emergency/veh/124/seq=0/zor=[MASKED]
+100.257487167s 58 caf.Forwarder:AlertVehicleHandler(): [DEBUG] in=(257,0) alert=/alert/emergency/veh/124/seq=0/zor=[MASKED] decision=drop because duplicate alert
+100.258361092s 70 caf.Forwarder:OnIncomingAlert(): [DEBUG] in=257 alert=/alert/emergency/veh/124/seq=0/zor=[MASKED]
+100.258361092s 70 caf.Forwarder:AlertVehicleHandler(): [DEBUG] in=(257,0) alert=/alert/emergency/veh/124/seq=0/zor=[MASKED] decision=drop because duplicate alert
+100.258361234s 104 caf.Forwarder:OnIncomingAlert(): [DEBUG] in=257 alert=/alert/emergency/veh/124/seq=0/zor=[MASKED]
+100.258361234s 104 caf.Forwarder:AlertVehicleHandler(): [DEBUG] in=(257,0) alert=/alert/emergency/veh/124/seq=0/zor=[MASKED] decision=forward to vehicles deferred until 0ms
+100.258361234s 104 caf.Forwarder:OnOutgoingAlert(): [DEBUG] out=257 alert=/alert/emergency/veh/124/seq=0/zor=[MASKED]
+100.258361234s 104 ndn.AlertConsumer:doReceive(): [INFO ] Received alert: /alert/emergency/veh/124/seq=0/zor=[MASKED]
+100.258361244s 75 caf.Forwarder:OnIncomingAlert(): [DEBUG] in=257 alert=/alert/emergency/veh/124/seq=0/zor=[MASKED]
+100.258361244s 75 caf.Forwarder:AlertVehicleHandler(): [DEBUG] in=(257,0) alert=/alert/emergency/veh/124/seq=0/zor=[MASKED] decision=forward to vehicles deferred until 0ms
+100.258361244s 75 caf.Forwarder:OnOutgoingAlert(): [DEBUG] out=257 alert=/alert/emergency/veh/124/seq=0/zor=[MASKED]
+100.258361244s 75 ndn.AlertConsumer:doReceive(): [INFO ] Received alert: /alert/emergency/veh/124/seq=0/zor=[MASKED]
+100.258400200s 117 caf.Forwarder:OnIncomingAlert(): [DEBUG] in=257 alert=/alert/emergency/veh/124/seq=0/zor=[MASKED]
+100.258400200s 117 caf.Forwarder:AlertVehicleHandler(): [DEBUG] in=(257,0) alert=/alert/emergency/veh/124/seq=0/zor=[MASKED] decision=drop because duplicate alert
+100.258400292s 50 caf.Forwarder:OnIncomingAlert(): [DEBUG] in=257 alert=/alert/emergency/veh/124/seq=0/zor=[MASKED]
+100.258400292s 50 caf.Forwarder:AlertVehicleHandler(): [DEBUG] in=(257,0) alert=/alert/emergency/veh/124/seq=0/zor=[MASKED] decision=drop because duplicate alert
+100.303761652s 122 ndn.RandomAlertProducer:SendAlert(): [LOGIC] Don't send alert; condition failed
+100.805847663s 123 ndn.RandomAlertProducer:AlertSupplier(): [LOGIC] Send alert=/alert/emergency/veh/123/seq=0/zor=[MASKED] vehCount=49 rsuCount=9
+100.805847663s 123 caf.Forwarder:OnIncomingAlert(): [DEBUG] in=260 alert=/alert/emergency/veh/123/seq=0/zor=[MASKED]
+100.805847663s 123 caf.Forwarder:AlertVehicleHandler(): [DEBUG] in=(260,0) alert=/alert/emergency/veh/123/seq=0/zor=[MASKED] decision=forward to vehicles
+100.805847663s 123 caf.Forwarder:OnOutgoingAlert(): [DEBUG] out=257 alert=/alert/emergency/veh/123/seq=0/zor=[MASKED]
+100.806721726s 60 caf.Forwarder:OnIncomingAlert(): [DEBUG] in=257 alert=/alert/emergency/veh/123/seq=0/zor=[MASKED]
+100.806721726s 60 caf.Forwarder:AlertVehicleHandler(): [DEBUG] in=(257,0) alert=/alert/emergency/veh/123/seq=0/zor=[MASKED] decision=drop since sender is closer
+101.721911999s 126 ndn.RandomAlertProducer:SendAlert(): [LOGIC] Don't send alert; condition failed
+101.967759033s 125 ndn.RandomAlertProducer:SendAlert(): [LOGIC] Don't send alert; condition failed
+102.421641329s 129 ndn.RandomAlertProducer:AlertSupplier(): [LOGIC] Send alert=/alert/emergency/veh/129/seq=0/zor=[MASKED] vehCount=49 rsuCount=9
+102.421641329s 129 caf.Forwarder:OnIncomingAlert(): [DEBUG] in=260 alert=/alert/emergency/veh/129/seq=0/zor=[MASKED]
+102.421641329s 129 caf.Forwarder:AlertVehicleHandler(): [DEBUG] in=(260,0) alert=/alert/emergency/veh/129/seq=0/zor=[MASKED] decision=forward to vehicles
+102.421641329s 129 caf.Forwarder:OnOutgoingAlert(): [DEBUG] out=257 alert=/alert/emergency/veh/129/seq=0/zor=[MASKED]
+102.422515364s 128 caf.Forwarder:OnIncomingAlert(): [DEBUG] in=257 alert=/alert/emergency/veh/129/seq=0/zor=[MASKED]
+102.422515364s 128 caf.Forwarder:AlertVehicleHandler(): [DEBUG] in=(257,0) alert=/alert/emergency/veh/129/seq=0/zor=[MASKED] decision=drop since sender is closer
+102.422515413s 50 caf.Forwarder:OnIncomingAlert(): [DEBUG] in=257 alert=/alert/emergency/veh/129/seq=0/zor=[MASKED]
+102.422515413s 50 caf.Forwarder:AlertVehicleHandler(): [DEBUG] in=(257,0) alert=/alert/emergency/veh/129/seq=0/zor=[MASKED] decision=forward to vehicles deferred until 2.52573ms
+102.422515429s 122 caf.Forwarder:OnIncomingAlert(): [DEBUG] in=257 alert=/alert/emergency/veh/129/seq=0/zor=[MASKED]
+102.422515429s 122 caf.Forwarder:AlertVehicleHandler(): [DEBUG] in=(257,0) alert=/alert/emergency/veh/129/seq=0/zor=[MASKED] decision=forward to vehicles deferred until 2.0343ms
+102.422515477s 124 caf.Forwarder:OnIncomingAlert(): [DEBUG] in=257 alert=/alert/emergency/veh/129/seq=0/zor=[MASKED]
+102.422515477s 124 caf.Forwarder:AlertVehicleHandler(): [DEBUG] in=(257,0) alert=/alert/emergency/veh/129/seq=0/zor=[MASKED] decision=forward to vehicles deferred until 0.581509ms
+102.422515501s 120 caf.Forwarder:OnIncomingAlert(): [DEBUG] in=257 alert=/alert/emergency/veh/129/seq=0/zor=[MASKED]
+102.422515501s 120 caf.Forwarder:AlertVehicleHandler(): [DEBUG] in=(257,0) alert=/alert/emergency/veh/129/seq=0/zor=[MASKED] decision=forward to vehicles deferred until 0ms
+102.422515501s 120 caf.Forwarder:OnOutgoingAlert(): [DEBUG] out=257 alert=/alert/emergency/veh/129/seq=0/zor=[MASKED]
+102.423096986s 124 caf.Forwarder:OnOutgoingAlert(): [DEBUG] out=257 alert=/alert/emergency/veh/129/seq=0/zor=[MASKED]
+102.423389527s 124 caf.Forwarder:OnIncomingAlert(): [DEBUG] in=257 alert=/alert/emergency/veh/129/seq=0/zor=[MASKED]
+102.423389527s 124 caf.Forwarder:AlertVehicleHandler(): [DEBUG] in=(257,0) alert=/alert/emergency/veh/129/seq=0/zor=[MASKED] decision=drop because duplicate alert
+102.423389555s 58 caf.Forwarder:OnIncomingAlert(): [DEBUG] in=257 alert=/alert/emergency/veh/129/seq=0/zor=[MASKED]
+102.423389555s 58 caf.Forwarder:AlertVehicleHandler(): [DEBUG] in=(257,0) alert=/alert/emergency/veh/129/seq=0/zor=[MASKED] decision=forward to vehicles deferred until 3.42313ms
+102.423389573s 122 caf.Forwarder:OnIncomingAlert(): [DEBUG] in=257 alert=/alert/emergency/veh/129/seq=0/zor=[MASKED]
+102.423389573s 122 caf.Forwarder:AlertVehicleHandler(): [DEBUG] in= (257,0) alert=/alert/emergency/veh/129/seq=0/zor=[MASKED] timer cancelled because sender closer to ZoR
+102.423389597s 50 caf.Forwarder:OnIncomingAlert(): [DEBUG] in=257 alert=/alert/emergency/veh/129/seq=0/zor=[MASKED]
+102.423389597s 50 caf.Forwarder:AlertVehicleHandler(): [DEBUG] in= (257,0) alert=/alert/emergency/veh/129/seq=0/zor=[MASKED] timer cancelled because sender closer to ZoR
+102.423389673s 129 caf.Forwarder:OnIncomingAlert(): [DEBUG] in=257 alert=/alert/emergency/veh/129/seq=0/zor=[MASKED]
+102.423389673s 129 caf.Forwarder:AlertVehicleHandler(): [DEBUG] in=(257,0) alert=/alert/emergency/veh/129/seq=0/zor=[MASKED] decision=drop because duplicate alert
+102.424276553s 120 caf.Forwarder:OnIncomingAlert(): [DEBUG] in=257 alert=/alert/emergency/veh/129/seq=0/zor=[MASKED]
+102.424276553s 120 caf.Forwarder:AlertVehicleHandler(): [DEBUG] in=(257,0) alert=/alert/emergency/veh/129/seq=0/zor=[MASKED] decision=drop because duplicate alert
+102.424276577s 122 caf.Forwarder:OnIncomingAlert(): [DEBUG] in=257 alert=/alert/emergency/veh/129/seq=0/zor=[MASKED]
+102.424276577s 122 caf.Forwarder:AlertVehicleHandler(): [DEBUG] in=(257,0) alert=/alert/emergency/veh/129/seq=0/zor=[MASKED] decision=drop because duplicate alert
+102.424276597s 50 caf.Forwarder:OnIncomingAlert(): [DEBUG] in=257 alert=/alert/emergency/veh/129/seq=0/zor=[MASKED]
+102.424276597s 50 caf.Forwarder:AlertVehicleHandler(): [DEBUG] in=(257,0) alert=/alert/emergency/veh/129/seq=0/zor=[MASKED] decision=drop because duplicate alert
+102.424276597s 58 caf.Forwarder:OnIncomingAlert(): [DEBUG] in=257 alert=/alert/emergency/veh/129/seq=0/zor=[MASKED]
+102.424276675s 129 caf.Forwarder:OnIncomingAlert(): [DEBUG] in=257 alert=/alert/emergency/veh/129/seq=0/zor=[MASKED]
+102.424276675s 129 caf.Forwarder:AlertVehicleHandler(): [DEBUG] in=(257,0) alert=/alert/emergency/veh/129/seq=0/zor=[MASKED] decision=drop because duplicate alert
+102.426812686s 58 caf.Forwarder:OnOutgoingAlert(): [DEBUG] out=257 alert=/alert/emergency/veh/129/seq=0/zor=[MASKED]
+102.427686740s 120 caf.Forwarder:OnIncomingAlert(): [DEBUG] in=257 alert=/alert/emergency/veh/129/seq=0/zor=[MASKED]
+102.427686740s 120 caf.Forwarder:AlertVehicleHandler(): [DEBUG] in=(257,0) alert=/alert/emergency/veh/129/seq=0/zor=[MASKED] decision=drop because duplicate alert
+102.427686756s 124 caf.Forwarder:OnIncomingAlert(): [DEBUG] in=257 alert=/alert/emergency/veh/129/seq=0/zor=[MASKED]
+102.427686756s 124 caf.Forwarder:AlertVehicleHandler(): [DEBUG] in=(257,0) alert=/alert/emergency/veh/129/seq=0/zor=[MASKED] decision=drop because duplicate alert
+102.427686806s 122 caf.Forwarder:OnIncomingAlert(): [DEBUG] in=257 alert=/alert/emergency/veh/129/seq=0/zor=[MASKED]
+102.427686806s 122 caf.Forwarder:AlertVehicleHandler(): [DEBUG] in=(257,0) alert=/alert/emergency/veh/129/seq=0/zor=[MASKED] decision=drop because duplicate alert
+102.427686820s 50 caf.Forwarder:OnIncomingAlert(): [DEBUG] in=257 alert=/alert/emergency/veh/129/seq=0/zor=[MASKED]
+102.427686820s 50 caf.Forwarder:AlertVehicleHandler(): [DEBUG] in=(257,0) alert=/alert/emergency/veh/129/seq=0/zor=[MASKED] decision=drop because duplicate alert
+102.427686835s 70 caf.Forwarder:OnIncomingAlert(): [DEBUG] in=257 alert=/alert/emergency/veh/129/seq=0/zor=[MASKED]
+102.427686835s 70 caf.Forwarder:AlertVehicleHandler(): [DEBUG] in=(257,0) alert=/alert/emergency/veh/129/seq=0/zor=[MASKED] decision=forward to vehicles deferred until 0.549305ms
+102.428236140s 70 caf.Forwarder:OnOutgoingAlert(): [DEBUG] out=257 alert=/alert/emergency/veh/129/seq=0/zor=[MASKED]
+102.429110196s 117 caf.Forwarder:OnIncomingAlert(): [DEBUG] in=257 alert=/alert/emergency/veh/129/seq=0/zor=[MASKED]
+102.429110196s 117 caf.Forwarder:AlertVehicleHandler(): [DEBUG] in=(257,0) alert=/alert/emergency/veh/129/seq=0/zor=[MASKED] decision=forward to vehicles deferred until 3.36747ms
+102.429110243s 112 caf.Forwarder:OnIncomingAlert(): [DEBUG] in=257 alert=/alert/emergency/veh/129/seq=0/zor=[MASKED]
+102.429110243s 112 caf.Forwarder:AlertVehicleHandler(): [DEBUG] in=(257,0) alert=/alert/emergency/veh/129/seq=0/zor=[MASKED] decision=forward to vehicles deferred until 0ms
+102.429110243s 112 caf.Forwarder:OnOutgoingAlert(): [DEBUG] out=257 alert=/alert/emergency/veh/129/seq=0/zor=[MASKED]
+102.429110243s 112 ndn.AlertConsumer:doReceive(): [INFO ] Received alert: /alert/emergency/veh/129/seq=0/zor=[MASKED]
+102.429110289s 58 caf.Forwarder:OnIncomingAlert(): [DEBUG] in=257 alert=/alert/emergency/veh/129/seq=0/zor=[MASKED]
+102.429110289s 58 caf.Forwarder:AlertVehicleHandler(): [DEBUG] in=(257,0) alert=/alert/emergency/veh/129/seq=0/zor=[MASKED] decision=drop because duplicate alert
+102.429984299s 117 caf.Forwarder:OnIncomingAlert(): [DEBUG] in=257 alert=/alert/emergency/veh/129/seq=0/zor=[MASKED]
+102.429984299s 117 caf.Forwarder:AlertVehicleHandler(): [DEBUG] in= (257,0) alert=/alert/emergency/veh/129/seq=0/zor=[MASKED] timer cancelled because sender closer to ZoR
+102.429984346s 70 caf.Forwarder:OnIncomingAlert(): [DEBUG] in=257 alert=/alert/emergency/veh/129/seq=0/zor=[MASKED]
+102.429984346s 70 caf.Forwarder:AlertVehicleHandler(): [DEBUG] in=(257,0) alert=/alert/emergency/veh/129/seq=0/zor=[MASKED] decision=drop because duplicate alert
+102.429984376s 115 caf.Forwarder:OnIncomingAlert(): [DEBUG] in=257 alert=/alert/emergency/veh/129/seq=0/zor=[MASKED]
+102.429984376s 115 caf.Forwarder:AlertVehicleHandler(): [DEBUG] in=(257,0) alert=/alert/emergency/veh/129/seq=0/zor=[MASKED] decision=forward to vehicles deferred until 0ms
+102.429984376s 115 caf.Forwarder:OnOutgoingAlert(): [DEBUG] out=257 alert=/alert/emergency/veh/129/seq=0/zor=[MASKED]
+102.429984376s 115 ndn.AlertConsumer:doReceive(): [INFO ] Received alert: /alert/emergency/veh/129/seq=0/zor=[MASKED]
+102.429984385s 75 caf.Forwarder:OnIncomingAlert(): [DEBUG] in=257 alert=/alert/emergency/veh/129/seq=0/zor=[MASKED]
+102.429984385s 75 caf.Forwarder:AlertVehicleHandler(): [DEBUG] in=(257,0) alert=/alert/emergency/veh/129/seq=0/zor=[MASKED] decision=forward to vehicles deferred until 0ms
+102.429984385s 75 caf.Forwarder:OnOutgoingAlert(): [DEBUG] out=257 alert=/alert/emergency/veh/129/seq=0/zor=[MASKED]
+102.429984385s 75 ndn.AlertConsumer:doReceive(): [INFO ] Received alert: /alert/emergency/veh/129/seq=0/zor=[MASKED]
+102.558438517s 127 ndn.RandomAlertProducer:SendAlert(): [LOGIC] Don't send alert; condition failed
+102.871397161s 128 ndn.RandomAlertProducer:AlertSupplier(): [LOGIC] Send alert=/alert/emergency/veh/128/seq=0/zor=[MASKED] vehCount=50 rsuCount=9
+102.871397161s 128 caf.Forwarder:OnIncomingAlert(): [DEBUG] in=260 alert=/alert/emergency/veh/128/seq=0/zor=[MASKED]
+102.871397161s 128 caf.Forwarder:AlertVehicleHandler(): [DEBUG] in=(260,0) alert=/alert/emergency/veh/128/seq=0/zor=[MASKED] decision=forward to vehicles
+102.871397161s 128 caf.Forwarder:OnOutgoingAlert(): [DEBUG] out=257 alert=/alert/emergency/veh/128/seq=0/zor=[MASKED]
+102.872271197s 129 caf.Forwarder:OnIncomingAlert(): [DEBUG] in=257 alert=/alert/emergency/veh/128/seq=0/zor=[MASKED]
+102.872271197s 129 caf.Forwarder:AlertVehicleHandler(): [DEBUG] in=(257,0) alert=/alert/emergency/veh/128/seq=0/zor=[MASKED] decision=forward to vehicles deferred until 3.95396ms
+102.872271241s 50 caf.Forwarder:OnIncomingAlert(): [DEBUG] in=257 alert=/alert/emergency/veh/128/seq=0/zor=[MASKED]
+102.872271241s 50 caf.Forwarder:AlertVehicleHandler(): [DEBUG] in=(257,0) alert=/alert/emergency/veh/128/seq=0/zor=[MASKED] decision=forward to vehicles deferred until 2.62997ms
+102.872271291s 122 caf.Forwarder:OnIncomingAlert(): [DEBUG] in=257 alert=/alert/emergency/veh/128/seq=0/zor=[MASKED]
+102.872271291s 122 caf.Forwarder:AlertVehicleHandler(): [DEBUG] in=(257,0) alert=/alert/emergency/veh/128/seq=0/zor=[MASKED] decision=forward to vehicles deferred until 1.12509ms
+102.872271305s 132 caf.Forwarder:OnIncomingAlert(): [DEBUG] in=257 alert=/alert/emergency/veh/128/seq=0/zor=[MASKED]
+102.872271305s 132 caf.Forwarder:AlertVehicleHandler(): [DEBUG] in=(257,0) alert=/alert/emergency/veh/128/seq=0/zor=[MASKED] decision=drop since sender is closer
+102.873396383s 122 caf.Forwarder:OnOutgoingAlert(): [DEBUG] out=257 alert=/alert/emergency/veh/128/seq=0/zor=[MASKED]
+102.874270437s 124 caf.Forwarder:OnIncomingAlert(): [DEBUG] in=257 alert=/alert/emergency/veh/128/seq=0/zor=[MASKED]
+102.874270437s 124 caf.Forwarder:AlertVehicleHandler(): [DEBUG] in=(257,0) alert=/alert/emergency/veh/128/seq=0/zor=[MASKED] decision=forward to vehicles deferred until 3.40738ms
+102.874270448s 50 caf.Forwarder:OnIncomingAlert(): [DEBUG] in=257 alert=/alert/emergency/veh/128/seq=0/zor=[MASKED]
+102.874270448s 50 caf.Forwarder:AlertVehicleHandler(): [DEBUG] in= (257,0) alert=/alert/emergency/veh/128/seq=0/zor=[MASKED] timer cancelled because sender closer to ZoR
+102.874270456s 120 caf.Forwarder:OnIncomingAlert(): [DEBUG] in=257 alert=/alert/emergency/veh/128/seq=0/zor=[MASKED]
+102.874270456s 120 caf.Forwarder:AlertVehicleHandler(): [DEBUG] in=(257,0) alert=/alert/emergency/veh/128/seq=0/zor=[MASKED] decision=forward to vehicles deferred until 2.83707ms
+102.874270470s 58 caf.Forwarder:OnIncomingAlert(): [DEBUG] in=257 alert=/alert/emergency/veh/128/seq=0/zor=[MASKED]
+102.874270470s 58 caf.Forwarder:AlertVehicleHandler(): [DEBUG] in=(257,0) alert=/alert/emergency/veh/128/seq=0/zor=[MASKED] decision=forward to vehicles deferred until 2.43455ms
+102.874270478s 129 caf.Forwarder:OnIncomingAlert(): [DEBUG] in=257 alert=/alert/emergency/veh/128/seq=0/zor=[MASKED]
+102.874270478s 129 caf.Forwarder:AlertVehicleHandler(): [DEBUG] in= (257,0) alert=/alert/emergency/veh/128/seq=0/zor=[MASKED] timer cancelled because sender closer to ZoR
+102.874270513s 128 caf.Forwarder:OnIncomingAlert(): [DEBUG] in=257 alert=/alert/emergency/veh/128/seq=0/zor=[MASKED]
+102.874270513s 128 caf.Forwarder:AlertVehicleHandler(): [DEBUG] in=(257,0) alert=/alert/emergency/veh/128/seq=0/zor=[MASKED] decision=drop because duplicate alert
+102.876705016s 58 caf.Forwarder:OnOutgoingAlert(): [DEBUG] out=257 alert=/alert/emergency/veh/128/seq=0/zor=[MASKED]
+102.877107523s 120 caf.Forwarder:OnOutgoingAlert(): [DEBUG] out=257 alert=/alert/emergency/veh/128/seq=0/zor=[MASKED]
+102.877579049s 120 caf.Forwarder:OnIncomingAlert(): [DEBUG] in=257 alert=/alert/emergency/veh/128/seq=0/zor=[MASKED]
+102.877579049s 120 caf.Forwarder:AlertVehicleHandler(): [DEBUG] in=(257,0) alert=/alert/emergency/veh/128/seq=0/zor=[MASKED] decision=drop because duplicate alert
+102.877579050s 124 caf.Forwarder:OnIncomingAlert(): [DEBUG] in=257 alert=/alert/emergency/veh/128/seq=0/zor=[MASKED]
+102.877579050s 124 caf.Forwarder:AlertVehicleHandler(): [DEBUG] in= (257,0) alert=/alert/emergency/veh/128/seq=0/zor=[MASKED] timer cancelled because sender closer to ZoR
+102.877579102s 122 caf.Forwarder:OnIncomingAlert(): [DEBUG] in=257 alert=/alert/emergency/veh/128/seq=0/zor=[MASKED]
+102.877579102s 122 caf.Forwarder:AlertVehicleHandler(): [DEBUG] in=(257,0) alert=/alert/emergency/veh/128/seq=0/zor=[MASKED] decision=drop because duplicate alert
+102.877579153s 50 caf.Forwarder:OnIncomingAlert(): [DEBUG] in=257 alert=/alert/emergency/veh/128/seq=0/zor=[MASKED]
+102.877579153s 50 caf.Forwarder:AlertVehicleHandler(): [DEBUG] in=(257,0) alert=/alert/emergency/veh/128/seq=0/zor=[MASKED] decision=drop because duplicate alert
+102.877579162s 70 caf.Forwarder:OnIncomingAlert(): [DEBUG] in=257 alert=/alert/emergency/veh/128/seq=0/zor=[MASKED]
+102.877579162s 70 caf.Forwarder:AlertVehicleHandler(): [DEBUG] in=(257,0) alert=/alert/emergency/veh/128/seq=0/zor=[MASKED] decision=forward to vehicles deferred until 0.617549ms
+102.878196711s 70 caf.Forwarder:OnOutgoingAlert(): [DEBUG] out=257 alert=/alert/emergency/veh/128/seq=0/zor=[MASKED]
+102.878453072s 124 caf.Forwarder:OnIncomingAlert(): [DEBUG] in=257 alert=/alert/emergency/veh/128/seq=0/zor=[MASKED]
+102.878453072s 124 caf.Forwarder:AlertVehicleHandler(): [DEBUG] in=(257,0) alert=/alert/emergency/veh/128/seq=0/zor=[MASKED] decision=drop because duplicate alert
+102.878453082s 58 caf.Forwarder:OnIncomingAlert(): [DEBUG] in=257 alert=/alert/emergency/veh/128/seq=0/zor=[MASKED]
+102.878453082s 58 caf.Forwarder:AlertVehicleHandler(): [DEBUG] in=(257,0) alert=/alert/emergency/veh/128/seq=0/zor=[MASKED] decision=drop because duplicate alert
+102.878453122s 122 caf.Forwarder:OnIncomingAlert(): [DEBUG] in=257 alert=/alert/emergency/veh/128/seq=0/zor=[MASKED]
+102.878453122s 122 caf.Forwarder:AlertVehicleHandler(): [DEBUG] in=(257,0) alert=/alert/emergency/veh/128/seq=0/zor=[MASKED] decision=drop because duplicate alert
+102.878453183s 50 caf.Forwarder:OnIncomingAlert(): [DEBUG] in=257 alert=/alert/emergency/veh/128/seq=0/zor=[MASKED]
+102.878453183s 50 caf.Forwarder:AlertVehicleHandler(): [DEBUG] in=(257,0) alert=/alert/emergency/veh/128/seq=0/zor=[MASKED] decision=drop because duplicate alert
+102.878453206s 70 caf.Forwarder:OnIncomingAlert(): [DEBUG] in=257 alert=/alert/emergency/veh/128/seq=0/zor=[MASKED]
+102.878453206s 70 caf.Forwarder:AlertVehicleHandler(): [DEBUG] in=(257,0) alert=/alert/emergency/veh/128/seq=0/zor=[MASKED] decision=drop because duplicate alert
+102.878453217s 129 caf.Forwarder:OnIncomingAlert(): [DEBUG] in=257 alert=/alert/emergency/veh/128/seq=0/zor=[MASKED]
+102.878453217s 129 caf.Forwarder:AlertVehicleHandler(): [DEBUG] in=(257,0) alert=/alert/emergency/veh/128/seq=0/zor=[MASKED] decision=drop because duplicate alert
+102.879405295s 117 caf.Forwarder:OnIncomingAlert(): [DEBUG] in=257 alert=/alert/emergency/veh/128/seq=0/zor=[MASKED]
+102.879405295s 117 caf.Forwarder:AlertVehicleHandler(): [DEBUG] in=(257,0) alert=/alert/emergency/veh/128/seq=0/zor=[MASKED] decision=forward to vehicles deferred until 0ms
+102.879405295s 117 caf.Forwarder:OnOutgoingAlert(): [DEBUG] out=257 alert=/alert/emergency/veh/128/seq=0/zor=[MASKED]
+102.879405295s 117 ndn.AlertConsumer:doReceive(): [INFO ] Received alert: /alert/emergency/veh/128/seq=0/zor=[MASKED]
+102.879405348s 112 caf.Forwarder:OnIncomingAlert(): [DEBUG] in=257 alert=/alert/emergency/veh/128/seq=0/zor=[MASKED]
+102.879405348s 112 caf.Forwarder:AlertVehicleHandler(): [DEBUG] in=(257,0) alert=/alert/emergency/veh/128/seq=0/zor=[MASKED] decision=forward to vehicles deferred until 0ms
+102.879405348s 112 caf.Forwarder:OnOutgoingAlert(): [DEBUG] out=257 alert=/alert/emergency/veh/128/seq=0/zor=[MASKED]
+102.879405348s 112 ndn.AlertConsumer:doReceive(): [INFO ] Received alert: /alert/emergency/veh/128/seq=0/zor=[MASKED]
+102.879405352s 58 caf.Forwarder:OnIncomingAlert(): [DEBUG] in=257 alert=/alert/emergency/veh/128/seq=0/zor=[MASKED]
+102.879405352s 58 caf.Forwarder:AlertVehicleHandler(): [DEBUG] in=(257,0) alert=/alert/emergency/veh/128/seq=0/zor=[MASKED] decision=drop because duplicate alert
+102.879405363s 120 caf.Forwarder:OnIncomingAlert(): [DEBUG] in=257 alert=/alert/emergency/veh/128/seq=0/zor=[MASKED]
+102.879405363s 120 caf.Forwarder:AlertVehicleHandler(): [DEBUG] in=(257,0) alert=/alert/emergency/veh/128/seq=0/zor=[MASKED] decision=drop because duplicate alert
+102.880279384s 70 caf.Forwarder:OnIncomingAlert(): [DEBUG] in=257 alert=/alert/emergency/veh/128/seq=0/zor=[MASKED]
+102.880279384s 70 caf.Forwarder:AlertVehicleHandler(): [DEBUG] in=(257,0) alert=/alert/emergency/veh/128/seq=0/zor=[MASKED] decision=drop because duplicate alert
+102.880279454s 75 caf.Forwarder:OnIncomingAlert(): [DEBUG] in=257 alert=/alert/emergency/veh/128/seq=0/zor=[MASKED]
+102.880279454s 75 caf.Forwarder:AlertVehicleHandler(): [DEBUG] in=(257,0) alert=/alert/emergency/veh/128/seq=0/zor=[MASKED] decision=forward to vehicles deferred until 0ms
+102.880279454s 75 caf.Forwarder:OnOutgoingAlert(): [DEBUG] out=257 alert=/alert/emergency/veh/128/seq=0/zor=[MASKED]
+102.880279454s 75 ndn.AlertConsumer:doReceive(): [INFO ] Received alert: /alert/emergency/veh/128/seq=0/zor=[MASKED]
+102.880279483s 115 caf.Forwarder:OnIncomingAlert(): [DEBUG] in=257 alert=/alert/emergency/veh/128/seq=0/zor=[MASKED]
+102.880279483s 115 caf.Forwarder:AlertVehicleHandler(): [DEBUG] in=(257,0) alert=/alert/emergency/veh/128/seq=0/zor=[MASKED] decision=forward to vehicles deferred until 0ms
+102.880279483s 115 caf.Forwarder:OnOutgoingAlert(): [DEBUG] out=257 alert=/alert/emergency/veh/128/seq=0/zor=[MASKED]
+102.880279483s 115 ndn.AlertConsumer:doReceive(): [INFO ] Received alert: /alert/emergency/veh/128/seq=0/zor=[MASKED]
+102.881153562s 107 caf.Forwarder:OnIncomingAlert(): [DEBUG] in=257 alert=/alert/emergency/veh/128/seq=0/zor=[MASKED]
+102.881153562s 107 caf.Forwarder:AlertVehicleHandler(): [DEBUG] in=(257,0) alert=/alert/emergency/veh/128/seq=0/zor=[MASKED] decision=forward to vehicles deferred until 0ms
+102.881153562s 107 caf.Forwarder:OnOutgoingAlert(): [DEBUG] out=257 alert=/alert/emergency/veh/128/seq=0/zor=[MASKED]
+102.881153562s 107 ndn.AlertConsumer:doReceive(): [INFO ] Received alert: /alert/emergency/veh/128/seq=0/zor=[MASKED]
+102.882027641s 115 caf.Forwarder:OnIncomingAlert(): [DEBUG] in=257 alert=/alert/emergency/veh/128/seq=0/zor=[MASKED]
+102.882027641s 115 caf.Forwarder:AlertVehicleHandler(): [DEBUG] in=(257,0) alert=/alert/emergency/veh/128/seq=0/zor=[MASKED] decision=drop because duplicate alert
+102.882027650s 104 caf.Forwarder:OnIncomingAlert(): [DEBUG] in=257 alert=/alert/emergency/veh/128/seq=0/zor=[MASKED]
+102.882027650s 104 caf.Forwarder:AlertVehicleHandler(): [DEBUG] in=(257,0) alert=/alert/emergency/veh/128/seq=0/zor=[MASKED] decision=forward to vehicles deferred until 0ms
+102.882027650s 104 caf.Forwarder:OnOutgoingAlert(): [DEBUG] out=257 alert=/alert/emergency/veh/128/seq=0/zor=[MASKED]
+102.882027650s 104 ndn.AlertConsumer:doReceive(): [INFO ] Received alert: /alert/emergency/veh/128/seq=0/zor=[MASKED]
+102.882027675s 75 caf.Forwarder:OnIncomingAlert(): [DEBUG] in=257 alert=/alert/emergency/veh/128/seq=0/zor=[MASKED]
+102.882027675s 75 caf.Forwarder:AlertVehicleHandler(): [DEBUG] in=(257,0) alert=/alert/emergency/veh/128/seq=0/zor=[MASKED] decision=drop because duplicate alert
+102.882027692s 61 caf.Forwarder:OnIncomingAlert(): [DEBUG] in=257 alert=/alert/emergency/veh/128/seq=0/zor=[MASKED]
+102.882027692s 61 caf.Forwarder:AlertVehicleHandler(): [DEBUG] in=(257,0) alert=/alert/emergency/veh/128/seq=0/zor=[MASKED] decision=forward to vehicles deferred until 0ms
+102.882027692s 61 caf.Forwarder:OnOutgoingAlert(): [DEBUG] out=257 alert=/alert/emergency/veh/128/seq=0/zor=[MASKED]
+102.882027692s 61 ndn.AlertConsumer:doReceive(): [INFO ] Received alert: /alert/emergency/veh/128/seq=0/zor=[MASKED]
+102.882027713s 101 caf.Forwarder:OnIncomingAlert(): [DEBUG] in=257 alert=/alert/emergency/veh/128/seq=0/zor=[MASKED]
+102.882027713s 101 caf.Forwarder:AlertVehicleHandler(): [DEBUG] in=(257,0) alert=/alert/emergency/veh/128/seq=0/zor=[MASKED] decision=forward to vehicles deferred until 0ms
+102.882027713s 101 caf.Forwarder:OnOutgoingAlert(): [DEBUG] out=257 alert=/alert/emergency/veh/128/seq=0/zor=[MASKED]
+102.882027713s 101 ndn.AlertConsumer:doReceive(): [INFO ] Received alert: /alert/emergency/veh/128/seq=0/zor=[MASKED]
+102.882901743s 95 caf.Forwarder:OnIncomingAlert(): [DEBUG] in=257 alert=/alert/emergency/veh/128/seq=0/zor=[MASKED]
+102.882901743s 95 caf.Forwarder:AlertVehicleHandler(): [DEBUG] in=(257,0) alert=/alert/emergency/veh/128/seq=0/zor=[MASKED] decision=forward to vehicles deferred until 0ms
+102.882901743s 95 caf.Forwarder:OnOutgoingAlert(): [DEBUG] out=257 alert=/alert/emergency/veh/128/seq=0/zor=[MASKED]
+102.882901743s 95 ndn.AlertConsumer:doReceive(): [INFO ] Received alert: /alert/emergency/veh/128/seq=0/zor=[MASKED]
+102.882901763s 100 caf.Forwarder:OnIncomingAlert(): [DEBUG] in=257 alert=/alert/emergency/veh/128/seq=0/zor=[MASKED]
+102.882901763s 100 caf.Forwarder:AlertVehicleHandler(): [DEBUG] in=(257,0) alert=/alert/emergency/veh/128/seq=0/zor=[MASKED] decision=forward to vehicles deferred until 0ms
+102.882901763s 100 caf.Forwarder:OnOutgoingAlert(): [DEBUG] out=257 alert=/alert/emergency/veh/128/seq=0/zor=[MASKED]
+102.882901763s 100 ndn.AlertConsumer:doReceive(): [INFO ] Received alert: /alert/emergency/veh/128/seq=0/zor=[MASKED]
+102.883775773s 101 caf.Forwarder:OnIncomingAlert(): [DEBUG] in=257 alert=/alert/emergency/veh/128/seq=0/zor=[MASKED]
+102.883775773s 101 caf.Forwarder:AlertVehicleHandler(): [DEBUG] in=(257,0) alert=/alert/emergency/veh/128/seq=0/zor=[MASKED] decision=drop because duplicate alert
+102.883775784s 88 caf.Forwarder:OnIncomingAlert(): [DEBUG] in=257 alert=/alert/emergency/veh/128/seq=0/zor=[MASKED]
+102.883775784s 88 caf.Forwarder:AlertVehicleHandler(): [DEBUG] in=(257,0) alert=/alert/emergency/veh/128/seq=0/zor=[MASKED] decision=forward to vehicles deferred until 0ms
+102.883775784s 88 caf.Forwarder:OnOutgoingAlert(): [DEBUG] out=257 alert=/alert/emergency/veh/128/seq=0/zor=[MASKED]
+102.883775784s 88 ndn.AlertConsumer:doReceive(): [INFO ] Received alert: /alert/emergency/veh/128/seq=0/zor=[MASKED]
+102.883775799s 61 caf.Forwarder:OnIncomingAlert(): [DEBUG] in=257 alert=/alert/emergency/veh/128/seq=0/zor=[MASKED]
+102.883775799s 61 caf.Forwarder:AlertVehicleHandler(): [DEBUG] in=(257,0) alert=/alert/emergency/veh/128/seq=0/zor=[MASKED] decision=drop because duplicate alert
+102.884649805s 100 caf.Forwarder:OnIncomingAlert(): [DEBUG] in=257 alert=/alert/emergency/veh/128/seq=0/zor=[MASKED]
+102.884649805s 100 caf.Forwarder:AlertVehicleHandler(): [DEBUG] in=(257,0) alert=/alert/emergency/veh/128/seq=0/zor=[MASKED] decision=drop because duplicate alert
+102.884649821s 66 caf.Forwarder:OnIncomingAlert(): [DEBUG] in=257 alert=/alert/emergency/veh/128/seq=0/zor=[MASKED]
+102.884649821s 66 caf.Forwarder:AlertVehicleHandler(): [DEBUG] in=(257,0) alert=/alert/emergency/veh/128/seq=0/zor=[MASKED] decision=forward to vehicles deferred until 0ms
+102.884649821s 95 caf.Forwarder:OnIncomingAlert(): [DEBUG] in=257 alert=/alert/emergency/veh/128/seq=0/zor=[MASKED]
+102.884649821s 95 caf.Forwarder:AlertVehicleHandler(): [DEBUG] in=(257,0) alert=/alert/emergency/veh/128/seq=0/zor=[MASKED] decision=drop because duplicate alert
+102.884649821s 66 caf.Forwarder:OnOutgoingAlert(): [DEBUG] out=257 alert=/alert/emergency/veh/128/seq=0/zor=[MASKED]
+102.884649821s 66 ndn.AlertConsumer:doReceive(): [INFO ] Received alert: /alert/emergency/veh/128/seq=0/zor=[MASKED]
+102.884649829s 84 caf.Forwarder:OnIncomingAlert(): [DEBUG] in=257 alert=/alert/emergency/veh/128/seq=0/zor=[MASKED]
+102.884649829s 84 caf.Forwarder:AlertVehicleHandler(): [DEBUG] in=(257,0) alert=/alert/emergency/veh/128/seq=0/zor=[MASKED] decision=forward to vehicles deferred until 0ms
+102.884649829s 84 caf.Forwarder:OnOutgoingAlert(): [DEBUG] out=257 alert=/alert/emergency/veh/128/seq=0/zor=[MASKED]
+102.884649829s 84 ndn.AlertConsumer:doReceive(): [INFO ] Received alert: /alert/emergency/veh/128/seq=0/zor=[MASKED]
+102.884649839s 80 caf.Forwarder:OnIncomingAlert(): [DEBUG] in=257 alert=/alert/emergency/veh/128/seq=0/zor=[MASKED]
+102.884649839s 80 caf.Forwarder:AlertVehicleHandler(): [DEBUG] in=(257,0) alert=/alert/emergency/veh/128/seq=0/zor=[MASKED] decision=forward to vehicles deferred until 0ms
+102.884649839s 80 caf.Forwarder:OnOutgoingAlert(): [DEBUG] out=257 alert=/alert/emergency/veh/128/seq=0/zor=[MASKED]
+102.884649839s 80 ndn.AlertConsumer:doReceive(): [INFO ] Received alert: /alert/emergency/veh/128/seq=0/zor=[MASKED]
+102.884649851s 101 caf.Forwarder:OnIncomingAlert(): [DEBUG] in=257 alert=/alert/emergency/veh/128/seq=0/zor=[MASKED]
+102.884649851s 101 caf.Forwarder:AlertVehicleHandler(): [DEBUG] in=(257,0) alert=/alert/emergency/veh/128/seq=0/zor=[MASKED] decision=drop because duplicate alert
+102.884649870s 69 caf.Forwarder:OnIncomingAlert(): [DEBUG] in=257 alert=/alert/emergency/veh/128/seq=0/zor=[MASKED]
+102.884649870s 69 caf.Forwarder:AlertVehicleHandler(): [DEBUG] in=(257,0) alert=/alert/emergency/veh/128/seq=0/zor=[MASKED] decision=forward to vehicles deferred until 0ms
+102.884649870s 69 caf.Forwarder:OnOutgoingAlert(): [DEBUG] out=257 alert=/alert/emergency/veh/128/seq=0/zor=[MASKED]
+102.884649870s 69 ndn.AlertConsumer:doReceive(): [INFO ] Received alert: /alert/emergency/veh/128/seq=0/zor=[MASKED]
+102.884649876s 61 caf.Forwarder:OnIncomingAlert(): [DEBUG] in=257 alert=/alert/emergency/veh/128/seq=0/zor=[MASKED]
+102.884649876s 61 caf.Forwarder:AlertVehicleHandler(): [DEBUG] in=(257,0) alert=/alert/emergency/veh/128/seq=0/zor=[MASKED] decision=drop because duplicate alert
+102.884649892s 91 caf.Forwarder:OnIncomingAlert(): [DEBUG] in=257 alert=/alert/emergency/veh/128/seq=0/zor=[MASKED]
+102.884649892s 91 caf.Forwarder:AlertVehicleHandler(): [DEBUG] in=(257,0) alert=/alert/emergency/veh/128/seq=0/zor=[MASKED] decision=forward to vehicles deferred until 0ms
+102.884649892s 91 caf.Forwarder:OnOutgoingAlert(): [DEBUG] out=257 alert=/alert/emergency/veh/128/seq=0/zor=[MASKED]
+102.884649892s 91 ndn.AlertConsumer:doReceive(): [INFO ] Received alert: /alert/emergency/veh/128/seq=0/zor=[MASKED]
+102.884649913s 93 caf.Forwarder:OnIncomingAlert(): [DEBUG] in=257 alert=/alert/emergency/veh/128/seq=0/zor=[MASKED]
+102.884649913s 93 caf.Forwarder:AlertVehicleHandler(): [DEBUG] in=(257,0) alert=/alert/emergency/veh/128/seq=0/zor=[MASKED] decision=forward to vehicles deferred until 0ms
+102.884649913s 104 caf.Forwarder:OnIncomingAlert(): [DEBUG] in=257 alert=/alert/emergency/veh/128/seq=0/zor=[MASKED]
+102.884649913s 104 caf.Forwarder:AlertVehicleHandler(): [DEBUG] in=(257,0) alert=/alert/emergency/veh/128/seq=0/zor=[MASKED] decision=drop because duplicate alert
+102.884649913s 93 caf.Forwarder:OnOutgoingAlert(): [DEBUG] out=257 alert=/alert/emergency/veh/128/seq=0/zor=[MASKED]
+102.884649913s 93 ndn.AlertConsumer:doReceive(): [INFO ] Received alert: /alert/emergency/veh/128/seq=0/zor=[MASKED]
+102.884649934s 74 caf.Forwarder:OnIncomingAlert(): [DEBUG] in=257 alert=/alert/emergency/veh/128/seq=0/zor=[MASKED]
+102.884649934s 74 caf.Forwarder:AlertVehicleHandler(): [DEBUG] in=(257,0) alert=/alert/emergency/veh/128/seq=0/zor=[MASKED] decision=forward to vehicles deferred until 0ms
+102.884649934s 74 caf.Forwarder:OnOutgoingAlert(): [DEBUG] out=257 alert=/alert/emergency/veh/128/seq=0/zor=[MASKED]
+102.884649934s 74 ndn.AlertConsumer:doReceive(): [INFO ] Received alert: /alert/emergency/veh/128/seq=0/zor=[MASKED]
+102.885523967s 86 caf.Forwarder:OnIncomingAlert(): [DEBUG] in=257 alert=/alert/emergency/veh/128/seq=0/zor=[MASKED]
+102.885523967s 86 caf.Forwarder:AlertVehicleHandler(): [DEBUG] in=(257,0) alert=/alert/emergency/veh/128/seq=0/zor=[MASKED] decision=forward to vehicles deferred until 0ms
+102.885523967s 86 caf.Forwarder:OnOutgoingAlert(): [DEBUG] out=257 alert=/alert/emergency/veh/128/seq=0/zor=[MASKED]
+102.885523967s 86 ndn.AlertConsumer:doReceive(): [INFO ] Received alert: /alert/emergency/veh/128/seq=0/zor=[MASKED]
+102.886398004s 83 caf.Forwarder:OnIncomingAlert(): [DEBUG] in=257 alert=/alert/emergency/veh/128/seq=0/zor=[MASKED]
+102.886398004s 83 caf.Forwarder:AlertVehicleHandler(): [DEBUG] in=(257,0) alert=/alert/emergency/veh/128/seq=0/zor=[MASKED] decision=forward to vehicles deferred until 0ms
+102.886398004s 83 caf.Forwarder:OnOutgoingAlert(): [DEBUG] out=257 alert=/alert/emergency/veh/128/seq=0/zor=[MASKED]
+102.886398004s 83 ndn.AlertConsumer:doReceive(): [INFO ] Received alert: /alert/emergency/veh/128/seq=0/zor=[MASKED]
+102.886398021s 93 caf.Forwarder:OnIncomingAlert(): [DEBUG] in=257 alert=/alert/emergency/veh/128/seq=0/zor=[MASKED]
+102.886398021s 93 caf.Forwarder:AlertVehicleHandler(): [DEBUG] in=(257,0) alert=/alert/emergency/veh/128/seq=0/zor=[MASKED] decision=drop because duplicate alert
+102.886398033s 87 caf.Forwarder:OnIncomingAlert(): [DEBUG] in=257 alert=/alert/emergency/veh/128/seq=0/zor=[MASKED]
+102.886398033s 87 caf.Forwarder:AlertVehicleHandler(): [DEBUG] in=(257,0) alert=/alert/emergency/veh/128/seq=0/zor=[MASKED] decision=forward to vehicles deferred until 0ms
+102.886398033s 87 caf.Forwarder:OnOutgoingAlert(): [DEBUG] out=257 alert=/alert/emergency/veh/128/seq=0/zor=[MASKED]
+102.886398033s 87 ndn.AlertConsumer:doReceive(): [INFO ] Received alert: /alert/emergency/veh/128/seq=0/zor=[MASKED]
+102.886398044s 103 caf.Forwarder:OnIncomingAlert(): [DEBUG] in=257 alert=/alert/emergency/veh/128/seq=0/zor=[MASKED]
+102.886398044s 103 caf.Forwarder:AlertVehicleHandler(): [DEBUG] in=(257,0) alert=/alert/emergency/veh/128/seq=0/zor=[MASKED] decision=forward to vehicles deferred until 0ms
+102.886398044s 103 caf.Forwarder:OnOutgoingAlert(): [DEBUG] out=257 alert=/alert/emergency/veh/128/seq=0/zor=[MASKED]
+102.886398044s 103 ndn.AlertConsumer:doReceive(): [INFO ] Received alert: /alert/emergency/veh/128/seq=0/zor=[MASKED]
+102.886398053s 92 caf.Forwarder:OnIncomingAlert(): [DEBUG] in=257 alert=/alert/emergency/veh/128/seq=0/zor=[MASKED]
+102.886398053s 92 caf.Forwarder:AlertVehicleHandler(): [DEBUG] in=(257,0) alert=/alert/emergency/veh/128/seq=0/zor=[MASKED] decision=forward to vehicles deferred until 0ms
+102.886398053s 92 caf.Forwarder:OnOutgoingAlert(): [DEBUG] out=257 alert=/alert/emergency/veh/128/seq=0/zor=[MASKED]
+102.886398053s 92 ndn.AlertConsumer:doReceive(): [INFO ] Received alert: /alert/emergency/veh/128/seq=0/zor=[MASKED]
+102.886398054s 68 caf.Forwarder:OnIncomingAlert(): [DEBUG] in=257 alert=/alert/emergency/veh/128/seq=0/zor=[MASKED]
+102.886398054s 68 caf.Forwarder:AlertVehicleHandler(): [DEBUG] in=(257,0) alert=/alert/emergency/veh/128/seq=0/zor=[MASKED] decision=forward to vehicles deferred until 0ms
+102.886398054s 68 caf.Forwarder:OnOutgoingAlert(): [DEBUG] out=257 alert=/alert/emergency/veh/128/seq=0/zor=[MASKED]
+102.886398054s 68 ndn.AlertConsumer:doReceive(): [INFO ] Received alert: /alert/emergency/veh/128/seq=0/zor=[MASKED]
+102.886398055s 82 caf.Forwarder:OnIncomingAlert(): [DEBUG] in=257 alert=/alert/emergency/veh/128/seq=0/zor=[MASKED]
+102.886398055s 82 caf.Forwarder:AlertVehicleHandler(): [DEBUG] in=(257,0) alert=/alert/emergency/veh/128/seq=0/zor=[MASKED] decision=forward to vehicles deferred until 0ms
+102.886398055s 82 caf.Forwarder:OnOutgoingAlert(): [DEBUG] out=257 alert=/alert/emergency/veh/128/seq=0/zor=[MASKED]
+102.886398055s 82 ndn.AlertConsumer:doReceive(): [INFO ] Received alert: /alert/emergency/veh/128/seq=0/zor=[MASKED]
+102.886398059s 69 caf.Forwarder:OnIncomingAlert(): [DEBUG] in=257 alert=/alert/emergency/veh/128/seq=0/zor=[MASKED]
+102.886398059s 69 caf.Forwarder:AlertVehicleHandler(): [DEBUG] in=(257,0) alert=/alert/emergency/veh/128/seq=0/zor=[MASKED] decision=drop because duplicate alert
+102.886398060s 90 caf.Forwarder:OnIncomingAlert(): [DEBUG] in=257 alert=/alert/emergency/veh/128/seq=0/zor=[MASKED]
+102.886398060s 90 caf.Forwarder:AlertVehicleHandler(): [DEBUG] in=(257,0) alert=/alert/emergency/veh/128/seq=0/zor=[MASKED] decision=forward to vehicles deferred until 0ms
+102.886398060s 90 caf.Forwarder:OnOutgoingAlert(): [DEBUG] out=257 alert=/alert/emergency/veh/128/seq=0/zor=[MASKED]
+102.886398060s 90 ndn.AlertConsumer:doReceive(): [INFO ] Received alert: /alert/emergency/veh/128/seq=0/zor=[MASKED]
+102.886398085s 98 caf.Forwarder:OnIncomingAlert(): [DEBUG] in=257 alert=/alert/emergency/veh/128/seq=0/zor=[MASKED]
+102.886398085s 98 caf.Forwarder:AlertVehicleHandler(): [DEBUG] in=(257,0) alert=/alert/emergency/veh/128/seq=0/zor=[MASKED] decision=forward to vehicles deferred until 0ms
+102.886398085s 98 caf.Forwarder:OnOutgoingAlert(): [DEBUG] out=257 alert=/alert/emergency/veh/128/seq=0/zor=[MASKED]
+102.886398085s 98 ndn.AlertConsumer:doReceive(): [INFO ] Received alert: /alert/emergency/veh/128/seq=0/zor=[MASKED]
+102.886398099s 89 caf.Forwarder:OnIncomingAlert(): [DEBUG] in=257 alert=/alert/emergency/veh/128/seq=0/zor=[MASKED]
+102.886398099s 89 caf.Forwarder:AlertVehicleHandler(): [DEBUG] in=(257,0) alert=/alert/emergency/veh/128/seq=0/zor=[MASKED] decision=forward to vehicles deferred until 0ms
+102.886398099s 89 caf.Forwarder:OnOutgoingAlert(): [DEBUG] out=257 alert=/alert/emergency/veh/128/seq=0/zor=[MASKED]
+102.886398099s 89 ndn.AlertConsumer:doReceive(): [INFO ] Received alert: /alert/emergency/veh/128/seq=0/zor=[MASKED]
+102.886398107s 66 caf.Forwarder:OnIncomingAlert(): [DEBUG] in=257 alert=/alert/emergency/veh/128/seq=0/zor=[MASKED]
+102.886398107s 66 caf.Forwarder:AlertVehicleHandler(): [DEBUG] in=(257,0) alert=/alert/emergency/veh/128/seq=0/zor=[MASKED] decision=drop because duplicate alert
+102.886398128s 80 caf.Forwarder:OnIncomingAlert(): [DEBUG] in=257 alert=/alert/emergency/veh/128/seq=0/zor=[MASKED]
+102.886398128s 80 caf.Forwarder:AlertVehicleHandler(): [DEBUG] in=(257,0) alert=/alert/emergency/veh/128/seq=0/zor=[MASKED] decision=drop because duplicate alert
+102.886398136s 84 caf.Forwarder:OnIncomingAlert(): [DEBUG] in=257 alert=/alert/emergency/veh/128/seq=0/zor=[MASKED]
+102.886398136s 84 caf.Forwarder:AlertVehicleHandler(): [DEBUG] in=(257,0) alert=/alert/emergency/veh/128/seq=0/zor=[MASKED] decision=drop because duplicate alert
+104.138783102s 131 ndn.RandomAlertProducer:SendAlert(): [LOGIC] Don't send alert; condition failed
+104.168959772s 132 ndn.RandomAlertProducer:AlertSupplier(): [LOGIC] Send alert=/alert/emergency/veh/132/seq=0/zor=[MASKED] vehCount=51 rsuCount=9
+104.168959772s 132 caf.Forwarder:OnIncomingAlert(): [DEBUG] in=260 alert=/alert/emergency/veh/132/seq=0/zor=[MASKED]
+104.168959772s 132 caf.Forwarder:AlertVehicleHandler(): [DEBUG] in=(260,0) alert=/alert/emergency/veh/132/seq=0/zor=[MASKED] decision=forward to vehicles
+104.168959772s 132 caf.Forwarder:OnOutgoingAlert(): [DEBUG] out=257 alert=/alert/emergency/veh/132/seq=0/zor=[MASKED]
+104.169833794s 133 caf.Forwarder:OnIncomingAlert(): [DEBUG] in=257 alert=/alert/emergency/veh/132/seq=0/zor=[MASKED]
+104.169833794s 133 caf.Forwarder:AlertVehicleHandler(): [DEBUG] in=(257,0) alert=/alert/emergency/veh/132/seq=0/zor=[MASKED] decision=drop since sender is closer
+104.169833877s 50 caf.Forwarder:OnIncomingAlert(): [DEBUG] in=257 alert=/alert/emergency/veh/132/seq=0/zor=[MASKED]
+104.169833877s 50 caf.Forwarder:AlertVehicleHandler(): [DEBUG] in=(257,0) alert=/alert/emergency/veh/132/seq=0/zor=[MASKED] decision=forward to vehicles deferred until 1.88648ms
+104.169833916s 138 caf.Forwarder:OnIncomingAlert(): [DEBUG] in=257 alert=/alert/emergency/veh/132/seq=0/zor=[MASKED]
+104.169833916s 138 caf.Forwarder:AlertVehicleHandler(): [DEBUG] in=(257,0) alert=/alert/emergency/veh/132/seq=0/zor=[MASKED] decision=drop since sender is closer
+104.169833918s 128 caf.Forwarder:OnIncomingAlert(): [DEBUG] in=257 alert=/alert/emergency/veh/132/seq=0/zor=[MASKED]
+104.169833918s 128 caf.Forwarder:AlertVehicleHandler(): [DEBUG] in=(257,0) alert=/alert/emergency/veh/132/seq=0/zor=[MASKED] decision=forward to vehicles deferred until 0.63745ms
+104.170471367s 128 caf.Forwarder:OnOutgoingAlert(): [DEBUG] out=257 alert=/alert/emergency/veh/132/seq=0/zor=[MASKED]
+104.171345405s 129 caf.Forwarder:OnIncomingAlert(): [DEBUG] in=257 alert=/alert/emergency/veh/132/seq=0/zor=[MASKED]
+104.171345405s 129 caf.Forwarder:AlertVehicleHandler(): [DEBUG] in=(257,0) alert=/alert/emergency/veh/132/seq=0/zor=[MASKED] decision=forward to vehicles deferred until 3.91283ms
+104.171345421s 50 caf.Forwarder:OnIncomingAlert(): [DEBUG] in=257 alert=/alert/emergency/veh/132/seq=0/zor=[MASKED]
+104.171345421s 50 caf.Forwarder:AlertVehicleHandler(): [DEBUG] in= (257,0) alert=/alert/emergency/veh/132/seq=0/zor=[MASKED] timer cancelled because sender closer to ZoR
+104.171345471s 58 caf.Forwarder:OnIncomingAlert(): [DEBUG] in=257 alert=/alert/emergency/veh/132/seq=0/zor=[MASKED]
+104.171345471s 58 caf.Forwarder:AlertVehicleHandler(): [DEBUG] in=(257,0) alert=/alert/emergency/veh/132/seq=0/zor=[MASKED] decision=forward to vehicles deferred until 1.89542ms
+104.171345491s 122 caf.Forwarder:OnIncomingAlert(): [DEBUG] in=257 alert=/alert/emergency/veh/132/seq=0/zor=[MASKED]
+104.171345491s 122 caf.Forwarder:AlertVehicleHandler(): [DEBUG] in=(257,0) alert=/alert/emergency/veh/132/seq=0/zor=[MASKED] decision=forward to vehicles deferred until 1.28956ms
+104.171345513s 132 caf.Forwarder:OnIncomingAlert(): [DEBUG] in=257 alert=/alert/emergency/veh/132/seq=0/zor=[MASKED]
+104.171345513s 132 caf.Forwarder:AlertVehicleHandler(): [DEBUG] in=(257,0) alert=/alert/emergency/veh/132/seq=0/zor=[MASKED] decision=drop because duplicate alert
+104.171345532s 133 caf.Forwarder:OnIncomingAlert(): [DEBUG] in=257 alert=/alert/emergency/veh/132/seq=0/zor=[MASKED]
+104.171345532s 133 caf.Forwarder:AlertVehicleHandler(): [DEBUG] in=(257,0) alert=/alert/emergency/veh/132/seq=0/zor=[MASKED] decision=drop because duplicate alert
+104.172635053s 122 caf.Forwarder:OnOutgoingAlert(): [DEBUG] out=257 alert=/alert/emergency/veh/132/seq=0/zor=[MASKED]
+104.173240892s 58 caf.Forwarder:OnOutgoingAlert(): [DEBUG] out=257 alert=/alert/emergency/veh/132/seq=0/zor=[MASKED]
+104.173509094s 58 caf.Forwarder:OnIncomingAlert(): [DEBUG] in=257 alert=/alert/emergency/veh/132/seq=0/zor=[MASKED]
+104.173509094s 58 caf.Forwarder:AlertVehicleHandler(): [DEBUG] in=(257,0) alert=/alert/emergency/veh/132/seq=0/zor=[MASKED] decision=drop because duplicate alert
+104.173509119s 124 caf.Forwarder:OnIncomingAlert(): [DEBUG] in=257 alert=/alert/emergency/veh/132/seq=0/zor=[MASKED]
+104.173509119s 124 caf.Forwarder:AlertVehicleHandler(): [DEBUG] in=(257,0) alert=/alert/emergency/veh/132/seq=0/zor=[MASKED] decision=forward to vehicles deferred until 3.04655ms
+104.173509128s 120 caf.Forwarder:OnIncomingAlert(): [DEBUG] in=257 alert=/alert/emergency/veh/132/seq=0/zor=[MASKED]
+104.173509128s 120 caf.Forwarder:AlertVehicleHandler(): [DEBUG] in=(257,0) alert=/alert/emergency/veh/132/seq=0/zor=[MASKED] decision=forward to vehicles deferred until 2.79342ms
+104.173509142s 129 caf.Forwarder:OnIncomingAlert(): [DEBUG] in=257 alert=/alert/emergency/veh/132/seq=0/zor=[MASKED]
+104.173509142s 129 caf.Forwarder:AlertVehicleHandler(): [DEBUG] in= (257,0) alert=/alert/emergency/veh/132/seq=0/zor=[MASKED] timer cancelled because sender closer to ZoR
+104.173509177s 70 caf.Forwarder:OnIncomingAlert(): [DEBUG] in=257 alert=/alert/emergency/veh/132/seq=0/zor=[MASKED]
+104.173509177s 70 caf.Forwarder:AlertVehicleHandler(): [DEBUG] in=(257,0) alert=/alert/emergency/veh/132/seq=0/zor=[MASKED] decision=forward to vehicles deferred until 1.30662ms
+104.173509177s 128 caf.Forwarder:OnIncomingAlert(): [DEBUG] in=257 alert=/alert/emergency/veh/132/seq=0/zor=[MASKED]
+104.173509177s 128 caf.Forwarder:AlertVehicleHandler(): [DEBUG] in=(257,0) alert=/alert/emergency/veh/132/seq=0/zor=[MASKED] decision=drop because duplicate alert
+104.173509224s 50 caf.Forwarder:OnIncomingAlert(): [DEBUG] in=257 alert=/alert/emergency/veh/132/seq=0/zor=[MASKED]
+104.173509224s 50 caf.Forwarder:AlertVehicleHandler(): [DEBUG] in=(257,0) alert=/alert/emergency/veh/132/seq=0/zor=[MASKED] decision=drop because duplicate alert
+104.174474135s 122 caf.Forwarder:OnIncomingAlert(): [DEBUG] in=257 alert=/alert/emergency/veh/132/seq=0/zor=[MASKED]
+104.174474135s 122 caf.Forwarder:AlertVehicleHandler(): [DEBUG] in=(257,0) alert=/alert/emergency/veh/132/seq=0/zor=[MASKED] decision=drop because duplicate alert
+104.174474160s 129 caf.Forwarder:OnIncomingAlert(): [DEBUG] in=257 alert=/alert/emergency/veh/132/seq=0/zor=[MASKED]
+104.174474160s 129 caf.Forwarder:AlertVehicleHandler(): [DEBUG] in=(257,0) alert=/alert/emergency/veh/132/seq=0/zor=[MASKED] decision=drop because duplicate alert
+104.174474187s 124 caf.Forwarder:OnIncomingAlert(): [DEBUG] in=257 alert=/alert/emergency/veh/132/seq=0/zor=[MASKED]
+104.174474198s 128 caf.Forwarder:OnIncomingAlert(): [DEBUG] in=257 alert=/alert/emergency/veh/132/seq=0/zor=[MASKED]
+104.174474198s 128 caf.Forwarder:AlertVehicleHandler(): [DEBUG] in=(257,0) alert=/alert/emergency/veh/132/seq=0/zor=[MASKED] decision=drop because duplicate alert
+104.174474199s 120 caf.Forwarder:OnIncomingAlert(): [DEBUG] in=257 alert=/alert/emergency/veh/132/seq=0/zor=[MASKED]
+104.174474236s 50 caf.Forwarder:OnIncomingAlert(): [DEBUG] in=257 alert=/alert/emergency/veh/132/seq=0/zor=[MASKED]
+104.174474236s 50 caf.Forwarder:AlertVehicleHandler(): [DEBUG] in=(257,0) alert=/alert/emergency/veh/132/seq=0/zor=[MASKED] decision=drop because duplicate alert
+104.174474239s 70 caf.Forwarder:OnIncomingAlert(): [DEBUG] in=257 alert=/alert/emergency/veh/132/seq=0/zor=[MASKED]
+104.174815792s 70 caf.Forwarder:OnOutgoingAlert(): [DEBUG] out=257 alert=/alert/emergency/veh/132/seq=0/zor=[MASKED]
+104.175689847s 120 caf.Forwarder:OnIncomingAlert(): [DEBUG] in=257 alert=/alert/emergency/veh/132/seq=0/zor=[MASKED]
+104.175689847s 120 caf.Forwarder:AlertVehicleHandler(): [DEBUG] in= (257,0) alert=/alert/emergency/veh/132/seq=0/zor=[MASKED] timer cancelled because sender closer to ZoR
+104.175689850s 124 caf.Forwarder:OnIncomingAlert(): [DEBUG] in=257 alert=/alert/emergency/veh/132/seq=0/zor=[MASKED]
+104.175689850s 124 caf.Forwarder:AlertVehicleHandler(): [DEBUG] in= (257,0) alert=/alert/emergency/veh/132/seq=0/zor=[MASKED] timer cancelled because sender closer to ZoR
+104.175689916s 122 caf.Forwarder:OnIncomingAlert(): [DEBUG] in=257 alert=/alert/emergency/veh/132/seq=0/zor=[MASKED]
+104.175689916s 122 caf.Forwarder:AlertVehicleHandler(): [DEBUG] in=(257,0) alert=/alert/emergency/veh/132/seq=0/zor=[MASKED] decision=drop because duplicate alert
+104.175689937s 58 caf.Forwarder:OnIncomingAlert(): [DEBUG] in=257 alert=/alert/emergency/veh/132/seq=0/zor=[MASKED]
+104.175689937s 58 caf.Forwarder:AlertVehicleHandler(): [DEBUG] in=(257,0) alert=/alert/emergency/veh/132/seq=0/zor=[MASKED] decision=drop because duplicate alert
+104.702372971s 130 ndn.RandomAlertProducer:SendAlert(): [LOGIC] Don't send alert; condition failed
+106.087441027s 134 ndn.RandomAlertProducer:SendAlert(): [LOGIC] Don't send alert; condition failed
+106.098496219s 133 ndn.RandomAlertProducer:AlertSupplier(): [LOGIC] Send alert=/alert/emergency/veh/133/seq=0/zor=[MASKED] vehCount=50 rsuCount=9
+106.098496219s 133 caf.Forwarder:OnIncomingAlert(): [DEBUG] in=260 alert=/alert/emergency/veh/133/seq=0/zor=[MASKED]
+106.098496219s 133 caf.Forwarder:AlertVehicleHandler(): [DEBUG] in=(260,0) alert=/alert/emergency/veh/133/seq=0/zor=[MASKED] decision=forward to vehicles
+106.098496219s 133 caf.Forwarder:OnOutgoingAlert(): [DEBUG] out=257 alert=/alert/emergency/veh/133/seq=0/zor=[MASKED]
+106.099370231s 132 caf.Forwarder:OnIncomingAlert(): [DEBUG] in=257 alert=/alert/emergency/veh/133/seq=0/zor=[MASKED]
+106.099370231s 132 caf.Forwarder:AlertVehicleHandler(): [DEBUG] in=(257,0) alert=/alert/emergency/veh/133/seq=0/zor=[MASKED] decision=forward to vehicles deferred until 4.69991ms
+106.099370289s 50 caf.Forwarder:OnIncomingAlert(): [DEBUG] in=257 alert=/alert/emergency/veh/133/seq=0/zor=[MASKED]
+106.099370289s 50 caf.Forwarder:AlertVehicleHandler(): [DEBUG] in=(257,0) alert=/alert/emergency/veh/133/seq=0/zor=[MASKED] decision=drop since sender is closer
+106.099370310s 58 caf.Forwarder:OnIncomingAlert(): [DEBUG] in=257 alert=/alert/emergency/veh/133/seq=0/zor=[MASKED]
+106.099370310s 58 caf.Forwarder:AlertVehicleHandler(): [DEBUG] in=(257,0) alert=/alert/emergency/veh/133/seq=0/zor=[MASKED] decision=forward to vehicles deferred until 2.2871ms
+106.099370367s 138 caf.Forwarder:OnIncomingAlert(): [DEBUG] in=257 alert=/alert/emergency/veh/133/seq=0/zor=[MASKED]
+106.099370367s 138 caf.Forwarder:AlertVehicleHandler(): [DEBUG] in=(257,0) alert=/alert/emergency/veh/133/seq=0/zor=[MASKED] decision=drop since sender is closer
+106.099370374s 128 caf.Forwarder:OnIncomingAlert(): [DEBUG] in=257 alert=/alert/emergency/veh/133/seq=0/zor=[MASKED]
+106.099370374s 128 caf.Forwarder:AlertVehicleHandler(): [DEBUG] in=(257,0) alert=/alert/emergency/veh/133/seq=0/zor=[MASKED] decision=forward to vehicles deferred until 0.367007ms
+106.099737380s 128 caf.Forwarder:OnOutgoingAlert(): [DEBUG] out=257 alert=/alert/emergency/veh/133/seq=0/zor=[MASKED]
+106.100611422s 129 caf.Forwarder:OnIncomingAlert(): [DEBUG] in=257 alert=/alert/emergency/veh/133/seq=0/zor=[MASKED]
+106.100611422s 129 caf.Forwarder:AlertVehicleHandler(): [DEBUG] in=(257,0) alert=/alert/emergency/veh/133/seq=0/zor=[MASKED] decision=forward to vehicles deferred until 3.793ms
+106.100611456s 58 caf.Forwarder:OnIncomingAlert(): [DEBUG] in=257 alert=/alert/emergency/veh/133/seq=0/zor=[MASKED]
+106.100611456s 58 caf.Forwarder:AlertVehicleHandler(): [DEBUG] in= (257,0) alert=/alert/emergency/veh/133/seq=0/zor=[MASKED] timer cancelled because sender closer to ZoR
+106.100611457s 70 caf.Forwarder:OnIncomingAlert(): [DEBUG] in=257 alert=/alert/emergency/veh/133/seq=0/zor=[MASKED]
+106.100611457s 70 caf.Forwarder:AlertVehicleHandler(): [DEBUG] in=(257,0) alert=/alert/emergency/veh/133/seq=0/zor=[MASKED] decision=forward to vehicles deferred until 2.70796ms
+106.100611497s 122 caf.Forwarder:OnIncomingAlert(): [DEBUG] in=257 alert=/alert/emergency/veh/133/seq=0/zor=[MASKED]
+106.100611497s 122 caf.Forwarder:AlertVehicleHandler(): [DEBUG] in=(257,0) alert=/alert/emergency/veh/133/seq=0/zor=[MASKED] decision=forward to vehicles deferred until 1.50386ms
+106.100611530s 132 caf.Forwarder:OnIncomingAlert(): [DEBUG] in=257 alert=/alert/emergency/veh/133/seq=0/zor=[MASKED]
+106.100611530s 132 caf.Forwarder:AlertVehicleHandler(): [DEBUG] in= (257,0) alert=/alert/emergency/veh/133/seq=0/zor=[MASKED] timer cancelled because sender closer to ZoR
+106.100611535s 133 caf.Forwarder:OnIncomingAlert(): [DEBUG] in=257 alert=/alert/emergency/veh/133/seq=0/zor=[MASKED]
+106.100611535s 133 caf.Forwarder:AlertVehicleHandler(): [DEBUG] in=(257,0) alert=/alert/emergency/veh/133/seq=0/zor=[MASKED] decision=drop because duplicate alert
+106.102115354s 122 caf.Forwarder:OnOutgoingAlert(): [DEBUG] out=257 alert=/alert/emergency/veh/133/seq=0/zor=[MASKED]
+106.102989411s 70 caf.Forwarder:OnIncomingAlert(): [DEBUG] in=257 alert=/alert/emergency/veh/133/seq=0/zor=[MASKED]
+106.102989411s 70 caf.Forwarder:AlertVehicleHandler(): [DEBUG] in= (257,0) alert=/alert/emergency/veh/133/seq=0/zor=[MASKED] timer cancelled because sender closer to ZoR
+106.102989428s 120 caf.Forwarder:OnIncomingAlert(): [DEBUG] in=257 alert=/alert/emergency/veh/133/seq=0/zor=[MASKED]
+106.102989428s 120 caf.Forwarder:AlertVehicleHandler(): [DEBUG] in=(257,0) alert=/alert/emergency/veh/133/seq=0/zor=[MASKED] decision=forward to vehicles deferred until 2.81639ms
+106.102989432s 129 caf.Forwarder:OnIncomingAlert(): [DEBUG] in=257 alert=/alert/emergency/veh/133/seq=0/zor=[MASKED]
+106.102989432s 129 caf.Forwarder:AlertVehicleHandler(): [DEBUG] in= (257,0) alert=/alert/emergency/veh/133/seq=0/zor=[MASKED] timer cancelled because sender closer to ZoR
+106.102989435s 124 caf.Forwarder:OnIncomingAlert(): [DEBUG] in=257 alert=/alert/emergency/veh/133/seq=0/zor=[MASKED]
+106.102989435s 124 caf.Forwarder:AlertVehicleHandler(): [DEBUG] in=(257,0) alert=/alert/emergency/veh/133/seq=0/zor=[MASKED] decision=forward to vehicles deferred until 2.61189ms
+106.102989471s 128 caf.Forwarder:OnIncomingAlert(): [DEBUG] in=257 alert=/alert/emergency/veh/133/seq=0/zor=[MASKED]
+106.102989471s 128 caf.Forwarder:AlertVehicleHandler(): [DEBUG] in=(257,0) alert=/alert/emergency/veh/133/seq=0/zor=[MASKED] decision=drop because duplicate alert
+106.105601325s 124 caf.Forwarder:OnOutgoingAlert(): [DEBUG] out=257 alert=/alert/emergency/veh/133/seq=0/zor=[MASKED]
+106.105805817s 120 caf.Forwarder:OnOutgoingAlert(): [DEBUG] out=257 alert=/alert/emergency/veh/133/seq=0/zor=[MASKED]
+106.106475337s 120 caf.Forwarder:OnIncomingAlert(): [DEBUG] in=257 alert=/alert/emergency/veh/133/seq=0/zor=[MASKED]
+106.106475337s 120 caf.Forwarder:AlertVehicleHandler(): [DEBUG] in=(257,0) alert=/alert/emergency/veh/133/seq=0/zor=[MASKED] decision=drop because duplicate alert
+106.106475406s 122 caf.Forwarder:OnIncomingAlert(): [DEBUG] in=257 alert=/alert/emergency/veh/133/seq=0/zor=[MASKED]
+106.106475406s 122 caf.Forwarder:AlertVehicleHandler(): [DEBUG] in=(257,0) alert=/alert/emergency/veh/133/seq=0/zor=[MASKED] decision=drop because duplicate alert
+106.106475454s 70 caf.Forwarder:OnIncomingAlert(): [DEBUG] in=257 alert=/alert/emergency/veh/133/seq=0/zor=[MASKED]
+106.106475454s 70 caf.Forwarder:AlertVehicleHandler(): [DEBUG] in=(257,0) alert=/alert/emergency/veh/133/seq=0/zor=[MASKED] decision=drop because duplicate alert
+106.106475460s 75 caf.Forwarder:OnIncomingAlert(): [DEBUG] in=257 alert=/alert/emergency/veh/133/seq=0/zor=[MASKED]
+106.106475460s 75 caf.Forwarder:AlertVehicleHandler(): [DEBUG] in=(257,0) alert=/alert/emergency/veh/133/seq=0/zor=[MASKED] decision=forward to vehicles deferred until 0ms
+106.106475460s 75 caf.Forwarder:OnOutgoingAlert(): [DEBUG] out=257 alert=/alert/emergency/veh/133/seq=0/zor=[MASKED]
+106.106475460s 75 ndn.AlertConsumer:doReceive(): [INFO ] Received alert: /alert/emergency/veh/133/seq=0/zor=[MASKED]
+106.106475482s 129 caf.Forwarder:OnIncomingAlert(): [DEBUG] in=257 alert=/alert/emergency/veh/133/seq=0/zor=[MASKED]
+106.106475482s 129 caf.Forwarder:AlertVehicleHandler(): [DEBUG] in=(257,0) alert=/alert/emergency/veh/133/seq=0/zor=[MASKED] decision=drop because duplicate alert
+106.107349532s 117 caf.Forwarder:OnIncomingAlert(): [DEBUG] in=257 alert=/alert/emergency/veh/133/seq=0/zor=[MASKED]
+106.107349532s 117 caf.Forwarder:AlertVehicleHandler(): [DEBUG] in=(257,0) alert=/alert/emergency/veh/133/seq=0/zor=[MASKED] decision=forward to vehicles deferred until 0ms
+106.107349532s 117 caf.Forwarder:OnOutgoingAlert(): [DEBUG] out=257 alert=/alert/emergency/veh/133/seq=0/zor=[MASKED]
+106.107349532s 117 ndn.AlertConsumer:doReceive(): [INFO ] Received alert: /alert/emergency/veh/133/seq=0/zor=[MASKED]
+106.107349594s 124 caf.Forwarder:OnIncomingAlert(): [DEBUG] in=257 alert=/alert/emergency/veh/133/seq=0/zor=[MASKED]
+106.107349594s 124 caf.Forwarder:AlertVehicleHandler(): [DEBUG] in=(257,0) alert=/alert/emergency/veh/133/seq=0/zor=[MASKED] decision=drop because duplicate alert
+106.107349602s 120 caf.Forwarder:OnIncomingAlert(): [DEBUG] in=257 alert=/alert/emergency/veh/133/seq=0/zor=[MASKED]
+106.107349602s 120 caf.Forwarder:AlertVehicleHandler(): [DEBUG] in=(257,0) alert=/alert/emergency/veh/133/seq=0/zor=[MASKED] decision=drop because duplicate alert
+106.107349622s 112 caf.Forwarder:OnIncomingAlert(): [DEBUG] in=257 alert=/alert/emergency/veh/133/seq=0/zor=[MASKED]
+106.107349622s 112 caf.Forwarder:AlertVehicleHandler(): [DEBUG] in=(257,0) alert=/alert/emergency/veh/133/seq=0/zor=[MASKED] decision=forward to vehicles deferred until 0ms
+106.107349622s 112 caf.Forwarder:OnOutgoingAlert(): [DEBUG] out=257 alert=/alert/emergency/veh/133/seq=0/zor=[MASKED]
+106.107349622s 112 ndn.AlertConsumer:doReceive(): [INFO ] Received alert: /alert/emergency/veh/133/seq=0/zor=[MASKED]
+106.108223604s 75 caf.Forwarder:OnIncomingAlert(): [DEBUG] in=257 alert=/alert/emergency/veh/133/seq=0/zor=[MASKED]
+106.108223604s 75 caf.Forwarder:AlertVehicleHandler(): [DEBUG] in=(257,0) alert=/alert/emergency/veh/133/seq=0/zor=[MASKED] decision=drop because duplicate alert
+106.108223692s 61 caf.Forwarder:OnIncomingAlert(): [DEBUG] in=257 alert=/alert/emergency/veh/133/seq=0/zor=[MASKED]
+106.108223692s 61 caf.Forwarder:AlertVehicleHandler(): [DEBUG] in=(257,0) alert=/alert/emergency/veh/133/seq=0/zor=[MASKED] decision=forward to vehicles deferred until 0ms
+106.108223692s 61 caf.Forwarder:OnOutgoingAlert(): [DEBUG] out=257 alert=/alert/emergency/veh/133/seq=0/zor=[MASKED]
+106.108223692s 61 ndn.AlertConsumer:doReceive(): [INFO ] Received alert: /alert/emergency/veh/133/seq=0/zor=[MASKED]
+106.108223771s 115 caf.Forwarder:OnIncomingAlert(): [DEBUG] in=257 alert=/alert/emergency/veh/133/seq=0/zor=[MASKED]
+106.108223771s 115 caf.Forwarder:AlertVehicleHandler(): [DEBUG] in=(257,0) alert=/alert/emergency/veh/133/seq=0/zor=[MASKED] decision=forward to vehicles deferred until 0ms
+106.108223771s 115 caf.Forwarder:OnOutgoingAlert(): [DEBUG] out=257 alert=/alert/emergency/veh/133/seq=0/zor=[MASKED]
+106.108223771s 115 ndn.AlertConsumer:doReceive(): [INFO ] Received alert: /alert/emergency/veh/133/seq=0/zor=[MASKED]
+106.108288614s 124 caf.Forwarder:OnIncomingAlert(): [DEBUG] in=257 alert=/alert/emergency/veh/133/seq=0/zor=[MASKED]
+106.108288614s 124 caf.Forwarder:AlertVehicleHandler(): [DEBUG] in=(257,0) alert=/alert/emergency/veh/133/seq=0/zor=[MASKED] decision=drop because duplicate alert
+106.108288676s 122 caf.Forwarder:OnIncomingAlert(): [DEBUG] in=257 alert=/alert/emergency/veh/133/seq=0/zor=[MASKED]
+106.108288676s 122 caf.Forwarder:AlertVehicleHandler(): [DEBUG] in=(257,0) alert=/alert/emergency/veh/133/seq=0/zor=[MASKED] decision=drop because duplicate alert
+106.108288727s 70 caf.Forwarder:OnIncomingAlert(): [DEBUG] in=257 alert=/alert/emergency/veh/133/seq=0/zor=[MASKED]
+106.108288727s 70 caf.Forwarder:AlertVehicleHandler(): [DEBUG] in=(257,0) alert=/alert/emergency/veh/133/seq=0/zor=[MASKED] decision=drop because duplicate alert
+106.108288753s 129 caf.Forwarder:OnIncomingAlert(): [DEBUG] in=257 alert=/alert/emergency/veh/133/seq=0/zor=[MASKED]
+106.108288753s 129 caf.Forwarder:AlertVehicleHandler(): [DEBUG] in=(257,0) alert=/alert/emergency/veh/133/seq=0/zor=[MASKED] decision=drop because duplicate alert
+106.109097762s 112 caf.Forwarder:OnIncomingAlert(): [DEBUG] in=257 alert=/alert/emergency/veh/133/seq=0/zor=[MASKED]
+106.109097762s 112 caf.Forwarder:AlertVehicleHandler(): [DEBUG] in=(257,0) alert=/alert/emergency/veh/133/seq=0/zor=[MASKED] decision=drop because duplicate alert
+106.109097798s 107 caf.Forwarder:OnIncomingAlert(): [DEBUG] in=257 alert=/alert/emergency/veh/133/seq=0/zor=[MASKED]
+106.109097798s 107 caf.Forwarder:AlertVehicleHandler(): [DEBUG] in=(257,0) alert=/alert/emergency/veh/133/seq=0/zor=[MASKED] decision=forward to vehicles deferred until 0ms
+106.109097798s 107 caf.Forwarder:OnOutgoingAlert(): [DEBUG] out=257 alert=/alert/emergency/veh/133/seq=0/zor=[MASKED]
+106.109097798s 107 ndn.AlertConsumer:doReceive(): [INFO ] Received alert: /alert/emergency/veh/133/seq=0/zor=[MASKED]
+106.109097839s 104 caf.Forwarder:OnIncomingAlert(): [DEBUG] in=257 alert=/alert/emergency/veh/133/seq=0/zor=[MASKED]
+106.109097839s 104 caf.Forwarder:AlertVehicleHandler(): [DEBUG] in=(257,0) alert=/alert/emergency/veh/133/seq=0/zor=[MASKED] decision=forward to vehicles deferred until 0ms
+106.109097839s 104 caf.Forwarder:OnOutgoingAlert(): [DEBUG] out=257 alert=/alert/emergency/veh/133/seq=0/zor=[MASKED]
+106.109097839s 104 ndn.AlertConsumer:doReceive(): [INFO ] Received alert: /alert/emergency/veh/133/seq=0/zor=[MASKED]
+106.109097845s 66 caf.Forwarder:OnIncomingAlert(): [DEBUG] in=257 alert=/alert/emergency/veh/133/seq=0/zor=[MASKED]
+106.109097845s 66 caf.Forwarder:AlertVehicleHandler(): [DEBUG] in=(257,0) alert=/alert/emergency/veh/133/seq=0/zor=[MASKED] decision=forward to vehicles deferred until 0ms
+106.109097845s 66 caf.Forwarder:OnOutgoingAlert(): [DEBUG] out=257 alert=/alert/emergency/veh/133/seq=0/zor=[MASKED]
+106.109097845s 66 ndn.AlertConsumer:doReceive(): [INFO ] Received alert: /alert/emergency/veh/133/seq=0/zor=[MASKED]
+106.109097886s 101 caf.Forwarder:OnIncomingAlert(): [DEBUG] in=257 alert=/alert/emergency/veh/133/seq=0/zor=[MASKED]
+106.109097886s 101 caf.Forwarder:AlertVehicleHandler(): [DEBUG] in=(257,0) alert=/alert/emergency/veh/133/seq=0/zor=[MASKED] decision=forward to vehicles deferred until 0ms
+106.109097886s 101 caf.Forwarder:OnOutgoingAlert(): [DEBUG] out=257 alert=/alert/emergency/veh/133/seq=0/zor=[MASKED]
+106.109097886s 101 ndn.AlertConsumer:doReceive(): [INFO ] Received alert: /alert/emergency/veh/133/seq=0/zor=[MASKED]
+106.109097911s 69 caf.Forwarder:OnIncomingAlert(): [DEBUG] in=257 alert=/alert/emergency/veh/133/seq=0/zor=[MASKED]
+106.109097911s 69 caf.Forwarder:AlertVehicleHandler(): [DEBUG] in=(257,0) alert=/alert/emergency/veh/133/seq=0/zor=[MASKED] decision=forward to vehicles deferred until 0ms
+106.109097911s 69 caf.Forwarder:OnOutgoingAlert(): [DEBUG] out=257 alert=/alert/emergency/veh/133/seq=0/zor=[MASKED]
+106.109097911s 69 ndn.AlertConsumer:doReceive(): [INFO ] Received alert: /alert/emergency/veh/133/seq=0/zor=[MASKED]
+106.109097933s 95 caf.Forwarder:OnIncomingAlert(): [DEBUG] in=257 alert=/alert/emergency/veh/133/seq=0/zor=[MASKED]
+106.109097933s 95 caf.Forwarder:AlertVehicleHandler(): [DEBUG] in=(257,0) alert=/alert/emergency/veh/133/seq=0/zor=[MASKED] decision=forward to vehicles deferred until 0ms
+106.109097933s 95 caf.Forwarder:OnOutgoingAlert(): [DEBUG] out=257 alert=/alert/emergency/veh/133/seq=0/zor=[MASKED]
+106.109097933s 95 ndn.AlertConsumer:doReceive(): [INFO ] Received alert: /alert/emergency/veh/133/seq=0/zor=[MASKED]
+106.109971825s 115 caf.Forwarder:OnIncomingAlert(): [DEBUG] in=257 alert=/alert/emergency/veh/133/seq=0/zor=[MASKED]
+106.109971825s 115 caf.Forwarder:AlertVehicleHandler(): [DEBUG] in=(257,0) alert=/alert/emergency/veh/133/seq=0/zor=[MASKED] decision=drop because duplicate alert
+106.109971974s 100 caf.Forwarder:OnIncomingAlert(): [DEBUG] in=257 alert=/alert/emergency/veh/133/seq=0/zor=[MASKED]
+106.109971974s 100 caf.Forwarder:AlertVehicleHandler(): [DEBUG] in=(257,0) alert=/alert/emergency/veh/133/seq=0/zor=[MASKED] decision=forward to vehicles deferred until 0ms
+106.109971974s 100 caf.Forwarder:OnOutgoingAlert(): [DEBUG] out=257 alert=/alert/emergency/veh/133/seq=0/zor=[MASKED]
+106.109971974s 100 ndn.AlertConsumer:doReceive(): [INFO ] Received alert: /alert/emergency/veh/133/seq=0/zor=[MASKED]
+106.110845988s 88 caf.Forwarder:OnIncomingAlert(): [DEBUG] in=257 alert=/alert/emergency/veh/133/seq=0/zor=[MASKED]
+106.110845988s 88 caf.Forwarder:AlertVehicleHandler(): [DEBUG] in=(257,0) alert=/alert/emergency/veh/133/seq=0/zor=[MASKED] decision=forward to vehicles deferred until 0ms
+106.110845988s 88 caf.Forwarder:OnOutgoingAlert(): [DEBUG] out=257 alert=/alert/emergency/veh/133/seq=0/zor=[MASKED]
+106.110845988s 88 ndn.AlertConsumer:doReceive(): [INFO ] Received alert: /alert/emergency/veh/133/seq=0/zor=[MASKED]
+106.110846011s 84 caf.Forwarder:OnIncomingAlert(): [DEBUG] in=257 alert=/alert/emergency/veh/133/seq=0/zor=[MASKED]
+106.110846011s 84 caf.Forwarder:AlertVehicleHandler(): [DEBUG] in=(257,0) alert=/alert/emergency/veh/133/seq=0/zor=[MASKED] decision=forward to vehicles deferred until 0ms
+106.110846011s 84 caf.Forwarder:OnOutgoingAlert(): [DEBUG] out=257 alert=/alert/emergency/veh/133/seq=0/zor=[MASKED]
+106.110846011s 84 ndn.AlertConsumer:doReceive(): [INFO ] Received alert: /alert/emergency/veh/133/seq=0/zor=[MASKED]
+106.110846015s 95 caf.Forwarder:OnIncomingAlert(): [DEBUG] in=257 alert=/alert/emergency/veh/133/seq=0/zor=[MASKED]
+106.110846015s 95 caf.Forwarder:AlertVehicleHandler(): [DEBUG] in=(257,0) alert=/alert/emergency/veh/133/seq=0/zor=[MASKED] decision=drop because duplicate alert
+106.110846053s 69 caf.Forwarder:OnIncomingAlert(): [DEBUG] in=257 alert=/alert/emergency/veh/133/seq=0/zor=[MASKED]
+106.110846053s 69 caf.Forwarder:AlertVehicleHandler(): [DEBUG] in=(257,0) alert=/alert/emergency/veh/133/seq=0/zor=[MASKED] decision=drop because duplicate alert
+106.110846053s 80 caf.Forwarder:OnIncomingAlert(): [DEBUG] in=257 alert=/alert/emergency/veh/133/seq=0/zor=[MASKED]
+106.110846053s 80 caf.Forwarder:AlertVehicleHandler(): [DEBUG] in=(257,0) alert=/alert/emergency/veh/133/seq=0/zor=[MASKED] decision=forward to vehicles deferred until 0ms
+106.110846053s 93 caf.Forwarder:OnIncomingAlert(): [DEBUG] in=257 alert=/alert/emergency/veh/133/seq=0/zor=[MASKED]
+106.110846053s 93 caf.Forwarder:AlertVehicleHandler(): [DEBUG] in=(257,0) alert=/alert/emergency/veh/133/seq=0/zor=[MASKED] decision=forward to vehicles deferred until 0ms
+106.110846053s 80 caf.Forwarder:OnOutgoingAlert(): [DEBUG] out=257 alert=/alert/emergency/veh/133/seq=0/zor=[MASKED]
+106.110846053s 80 ndn.AlertConsumer:doReceive(): [INFO ] Received alert: /alert/emergency/veh/133/seq=0/zor=[MASKED]
+106.110846053s 93 caf.Forwarder:OnOutgoingAlert(): [DEBUG] out=257 alert=/alert/emergency/veh/133/seq=0/zor=[MASKED]
+106.110846053s 93 ndn.AlertConsumer:doReceive(): [INFO ] Received alert: /alert/emergency/veh/133/seq=0/zor=[MASKED]
+106.110846055s 101 caf.Forwarder:OnIncomingAlert(): [DEBUG] in=257 alert=/alert/emergency/veh/133/seq=0/zor=[MASKED]
+106.110846055s 101 caf.Forwarder:AlertVehicleHandler(): [DEBUG] in=(257,0) alert=/alert/emergency/veh/133/seq=0/zor=[MASKED] decision=drop because duplicate alert
+106.110846070s 86 caf.Forwarder:OnIncomingAlert(): [DEBUG] in=257 alert=/alert/emergency/veh/133/seq=0/zor=[MASKED]
+106.110846070s 86 caf.Forwarder:AlertVehicleHandler(): [DEBUG] in=(257,0) alert=/alert/emergency/veh/133/seq=0/zor=[MASKED] decision=forward to vehicles deferred until 0ms
+106.110846070s 86 caf.Forwarder:OnOutgoingAlert(): [DEBUG] out=257 alert=/alert/emergency/veh/133/seq=0/zor=[MASKED]
+106.110846070s 86 ndn.AlertConsumer:doReceive(): [INFO ] Received alert: /alert/emergency/veh/133/seq=0/zor=[MASKED]
+106.110846091s 92 caf.Forwarder:OnIncomingAlert(): [DEBUG] in=257 alert=/alert/emergency/veh/133/seq=0/zor=[MASKED]
+106.110846091s 92 caf.Forwarder:AlertVehicleHandler(): [DEBUG] in=(257,0) alert=/alert/emergency/veh/133/seq=0/zor=[MASKED] decision=forward to vehicles deferred until 0ms
+106.110846091s 92 caf.Forwarder:OnOutgoingAlert(): [DEBUG] out=257 alert=/alert/emergency/veh/133/seq=0/zor=[MASKED]
+106.110846091s 92 ndn.AlertConsumer:doReceive(): [INFO ] Received alert: /alert/emergency/veh/133/seq=0/zor=[MASKED]
+106.110846092s 91 caf.Forwarder:OnIncomingAlert(): [DEBUG] in=257 alert=/alert/emergency/veh/133/seq=0/zor=[MASKED]
+106.110846092s 91 caf.Forwarder:AlertVehicleHandler(): [DEBUG] in=(257,0) alert=/alert/emergency/veh/133/seq=0/zor=[MASKED] decision=forward to vehicles deferred until 0ms
+106.110846092s 91 caf.Forwarder:OnOutgoingAlert(): [DEBUG] out=257 alert=/alert/emergency/veh/133/seq=0/zor=[MASKED]
+106.110846092s 91 ndn.AlertConsumer:doReceive(): [INFO ] Received alert: /alert/emergency/veh/133/seq=0/zor=[MASKED]
+106.110846100s 104 caf.Forwarder:OnIncomingAlert(): [DEBUG] in=257 alert=/alert/emergency/veh/133/seq=0/zor=[MASKED]
+106.110846100s 104 caf.Forwarder:AlertVehicleHandler(): [DEBUG] in=(257,0) alert=/alert/emergency/veh/133/seq=0/zor=[MASKED] decision=drop because duplicate alert
+106.110846108s 66 caf.Forwarder:OnIncomingAlert(): [DEBUG] in=257 alert=/alert/emergency/veh/133/seq=0/zor=[MASKED]
+106.110846108s 66 caf.Forwarder:AlertVehicleHandler(): [DEBUG] in=(257,0) alert=/alert/emergency/veh/133/seq=0/zor=[MASKED] decision=drop because duplicate alert
+106.110846114s 83 caf.Forwarder:OnIncomingAlert(): [DEBUG] in=257 alert=/alert/emergency/veh/133/seq=0/zor=[MASKED]
+106.110846114s 83 caf.Forwarder:AlertVehicleHandler(): [DEBUG] in=(257,0) alert=/alert/emergency/veh/133/seq=0/zor=[MASKED] decision=forward to vehicles deferred until 0ms
+106.110846114s 83 caf.Forwarder:OnOutgoingAlert(): [DEBUG] out=257 alert=/alert/emergency/veh/133/seq=0/zor=[MASKED]
+106.110846114s 83 ndn.AlertConsumer:doReceive(): [INFO ] Received alert: /alert/emergency/veh/133/seq=0/zor=[MASKED]
+106.110846140s 74 caf.Forwarder:OnIncomingAlert(): [DEBUG] in=257 alert=/alert/emergency/veh/133/seq=0/zor=[MASKED]
+106.110846140s 74 caf.Forwarder:AlertVehicleHandler(): [DEBUG] in=(257,0) alert=/alert/emergency/veh/133/seq=0/zor=[MASKED] decision=forward to vehicles deferred until 0ms
+106.110846140s 74 caf.Forwarder:OnOutgoingAlert(): [DEBUG] out=257 alert=/alert/emergency/veh/133/seq=0/zor=[MASKED]
+106.110846140s 74 ndn.AlertConsumer:doReceive(): [INFO ] Received alert: /alert/emergency/veh/133/seq=0/zor=[MASKED]
+106.110846141s 107 caf.Forwarder:OnIncomingAlert(): [DEBUG] in=257 alert=/alert/emergency/veh/133/seq=0/zor=[MASKED]
+106.110846141s 107 caf.Forwarder:AlertVehicleHandler(): [DEBUG] in=(257,0) alert=/alert/emergency/veh/133/seq=0/zor=[MASKED] decision=drop because duplicate alert
+106.110846143s 85 caf.Forwarder:OnIncomingAlert(): [DEBUG] in=257 alert=/alert/emergency/veh/133/seq=0/zor=[MASKED]
+106.110846143s 85 caf.Forwarder:AlertVehicleHandler(): [DEBUG] in=(257,0) alert=/alert/emergency/veh/133/seq=0/zor=[MASKED] decision=forward to vehicles deferred until 0ms
+106.110846143s 85 caf.Forwarder:OnOutgoingAlert(): [DEBUG] out=257 alert=/alert/emergency/veh/133/seq=0/zor=[MASKED]
+106.110846143s 85 ndn.AlertConsumer:doReceive(): [INFO ] Received alert: /alert/emergency/veh/133/seq=0/zor=[MASKED]
+106.111720002s 100 caf.Forwarder:OnIncomingAlert(): [DEBUG] in=257 alert=/alert/emergency/veh/133/seq=0/zor=[MASKED]
+106.111720002s 100 caf.Forwarder:AlertVehicleHandler(): [DEBUG] in=(257,0) alert=/alert/emergency/veh/133/seq=0/zor=[MASKED] decision=drop because duplicate alert
+106.111720202s 99 caf.Forwarder:OnIncomingAlert(): [DEBUG] in=257 alert=/alert/emergency/veh/133/seq=0/zor=[MASKED]
+106.111720202s 99 caf.Forwarder:AlertVehicleHandler(): [DEBUG] in=(257,0) alert=/alert/emergency/veh/133/seq=0/zor=[MASKED] decision=forward to vehicles deferred until 0ms
+106.111720202s 99 caf.Forwarder:OnOutgoingAlert(): [DEBUG] out=257 alert=/alert/emergency/veh/133/seq=0/zor=[MASKED]
+106.111720202s 99 ndn.AlertConsumer:doReceive(): [INFO ] Received alert: /alert/emergency/veh/133/seq=0/zor=[MASKED]
+106.112594261s 85 caf.Forwarder:OnIncomingAlert(): [DEBUG] in=257 alert=/alert/emergency/veh/133/seq=0/zor=[MASKED]
+106.112594261s 85 caf.Forwarder:AlertVehicleHandler(): [DEBUG] in=(257,0) alert=/alert/emergency/veh/133/seq=0/zor=[MASKED] decision=drop because duplicate alert
+106.112594287s 78 caf.Forwarder:OnIncomingAlert(): [DEBUG] in=257 alert=/alert/emergency/veh/133/seq=0/zor=[MASKED]
+106.112594287s 78 caf.Forwarder:AlertVehicleHandler(): [DEBUG] in=(257,0) alert=/alert/emergency/veh/133/seq=0/zor=[MASKED] decision=forward to vehicles deferred until 0ms
+106.112594287s 78 caf.Forwarder:OnOutgoingAlert(): [DEBUG] out=257 alert=/alert/emergency/veh/133/seq=0/zor=[MASKED]
+106.112594287s 78 ndn.AlertConsumer:doReceive(): [INFO ] Received alert: /alert/emergency/veh/133/seq=0/zor=[MASKED]
+106.112594298s 94 caf.Forwarder:OnIncomingAlert(): [DEBUG] in=257 alert=/alert/emergency/veh/133/seq=0/zor=[MASKED]
+106.112594298s 94 caf.Forwarder:AlertVehicleHandler(): [DEBUG] in=(257,0) alert=/alert/emergency/veh/133/seq=0/zor=[MASKED] decision=forward to vehicles deferred until 0ms
+106.112594298s 94 caf.Forwarder:OnOutgoingAlert(): [DEBUG] out=257 alert=/alert/emergency/veh/133/seq=0/zor=[MASKED]
+106.112594298s 94 ndn.AlertConsumer:doReceive(): [INFO ] Received alert: /alert/emergency/veh/133/seq=0/zor=[MASKED]
+106.112594325s 102 caf.Forwarder:OnIncomingAlert(): [DEBUG] in=257 alert=/alert/emergency/veh/133/seq=0/zor=[MASKED]
+106.112594325s 102 caf.Forwarder:AlertVehicleHandler(): [DEBUG] in=(257,0) alert=/alert/emergency/veh/133/seq=0/zor=[MASKED] decision=forward to vehicles deferred until 0ms
+106.112594325s 102 caf.Forwarder:OnOutgoingAlert(): [DEBUG] out=257 alert=/alert/emergency/veh/133/seq=0/zor=[MASKED]
+106.112594325s 102 ndn.AlertConsumer:doReceive(): [INFO ] Received alert: /alert/emergency/veh/133/seq=0/zor=[MASKED]
+106.112594328s 74 caf.Forwarder:OnIncomingAlert(): [DEBUG] in=257 alert=/alert/emergency/veh/133/seq=0/zor=[MASKED]
+106.112594328s 74 caf.Forwarder:AlertVehicleHandler(): [DEBUG] in=(257,0) alert=/alert/emergency/veh/133/seq=0/zor=[MASKED] decision=drop because duplicate alert
+106.112594335s 97 caf.Forwarder:OnIncomingAlert(): [DEBUG] in=257 alert=/alert/emergency/veh/133/seq=0/zor=[MASKED]
+106.112594335s 97 caf.Forwarder:AlertVehicleHandler(): [DEBUG] in=(257,0) alert=/alert/emergency/veh/133/seq=0/zor=[MASKED] decision=forward to vehicles deferred until 0ms
+106.112594335s 97 caf.Forwarder:OnOutgoingAlert(): [DEBUG] out=257 alert=/alert/emergency/veh/133/seq=0/zor=[MASKED]
+106.112594335s 97 ndn.AlertConsumer:doReceive(): [INFO ] Received alert: /alert/emergency/veh/133/seq=0/zor=[MASKED]
+106.112594336s 91 caf.Forwarder:OnIncomingAlert(): [DEBUG] in=257 alert=/alert/emergency/veh/133/seq=0/zor=[MASKED]
+106.112594336s 91 caf.Forwarder:AlertVehicleHandler(): [DEBUG] in=(257,0) alert=/alert/emergency/veh/133/seq=0/zor=[MASKED] decision=drop because duplicate alert
+106.112594340s 67 caf.Forwarder:OnIncomingAlert(): [DEBUG] in=257 alert=/alert/emergency/veh/133/seq=0/zor=[MASKED]
+106.112594340s 67 caf.Forwarder:AlertVehicleHandler(): [DEBUG] in=(257,0) alert=/alert/emergency/veh/133/seq=0/zor=[MASKED] decision=forward to vehicles deferred until 0ms
+106.112594340s 67 caf.Forwarder:OnOutgoingAlert(): [DEBUG] out=257 alert=/alert/emergency/veh/133/seq=0/zor=[MASKED]
+106.112594340s 67 ndn.AlertConsumer:doReceive(): [INFO ] Received alert: /alert/emergency/veh/133/seq=0/zor=[MASKED]
+106.112594362s 80 caf.Forwarder:OnIncomingAlert(): [DEBUG] in=257 alert=/alert/emergency/veh/133/seq=0/zor=[MASKED]
+106.112594362s 80 caf.Forwarder:AlertVehicleHandler(): [DEBUG] in=(257,0) alert=/alert/emergency/veh/133/seq=0/zor=[MASKED] decision=drop because duplicate alert
+107.602704817s 135 ndn.RandomAlertProducer:AlertSupplier(): [LOGIC] Send alert=/alert/emergency/veh/135/seq=0/zor=[MASKED] vehCount=50 rsuCount=9
+107.602704817s 135 caf.Forwarder:OnIncomingAlert(): [DEBUG] in=260 alert=/alert/emergency/veh/135/seq=0/zor=[MASKED]
+107.602704817s 135 caf.Forwarder:AlertVehicleHandler(): [DEBUG] in=(260,0) alert=/alert/emergency/veh/135/seq=0/zor=[MASKED] decision=forward to vehicles
+107.602704817s 135 caf.Forwarder:OnOutgoingAlert(): [DEBUG] out=257 alert=/alert/emergency/veh/135/seq=0/zor=[MASKED]
+107.603578842s 136 caf.Forwarder:OnIncomingAlert(): [DEBUG] in=257 alert=/alert/emergency/veh/135/seq=0/zor=[MASKED]
+107.603578842s 136 caf.Forwarder:AlertVehicleHandler(): [DEBUG] in=(257,0) alert=/alert/emergency/veh/135/seq=0/zor=[MASKED] decision=forward to vehicles deferred until 4.30348ms
+107.603578899s 40 caf.Forwarder:OnIncomingAlert(): [DEBUG] in=257 alert=/alert/emergency/veh/135/seq=0/zor=[MASKED]
+107.603578899s 40 caf.Forwarder:AlertVehicleHandler(): [DEBUG] in=(257,0) alert=/alert/emergency/veh/135/seq=0/zor=[MASKED] decision=forward to vehicles deferred until 2.55823ms
+107.603578929s 130 caf.Forwarder:OnIncomingAlert(): [DEBUG] in=257 alert=/alert/emergency/veh/135/seq=0/zor=[MASKED]
+107.603578929s 130 caf.Forwarder:AlertVehicleHandler(): [DEBUG] in=(257,0) alert=/alert/emergency/veh/135/seq=0/zor=[MASKED] decision=forward to vehicles deferred until 1.66749ms
+107.603578952s 71 caf.Forwarder:OnIncomingAlert(): [DEBUG] in=257 alert=/alert/emergency/veh/135/seq=0/zor=[MASKED]
+107.603578952s 71 caf.Forwarder:AlertVehicleHandler(): [DEBUG] in=(257,0) alert=/alert/emergency/veh/135/seq=0/zor=[MASKED] decision=forward to vehicles deferred until 0.979198ms
+107.603578974s 139 caf.Forwarder:OnIncomingAlert(): [DEBUG] in=257 alert=/alert/emergency/veh/135/seq=0/zor=[MASKED]
+107.603578974s 139 caf.Forwarder:AlertVehicleHandler(): [DEBUG] in=(257,0) alert=/alert/emergency/veh/135/seq=0/zor=[MASKED] decision=drop since sender is closer
+107.603578976s 140 caf.Forwarder:OnIncomingAlert(): [DEBUG] in=257 alert=/alert/emergency/veh/135/seq=0/zor=[MASKED]
+107.603578976s 140 caf.Forwarder:AlertVehicleHandler(): [DEBUG] in=(257,0) alert=/alert/emergency/veh/135/seq=0/zor=[MASKED] decision=drop since sender is closer
+107.604558149s 71 caf.Forwarder:OnOutgoingAlert(): [DEBUG] out=257 alert=/alert/emergency/veh/135/seq=0/zor=[MASKED]
+107.605246420s 130 caf.Forwarder:OnOutgoingAlert(): [DEBUG] out=257 alert=/alert/emergency/veh/135/seq=0/zor=[MASKED]
+107.605432180s 130 caf.Forwarder:OnIncomingAlert(): [DEBUG] in=257 alert=/alert/emergency/veh/135/seq=0/zor=[MASKED]
+107.605432180s 130 caf.Forwarder:AlertVehicleHandler(): [DEBUG] in=(257,0) alert=/alert/emergency/veh/135/seq=0/zor=[MASKED] decision=drop because duplicate alert
+107.605432204s 40 caf.Forwarder:OnIncomingAlert(): [DEBUG] in=257 alert=/alert/emergency/veh/135/seq=0/zor=[MASKED]
+107.605432204s 40 caf.Forwarder:AlertVehicleHandler(): [DEBUG] in= (257,0) alert=/alert/emergency/veh/135/seq=0/zor=[MASKED] timer cancelled because sender closer to ZoR
+107.605432221s 125 caf.Forwarder:OnIncomingAlert(): [DEBUG] in=257 alert=/alert/emergency/veh/135/seq=0/zor=[MASKED]
+107.605432221s 125 caf.Forwarder:AlertVehicleHandler(): [DEBUG] in=(257,0) alert=/alert/emergency/veh/135/seq=0/zor=[MASKED] decision=forward to vehicles deferred until 2.86126ms
+107.605432256s 127 caf.Forwarder:OnIncomingAlert(): [DEBUG] in=257 alert=/alert/emergency/veh/135/seq=0/zor=[MASKED]
+107.605432256s 127 caf.Forwarder:AlertVehicleHandler(): [DEBUG] in=(257,0) alert=/alert/emergency/veh/135/seq=0/zor=[MASKED] decision=forward to vehicles deferred until 1.7963ms
+107.605432263s 136 caf.Forwarder:OnIncomingAlert(): [DEBUG] in=257 alert=/alert/emergency/veh/135/seq=0/zor=[MASKED]
+107.605432263s 136 caf.Forwarder:AlertVehicleHandler(): [DEBUG] in= (257,0) alert=/alert/emergency/veh/135/seq=0/zor=[MASKED] timer cancelled because sender closer to ZoR
+107.605432283s 135 caf.Forwarder:OnIncomingAlert(): [DEBUG] in=257 alert=/alert/emergency/veh/135/seq=0/zor=[MASKED]
+107.605432283s 135 caf.Forwarder:AlertVehicleHandler(): [DEBUG] in=(257,0) alert=/alert/emergency/veh/135/seq=0/zor=[MASKED] decision=drop because duplicate alert
+107.606332211s 71 caf.Forwarder:OnIncomingAlert(): [DEBUG] in=257 alert=/alert/emergency/veh/135/seq=0/zor=[MASKED]
+107.606332211s 71 caf.Forwarder:AlertVehicleHandler(): [DEBUG] in=(257,0) alert=/alert/emergency/veh/135/seq=0/zor=[MASKED] decision=drop because duplicate alert
+107.606332225s 40 caf.Forwarder:OnIncomingAlert(): [DEBUG] in=257 alert=/alert/emergency/veh/135/seq=0/zor=[MASKED]
+107.606332225s 40 caf.Forwarder:AlertVehicleHandler(): [DEBUG] in=(257,0) alert=/alert/emergency/veh/135/seq=0/zor=[MASKED] decision=drop because duplicate alert
+107.606332269s 136 caf.Forwarder:OnIncomingAlert(): [DEBUG] in=257 alert=/alert/emergency/veh/135/seq=0/zor=[MASKED]
+107.606332269s 136 caf.Forwarder:AlertVehicleHandler(): [DEBUG] in=(257,0) alert=/alert/emergency/veh/135/seq=0/zor=[MASKED] decision=drop because duplicate alert
+107.606332273s 125 caf.Forwarder:OnIncomingAlert(): [DEBUG] in=257 alert=/alert/emergency/veh/135/seq=0/zor=[MASKED]
+107.606332292s 135 caf.Forwarder:OnIncomingAlert(): [DEBUG] in=257 alert=/alert/emergency/veh/135/seq=0/zor=[MASKED]
+107.606332292s 135 caf.Forwarder:AlertVehicleHandler(): [DEBUG] in=(257,0) alert=/alert/emergency/veh/135/seq=0/zor=[MASKED] decision=drop because duplicate alert
+107.606332308s 127 caf.Forwarder:OnIncomingAlert(): [DEBUG] in=257 alert=/alert/emergency/veh/135/seq=0/zor=[MASKED]
+107.607228559s 127 caf.Forwarder:OnOutgoingAlert(): [DEBUG] out=257 alert=/alert/emergency/veh/135/seq=0/zor=[MASKED]
+107.608102594s 125 caf.Forwarder:OnIncomingAlert(): [DEBUG] in=257 alert=/alert/emergency/veh/135/seq=0/zor=[MASKED]
+107.608102594s 125 caf.Forwarder:AlertVehicleHandler(): [DEBUG] in= (257,0) alert=/alert/emergency/veh/135/seq=0/zor=[MASKED] timer cancelled because sender closer to ZoR
+107.608102632s 121 caf.Forwarder:OnIncomingAlert(): [DEBUG] in=257 alert=/alert/emergency/veh/135/seq=0/zor=[MASKED]
+107.608102632s 121 caf.Forwarder:AlertVehicleHandler(): [DEBUG] in=(257,0) alert=/alert/emergency/veh/135/seq=0/zor=[MASKED] decision=forward to vehicles deferred until 2.83825ms
+107.608102667s 71 caf.Forwarder:OnIncomingAlert(): [DEBUG] in=257 alert=/alert/emergency/veh/135/seq=0/zor=[MASKED]
+107.608102667s 71 caf.Forwarder:AlertVehicleHandler(): [DEBUG] in=(257,0) alert=/alert/emergency/veh/135/seq=0/zor=[MASKED] decision=drop because duplicate alert
+107.608102687s 130 caf.Forwarder:OnIncomingAlert(): [DEBUG] in=257 alert=/alert/emergency/veh/135/seq=0/zor=[MASKED]
+107.608102687s 130 caf.Forwarder:AlertVehicleHandler(): [DEBUG] in=(257,0) alert=/alert/emergency/veh/135/seq=0/zor=[MASKED] decision=drop because duplicate alert
+107.608102722s 40 caf.Forwarder:OnIncomingAlert(): [DEBUG] in=257 alert=/alert/emergency/veh/135/seq=0/zor=[MASKED]
+107.608102722s 40 caf.Forwarder:AlertVehicleHandler(): [DEBUG] in=(257,0) alert=/alert/emergency/veh/135/seq=0/zor=[MASKED] decision=drop because duplicate alert
+107.610940877s 121 caf.Forwarder:OnOutgoingAlert(): [DEBUG] out=257 alert=/alert/emergency/veh/135/seq=0/zor=[MASKED]
+107.611814950s 127 caf.Forwarder:OnIncomingAlert(): [DEBUG] in=257 alert=/alert/emergency/veh/135/seq=0/zor=[MASKED]
+107.611814950s 127 caf.Forwarder:AlertVehicleHandler(): [DEBUG] in=(257,0) alert=/alert/emergency/veh/135/seq=0/zor=[MASKED] decision=drop because duplicate alert
+107.611814985s 125 caf.Forwarder:OnIncomingAlert(): [DEBUG] in=257 alert=/alert/emergency/veh/135/seq=0/zor=[MASKED]
+107.611814985s 125 caf.Forwarder:AlertVehicleHandler(): [DEBUG] in=(257,0) alert=/alert/emergency/veh/135/seq=0/zor=[MASKED] decision=drop because duplicate alert
+107.611815011s 119 caf.Forwarder:OnIncomingAlert(): [DEBUG] in=257 alert=/alert/emergency/veh/135/seq=0/zor=[MASKED]
+107.611815011s 119 caf.Forwarder:AlertVehicleHandler(): [DEBUG] in=(257,0) alert=/alert/emergency/veh/135/seq=0/zor=[MASKED] decision=forward to vehicles deferred until 0ms
+107.611815011s 119 caf.Forwarder:OnOutgoingAlert(): [DEBUG] out=257 alert=/alert/emergency/veh/135/seq=0/zor=[MASKED]
+107.611815011s 119 ndn.AlertConsumer:doReceive(): [INFO ] Received alert: /alert/emergency/veh/135/seq=0/zor=[MASKED]
+107.612689074s 118 caf.Forwarder:OnIncomingAlert(): [DEBUG] in=257 alert=/alert/emergency/veh/135/seq=0/zor=[MASKED]
+107.612689074s 118 caf.Forwarder:AlertVehicleHandler(): [DEBUG] in=(257,0) alert=/alert/emergency/veh/135/seq=0/zor=[MASKED] decision=forward to vehicles deferred until 0ms
+107.612689074s 118 caf.Forwarder:OnOutgoingAlert(): [DEBUG] out=257 alert=/alert/emergency/veh/135/seq=0/zor=[MASKED]
+107.612689074s 118 ndn.AlertConsumer:doReceive(): [INFO ] Received alert: /alert/emergency/veh/135/seq=0/zor=[MASKED]
+107.612689145s 121 caf.Forwarder:OnIncomingAlert(): [DEBUG] in=257 alert=/alert/emergency/veh/135/seq=0/zor=[MASKED]
+107.612689145s 121 caf.Forwarder:AlertVehicleHandler(): [DEBUG] in=(257,0) alert=/alert/emergency/veh/135/seq=0/zor=[MASKED] decision=drop because duplicate alert
+107.613563137s 119 caf.Forwarder:OnIncomingAlert(): [DEBUG] in=257 alert=/alert/emergency/veh/135/seq=0/zor=[MASKED]
+107.613563137s 119 caf.Forwarder:AlertVehicleHandler(): [DEBUG] in=(257,0) alert=/alert/emergency/veh/135/seq=0/zor=[MASKED] decision=drop because duplicate alert
+107.613563204s 81 caf.Forwarder:OnIncomingAlert(): [DEBUG] in=257 alert=/alert/emergency/veh/135/seq=0/zor=[MASKED]
+107.613563204s 81 caf.Forwarder:AlertVehicleHandler(): [DEBUG] in=(257,0) alert=/alert/emergency/veh/135/seq=0/zor=[MASKED] decision=forward to vehicles deferred until 0ms
+107.613563204s 81 caf.Forwarder:OnOutgoingAlert(): [DEBUG] out=257 alert=/alert/emergency/veh/135/seq=0/zor=[MASKED]
+107.613563204s 81 ndn.AlertConsumer:doReceive(): [INFO ] Received alert: /alert/emergency/veh/135/seq=0/zor=[MASKED]
+107.613563241s 116 caf.Forwarder:OnIncomingAlert(): [DEBUG] in=257 alert=/alert/emergency/veh/135/seq=0/zor=[MASKED]
+107.613563241s 116 caf.Forwarder:AlertVehicleHandler(): [DEBUG] in=(257,0) alert=/alert/emergency/veh/135/seq=0/zor=[MASKED] decision=forward to vehicles deferred until 0ms
+107.613563241s 116 caf.Forwarder:OnOutgoingAlert(): [DEBUG] out=257 alert=/alert/emergency/veh/135/seq=0/zor=[MASKED]
+107.613563241s 116 ndn.AlertConsumer:doReceive(): [INFO ] Received alert: /alert/emergency/veh/135/seq=0/zor=[MASKED]
+109.531514123s 136 ndn.RandomAlertProducer:AlertSupplier(): [LOGIC] Send alert=/alert/emergency/veh/136/seq=0/zor=[MASKED] vehCount=52 rsuCount=9
+109.531514123s 136 caf.Forwarder:OnIncomingAlert(): [DEBUG] in=260 alert=/alert/emergency/veh/136/seq=0/zor=[MASKED]
+109.531514123s 136 caf.Forwarder:AlertVehicleHandler(): [DEBUG] in=(260,0) alert=/alert/emergency/veh/136/seq=0/zor=[MASKED] decision=forward to vehicles
+109.531514123s 136 caf.Forwarder:OnOutgoingAlert(): [DEBUG] out=257 alert=/alert/emergency/veh/136/seq=0/zor=[MASKED]
+109.532388148s 135 caf.Forwarder:OnIncomingAlert(): [DEBUG] in=257 alert=/alert/emergency/veh/136/seq=0/zor=[MASKED]
+109.532388148s 135 caf.Forwarder:AlertVehicleHandler(): [DEBUG] in=(257,0) alert=/alert/emergency/veh/136/seq=0/zor=[MASKED] decision=drop since sender is closer
+109.532388198s 71 caf.Forwarder:OnIncomingAlert(): [DEBUG] in=257 alert=/alert/emergency/veh/136/seq=0/zor=[MASKED]
+109.532388198s 71 caf.Forwarder:AlertVehicleHandler(): [DEBUG] in=(257,0) alert=/alert/emergency/veh/136/seq=0/zor=[MASKED] decision=drop since sender is closer
+109.532388199s 130 caf.Forwarder:OnIncomingAlert(): [DEBUG] in=257 alert=/alert/emergency/veh/136/seq=0/zor=[MASKED]
+109.532388199s 130 caf.Forwarder:AlertVehicleHandler(): [DEBUG] in=(257,0) alert=/alert/emergency/veh/136/seq=0/zor=[MASKED] decision=forward to vehicles deferred until 2.73742ms
+109.532388230s 40 caf.Forwarder:OnIncomingAlert(): [DEBUG] in=257 alert=/alert/emergency/veh/136/seq=0/zor=[MASKED]
+109.532388230s 40 caf.Forwarder:AlertVehicleHandler(): [DEBUG] in=(257,0) alert=/alert/emergency/veh/136/seq=0/zor=[MASKED] decision=drop since sender is closer
+109.532388277s 125 caf.Forwarder:OnIncomingAlert(): [DEBUG] in=257 alert=/alert/emergency/veh/136/seq=0/zor=[MASKED]
+109.532388277s 125 caf.Forwarder:AlertVehicleHandler(): [DEBUG] in=(257,0) alert=/alert/emergency/veh/136/seq=0/zor=[MASKED] decision=forward to vehicles deferred until 0.383126ms
+109.532771402s 125 caf.Forwarder:OnOutgoingAlert(): [DEBUG] out=257 alert=/alert/emergency/veh/136/seq=0/zor=[MASKED]
+109.533645456s 127 caf.Forwarder:OnIncomingAlert(): [DEBUG] in=257 alert=/alert/emergency/veh/136/seq=0/zor=[MASKED]
+109.533645456s 127 caf.Forwarder:AlertVehicleHandler(): [DEBUG] in=(257,0) alert=/alert/emergency/veh/136/seq=0/zor=[MASKED] decision=forward to vehicles deferred until 3.42481ms
+109.533645481s 130 caf.Forwarder:OnIncomingAlert(): [DEBUG] in=257 alert=/alert/emergency/veh/136/seq=0/zor=[MASKED]
+109.533645481s 130 caf.Forwarder:AlertVehicleHandler(): [DEBUG] in= (257,0) alert=/alert/emergency/veh/136/seq=0/zor=[MASKED] timer cancelled because sender closer to ZoR
+109.533645528s 121 caf.Forwarder:OnIncomingAlert(): [DEBUG] in=257 alert=/alert/emergency/veh/136/seq=0/zor=[MASKED]
+109.533645528s 121 caf.Forwarder:AlertVehicleHandler(): [DEBUG] in=(257,0) alert=/alert/emergency/veh/136/seq=0/zor=[MASKED] decision=forward to vehicles deferred until 0ms
+109.533645528s 121 caf.Forwarder:OnOutgoingAlert(): [DEBUG] out=257 alert=/alert/emergency/veh/136/seq=0/zor=[MASKED]
+109.533645528s 121 ndn.AlertConsumer:doReceive(): [INFO ] Received alert: /alert/emergency/veh/136/seq=0/zor=[MASKED]
+109.533645556s 136 caf.Forwarder:OnIncomingAlert(): [DEBUG] in=257 alert=/alert/emergency/veh/136/seq=0/zor=[MASKED]
+109.533645556s 136 caf.Forwarder:AlertVehicleHandler(): [DEBUG] in=(257,0) alert=/alert/emergency/veh/136/seq=0/zor=[MASKED] decision=drop because duplicate alert
+109.534519601s 127 caf.Forwarder:OnIncomingAlert(): [DEBUG] in=257 alert=/alert/emergency/veh/136/seq=0/zor=[MASKED]
+109.534519601s 127 caf.Forwarder:AlertVehicleHandler(): [DEBUG] in= (257,0) alert=/alert/emergency/veh/136/seq=0/zor=[MASKED] timer cancelled because sender closer to ZoR
+109.534519654s 125 caf.Forwarder:OnIncomingAlert(): [DEBUG] in=257 alert=/alert/emergency/veh/136/seq=0/zor=[MASKED]
+109.534519654s 125 caf.Forwarder:AlertVehicleHandler(): [DEBUG] in=(257,0) alert=/alert/emergency/veh/136/seq=0/zor=[MASKED] decision=drop because duplicate alert
+109.534519663s 119 caf.Forwarder:OnIncomingAlert(): [DEBUG] in=257 alert=/alert/emergency/veh/136/seq=0/zor=[MASKED]
+109.534519663s 119 caf.Forwarder:AlertVehicleHandler(): [DEBUG] in=(257,0) alert=/alert/emergency/veh/136/seq=0/zor=[MASKED] decision=forward to vehicles deferred until 0ms
+109.534519663s 119 caf.Forwarder:OnOutgoingAlert(): [DEBUG] out=257 alert=/alert/emergency/veh/136/seq=0/zor=[MASKED]
+109.534519663s 119 ndn.AlertConsumer:doReceive(): [INFO ] Received alert: /alert/emergency/veh/136/seq=0/zor=[MASKED]
+109.534519692s 81 caf.Forwarder:OnIncomingAlert(): [DEBUG] in=257 alert=/alert/emergency/veh/136/seq=0/zor=[MASKED]
+109.534519692s 81 caf.Forwarder:AlertVehicleHandler(): [DEBUG] in=(257,0) alert=/alert/emergency/veh/136/seq=0/zor=[MASKED] decision=forward to vehicles deferred until 0ms
+109.534519692s 81 caf.Forwarder:OnOutgoingAlert(): [DEBUG] out=257 alert=/alert/emergency/veh/136/seq=0/zor=[MASKED]
+109.534519692s 81 ndn.AlertConsumer:doReceive(): [INFO ] Received alert: /alert/emergency/veh/136/seq=0/zor=[MASKED]
+109.535393737s 118 caf.Forwarder:OnIncomingAlert(): [DEBUG] in=257 alert=/alert/emergency/veh/136/seq=0/zor=[MASKED]
+109.535393737s 118 caf.Forwarder:AlertVehicleHandler(): [DEBUG] in=(257,0) alert=/alert/emergency/veh/136/seq=0/zor=[MASKED] decision=forward to vehicles deferred until 0ms
+109.535393737s 118 caf.Forwarder:OnOutgoingAlert(): [DEBUG] out=257 alert=/alert/emergency/veh/136/seq=0/zor=[MASKED]
+109.535393737s 118 ndn.AlertConsumer:doReceive(): [INFO ] Received alert: /alert/emergency/veh/136/seq=0/zor=[MASKED]
+109.536267782s 81 caf.Forwarder:OnIncomingAlert(): [DEBUG] in=257 alert=/alert/emergency/veh/136/seq=0/zor=[MASKED]
+109.536267782s 81 caf.Forwarder:AlertVehicleHandler(): [DEBUG] in=(257,0) alert=/alert/emergency/veh/136/seq=0/zor=[MASKED] decision=drop because duplicate alert
+109.536267803s 119 caf.Forwarder:OnIncomingAlert(): [DEBUG] in=257 alert=/alert/emergency/veh/136/seq=0/zor=[MASKED]
+109.536267803s 119 caf.Forwarder:AlertVehicleHandler(): [DEBUG] in=(257,0) alert=/alert/emergency/veh/136/seq=0/zor=[MASKED] decision=drop because duplicate alert
+110.341704826s 137 ndn.RandomAlertProducer:AlertSupplier(): [LOGIC] Send alert=/alert/emergency/veh/137/seq=0/zor=[MASKED] vehCount=53 rsuCount=9
+110.341704826s 137 caf.Forwarder:OnIncomingAlert(): [DEBUG] in=260 alert=/alert/emergency/veh/137/seq=0/zor=[MASKED]
+110.341704826s 137 caf.Forwarder:AlertVehicleHandler(): [DEBUG] in=(260,0) alert=/alert/emergency/veh/137/seq=0/zor=[MASKED] decision=forward to vehicles
+110.341704826s 137 caf.Forwarder:OnOutgoingAlert(): [DEBUG] out=257 alert=/alert/emergency/veh/137/seq=0/zor=[MASKED]
+110.342578887s 63 caf.Forwarder:OnIncomingAlert(): [DEBUG] in=257 alert=/alert/emergency/veh/137/seq=0/zor=[MASKED]
+110.342578887s 63 caf.Forwarder:AlertVehicleHandler(): [DEBUG] in=(257,0) alert=/alert/emergency/veh/137/seq=0/zor=[MASKED] decision=drop since sender is closer
+110.342578899s 65 caf.Forwarder:OnIncomingAlert(): [DEBUG] in=257 alert=/alert/emergency/veh/137/seq=0/zor=[MASKED]
+110.342578899s 65 caf.Forwarder:AlertVehicleHandler(): [DEBUG] in=(257,0) alert=/alert/emergency/veh/137/seq=0/zor=[MASKED] decision=forward to vehicles deferred until 2.84344ms
+110.342578901s 131 caf.Forwarder:OnIncomingAlert(): [DEBUG] in=257 alert=/alert/emergency/veh/137/seq=0/zor=[MASKED]
+110.342578901s 131 caf.Forwarder:AlertVehicleHandler(): [DEBUG] in=(257,0) alert=/alert/emergency/veh/137/seq=0/zor=[MASKED] decision=forward to vehicles deferred until 2.76737ms
+110.342578905s 54 caf.Forwarder:OnIncomingAlert(): [DEBUG] in=257 alert=/alert/emergency/veh/137/seq=0/zor=[MASKED]
+110.342578905s 54 caf.Forwarder:AlertVehicleHandler(): [DEBUG] in=(257,0) alert=/alert/emergency/veh/137/seq=0/zor=[MASKED] decision=forward to vehicles deferred until 2.6556ms
+110.345234502s 54 caf.Forwarder:OnOutgoingAlert(): [DEBUG] out=257 alert=/alert/emergency/veh/137/seq=0/zor=[MASKED]
+110.345346271s 131 caf.Forwarder:OnOutgoingAlert(): [DEBUG] out=257 alert=/alert/emergency/veh/137/seq=0/zor=[MASKED]
+110.345422339s 65 caf.Forwarder:OnOutgoingAlert(): [DEBUG] out=257 alert=/alert/emergency/veh/137/seq=0/zor=[MASKED]
+110.346108517s 65 caf.Forwarder:OnIncomingAlert(): [DEBUG] in=257 alert=/alert/emergency/veh/137/seq=0/zor=[MASKED]
+110.346108517s 65 caf.Forwarder:AlertVehicleHandler(): [DEBUG] in=(257,0) alert=/alert/emergency/veh/137/seq=0/zor=[MASKED] decision=drop because duplicate alert
+110.346108523s 131 caf.Forwarder:OnIncomingAlert(): [DEBUG] in=257 alert=/alert/emergency/veh/137/seq=0/zor=[MASKED]
+110.346108523s 131 caf.Forwarder:AlertVehicleHandler(): [DEBUG] in=(257,0) alert=/alert/emergency/veh/137/seq=0/zor=[MASKED] decision=drop because duplicate alert
+110.346108581s 137 caf.Forwarder:OnIncomingAlert(): [DEBUG] in=257 alert=/alert/emergency/veh/137/seq=0/zor=[MASKED]
+110.346108581s 137 caf.Forwarder:AlertVehicleHandler(): [DEBUG] in=(257,0) alert=/alert/emergency/veh/137/seq=0/zor=[MASKED] decision=drop because duplicate alert
+110.346108597s 72 caf.Forwarder:OnIncomingAlert(): [DEBUG] in=257 alert=/alert/emergency/veh/137/seq=0/zor=[MASKED]
+110.346108597s 72 caf.Forwarder:AlertVehicleHandler(): [DEBUG] in=(257,0) alert=/alert/emergency/veh/137/seq=0/zor=[MASKED] decision=forward to vehicles deferred until 2.18954ms
+110.346108631s 63 caf.Forwarder:OnIncomingAlert(): [DEBUG] in=257 alert=/alert/emergency/veh/137/seq=0/zor=[MASKED]
+110.346108631s 63 caf.Forwarder:AlertVehicleHandler(): [DEBUG] in=(257,0) alert=/alert/emergency/veh/137/seq=0/zor=[MASKED] decision=drop because duplicate alert
+110.347021532s 54 caf.Forwarder:OnIncomingAlert(): [DEBUG] in=257 alert=/alert/emergency/veh/137/seq=0/zor=[MASKED]
+110.347021532s 54 caf.Forwarder:AlertVehicleHandler(): [DEBUG] in=(257,0) alert=/alert/emergency/veh/137/seq=0/zor=[MASKED] decision=drop because duplicate alert
+110.347021551s 131 caf.Forwarder:OnIncomingAlert(): [DEBUG] in=257 alert=/alert/emergency/veh/137/seq=0/zor=[MASKED]
+110.347021551s 131 caf.Forwarder:AlertVehicleHandler(): [DEBUG] in=(257,0) alert=/alert/emergency/veh/137/seq=0/zor=[MASKED] decision=drop because duplicate alert
+110.347021590s 137 caf.Forwarder:OnIncomingAlert(): [DEBUG] in=257 alert=/alert/emergency/veh/137/seq=0/zor=[MASKED]
+110.347021590s 137 caf.Forwarder:AlertVehicleHandler(): [DEBUG] in=(257,0) alert=/alert/emergency/veh/137/seq=0/zor=[MASKED] decision=drop because duplicate alert
+110.347021622s 72 caf.Forwarder:OnIncomingAlert(): [DEBUG] in=257 alert=/alert/emergency/veh/137/seq=0/zor=[MASKED]
+110.347021634s 63 caf.Forwarder:OnIncomingAlert(): [DEBUG] in=257 alert=/alert/emergency/veh/137/seq=0/zor=[MASKED]
+110.347021634s 63 caf.Forwarder:AlertVehicleHandler(): [DEBUG] in=(257,0) alert=/alert/emergency/veh/137/seq=0/zor=[MASKED] decision=drop because duplicate alert
+110.348012572s 54 caf.Forwarder:OnIncomingAlert(): [DEBUG] in=257 alert=/alert/emergency/veh/137/seq=0/zor=[MASKED]
+110.348012572s 54 caf.Forwarder:AlertVehicleHandler(): [DEBUG] in=(257,0) alert=/alert/emergency/veh/137/seq=0/zor=[MASKED] decision=drop because duplicate alert
+110.348012585s 65 caf.Forwarder:OnIncomingAlert(): [DEBUG] in=257 alert=/alert/emergency/veh/137/seq=0/zor=[MASKED]
+110.348012585s 65 caf.Forwarder:AlertVehicleHandler(): [DEBUG] in=(257,0) alert=/alert/emergency/veh/137/seq=0/zor=[MASKED] decision=drop because duplicate alert
+110.348012626s 137 caf.Forwarder:OnIncomingAlert(): [DEBUG] in=257 alert=/alert/emergency/veh/137/seq=0/zor=[MASKED]
+110.348012626s 137 caf.Forwarder:AlertVehicleHandler(): [DEBUG] in=(257,0) alert=/alert/emergency/veh/137/seq=0/zor=[MASKED] decision=drop because duplicate alert
+110.348012651s 72 caf.Forwarder:OnIncomingAlert(): [DEBUG] in=257 alert=/alert/emergency/veh/137/seq=0/zor=[MASKED]
+110.348012683s 63 caf.Forwarder:OnIncomingAlert(): [DEBUG] in=257 alert=/alert/emergency/veh/137/seq=0/zor=[MASKED]
+110.348012683s 63 caf.Forwarder:AlertVehicleHandler(): [DEBUG] in=(257,0) alert=/alert/emergency/veh/137/seq=0/zor=[MASKED] decision=drop because duplicate alert
+110.348298136s 72 caf.Forwarder:OnOutgoingAlert(): [DEBUG] out=257 alert=/alert/emergency/veh/137/seq=0/zor=[MASKED]
+110.349172231s 54 caf.Forwarder:OnIncomingAlert(): [DEBUG] in=257 alert=/alert/emergency/veh/137/seq=0/zor=[MASKED]
+110.349172231s 54 caf.Forwarder:AlertVehicleHandler(): [DEBUG] in=(257,0) alert=/alert/emergency/veh/137/seq=0/zor=[MASKED] decision=drop because duplicate alert
+110.349172234s 79 caf.Forwarder:OnIncomingAlert(): [DEBUG] in=257 alert=/alert/emergency/veh/137/seq=0/zor=[MASKED]
+110.349172234s 79 caf.Forwarder:AlertVehicleHandler(): [DEBUG] in=(257,0) alert=/alert/emergency/veh/137/seq=0/zor=[MASKED] decision=forward to vehicles deferred until 2.07932ms
+110.349172236s 131 caf.Forwarder:OnIncomingAlert(): [DEBUG] in=257 alert=/alert/emergency/veh/137/seq=0/zor=[MASKED]
+110.349172236s 131 caf.Forwarder:AlertVehicleHandler(): [DEBUG] in=(257,0) alert=/alert/emergency/veh/137/seq=0/zor=[MASKED] decision=drop because duplicate alert
+110.349172241s 65 caf.Forwarder:OnIncomingAlert(): [DEBUG] in=257 alert=/alert/emergency/veh/137/seq=0/zor=[MASKED]
+110.349172241s 65 caf.Forwarder:AlertVehicleHandler(): [DEBUG] in=(257,0) alert=/alert/emergency/veh/137/seq=0/zor=[MASKED] decision=drop because duplicate alert
+110.351251549s 79 caf.Forwarder:OnOutgoingAlert(): [DEBUG] out=257 alert=/alert/emergency/veh/137/seq=0/zor=[MASKED]
+110.352125637s 126 caf.Forwarder:OnIncomingAlert(): [DEBUG] in=257 alert=/alert/emergency/veh/137/seq=0/zor=[MASKED]
+110.352125637s 126 caf.Forwarder:AlertVehicleHandler(): [DEBUG] in=(257,0) alert=/alert/emergency/veh/137/seq=0/zor=[MASKED] decision=forward to vehicles deferred until 2.37811ms
+110.352125647s 72 caf.Forwarder:OnIncomingAlert(): [DEBUG] in=257 alert=/alert/emergency/veh/137/seq=0/zor=[MASKED]
+110.352125647s 72 caf.Forwarder:AlertVehicleHandler(): [DEBUG] in=(257,0) alert=/alert/emergency/veh/137/seq=0/zor=[MASKED] decision=drop because duplicate alert
+110.352125676s 62 caf.Forwarder:OnIncomingAlert(): [DEBUG] in=257 alert=/alert/emergency/veh/137/seq=0/zor=[MASKED]
+110.352125676s 62 caf.Forwarder:AlertVehicleHandler(): [DEBUG] in=(257,0) alert=/alert/emergency/veh/137/seq=0/zor=[MASKED] decision=forward to vehicles deferred until 0ms
+110.352125676s 62 caf.Forwarder:OnOutgoingAlert(): [DEBUG] out=257 alert=/alert/emergency/veh/137/seq=0/zor=[MASKED]
+110.352125676s 62 ndn.AlertConsumer:doReceive(): [INFO ] Received alert: /alert/emergency/veh/137/seq=0/zor=[MASKED]
+110.352999722s 126 caf.Forwarder:OnIncomingAlert(): [DEBUG] in=257 alert=/alert/emergency/veh/137/seq=0/zor=[MASKED]
+110.352999722s 126 caf.Forwarder:AlertVehicleHandler(): [DEBUG] in= (257,0) alert=/alert/emergency/veh/137/seq=0/zor=[MASKED] timer cancelled because sender closer to ZoR
+110.352999803s 79 caf.Forwarder:OnIncomingAlert(): [DEBUG] in=257 alert=/alert/emergency/veh/137/seq=0/zor=[MASKED]
+110.352999803s 79 caf.Forwarder:AlertVehicleHandler(): [DEBUG] in=(257,0) alert=/alert/emergency/veh/137/seq=0/zor=[MASKED] decision=drop because duplicate alert
+110.352999821s 76 caf.Forwarder:OnIncomingAlert(): [DEBUG] in=257 alert=/alert/emergency/veh/137/seq=0/zor=[MASKED]
+110.352999821s 76 caf.Forwarder:AlertVehicleHandler(): [DEBUG] in=(257,0) alert=/alert/emergency/veh/137/seq=0/zor=[MASKED] decision=forward to vehicles deferred until 0ms
+110.352999821s 76 caf.Forwarder:OnOutgoingAlert(): [DEBUG] out=257 alert=/alert/emergency/veh/137/seq=0/zor=[MASKED]
+110.352999821s 76 ndn.AlertConsumer:doReceive(): [INFO ] Received alert: /alert/emergency/veh/137/seq=0/zor=[MASKED]
+110.353873868s 114 caf.Forwarder:OnIncomingAlert(): [DEBUG] in=257 alert=/alert/emergency/veh/137/seq=0/zor=[MASKED]
+110.353873868s 114 caf.Forwarder:AlertVehicleHandler(): [DEBUG] in=(257,0) alert=/alert/emergency/veh/137/seq=0/zor=[MASKED] decision=forward to vehicles deferred until 0ms
+110.353873868s 114 caf.Forwarder:OnOutgoingAlert(): [DEBUG] out=257 alert=/alert/emergency/veh/137/seq=0/zor=[MASKED]
+110.353873868s 114 ndn.AlertConsumer:doReceive(): [INFO ] Received alert: /alert/emergency/veh/137/seq=0/zor=[MASKED]
+110.353873900s 113 caf.Forwarder:OnIncomingAlert(): [DEBUG] in=257 alert=/alert/emergency/veh/137/seq=0/zor=[MASKED]
+110.353873900s 113 caf.Forwarder:AlertVehicleHandler(): [DEBUG] in=(257,0) alert=/alert/emergency/veh/137/seq=0/zor=[MASKED] decision=forward to vehicles deferred until 0ms
+110.353873900s 113 caf.Forwarder:OnOutgoingAlert(): [DEBUG] out=257 alert=/alert/emergency/veh/137/seq=0/zor=[MASKED]
+110.353873900s 113 ndn.AlertConsumer:doReceive(): [INFO ] Received alert: /alert/emergency/veh/137/seq=0/zor=[MASKED]
+110.353873947s 67 caf.Forwarder:OnIncomingAlert(): [DEBUG] in=257 alert=/alert/emergency/veh/137/seq=0/zor=[MASKED]
+110.353873947s 67 caf.Forwarder:AlertVehicleHandler(): [DEBUG] in=(257,0) alert=/alert/emergency/veh/137/seq=0/zor=[MASKED] decision=forward to vehicles deferred until 0ms
+110.353873947s 67 caf.Forwarder:OnOutgoingAlert(): [DEBUG] out=257 alert=/alert/emergency/veh/137/seq=0/zor=[MASKED]
+110.353873947s 67 ndn.AlertConsumer:doReceive(): [INFO ] Received alert: /alert/emergency/veh/137/seq=0/zor=[MASKED]
+110.353873965s 109 caf.Forwarder:OnIncomingAlert(): [DEBUG] in=257 alert=/alert/emergency/veh/137/seq=0/zor=[MASKED]
+110.353873965s 109 caf.Forwarder:AlertVehicleHandler(): [DEBUG] in=(257,0) alert=/alert/emergency/veh/137/seq=0/zor=[MASKED] decision=forward to vehicles deferred until 0ms
+110.353873965s 109 caf.Forwarder:OnOutgoingAlert(): [DEBUG] out=257 alert=/alert/emergency/veh/137/seq=0/zor=[MASKED]
+110.353873965s 109 ndn.AlertConsumer:doReceive(): [INFO ] Received alert: /alert/emergency/veh/137/seq=0/zor=[MASKED]
+110.353873966s 62 caf.Forwarder:OnIncomingAlert(): [DEBUG] in=257 alert=/alert/emergency/veh/137/seq=0/zor=[MASKED]
+110.353873966s 62 caf.Forwarder:AlertVehicleHandler(): [DEBUG] in=(257,0) alert=/alert/emergency/veh/137/seq=0/zor=[MASKED] decision=drop because duplicate alert
+110.354747915s 76 caf.Forwarder:OnIncomingAlert(): [DEBUG] in=257 alert=/alert/emergency/veh/137/seq=0/zor=[MASKED]
+110.354747915s 76 caf.Forwarder:AlertVehicleHandler(): [DEBUG] in=(257,0) alert=/alert/emergency/veh/137/seq=0/zor=[MASKED] decision=drop because duplicate alert
+112.291110145s 138 ndn.RandomAlertProducer:SendAlert(): [LOGIC] Don't send alert; condition failed
+112.372089078s 139 ndn.RandomAlertProducer:AlertSupplier(): [LOGIC] Send alert=/alert/emergency/veh/139/seq=0/zor=[MASKED] vehCount=55 rsuCount=9
+112.372089078s 139 caf.Forwarder:OnIncomingAlert(): [DEBUG] in=260 alert=/alert/emergency/veh/139/seq=0/zor=[MASKED]
+112.372089078s 139 caf.Forwarder:AlertVehicleHandler(): [DEBUG] in=(260,0) alert=/alert/emergency/veh/139/seq=0/zor=[MASKED] decision=forward to vehicles
+112.372089078s 139 caf.Forwarder:OnOutgoingAlert(): [DEBUG] out=257 alert=/alert/emergency/veh/139/seq=0/zor=[MASKED]
+112.372963105s 140 caf.Forwarder:OnIncomingAlert(): [DEBUG] in=257 alert=/alert/emergency/veh/139/seq=0/zor=[MASKED]
+112.372963105s 140 caf.Forwarder:AlertVehicleHandler(): [DEBUG] in=(257,0) alert=/alert/emergency/veh/139/seq=0/zor=[MASKED] decision=drop since sender is closer
+112.372963207s 145 caf.Forwarder:OnIncomingAlert(): [DEBUG] in=257 alert=/alert/emergency/veh/139/seq=0/zor=[MASKED]
+112.372963207s 145 caf.Forwarder:AlertVehicleHandler(): [DEBUG] in=(257,0) alert=/alert/emergency/veh/139/seq=0/zor=[MASKED] decision=drop since sender is closer
+112.372963234s 40 caf.Forwarder:OnIncomingAlert(): [DEBUG] in=257 alert=/alert/emergency/veh/139/seq=0/zor=[MASKED]
+112.372963234s 40 caf.Forwarder:AlertVehicleHandler(): [DEBUG] in=(257,0) alert=/alert/emergency/veh/139/seq=0/zor=[MASKED] decision=drop since sender is closer
+112.372963235s 71 caf.Forwarder:OnIncomingAlert(): [DEBUG] in=257 alert=/alert/emergency/veh/139/seq=0/zor=[MASKED]
+112.372963235s 71 caf.Forwarder:AlertVehicleHandler(): [DEBUG] in=(257,0) alert=/alert/emergency/veh/139/seq=0/zor=[MASKED] decision=drop since sender is closer
+112.372963242s 135 caf.Forwarder:OnIncomingAlert(): [DEBUG] in=257 alert=/alert/emergency/veh/139/seq=0/zor=[MASKED]
+112.372963242s 135 caf.Forwarder:AlertVehicleHandler(): [DEBUG] in=(257,0) alert=/alert/emergency/veh/139/seq=0/zor=[MASKED] decision=forward to vehicles deferred until 0.0837822ms
+112.373047024s 135 caf.Forwarder:OnOutgoingAlert(): [DEBUG] out=257 alert=/alert/emergency/veh/139/seq=0/zor=[MASKED]
+112.373921057s 136 caf.Forwarder:OnIncomingAlert(): [DEBUG] in=257 alert=/alert/emergency/veh/139/seq=0/zor=[MASKED]
+112.373921057s 136 caf.Forwarder:AlertVehicleHandler(): [DEBUG] in=(257,0) alert=/alert/emergency/veh/139/seq=0/zor=[MASKED] decision=forward to vehicles deferred until 4.06607ms
+112.373921116s 130 caf.Forwarder:OnIncomingAlert(): [DEBUG] in=257 alert=/alert/emergency/veh/139/seq=0/zor=[MASKED]
+112.373921116s 130 caf.Forwarder:AlertVehicleHandler(): [DEBUG] in=(257,0) alert=/alert/emergency/veh/139/seq=0/zor=[MASKED] decision=forward to vehicles deferred until 2.2571ms
+112.373921181s 125 caf.Forwarder:OnIncomingAlert(): [DEBUG] in=257 alert=/alert/emergency/veh/139/seq=0/zor=[MASKED]
+112.373921181s 125 caf.Forwarder:AlertVehicleHandler(): [DEBUG] in=(257,0) alert=/alert/emergency/veh/139/seq=0/zor=[MASKED] decision=forward to vehicles deferred until 0.299849ms
+112.373921188s 139 caf.Forwarder:OnIncomingAlert(): [DEBUG] in=257 alert=/alert/emergency/veh/139/seq=0/zor=[MASKED]
+112.373921188s 139 caf.Forwarder:AlertVehicleHandler(): [DEBUG] in=(257,0) alert=/alert/emergency/veh/139/seq=0/zor=[MASKED] decision=drop because duplicate alert
+112.374221030s 125 caf.Forwarder:OnOutgoingAlert(): [DEBUG] out=257 alert=/alert/emergency/veh/139/seq=0/zor=[MASKED]
+112.375095085s 81 caf.Forwarder:OnIncomingAlert(): [DEBUG] in=257 alert=/alert/emergency/veh/139/seq=0/zor=[MASKED]
+112.375095085s 81 caf.Forwarder:AlertVehicleHandler(): [DEBUG] in=(257,0) alert=/alert/emergency/veh/139/seq=0/zor=[MASKED] decision=forward to vehicles deferred until 0ms
+112.375095085s 81 caf.Forwarder:OnOutgoingAlert(): [DEBUG] out=257 alert=/alert/emergency/veh/139/seq=0/zor=[MASKED]
+112.375095085s 81 ndn.AlertConsumer:doReceive(): [INFO ] Received alert: /alert/emergency/veh/139/seq=0/zor=[MASKED]
+112.375095095s 130 caf.Forwarder:OnIncomingAlert(): [DEBUG] in=257 alert=/alert/emergency/veh/139/seq=0/zor=[MASKED]
+112.375095095s 130 caf.Forwarder:AlertVehicleHandler(): [DEBUG] in= (257,0) alert=/alert/emergency/veh/139/seq=0/zor=[MASKED] timer cancelled because sender closer to ZoR
+112.375095110s 127 caf.Forwarder:OnIncomingAlert(): [DEBUG] in=257 alert=/alert/emergency/veh/139/seq=0/zor=[MASKED]
+112.375095110s 127 caf.Forwarder:AlertVehicleHandler(): [DEBUG] in=(257,0) alert=/alert/emergency/veh/139/seq=0/zor=[MASKED] decision=forward to vehicles deferred until 0ms
+112.375095110s 127 caf.Forwarder:OnOutgoingAlert(): [DEBUG] out=257 alert=/alert/emergency/veh/139/seq=0/zor=[MASKED]
+112.375095110s 127 ndn.AlertConsumer:doReceive(): [INFO ] Received alert: /alert/emergency/veh/139/seq=0/zor=[MASKED]
+112.375095156s 136 caf.Forwarder:OnIncomingAlert(): [DEBUG] in=257 alert=/alert/emergency/veh/139/seq=0/zor=[MASKED]
+112.375095156s 136 caf.Forwarder:AlertVehicleHandler(): [DEBUG] in= (257,0) alert=/alert/emergency/veh/139/seq=0/zor=[MASKED] timer cancelled because sender closer to ZoR
+112.375095160s 121 caf.Forwarder:OnIncomingAlert(): [DEBUG] in=257 alert=/alert/emergency/veh/139/seq=0/zor=[MASKED]
+112.375095160s 121 caf.Forwarder:AlertVehicleHandler(): [DEBUG] in=(257,0) alert=/alert/emergency/veh/139/seq=0/zor=[MASKED] decision=forward to vehicles deferred until 0ms
+112.375095160s 121 caf.Forwarder:OnOutgoingAlert(): [DEBUG] out=257 alert=/alert/emergency/veh/139/seq=0/zor=[MASKED]
+112.375095160s 121 ndn.AlertConsumer:doReceive(): [INFO ] Received alert: /alert/emergency/veh/139/seq=0/zor=[MASKED]
+112.375095187s 135 caf.Forwarder:OnIncomingAlert(): [DEBUG] in=257 alert=/alert/emergency/veh/139/seq=0/zor=[MASKED]
+112.375095187s 135 caf.Forwarder:AlertVehicleHandler(): [DEBUG] in=(257,0) alert=/alert/emergency/veh/139/seq=0/zor=[MASKED] decision=drop because duplicate alert
+112.375969140s 125 caf.Forwarder:OnIncomingAlert(): [DEBUG] in=257 alert=/alert/emergency/veh/139/seq=0/zor=[MASKED]
+112.375969140s 125 caf.Forwarder:AlertVehicleHandler(): [DEBUG] in=(257,0) alert=/alert/emergency/veh/139/seq=0/zor=[MASKED] decision=drop because duplicate alert
+113.665480464s 141 ndn.RandomAlertProducer:AlertSupplier(): [LOGIC] Send alert=/alert/emergency/veh/141/seq=0/zor=[MASKED] vehCount=56 rsuCount=9
+113.665480464s 141 caf.Forwarder:OnIncomingAlert(): [DEBUG] in=260 alert=/alert/emergency/veh/141/seq=0/zor=[MASKED]
+113.665480464s 141 caf.Forwarder:AlertVehicleHandler(): [DEBUG] in=(260,0) alert=/alert/emergency/veh/141/seq=0/zor=[MASKED] decision=forward to vehicles
+113.665480464s 141 caf.Forwarder:OnOutgoingAlert(): [DEBUG] out=257 alert=/alert/emergency/veh/141/seq=0/zor=[MASKED]
+113.666354484s 138 caf.Forwarder:OnIncomingAlert(): [DEBUG] in=257 alert=/alert/emergency/veh/141/seq=0/zor=[MASKED]
+113.666354484s 138 caf.Forwarder:AlertVehicleHandler(): [DEBUG] in=(257,0) alert=/alert/emergency/veh/141/seq=0/zor=[MASKED] decision=forward to vehicles deferred until 4.43406ms
+113.666354521s 142 caf.Forwarder:OnIncomingAlert(): [DEBUG] in=257 alert=/alert/emergency/veh/141/seq=0/zor=[MASKED]
+113.666354521s 142 caf.Forwarder:AlertVehicleHandler(): [DEBUG] in=(257,0) alert=/alert/emergency/veh/141/seq=0/zor=[MASKED] decision=drop since sender is closer
+113.666354525s 75 caf.Forwarder:OnIncomingAlert(): [DEBUG] in=257 alert=/alert/emergency/veh/141/seq=0/zor=[MASKED]
+113.666354525s 75 caf.Forwarder:AlertVehicleHandler(): [DEBUG] in=(257,0) alert=/alert/emergency/veh/141/seq=0/zor=[MASKED] decision=forward to vehicles deferred until 3.2118ms
+113.666354607s 148 caf.Forwarder:OnIncomingAlert(): [DEBUG] in=257 alert=/alert/emergency/veh/141/seq=0/zor=[MASKED]
+113.666354607s 148 caf.Forwarder:AlertVehicleHandler(): [DEBUG] in=(257,0) alert=/alert/emergency/veh/141/seq=0/zor=[MASKED] decision=drop since sender is closer
+113.666354629s 147 caf.Forwarder:OnIncomingAlert(): [DEBUG] in=257 alert=/alert/emergency/veh/141/seq=0/zor=[MASKED]
+113.666354629s 147 caf.Forwarder:AlertVehicleHandler(): [DEBUG] in=(257,0) alert=/alert/emergency/veh/141/seq=0/zor=[MASKED] decision=drop since sender is closer
+113.669566325s 75 caf.Forwarder:OnOutgoingAlert(): [DEBUG] out=257 alert=/alert/emergency/veh/141/seq=0/zor=[MASKED]
+113.670440376s 138 caf.Forwarder:OnIncomingAlert(): [DEBUG] in=257 alert=/alert/emergency/veh/141/seq=0/zor=[MASKED]
+113.670440376s 138 caf.Forwarder:AlertVehicleHandler(): [DEBUG] in= (257,0) alert=/alert/emergency/veh/141/seq=0/zor=[MASKED] timer cancelled because sender closer to ZoR
+113.670440386s 141 caf.Forwarder:OnIncomingAlert(): [DEBUG] in=257 alert=/alert/emergency/veh/141/seq=0/zor=[MASKED]
+113.670440386s 141 caf.Forwarder:AlertVehicleHandler(): [DEBUG] in=(257,0) alert=/alert/emergency/veh/141/seq=0/zor=[MASKED] decision=drop because duplicate alert
+113.670440442s 142 caf.Forwarder:OnIncomingAlert(): [DEBUG] in=257 alert=/alert/emergency/veh/141/seq=0/zor=[MASKED]
+113.670440442s 142 caf.Forwarder:AlertVehicleHandler(): [DEBUG] in=(257,0) alert=/alert/emergency/veh/141/seq=0/zor=[MASKED] decision=drop because duplicate alert
+113.670440466s 132 caf.Forwarder:OnIncomingAlert(): [DEBUG] in=257 alert=/alert/emergency/veh/141/seq=0/zor=[MASKED]
+113.670440466s 132 caf.Forwarder:AlertVehicleHandler(): [DEBUG] in=(257,0) alert=/alert/emergency/veh/141/seq=0/zor=[MASKED] decision=forward to vehicles deferred until 0.780191ms
+113.671220657s 132 caf.Forwarder:OnOutgoingAlert(): [DEBUG] out=257 alert=/alert/emergency/veh/141/seq=0/zor=[MASKED]
+113.672094702s 61 caf.Forwarder:OnIncomingAlert(): [DEBUG] in=257 alert=/alert/emergency/veh/141/seq=0/zor=[MASKED]
+113.672094702s 61 caf.Forwarder:AlertVehicleHandler(): [DEBUG] in=(257,0) alert=/alert/emergency/veh/141/seq=0/zor=[MASKED] decision=forward to vehicles deferred until 3.69782ms
+113.672094709s 133 caf.Forwarder:OnIncomingAlert(): [DEBUG] in=257 alert=/alert/emergency/veh/141/seq=0/zor=[MASKED]
+113.672094709s 133 caf.Forwarder:AlertVehicleHandler(): [DEBUG] in=(257,0) alert=/alert/emergency/veh/141/seq=0/zor=[MASKED] decision=forward to vehicles deferred until 3.48214ms
+113.672094794s 128 caf.Forwarder:OnIncomingAlert(): [DEBUG] in=257 alert=/alert/emergency/veh/141/seq=0/zor=[MASKED]
+113.672094794s 128 caf.Forwarder:AlertVehicleHandler(): [DEBUG] in=(257,0) alert=/alert/emergency/veh/141/seq=0/zor=[MASKED] decision=forward to vehicles deferred until 0ms
+113.672094794s 128 caf.Forwarder:OnOutgoingAlert(): [DEBUG] out=257 alert=/alert/emergency/veh/141/seq=0/zor=[MASKED]
+113.672094794s 128 ndn.AlertConsumer:doReceive(): [INFO ] Received alert: /alert/emergency/veh/141/seq=0/zor=[MASKED]
+113.672094798s 75 caf.Forwarder:OnIncomingAlert(): [DEBUG] in=257 alert=/alert/emergency/veh/141/seq=0/zor=[MASKED]
+113.672094798s 75 caf.Forwarder:AlertVehicleHandler(): [DEBUG] in=(257,0) alert=/alert/emergency/veh/141/seq=0/zor=[MASKED] decision=drop because duplicate alert
+113.672968844s 129 caf.Forwarder:OnIncomingAlert(): [DEBUG] in=257 alert=/alert/emergency/veh/141/seq=0/zor=[MASKED]
+113.672968844s 129 caf.Forwarder:AlertVehicleHandler(): [DEBUG] in=(257,0) alert=/alert/emergency/veh/141/seq=0/zor=[MASKED] decision=forward to vehicles deferred until 0ms
+113.672968844s 129 caf.Forwarder:OnOutgoingAlert(): [DEBUG] out=257 alert=/alert/emergency/veh/141/seq=0/zor=[MASKED]
+113.672968844s 129 ndn.AlertConsumer:doReceive(): [INFO ] Received alert: /alert/emergency/veh/141/seq=0/zor=[MASKED]
+113.672968879s 133 caf.Forwarder:OnIncomingAlert(): [DEBUG] in=257 alert=/alert/emergency/veh/141/seq=0/zor=[MASKED]
+113.672968879s 133 caf.Forwarder:AlertVehicleHandler(): [DEBUG] in= (257,0) alert=/alert/emergency/veh/141/seq=0/zor=[MASKED] timer cancelled because sender closer to ZoR
+113.672968892s 69 caf.Forwarder:OnIncomingAlert(): [DEBUG] in=257 alert=/alert/emergency/veh/141/seq=0/zor=[MASKED]
+113.672968892s 69 caf.Forwarder:AlertVehicleHandler(): [DEBUG] in=(257,0) alert=/alert/emergency/veh/141/seq=0/zor=[MASKED] decision=forward to vehicles deferred until 0ms
+113.672968892s 69 caf.Forwarder:OnOutgoingAlert(): [DEBUG] out=257 alert=/alert/emergency/veh/141/seq=0/zor=[MASKED]
+113.672968892s 69 ndn.AlertConsumer:doReceive(): [INFO ] Received alert: /alert/emergency/veh/141/seq=0/zor=[MASKED]
+113.672968898s 61 caf.Forwarder:OnIncomingAlert(): [DEBUG] in=257 alert=/alert/emergency/veh/141/seq=0/zor=[MASKED]
+113.672968898s 61 caf.Forwarder:AlertVehicleHandler(): [DEBUG] in= (257,0) alert=/alert/emergency/veh/141/seq=0/zor=[MASKED] timer cancelled because sender closer to ZoR
+113.672968920s 122 caf.Forwarder:OnIncomingAlert(): [DEBUG] in=257 alert=/alert/emergency/veh/141/seq=0/zor=[MASKED]
+113.672968920s 122 caf.Forwarder:AlertVehicleHandler(): [DEBUG] in=(257,0) alert=/alert/emergency/veh/141/seq=0/zor=[MASKED] decision=forward to vehicles deferred until 0ms
+113.672968920s 122 caf.Forwarder:OnOutgoingAlert(): [DEBUG] out=257 alert=/alert/emergency/veh/141/seq=0/zor=[MASKED]
+113.672968920s 122 ndn.AlertConsumer:doReceive(): [INFO ] Received alert: /alert/emergency/veh/141/seq=0/zor=[MASKED]
+113.672968928s 66 caf.Forwarder:OnIncomingAlert(): [DEBUG] in=257 alert=/alert/emergency/veh/141/seq=0/zor=[MASKED]
+113.672968928s 66 caf.Forwarder:AlertVehicleHandler(): [DEBUG] in=(257,0) alert=/alert/emergency/veh/141/seq=0/zor=[MASKED] decision=forward to vehicles deferred until 0ms
+113.672968928s 66 caf.Forwarder:OnOutgoingAlert(): [DEBUG] out=257 alert=/alert/emergency/veh/141/seq=0/zor=[MASKED]
+113.672968928s 66 ndn.AlertConsumer:doReceive(): [INFO ] Received alert: /alert/emergency/veh/141/seq=0/zor=[MASKED]
+113.672968931s 132 caf.Forwarder:OnIncomingAlert(): [DEBUG] in=257 alert=/alert/emergency/veh/141/seq=0/zor=[MASKED]
+113.672968931s 132 caf.Forwarder:AlertVehicleHandler(): [DEBUG] in=(257,0) alert=/alert/emergency/veh/141/seq=0/zor=[MASKED] decision=drop because duplicate alert
+113.673842894s 128 caf.Forwarder:OnIncomingAlert(): [DEBUG] in=257 alert=/alert/emergency/veh/141/seq=0/zor=[MASKED]
+113.673842894s 128 caf.Forwarder:AlertVehicleHandler(): [DEBUG] in=(257,0) alert=/alert/emergency/veh/141/seq=0/zor=[MASKED] decision=drop because duplicate alert
+113.861239807s 140 ndn.RandomAlertProducer:AlertSupplier(): [LOGIC] Send alert=/alert/emergency/veh/140/seq=0/zor=[MASKED] vehCount=55 rsuCount=9
+113.861239807s 140 caf.Forwarder:OnIncomingAlert(): [DEBUG] in=260 alert=/alert/emergency/veh/140/seq=0/zor=[MASKED]
+113.861239807s 140 caf.Forwarder:AlertVehicleHandler(): [DEBUG] in=(260,0) alert=/alert/emergency/veh/140/seq=0/zor=[MASKED] decision=forward to vehicles
+113.861239807s 140 caf.Forwarder:OnOutgoingAlert(): [DEBUG] out=257 alert=/alert/emergency/veh/140/seq=0/zor=[MASKED]
+113.862113842s 139 caf.Forwarder:OnIncomingAlert(): [DEBUG] in=257 alert=/alert/emergency/veh/140/seq=0/zor=[MASKED]
+113.862113842s 139 caf.Forwarder:AlertVehicleHandler(): [DEBUG] in=(257,0) alert=/alert/emergency/veh/140/seq=0/zor=[MASKED] decision=forward to vehicles deferred until 3.98868ms
+113.862113905s 145 caf.Forwarder:OnIncomingAlert(): [DEBUG] in=257 alert=/alert/emergency/veh/140/seq=0/zor=[MASKED]
+113.862113905s 145 caf.Forwarder:AlertVehicleHandler(): [DEBUG] in=(257,0) alert=/alert/emergency/veh/140/seq=0/zor=[MASKED] decision=drop since sender is closer
+113.866102524s 139 caf.Forwarder:OnOutgoingAlert(): [DEBUG] out=257 alert=/alert/emergency/veh/140/seq=0/zor=[MASKED]
+113.866976559s 140 caf.Forwarder:OnIncomingAlert(): [DEBUG] in=257 alert=/alert/emergency/veh/140/seq=0/zor=[MASKED]
+113.866976559s 140 caf.Forwarder:AlertVehicleHandler(): [DEBUG] in=(257,0) alert=/alert/emergency/veh/140/seq=0/zor=[MASKED] decision=drop because duplicate alert
+113.866976656s 145 caf.Forwarder:OnIncomingAlert(): [DEBUG] in=257 alert=/alert/emergency/veh/140/seq=0/zor=[MASKED]
+113.866976656s 145 caf.Forwarder:AlertVehicleHandler(): [DEBUG] in=(257,0) alert=/alert/emergency/veh/140/seq=0/zor=[MASKED] decision=drop because duplicate alert
+113.866976687s 135 caf.Forwarder:OnIncomingAlert(): [DEBUG] in=257 alert=/alert/emergency/veh/140/seq=0/zor=[MASKED]
+113.866976687s 135 caf.Forwarder:AlertVehicleHandler(): [DEBUG] in=(257,0) alert=/alert/emergency/veh/140/seq=0/zor=[MASKED] decision=forward to vehicles deferred until 0.127423ms
+113.867104109s 135 caf.Forwarder:OnOutgoingAlert(): [DEBUG] out=257 alert=/alert/emergency/veh/140/seq=0/zor=[MASKED]
+113.867978149s 136 caf.Forwarder:OnIncomingAlert(): [DEBUG] in=257 alert=/alert/emergency/veh/140/seq=0/zor=[MASKED]
+113.867978149s 136 caf.Forwarder:AlertVehicleHandler(): [DEBUG] in=(257,0) alert=/alert/emergency/veh/140/seq=0/zor=[MASKED] decision=forward to vehicles deferred until 3.83498ms
+113.867978181s 81 caf.Forwarder:OnIncomingAlert(): [DEBUG] in=257 alert=/alert/emergency/veh/140/seq=0/zor=[MASKED]
+113.867978181s 81 caf.Forwarder:AlertVehicleHandler(): [DEBUG] in=(257,0) alert=/alert/emergency/veh/140/seq=0/zor=[MASKED] decision=forward to vehicles deferred until 2.87237ms
+113.867978199s 130 caf.Forwarder:OnIncomingAlert(): [DEBUG] in=257 alert=/alert/emergency/veh/140/seq=0/zor=[MASKED]
+113.867978199s 130 caf.Forwarder:AlertVehicleHandler(): [DEBUG] in=(257,0) alert=/alert/emergency/veh/140/seq=0/zor=[MASKED] decision=forward to vehicles deferred until 2.34037ms
+113.867978266s 125 caf.Forwarder:OnIncomingAlert(): [DEBUG] in=257 alert=/alert/emergency/veh/140/seq=0/zor=[MASKED]
+113.867978266s 125 caf.Forwarder:AlertVehicleHandler(): [DEBUG] in=(257,0) alert=/alert/emergency/veh/140/seq=0/zor=[MASKED] decision=forward to vehicles deferred until 0ms
+113.867978266s 125 caf.Forwarder:OnOutgoingAlert(): [DEBUG] out=257 alert=/alert/emergency/veh/140/seq=0/zor=[MASKED]
+113.867978266s 125 ndn.AlertConsumer:doReceive(): [INFO ] Received alert: /alert/emergency/veh/140/seq=0/zor=[MASKED]
+113.867978272s 139 caf.Forwarder:OnIncomingAlert(): [DEBUG] in=257 alert=/alert/emergency/veh/140/seq=0/zor=[MASKED]
+113.867978272s 139 caf.Forwarder:AlertVehicleHandler(): [DEBUG] in=(257,0) alert=/alert/emergency/veh/140/seq=0/zor=[MASKED] decision=drop because duplicate alert
+113.868852334s 130 caf.Forwarder:OnIncomingAlert(): [DEBUG] in=257 alert=/alert/emergency/veh/140/seq=0/zor=[MASKED]
+113.868852334s 130 caf.Forwarder:AlertVehicleHandler(): [DEBUG] in= (257,0) alert=/alert/emergency/veh/140/seq=0/zor=[MASKED] timer cancelled because sender closer to ZoR
+113.868852357s 127 caf.Forwarder:OnIncomingAlert(): [DEBUG] in=257 alert=/alert/emergency/veh/140/seq=0/zor=[MASKED]
+113.868852357s 127 caf.Forwarder:AlertVehicleHandler(): [DEBUG] in=(257,0) alert=/alert/emergency/veh/140/seq=0/zor=[MASKED] decision=forward to vehicles deferred until 0ms
+113.868852357s 127 caf.Forwarder:OnOutgoingAlert(): [DEBUG] out=257 alert=/alert/emergency/veh/140/seq=0/zor=[MASKED]
+113.868852357s 127 ndn.AlertConsumer:doReceive(): [INFO ] Received alert: /alert/emergency/veh/140/seq=0/zor=[MASKED]
+113.868852359s 81 caf.Forwarder:OnIncomingAlert(): [DEBUG] in=257 alert=/alert/emergency/veh/140/seq=0/zor=[MASKED]
+113.868852359s 81 caf.Forwarder:AlertVehicleHandler(): [DEBUG] in= (257,0) alert=/alert/emergency/veh/140/seq=0/zor=[MASKED] timer cancelled because sender closer to ZoR
+113.868852384s 136 caf.Forwarder:OnIncomingAlert(): [DEBUG] in=257 alert=/alert/emergency/veh/140/seq=0/zor=[MASKED]
+113.868852384s 136 caf.Forwarder:AlertVehicleHandler(): [DEBUG] in= (257,0) alert=/alert/emergency/veh/140/seq=0/zor=[MASKED] timer cancelled because sender closer to ZoR
+113.868852394s 74 caf.Forwarder:OnIncomingAlert(): [DEBUG] in=257 alert=/alert/emergency/veh/140/seq=0/zor=[MASKED]
+113.868852394s 74 caf.Forwarder:AlertVehicleHandler(): [DEBUG] in=(257,0) alert=/alert/emergency/veh/140/seq=0/zor=[MASKED] decision=forward to vehicles deferred until 0ms
+113.868852394s 121 caf.Forwarder:OnIncomingAlert(): [DEBUG] in=257 alert=/alert/emergency/veh/140/seq=0/zor=[MASKED]
+113.868852394s 121 caf.Forwarder:AlertVehicleHandler(): [DEBUG] in=(257,0) alert=/alert/emergency/veh/140/seq=0/zor=[MASKED] decision=forward to vehicles deferred until 0ms
+113.868852394s 74 caf.Forwarder:OnOutgoingAlert(): [DEBUG] out=257 alert=/alert/emergency/veh/140/seq=0/zor=[MASKED]
+113.868852394s 74 ndn.AlertConsumer:doReceive(): [INFO ] Received alert: /alert/emergency/veh/140/seq=0/zor=[MASKED]
+113.868852394s 121 caf.Forwarder:OnOutgoingAlert(): [DEBUG] out=257 alert=/alert/emergency/veh/140/seq=0/zor=[MASKED]
+113.868852394s 121 ndn.AlertConsumer:doReceive(): [INFO ] Received alert: /alert/emergency/veh/140/seq=0/zor=[MASKED]
+113.868852423s 135 caf.Forwarder:OnIncomingAlert(): [DEBUG] in=257 alert=/alert/emergency/veh/140/seq=0/zor=[MASKED]
+113.868852423s 135 caf.Forwarder:AlertVehicleHandler(): [DEBUG] in=(257,0) alert=/alert/emergency/veh/140/seq=0/zor=[MASKED] decision=drop because duplicate alert
+115.241143813s 142 ndn.RandomAlertProducer:AlertSupplier(): [LOGIC] Send alert=/alert/emergency/veh/142/seq=0/zor=[MASKED] vehCount=57 rsuCount=9
+115.241143813s 142 caf.Forwarder:OnIncomingAlert(): [DEBUG] in=260 alert=/alert/emergency/veh/142/seq=0/zor=[MASKED]
+115.241143813s 142 caf.Forwarder:AlertVehicleHandler(): [DEBUG] in=(260,0) alert=/alert/emergency/veh/142/seq=0/zor=[MASKED] decision=forward to vehicles
+115.241143813s 142 caf.Forwarder:OnOutgoingAlert(): [DEBUG] out=257 alert=/alert/emergency/veh/142/seq=0/zor=[MASKED]
+115.242017847s 75 caf.Forwarder:OnIncomingAlert(): [DEBUG] in=257 alert=/alert/emergency/veh/142/seq=0/zor=[MASKED]
+115.242017847s 75 caf.Forwarder:AlertVehicleHandler(): [DEBUG] in=(257,0) alert=/alert/emergency/veh/142/seq=0/zor=[MASKED] decision=drop since sender is closer
+115.242017882s 138 caf.Forwarder:OnIncomingAlert(): [DEBUG] in=257 alert=/alert/emergency/veh/142/seq=0/zor=[MASKED]
+115.242017882s 138 caf.Forwarder:AlertVehicleHandler(): [DEBUG] in=(257,0) alert=/alert/emergency/veh/142/seq=0/zor=[MASKED] decision=forward to vehicles deferred until 2.96286ms
+115.242017882s 141 caf.Forwarder:OnIncomingAlert(): [DEBUG] in=257 alert=/alert/emergency/veh/142/seq=0/zor=[MASKED]
+115.242017882s 141 caf.Forwarder:AlertVehicleHandler(): [DEBUG] in=(257,0) alert=/alert/emergency/veh/142/seq=0/zor=[MASKED] decision=forward to vehicles deferred until 2.96583ms
+115.242017897s 148 caf.Forwarder:OnIncomingAlert(): [DEBUG] in=257 alert=/alert/emergency/veh/142/seq=0/zor=[MASKED]
+115.242017897s 148 caf.Forwarder:AlertVehicleHandler(): [DEBUG] in=(257,0) alert=/alert/emergency/veh/142/seq=0/zor=[MASKED] decision=drop since sender is closer
+115.242017920s 147 caf.Forwarder:OnIncomingAlert(): [DEBUG] in=257 alert=/alert/emergency/veh/142/seq=0/zor=[MASKED]
+115.242017920s 147 caf.Forwarder:AlertVehicleHandler(): [DEBUG] in=(257,0) alert=/alert/emergency/veh/142/seq=0/zor=[MASKED] decision=drop since sender is closer
+115.242017965s 61 caf.Forwarder:OnIncomingAlert(): [DEBUG] in=257 alert=/alert/emergency/veh/142/seq=0/zor=[MASKED]
+115.242017965s 61 caf.Forwarder:AlertVehicleHandler(): [DEBUG] in=(257,0) alert=/alert/emergency/veh/142/seq=0/zor=[MASKED] decision=forward to vehicles deferred until 0.438ms
+115.242455965s 61 caf.Forwarder:OnOutgoingAlert(): [DEBUG] out=257 alert=/alert/emergency/veh/142/seq=0/zor=[MASKED]
+115.243330049s 141 caf.Forwarder:OnIncomingAlert(): [DEBUG] in=257 alert=/alert/emergency/veh/142/seq=0/zor=[MASKED]
+115.243330049s 141 caf.Forwarder:AlertVehicleHandler(): [DEBUG] in= (257,0) alert=/alert/emergency/veh/142/seq=0/zor=[MASKED] timer cancelled because sender closer to ZoR
+115.243330051s 138 caf.Forwarder:OnIncomingAlert(): [DEBUG] in=257 alert=/alert/emergency/veh/142/seq=0/zor=[MASKED]
+115.243330051s 138 caf.Forwarder:AlertVehicleHandler(): [DEBUG] in= (257,0) alert=/alert/emergency/veh/142/seq=0/zor=[MASKED] timer cancelled because sender closer to ZoR
+115.243330070s 132 caf.Forwarder:OnIncomingAlert(): [DEBUG] in=257 alert=/alert/emergency/veh/142/seq=0/zor=[MASKED]
+115.243330070s 132 caf.Forwarder:AlertVehicleHandler(): [DEBUG] in=(257,0) alert=/alert/emergency/veh/142/seq=0/zor=[MASKED] decision=forward to vehicles deferred until 1.88594ms
+115.243330117s 142 caf.Forwarder:OnIncomingAlert(): [DEBUG] in=257 alert=/alert/emergency/veh/142/seq=0/zor=[MASKED]
+115.243330117s 142 caf.Forwarder:AlertVehicleHandler(): [DEBUG] in=(257,0) alert=/alert/emergency/veh/142/seq=0/zor=[MASKED] decision=drop because duplicate alert
+115.243330125s 75 caf.Forwarder:OnIncomingAlert(): [DEBUG] in=257 alert=/alert/emergency/veh/142/seq=0/zor=[MASKED]
+115.243330125s 75 caf.Forwarder:AlertVehicleHandler(): [DEBUG] in=(257,0) alert=/alert/emergency/veh/142/seq=0/zor=[MASKED] decision=drop because duplicate alert
+115.243330136s 133 caf.Forwarder:OnIncomingAlert(): [DEBUG] in=257 alert=/alert/emergency/veh/142/seq=0/zor=[MASKED]
+115.243330136s 133 caf.Forwarder:AlertVehicleHandler(): [DEBUG] in=(257,0) alert=/alert/emergency/veh/142/seq=0/zor=[MASKED] decision=forward to vehicles deferred until 0ms
+115.243330136s 133 caf.Forwarder:OnOutgoingAlert(): [DEBUG] out=257 alert=/alert/emergency/veh/142/seq=0/zor=[MASKED]
+115.243330136s 133 ndn.AlertConsumer:doReceive(): [INFO ] Received alert: /alert/emergency/veh/142/seq=0/zor=[MASKED]
+115.244204168s 69 caf.Forwarder:OnIncomingAlert(): [DEBUG] in=257 alert=/alert/emergency/veh/142/seq=0/zor=[MASKED]
+115.244204168s 69 caf.Forwarder:AlertVehicleHandler(): [DEBUG] in=(257,0) alert=/alert/emergency/veh/142/seq=0/zor=[MASKED] decision=forward to vehicles deferred until 0ms
+115.244204168s 69 caf.Forwarder:OnOutgoingAlert(): [DEBUG] out=257 alert=/alert/emergency/veh/142/seq=0/zor=[MASKED]
+115.244204168s 69 ndn.AlertConsumer:doReceive(): [INFO ] Received alert: /alert/emergency/veh/142/seq=0/zor=[MASKED]
+115.244204204s 132 caf.Forwarder:OnIncomingAlert(): [DEBUG] in=257 alert=/alert/emergency/veh/142/seq=0/zor=[MASKED]
+115.244204204s 132 caf.Forwarder:AlertVehicleHandler(): [DEBUG] in= (257,0) alert=/alert/emergency/veh/142/seq=0/zor=[MASKED] timer cancelled because sender closer to ZoR
+115.244204216s 128 caf.Forwarder:OnIncomingAlert(): [DEBUG] in=257 alert=/alert/emergency/veh/142/seq=0/zor=[MASKED]
+115.244204216s 128 caf.Forwarder:AlertVehicleHandler(): [DEBUG] in=(257,0) alert=/alert/emergency/veh/142/seq=0/zor=[MASKED] decision=forward to vehicles deferred until 0ms
+115.244204216s 128 caf.Forwarder:OnOutgoingAlert(): [DEBUG] out=257 alert=/alert/emergency/veh/142/seq=0/zor=[MASKED]
+115.244204216s 128 ndn.AlertConsumer:doReceive(): [INFO ] Received alert: /alert/emergency/veh/142/seq=0/zor=[MASKED]
+115.244204222s 66 caf.Forwarder:OnIncomingAlert(): [DEBUG] in=257 alert=/alert/emergency/veh/142/seq=0/zor=[MASKED]
+115.244204222s 66 caf.Forwarder:AlertVehicleHandler(): [DEBUG] in=(257,0) alert=/alert/emergency/veh/142/seq=0/zor=[MASKED] decision=forward to vehicles deferred until 0ms
+115.244204222s 66 caf.Forwarder:OnOutgoingAlert(): [DEBUG] out=257 alert=/alert/emergency/veh/142/seq=0/zor=[MASKED]
+115.244204222s 66 ndn.AlertConsumer:doReceive(): [INFO ] Received alert: /alert/emergency/veh/142/seq=0/zor=[MASKED]
+115.244204257s 129 caf.Forwarder:OnIncomingAlert(): [DEBUG] in=257 alert=/alert/emergency/veh/142/seq=0/zor=[MASKED]
+115.244204257s 129 caf.Forwarder:AlertVehicleHandler(): [DEBUG] in=(257,0) alert=/alert/emergency/veh/142/seq=0/zor=[MASKED] decision=forward to vehicles deferred until 0ms
+115.244204257s 129 caf.Forwarder:OnOutgoingAlert(): [DEBUG] out=257 alert=/alert/emergency/veh/142/seq=0/zor=[MASKED]
+115.244204257s 129 ndn.AlertConsumer:doReceive(): [INFO ] Received alert: /alert/emergency/veh/142/seq=0/zor=[MASKED]
+115.244204307s 61 caf.Forwarder:OnIncomingAlert(): [DEBUG] in=257 alert=/alert/emergency/veh/142/seq=0/zor=[MASKED]
+115.244204307s 61 caf.Forwarder:AlertVehicleHandler(): [DEBUG] in=(257,0) alert=/alert/emergency/veh/142/seq=0/zor=[MASKED] decision=drop because duplicate alert
+115.245078200s 133 caf.Forwarder:OnIncomingAlert(): [DEBUG] in=257 alert=/alert/emergency/veh/142/seq=0/zor=[MASKED]
+115.245078200s 133 caf.Forwarder:AlertVehicleHandler(): [DEBUG] in=(257,0) alert=/alert/emergency/veh/142/seq=0/zor=[MASKED] decision=drop because duplicate alert
+116.109289586s 144 ndn.RandomAlertProducer:SendAlert(): [LOGIC] Don't send alert; condition failed
+116.486106518s 143 ndn.RandomAlertProducer:AlertSupplier(): [LOGIC] Send alert=/alert/emergency/veh/143/seq=0/zor=[MASKED] vehCount=58 rsuCount=9
+116.486106518s 143 caf.Forwarder:OnIncomingAlert(): [DEBUG] in=260 alert=/alert/emergency/veh/143/seq=0/zor=[MASKED]
+116.486106518s 143 caf.Forwarder:AlertVehicleHandler(): [DEBUG] in=(260,0) alert=/alert/emergency/veh/143/seq=0/zor=[MASKED] decision=forward to vehicles
+116.486106518s 143 caf.Forwarder:OnOutgoingAlert(): [DEBUG] out=257 alert=/alert/emergency/veh/143/seq=0/zor=[MASKED]
+116.486980591s 146 caf.Forwarder:OnIncomingAlert(): [DEBUG] in=257 alert=/alert/emergency/veh/143/seq=0/zor=[MASKED]
+116.486980591s 146 caf.Forwarder:AlertVehicleHandler(): [DEBUG] in=(257,0) alert=/alert/emergency/veh/143/seq=0/zor=[MASKED] decision=drop since sender is closer
+116.719363737s 145 ndn.RandomAlertProducer:AlertSupplier(): [LOGIC] Send alert=/alert/emergency/veh/145/seq=0/zor=[MASKED] vehCount=59 rsuCount=9
+116.719363737s 145 caf.Forwarder:OnIncomingAlert(): [DEBUG] in=260 alert=/alert/emergency/veh/145/seq=0/zor=[MASKED]
+116.719363737s 145 caf.Forwarder:AlertVehicleHandler(): [DEBUG] in=(260,0) alert=/alert/emergency/veh/145/seq=0/zor=[MASKED] decision=forward to vehicles
+116.719363737s 145 caf.Forwarder:OnOutgoingAlert(): [DEBUG] out=257 alert=/alert/emergency/veh/145/seq=0/zor=[MASKED]
+116.720237824s 140 caf.Forwarder:OnIncomingAlert(): [DEBUG] in=257 alert=/alert/emergency/veh/145/seq=0/zor=[MASKED]
+116.720237824s 140 caf.Forwarder:AlertVehicleHandler(): [DEBUG] in=(257,0) alert=/alert/emergency/veh/145/seq=0/zor=[MASKED] decision=forward to vehicles deferred until 2.41691ms
+116.720237847s 81 caf.Forwarder:OnIncomingAlert(): [DEBUG] in=257 alert=/alert/emergency/veh/145/seq=0/zor=[MASKED]
+116.720237847s 81 caf.Forwarder:AlertVehicleHandler(): [DEBUG] in=(257,0) alert=/alert/emergency/veh/145/seq=0/zor=[MASKED] decision=forward to vehicles deferred until 1.70872ms
+116.720237865s 144 caf.Forwarder:OnIncomingAlert(): [DEBUG] in=257 alert=/alert/emergency/veh/145/seq=0/zor=[MASKED]
+116.720237865s 144 caf.Forwarder:AlertVehicleHandler(): [DEBUG] in=(257,0) alert=/alert/emergency/veh/145/seq=0/zor=[MASKED] decision=drop since sender is closer
+116.720237870s 139 caf.Forwarder:OnIncomingAlert(): [DEBUG] in=257 alert=/alert/emergency/veh/145/seq=0/zor=[MASKED]
+116.720237870s 139 caf.Forwarder:AlertVehicleHandler(): [DEBUG] in=(257,0) alert=/alert/emergency/veh/145/seq=0/zor=[MASKED] decision=forward to vehicles deferred until 1.02168ms
+116.721259545s 139 caf.Forwarder:OnOutgoingAlert(): [DEBUG] out=257 alert=/alert/emergency/veh/145/seq=0/zor=[MASKED]
+116.721946564s 81 caf.Forwarder:OnOutgoingAlert(): [DEBUG] out=257 alert=/alert/emergency/veh/145/seq=0/zor=[MASKED]
+116.722133585s 81 caf.Forwarder:OnIncomingAlert(): [DEBUG] in=257 alert=/alert/emergency/veh/145/seq=0/zor=[MASKED]
+116.722133585s 81 caf.Forwarder:AlertVehicleHandler(): [DEBUG] in=(257,0) alert=/alert/emergency/veh/145/seq=0/zor=[MASKED] decision=drop because duplicate alert
+116.722133592s 140 caf.Forwarder:OnIncomingAlert(): [DEBUG] in=257 alert=/alert/emergency/veh/145/seq=0/zor=[MASKED]
+116.722133592s 140 caf.Forwarder:AlertVehicleHandler(): [DEBUG] in= (257,0) alert=/alert/emergency/veh/145/seq=0/zor=[MASKED] timer cancelled because sender closer to ZoR
+116.722133678s 145 caf.Forwarder:OnIncomingAlert(): [DEBUG] in=257 alert=/alert/emergency/veh/145/seq=0/zor=[MASKED]
+116.722133678s 145 caf.Forwarder:AlertVehicleHandler(): [DEBUG] in=(257,0) alert=/alert/emergency/veh/145/seq=0/zor=[MASKED] decision=drop because duplicate alert
+116.722133711s 135 caf.Forwarder:OnIncomingAlert(): [DEBUG] in=257 alert=/alert/emergency/veh/145/seq=0/zor=[MASKED]
+116.722133711s 135 caf.Forwarder:AlertVehicleHandler(): [DEBUG] in=(257,0) alert=/alert/emergency/veh/145/seq=0/zor=[MASKED] decision=forward to vehicles deferred until 0ms
+116.722133711s 135 caf.Forwarder:OnOutgoingAlert(): [DEBUG] out=257 alert=/alert/emergency/veh/145/seq=0/zor=[MASKED]
+116.722133711s 135 ndn.AlertConsumer:doReceive(): [INFO ] Received alert: /alert/emergency/veh/145/seq=0/zor=[MASKED]
+116.723007738s 74 caf.Forwarder:OnIncomingAlert(): [DEBUG] in=257 alert=/alert/emergency/veh/145/seq=0/zor=[MASKED]
+116.723007738s 74 caf.Forwarder:AlertVehicleHandler(): [DEBUG] in=(257,0) alert=/alert/emergency/veh/145/seq=0/zor=[MASKED] decision=forward to vehicles deferred until 0ms
+116.723007738s 74 caf.Forwarder:OnOutgoingAlert(): [DEBUG] out=257 alert=/alert/emergency/veh/145/seq=0/zor=[MASKED]
+116.723007738s 74 ndn.AlertConsumer:doReceive(): [INFO ] Received alert: /alert/emergency/veh/145/seq=0/zor=[MASKED]
+116.723007761s 136 caf.Forwarder:OnIncomingAlert(): [DEBUG] in=257 alert=/alert/emergency/veh/145/seq=0/zor=[MASKED]
+116.723007761s 136 caf.Forwarder:AlertVehicleHandler(): [DEBUG] in=(257,0) alert=/alert/emergency/veh/145/seq=0/zor=[MASKED] decision=forward to vehicles deferred until 0ms
+116.723007761s 136 caf.Forwarder:OnOutgoingAlert(): [DEBUG] out=257 alert=/alert/emergency/veh/145/seq=0/zor=[MASKED]
+116.723007761s 136 ndn.AlertConsumer:doReceive(): [INFO ] Received alert: /alert/emergency/veh/145/seq=0/zor=[MASKED]
+116.723007796s 130 caf.Forwarder:OnIncomingAlert(): [DEBUG] in=257 alert=/alert/emergency/veh/145/seq=0/zor=[MASKED]
+116.723007796s 130 caf.Forwarder:AlertVehicleHandler(): [DEBUG] in=(257,0) alert=/alert/emergency/veh/145/seq=0/zor=[MASKED] decision=forward to vehicles deferred until 0ms
+116.723007796s 130 caf.Forwarder:OnOutgoingAlert(): [DEBUG] out=257 alert=/alert/emergency/veh/145/seq=0/zor=[MASKED]
+116.723007796s 130 ndn.AlertConsumer:doReceive(): [INFO ] Received alert: /alert/emergency/veh/145/seq=0/zor=[MASKED]
+116.723007851s 91 caf.Forwarder:OnIncomingAlert(): [DEBUG] in=257 alert=/alert/emergency/veh/145/seq=0/zor=[MASKED]
+116.723007851s 91 caf.Forwarder:AlertVehicleHandler(): [DEBUG] in=(257,0) alert=/alert/emergency/veh/145/seq=0/zor=[MASKED] decision=forward to vehicles deferred until 0ms
+116.723007851s 91 caf.Forwarder:OnOutgoingAlert(): [DEBUG] out=257 alert=/alert/emergency/veh/145/seq=0/zor=[MASKED]
+116.723007851s 91 ndn.AlertConsumer:doReceive(): [INFO ] Received alert: /alert/emergency/veh/145/seq=0/zor=[MASKED]
+116.723007857s 125 caf.Forwarder:OnIncomingAlert(): [DEBUG] in=257 alert=/alert/emergency/veh/145/seq=0/zor=[MASKED]
+116.723007857s 125 caf.Forwarder:AlertVehicleHandler(): [DEBUG] in=(257,0) alert=/alert/emergency/veh/145/seq=0/zor=[MASKED] decision=forward to vehicles deferred until 0ms
+116.723007857s 125 caf.Forwarder:OnOutgoingAlert(): [DEBUG] out=257 alert=/alert/emergency/veh/145/seq=0/zor=[MASKED]
+116.723007857s 125 ndn.AlertConsumer:doReceive(): [INFO ] Received alert: /alert/emergency/veh/145/seq=0/zor=[MASKED]
+116.723176615s 140 caf.Forwarder:OnIncomingAlert(): [DEBUG] in=257 alert=/alert/emergency/veh/145/seq=0/zor=[MASKED]
+116.723176615s 140 caf.Forwarder:AlertVehicleHandler(): [DEBUG] in=(257,0) alert=/alert/emergency/veh/145/seq=0/zor=[MASKED] decision=drop because duplicate alert
+116.723176695s 145 caf.Forwarder:OnIncomingAlert(): [DEBUG] in=257 alert=/alert/emergency/veh/145/seq=0/zor=[MASKED]
+116.723176695s 145 caf.Forwarder:AlertVehicleHandler(): [DEBUG] in=(257,0) alert=/alert/emergency/veh/145/seq=0/zor=[MASKED] decision=drop because duplicate alert
+116.723881765s 135 caf.Forwarder:OnIncomingAlert(): [DEBUG] in=257 alert=/alert/emergency/veh/145/seq=0/zor=[MASKED]
+116.723881765s 135 caf.Forwarder:AlertVehicleHandler(): [DEBUG] in=(257,0) alert=/alert/emergency/veh/145/seq=0/zor=[MASKED] decision=drop because duplicate alert
+116.822332963s 146 ndn.RandomAlertProducer:SendAlert(): [LOGIC] Don't send alert; condition failed
+118.543504064s 147 ndn.RandomAlertProducer:AlertSupplier(): [LOGIC] Send alert=/alert/emergency/veh/147/seq=0/zor=[MASKED] vehCount=57 rsuCount=9
+118.543504064s 147 caf.Forwarder:OnIncomingAlert(): [DEBUG] in=260 alert=/alert/emergency/veh/147/seq=0/zor=[MASKED]
+118.543504064s 147 caf.Forwarder:AlertVehicleHandler(): [DEBUG] in=(260,0) alert=/alert/emergency/veh/147/seq=0/zor=[MASKED] decision=forward to vehicles
+118.543504064s 147 caf.Forwarder:OnOutgoingAlert(): [DEBUG] out=257 alert=/alert/emergency/veh/147/seq=0/zor=[MASKED]
+118.544378086s 148 caf.Forwarder:OnIncomingAlert(): [DEBUG] in=257 alert=/alert/emergency/veh/147/seq=0/zor=[MASKED]
+118.544378086s 148 caf.Forwarder:AlertVehicleHandler(): [DEBUG] in=(257,0) alert=/alert/emergency/veh/147/seq=0/zor=[MASKED] decision=forward to vehicles deferred until 4.39222ms
+118.544378105s 61 caf.Forwarder:OnIncomingAlert(): [DEBUG] in=257 alert=/alert/emergency/veh/147/seq=0/zor=[MASKED]
+118.544378105s 61 caf.Forwarder:AlertVehicleHandler(): [DEBUG] in=(257,0) alert=/alert/emergency/veh/147/seq=0/zor=[MASKED] decision=drop since sender is closer
+118.544378156s 142 caf.Forwarder:OnIncomingAlert(): [DEBUG] in=257 alert=/alert/emergency/veh/147/seq=0/zor=[MASKED]
+118.544378156s 142 caf.Forwarder:AlertVehicleHandler(): [DEBUG] in=(257,0) alert=/alert/emergency/veh/147/seq=0/zor=[MASKED] decision=forward to vehicles deferred until 2.26239ms
+118.544378173s 152 caf.Forwarder:OnIncomingAlert(): [DEBUG] in=257 alert=/alert/emergency/veh/147/seq=0/zor=[MASKED]
+118.544378173s 152 caf.Forwarder:AlertVehicleHandler(): [DEBUG] in=(257,0) alert=/alert/emergency/veh/147/seq=0/zor=[MASKED] decision=drop since sender is closer
+118.544378201s 69 caf.Forwarder:OnIncomingAlert(): [DEBUG] in=257 alert=/alert/emergency/veh/147/seq=0/zor=[MASKED]
+118.544378201s 69 caf.Forwarder:AlertVehicleHandler(): [DEBUG] in=(257,0) alert=/alert/emergency/veh/147/seq=0/zor=[MASKED] decision=forward to vehicles deferred until 0.894876ms
+118.544378222s 138 caf.Forwarder:OnIncomingAlert(): [DEBUG] in=257 alert=/alert/emergency/veh/147/seq=0/zor=[MASKED]
+118.544378222s 138 caf.Forwarder:AlertVehicleHandler(): [DEBUG] in=(257,0) alert=/alert/emergency/veh/147/seq=0/zor=[MASKED] decision=forward to vehicles deferred until 0.27545ms
+118.544653671s 138 caf.Forwarder:OnOutgoingAlert(): [DEBUG] out=257 alert=/alert/emergency/veh/147/seq=0/zor=[MASKED]
+118.545273076s 69 caf.Forwarder:OnOutgoingAlert(): [DEBUG] out=257 alert=/alert/emergency/veh/147/seq=0/zor=[MASKED]
+118.545527697s 69 caf.Forwarder:OnIncomingAlert(): [DEBUG] in=257 alert=/alert/emergency/veh/147/seq=0/zor=[MASKED]
+118.545527697s 69 caf.Forwarder:AlertVehicleHandler(): [DEBUG] in=(257,0) alert=/alert/emergency/veh/147/seq=0/zor=[MASKED] decision=drop because duplicate alert
+118.545527712s 141 caf.Forwarder:OnIncomingAlert(): [DEBUG] in=257 alert=/alert/emergency/veh/147/seq=0/zor=[MASKED]
+118.545527712s 141 caf.Forwarder:AlertVehicleHandler(): [DEBUG] in=(257,0) alert=/alert/emergency/veh/147/seq=0/zor=[MASKED] decision=forward to vehicles deferred until 3.80727ms
+118.545527737s 142 caf.Forwarder:OnIncomingAlert(): [DEBUG] in=257 alert=/alert/emergency/veh/147/seq=0/zor=[MASKED]
+118.545527737s 142 caf.Forwarder:AlertVehicleHandler(): [DEBUG] in= (257,0) alert=/alert/emergency/veh/147/seq=0/zor=[MASKED] timer cancelled because sender closer to ZoR
+118.545527759s 66 caf.Forwarder:OnIncomingAlert(): [DEBUG] in=257 alert=/alert/emergency/veh/147/seq=0/zor=[MASKED]
+118.545527759s 66 caf.Forwarder:AlertVehicleHandler(): [DEBUG] in=(257,0) alert=/alert/emergency/veh/147/seq=0/zor=[MASKED] decision=forward to vehicles deferred until 2.38979ms
+118.545527810s 148 caf.Forwarder:OnIncomingAlert(): [DEBUG] in=257 alert=/alert/emergency/veh/147/seq=0/zor=[MASKED]
+118.545527810s 148 caf.Forwarder:AlertVehicleHandler(): [DEBUG] in= (257,0) alert=/alert/emergency/veh/147/seq=0/zor=[MASKED] timer cancelled because sender closer to ZoR
+118.545527829s 147 caf.Forwarder:OnIncomingAlert(): [DEBUG] in=257 alert=/alert/emergency/veh/147/seq=0/zor=[MASKED]
+118.545527829s 147 caf.Forwarder:AlertVehicleHandler(): [DEBUG] in=(257,0) alert=/alert/emergency/veh/147/seq=0/zor=[MASKED] decision=drop because duplicate alert
+118.545527840s 93 caf.Forwarder:OnIncomingAlert(): [DEBUG] in=257 alert=/alert/emergency/veh/147/seq=0/zor=[MASKED]
+118.545527840s 93 caf.Forwarder:AlertVehicleHandler(): [DEBUG] in=(257,0) alert=/alert/emergency/veh/147/seq=0/zor=[MASKED] decision=forward to vehicles deferred until 0ms
+118.545527840s 93 caf.Forwarder:OnOutgoingAlert(): [DEBUG] out=257 alert=/alert/emergency/veh/147/seq=0/zor=[MASKED]
+118.545527840s 93 ndn.AlertConsumer:doReceive(): [INFO ] Received alert: /alert/emergency/veh/147/seq=0/zor=[MASKED]
+118.546401884s 132 caf.Forwarder:OnIncomingAlert(): [DEBUG] in=257 alert=/alert/emergency/veh/147/seq=0/zor=[MASKED]
+118.546401884s 132 caf.Forwarder:AlertVehicleHandler(): [DEBUG] in=(257,0) alert=/alert/emergency/veh/147/seq=0/zor=[MASKED] decision=forward to vehicles deferred until 0ms
+118.546401884s 132 caf.Forwarder:OnOutgoingAlert(): [DEBUG] out=257 alert=/alert/emergency/veh/147/seq=0/zor=[MASKED]
+118.546401884s 132 ndn.AlertConsumer:doReceive(): [INFO ] Received alert: /alert/emergency/veh/147/seq=0/zor=[MASKED]
+118.546401923s 66 caf.Forwarder:OnIncomingAlert(): [DEBUG] in=257 alert=/alert/emergency/veh/147/seq=0/zor=[MASKED]
+118.546401923s 66 caf.Forwarder:AlertVehicleHandler(): [DEBUG] in= (257,0) alert=/alert/emergency/veh/147/seq=0/zor=[MASKED] timer cancelled because sender closer to ZoR
+118.546401945s 86 caf.Forwarder:OnIncomingAlert(): [DEBUG] in=257 alert=/alert/emergency/veh/147/seq=0/zor=[MASKED]
+118.546401945s 86 caf.Forwarder:AlertVehicleHandler(): [DEBUG] in=(257,0) alert=/alert/emergency/veh/147/seq=0/zor=[MASKED] decision=forward to vehicles deferred until 0ms
+118.546401945s 86 caf.Forwarder:OnOutgoingAlert(): [DEBUG] out=257 alert=/alert/emergency/veh/147/seq=0/zor=[MASKED]
+118.546401945s 86 ndn.AlertConsumer:doReceive(): [INFO ] Received alert: /alert/emergency/veh/147/seq=0/zor=[MASKED]
+118.546401965s 133 caf.Forwarder:OnIncomingAlert(): [DEBUG] in=257 alert=/alert/emergency/veh/147/seq=0/zor=[MASKED]
+118.546401965s 133 caf.Forwarder:AlertVehicleHandler(): [DEBUG] in=(257,0) alert=/alert/emergency/veh/147/seq=0/zor=[MASKED] decision=forward to vehicles deferred until 0ms
+118.546401965s 133 caf.Forwarder:OnOutgoingAlert(): [DEBUG] out=257 alert=/alert/emergency/veh/147/seq=0/zor=[MASKED]
+118.546401965s 133 ndn.AlertConsumer:doReceive(): [INFO ] Received alert: /alert/emergency/veh/147/seq=0/zor=[MASKED]
+118.546414747s 142 caf.Forwarder:OnIncomingAlert(): [DEBUG] in=257 alert=/alert/emergency/veh/147/seq=0/zor=[MASKED]
+118.546414747s 142 caf.Forwarder:AlertVehicleHandler(): [DEBUG] in=(257,0) alert=/alert/emergency/veh/147/seq=0/zor=[MASKED] decision=drop because duplicate alert
+118.546414817s 148 caf.Forwarder:OnIncomingAlert(): [DEBUG] in=257 alert=/alert/emergency/veh/147/seq=0/zor=[MASKED]
+118.546414817s 148 caf.Forwarder:AlertVehicleHandler(): [DEBUG] in=(257,0) alert=/alert/emergency/veh/147/seq=0/zor=[MASKED] decision=drop because duplicate alert
+118.546414834s 147 caf.Forwarder:OnIncomingAlert(): [DEBUG] in=257 alert=/alert/emergency/veh/147/seq=0/zor=[MASKED]
+118.546414834s 147 caf.Forwarder:AlertVehicleHandler(): [DEBUG] in=(257,0) alert=/alert/emergency/veh/147/seq=0/zor=[MASKED] decision=drop because duplicate alert
+118.547275928s 93 caf.Forwarder:OnIncomingAlert(): [DEBUG] in=257 alert=/alert/emergency/veh/147/seq=0/zor=[MASKED]
+118.547275928s 93 caf.Forwarder:AlertVehicleHandler(): [DEBUG] in=(257,0) alert=/alert/emergency/veh/147/seq=0/zor=[MASKED] decision=drop because duplicate alert
+118.549334984s 141 caf.Forwarder:OnOutgoingAlert(): [DEBUG] out=257 alert=/alert/emergency/veh/147/seq=0/zor=[MASKED]
+118.550209025s 138 caf.Forwarder:OnIncomingAlert(): [DEBUG] in=257 alert=/alert/emergency/veh/147/seq=0/zor=[MASKED]
+118.550209025s 138 caf.Forwarder:AlertVehicleHandler(): [DEBUG] in=(257,0) alert=/alert/emergency/veh/147/seq=0/zor=[MASKED] decision=drop because duplicate alert
+118.550209037s 66 caf.Forwarder:OnIncomingAlert(): [DEBUG] in=257 alert=/alert/emergency/veh/147/seq=0/zor=[MASKED]
+118.550209037s 66 caf.Forwarder:AlertVehicleHandler(): [DEBUG] in=(257,0) alert=/alert/emergency/veh/147/seq=0/zor=[MASKED] decision=drop because duplicate alert
+118.550209050s 69 caf.Forwarder:OnIncomingAlert(): [DEBUG] in=257 alert=/alert/emergency/veh/147/seq=0/zor=[MASKED]
+118.550209050s 69 caf.Forwarder:AlertVehicleHandler(): [DEBUG] in=(257,0) alert=/alert/emergency/veh/147/seq=0/zor=[MASKED] decision=drop because duplicate alert
+118.550209091s 142 caf.Forwarder:OnIncomingAlert(): [DEBUG] in=257 alert=/alert/emergency/veh/147/seq=0/zor=[MASKED]
+118.550209091s 142 caf.Forwarder:AlertVehicleHandler(): [DEBUG] in=(257,0) alert=/alert/emergency/veh/147/seq=0/zor=[MASKED] decision=drop because duplicate alert
+118.550209114s 93 caf.Forwarder:OnIncomingAlert(): [DEBUG] in=257 alert=/alert/emergency/veh/147/seq=0/zor=[MASKED]
+118.550209114s 93 caf.Forwarder:AlertVehicleHandler(): [DEBUG] in=(257,0) alert=/alert/emergency/veh/147/seq=0/zor=[MASKED] decision=drop because duplicate alert
+118.550209140s 132 caf.Forwarder:OnIncomingAlert(): [DEBUG] in=257 alert=/alert/emergency/veh/147/seq=0/zor=[MASKED]
+118.550209140s 132 caf.Forwarder:AlertVehicleHandler(): [DEBUG] in=(257,0) alert=/alert/emergency/veh/147/seq=0/zor=[MASKED] decision=drop because duplicate alert
+119.512215107s 149 ndn.RandomAlertProducer:SendAlert(): [LOGIC] Don't send alert; condition failed
+119.621007930s 148 ndn.RandomAlertProducer:AlertSupplier(): [LOGIC] Send alert=/alert/emergency/veh/148/seq=0/zor=[MASKED] vehCount=57 rsuCount=9
+119.621007930s 148 caf.Forwarder:OnIncomingAlert(): [DEBUG] in=260 alert=/alert/emergency/veh/148/seq=0/zor=[MASKED]
+119.621007930s 148 caf.Forwarder:AlertVehicleHandler(): [DEBUG] in=(260,0) alert=/alert/emergency/veh/148/seq=0/zor=[MASKED] decision=forward to vehicles
+119.621007930s 148 caf.Forwarder:OnOutgoingAlert(): [DEBUG] out=257 alert=/alert/emergency/veh/148/seq=0/zor=[MASKED]
+119.621881948s 147 caf.Forwarder:OnIncomingAlert(): [DEBUG] in=257 alert=/alert/emergency/veh/148/seq=0/zor=[MASKED]
+119.621881948s 147 caf.Forwarder:AlertVehicleHandler(): [DEBUG] in=(257,0) alert=/alert/emergency/veh/148/seq=0/zor=[MASKED] decision=drop since sender is closer
+119.621881960s 69 caf.Forwarder:OnIncomingAlert(): [DEBUG] in=257 alert=/alert/emergency/veh/148/seq=0/zor=[MASKED]
+119.621881960s 69 caf.Forwarder:AlertVehicleHandler(): [DEBUG] in=(257,0) alert=/alert/emergency/veh/148/seq=0/zor=[MASKED] decision=forward to vehicles deferred until 4.15402ms
+119.621882007s 142 caf.Forwarder:OnIncomingAlert(): [DEBUG] in=257 alert=/alert/emergency/veh/148/seq=0/zor=[MASKED]
+119.621882007s 142 caf.Forwarder:AlertVehicleHandler(): [DEBUG] in=(257,0) alert=/alert/emergency/veh/148/seq=0/zor=[MASKED] decision=forward to vehicles deferred until 2.73463ms
+119.621882049s 152 caf.Forwarder:OnIncomingAlert(): [DEBUG] in=257 alert=/alert/emergency/veh/148/seq=0/zor=[MASKED]
+119.621882049s 152 caf.Forwarder:AlertVehicleHandler(): [DEBUG] in=(257,0) alert=/alert/emergency/veh/148/seq=0/zor=[MASKED] decision=drop since sender is closer
+119.621882069s 138 caf.Forwarder:OnIncomingAlert(): [DEBUG] in=257 alert=/alert/emergency/veh/148/seq=0/zor=[MASKED]
+119.621882069s 138 caf.Forwarder:AlertVehicleHandler(): [DEBUG] in=(257,0) alert=/alert/emergency/veh/148/seq=0/zor=[MASKED] decision=forward to vehicles deferred until 0.836907ms
+119.621882075s 66 caf.Forwarder:OnIncomingAlert(): [DEBUG] in=257 alert=/alert/emergency/veh/148/seq=0/zor=[MASKED]
+119.621882075s 66 caf.Forwarder:AlertVehicleHandler(): [DEBUG] in=(257,0) alert=/alert/emergency/veh/148/seq=0/zor=[MASKED] decision=forward to vehicles deferred until 0.646094ms
+119.621882079s 61 caf.Forwarder:OnIncomingAlert(): [DEBUG] in=257 alert=/alert/emergency/veh/148/seq=0/zor=[MASKED]
+119.621882079s 61 caf.Forwarder:AlertVehicleHandler(): [DEBUG] in=(257,0) alert=/alert/emergency/veh/148/seq=0/zor=[MASKED] decision=drop since sender is closer
+119.622528169s 66 caf.Forwarder:OnOutgoingAlert(): [DEBUG] out=257 alert=/alert/emergency/veh/148/seq=0/zor=[MASKED]
+119.622718976s 138 caf.Forwarder:OnOutgoingAlert(): [DEBUG] out=257 alert=/alert/emergency/veh/148/seq=0/zor=[MASKED]
+119.623402191s 138 caf.Forwarder:OnIncomingAlert(): [DEBUG] in=257 alert=/alert/emergency/veh/148/seq=0/zor=[MASKED]
+119.623402191s 138 caf.Forwarder:AlertVehicleHandler(): [DEBUG] in=(257,0) alert=/alert/emergency/veh/148/seq=0/zor=[MASKED] decision=drop because duplicate alert
+119.623402229s 141 caf.Forwarder:OnIncomingAlert(): [DEBUG] in=257 alert=/alert/emergency/veh/148/seq=0/zor=[MASKED]
+119.623402229s 141 caf.Forwarder:AlertVehicleHandler(): [DEBUG] in=(257,0) alert=/alert/emergency/veh/148/seq=0/zor=[MASKED] decision=forward to vehicles deferred until 3.24825ms
+119.623402242s 142 caf.Forwarder:OnIncomingAlert(): [DEBUG] in=257 alert=/alert/emergency/veh/148/seq=0/zor=[MASKED]
+119.623402242s 142 caf.Forwarder:AlertVehicleHandler(): [DEBUG] in= (257,0) alert=/alert/emergency/veh/148/seq=0/zor=[MASKED] timer cancelled because sender closer to ZoR
+119.623402245s 93 caf.Forwarder:OnIncomingAlert(): [DEBUG] in=257 alert=/alert/emergency/veh/148/seq=0/zor=[MASKED]
+119.623402245s 93 caf.Forwarder:AlertVehicleHandler(): [DEBUG] in=(257,0) alert=/alert/emergency/veh/148/seq=0/zor=[MASKED] decision=forward to vehicles deferred until 0ms
+119.623402245s 93 caf.Forwarder:OnOutgoingAlert(): [DEBUG] out=257 alert=/alert/emergency/veh/148/seq=0/zor=[MASKED]
+119.623402245s 93 ndn.AlertConsumer:doReceive(): [INFO ] Received alert: /alert/emergency/veh/148/seq=0/zor=[MASKED]
+119.623402291s 69 caf.Forwarder:OnIncomingAlert(): [DEBUG] in=257 alert=/alert/emergency/veh/148/seq=0/zor=[MASKED]
+119.623402291s 69 caf.Forwarder:AlertVehicleHandler(): [DEBUG] in= (257,0) alert=/alert/emergency/veh/148/seq=0/zor=[MASKED] timer cancelled because sender closer to ZoR
+119.623402314s 148 caf.Forwarder:OnIncomingAlert(): [DEBUG] in=257 alert=/alert/emergency/veh/148/seq=0/zor=[MASKED]
+119.623402314s 148 caf.Forwarder:AlertVehicleHandler(): [DEBUG] in=(257,0) alert=/alert/emergency/veh/148/seq=0/zor=[MASKED] decision=drop because duplicate alert
+119.623402327s 147 caf.Forwarder:OnIncomingAlert(): [DEBUG] in=257 alert=/alert/emergency/veh/148/seq=0/zor=[MASKED]
+119.623402327s 147 caf.Forwarder:AlertVehicleHandler(): [DEBUG] in=(257,0) alert=/alert/emergency/veh/148/seq=0/zor=[MASKED] decision=drop because duplicate alert
+119.624276282s 141 caf.Forwarder:OnIncomingAlert(): [DEBUG] in=257 alert=/alert/emergency/veh/148/seq=0/zor=[MASKED]
+119.624276282s 141 caf.Forwarder:AlertVehicleHandler(): [DEBUG] in= (257,0) alert=/alert/emergency/veh/148/seq=0/zor=[MASKED] timer cancelled because sender closer to ZoR
+119.624276321s 66 caf.Forwarder:OnIncomingAlert(): [DEBUG] in=257 alert=/alert/emergency/veh/148/seq=0/zor=[MASKED]
+119.624276321s 66 caf.Forwarder:AlertVehicleHandler(): [DEBUG] in=(257,0) alert=/alert/emergency/veh/148/seq=0/zor=[MASKED] decision=drop because duplicate alert
+119.624276326s 138 caf.Forwarder:OnIncomingAlert(): [DEBUG] in=257 alert=/alert/emergency/veh/148/seq=0/zor=[MASKED]
+119.624276326s 138 caf.Forwarder:AlertVehicleHandler(): [DEBUG] in=(257,0) alert=/alert/emergency/veh/148/seq=0/zor=[MASKED] decision=drop because duplicate alert
+119.624276348s 86 caf.Forwarder:OnIncomingAlert(): [DEBUG] in=257 alert=/alert/emergency/veh/148/seq=0/zor=[MASKED]
+119.624276348s 86 caf.Forwarder:AlertVehicleHandler(): [DEBUG] in=(257,0) alert=/alert/emergency/veh/148/seq=0/zor=[MASKED] decision=forward to vehicles deferred until 0ms
+119.624276348s 86 caf.Forwarder:OnOutgoingAlert(): [DEBUG] out=257 alert=/alert/emergency/veh/148/seq=0/zor=[MASKED]
+119.624276348s 86 ndn.AlertConsumer:doReceive(): [INFO ] Received alert: /alert/emergency/veh/148/seq=0/zor=[MASKED]
+119.624276370s 132 caf.Forwarder:OnIncomingAlert(): [DEBUG] in=257 alert=/alert/emergency/veh/148/seq=0/zor=[MASKED]
+119.624276370s 132 caf.Forwarder:AlertVehicleHandler(): [DEBUG] in=(257,0) alert=/alert/emergency/veh/148/seq=0/zor=[MASKED] decision=forward to vehicles deferred until 0ms
+119.624276370s 132 caf.Forwarder:OnOutgoingAlert(): [DEBUG] out=257 alert=/alert/emergency/veh/148/seq=0/zor=[MASKED]
+119.624276370s 132 ndn.AlertConsumer:doReceive(): [INFO ] Received alert: /alert/emergency/veh/148/seq=0/zor=[MASKED]
+119.624276389s 142 caf.Forwarder:OnIncomingAlert(): [DEBUG] in=257 alert=/alert/emergency/veh/148/seq=0/zor=[MASKED]
+119.624276389s 142 caf.Forwarder:AlertVehicleHandler(): [DEBUG] in=(257,0) alert=/alert/emergency/veh/148/seq=0/zor=[MASKED] decision=drop because duplicate alert
+119.625293348s 66 caf.Forwarder:OnIncomingAlert(): [DEBUG] in=257 alert=/alert/emergency/veh/148/seq=0/zor=[MASKED]
+119.625293348s 66 caf.Forwarder:AlertVehicleHandler(): [DEBUG] in=(257,0) alert=/alert/emergency/veh/148/seq=0/zor=[MASKED] decision=drop because duplicate alert
+119.625293380s 141 caf.Forwarder:OnIncomingAlert(): [DEBUG] in=257 alert=/alert/emergency/veh/148/seq=0/zor=[MASKED]
+119.625293380s 141 caf.Forwarder:AlertVehicleHandler(): [DEBUG] in=(257,0) alert=/alert/emergency/veh/148/seq=0/zor=[MASKED] decision=drop because duplicate alert
+119.625293389s 142 caf.Forwarder:OnIncomingAlert(): [DEBUG] in=257 alert=/alert/emergency/veh/148/seq=0/zor=[MASKED]
+119.625293389s 142 caf.Forwarder:AlertVehicleHandler(): [DEBUG] in=(257,0) alert=/alert/emergency/veh/148/seq=0/zor=[MASKED] decision=drop because duplicate alert
+119.625293445s 69 caf.Forwarder:OnIncomingAlert(): [DEBUG] in=257 alert=/alert/emergency/veh/148/seq=0/zor=[MASKED]
+119.625293445s 69 caf.Forwarder:AlertVehicleHandler(): [DEBUG] in=(257,0) alert=/alert/emergency/veh/148/seq=0/zor=[MASKED] decision=drop because duplicate alert
+119.625293465s 148 caf.Forwarder:OnIncomingAlert(): [DEBUG] in=257 alert=/alert/emergency/veh/148/seq=0/zor=[MASKED]
+119.625293465s 148 caf.Forwarder:AlertVehicleHandler(): [DEBUG] in=(257,0) alert=/alert/emergency/veh/148/seq=0/zor=[MASKED] decision=drop because duplicate alert
+119.625293480s 147 caf.Forwarder:OnIncomingAlert(): [DEBUG] in=257 alert=/alert/emergency/veh/148/seq=0/zor=[MASKED]
+119.625293480s 147 caf.Forwarder:AlertVehicleHandler(): [DEBUG] in=(257,0) alert=/alert/emergency/veh/148/seq=0/zor=[MASKED] decision=drop because duplicate alert
