/home/crackedcookie53/Project/ns-3/bindings/python/wscript:333: SyntaxWarning: invalid escape sequence '\d'
  m = re.match( "^castxml version (\d\.\d)(-)?(\w+)?", castxml_version_line)
+60.000000000s 17 ndn.AlertConsumer:StartApplication(): [DEBUG] StartApplication()
+60.000000000s 18 ndn.AlertConsumer:StartApplication(): [DEBUG] StartApplication()
+60.000000000s 19 ndn.AlertConsumer:StartApplication(): [DEBUG] StartApplication()
+60.000000000s 20 ndn.AlertConsumer:StartApplication(): [DEBUG] StartApplication()
+60.000000000s 21 ndn.AlertConsumer:StartApplication(): [DEBUG] StartApplication()
+60.000000000s 22 ndn.AlertConsumer:StartApplication(): [DEBUG] StartApplication()
+60.000000000s 23 ndn.AlertConsumer:StartApplication(): [DEBUG] StartApplication()
+60.000000000s 24 ndn.AlertConsumer:StartApplication(): [DEBUG] StartApplication()
+60.000000000s 25 ndn.AlertConsumer:StartApplication(): [DEBUG] StartApplication()
+60.000000000s 26 ndn.AlertConsumer:StartApplication(): [DEBUG] StartApplication()
+60.000000000s 27 ndn.AlertConsumer:StartApplication(): [DEBUG] StartApplication()
+60.000000000s 28 ndn.AlertConsumer:StartApplication(): [DEBUG] StartApplication()
+60.000000000s 29 ndn.AlertConsumer:StartApplication(): [DEBUG] StartApplication()
+60.000000000s 30 ndn.AlertConsumer:StartApplication(): [DEBUG] StartApplication()
+60.000000000s 31 ndn.AlertConsumer:StartApplication(): [DEBUG] StartApplication()
+60.000000000s 32 ndn.AlertConsumer:StartApplication(): [DEBUG] StartApplication()
+60.000000000s 33 ndn.AlertConsumer:StartApplication(): [DEBUG] StartApplication()
+60.000000000s 34 ndn.AlertConsumer:StartApplication(): [DEBUG] StartApplication()
+60.000000000s 35 ndn.AlertConsumer:StartApplication(): [DEBUG] StartApplication()
+60.000000000s 36 ndn.AlertConsumer:StartApplication(): [DEBUG] StartApplication()
+60.000000000s 37 ndn.AlertConsumer:StartApplication(): [DEBUG] StartApplication()
+60.000000000s 38 ndn.AlertConsumer:StartApplication(): [DEBUG] StartApplication()
+60.000000000s 39 ndn.AlertConsumer:StartApplication(): [DEBUG] StartApplication()
+60.000000000s 40 ndn.AlertConsumer:StartApplication(): [DEBUG] StartApplication()
+60.000000000s 41 ndn.AlertConsumer:StartApplication(): [DEBUG] StartApplication()
+60.000000000s 42 ndn.AlertConsumer:StartApplication(): [DEBUG] StartApplication()
+60.000000000s 43 ndn.AlertConsumer:StartApplication(): [DEBUG] StartApplication()
+60.000000000s 44 ndn.AlertConsumer:StartApplication(): [DEBUG] StartApplication()
+60.000000000s 45 ndn.AlertConsumer:StartApplication(): [DEBUG] StartApplication()
+60.000000000s 46 ndn.AlertConsumer:StartApplication(): [DEBUG] StartApplication()
+60.000000000s 47 ndn.AlertConsumer:StartApplication(): [DEBUG] StartApplication()
+60.000000000s 48 ndn.AlertConsumer:StartApplication(): [DEBUG] StartApplication()
+60.000000000s 49 ndn.AlertConsumer:StartApplication(): [DEBUG] StartApplication()
+60.000000000s 50 ndn.AlertConsumer:StartApplication(): [DEBUG] StartApplication()
+60.000000000s 51 ndn.AlertConsumer:StartApplication(): [DEBUG] StartApplication()
+60.000000000s 52 ndn.AlertConsumer:StartApplication(): [DEBUG] StartApplication()
+60.000000000s 53 ndn.AlertConsumer:StartApplication(): [DEBUG] StartApplication()
+60.000000000s 54 ndn.AlertConsumer:StartApplication(): [DEBUG] StartApplication()
+60.000000000s 55 ndn.AlertConsumer:StartApplication(): [DEBUG] StartApplication()
+60.000000000s 56 ndn.AlertConsumer:StartApplication(): [DEBUG] StartApplication()
+60.000000000s 57 ndn.AlertConsumer:StartApplication(): [DEBUG] StartApplication()
+60.000000000s 58 ndn.AlertConsumer:StartApplication(): [DEBUG] StartApplication()
+60.000000000s 59 ndn.AlertConsumer:StartApplication(): [DEBUG] StartApplication()
+60.000000000s 60 ndn.AlertConsumer:StartApplication(): [DEBUG] StartApplication()
+60.000000000s 61 ndn.AlertConsumer:StartApplication(): [DEBUG] StartApplication()
+60.000000000s 62 ndn.AlertConsumer:StartApplication(): [DEBUG] StartApplication()
+60.000000000s 63 ndn.AlertConsumer:StartApplication(): [DEBUG] StartApplication()
+60.000000000s 64 ndn.AlertConsumer:StartApplication(): [DEBUG] StartApplication()
+60.000000000s 65 ndn.AlertConsumer:StartApplication(): [DEBUG] StartApplication()
+60.000000000s 66 ndn.AlertConsumer:StartApplication(): [DEBUG] StartApplication()
+60.000000000s 67 ndn.AlertConsumer:StartApplication(): [DEBUG] StartApplication()
+60.000000000s 68 ndn.AlertConsumer:StartApplication(): [DEBUG] StartApplication()
+60.000000000s 69 ndn.AlertConsumer:StartApplication(): [DEBUG] StartApplication()
+60.000000000s 70 ndn.AlertConsumer:StartApplication(): [DEBUG] StartApplication()
+60.000000000s 71 ndn.AlertConsumer:StartApplication(): [DEBUG] StartApplication()
+60.000000000s 72 ndn.AlertConsumer:StartApplication(): [DEBUG] StartApplication()
+60.000000000s 73 ndn.AlertConsumer:StartApplication(): [DEBUG] StartApplication()
+60.000000000s 74 ndn.AlertConsumer:StartApplication(): [DEBUG] StartApplication()
+60.000000000s 75 ndn.AlertConsumer:StartApplication(): [DEBUG] StartApplication()
+60.000000000s 76 ndn.AlertConsumer:StartApplication(): [DEBUG] StartApplication()
+60.000000000s 77 ndn.AlertConsumer:StartApplication(): [DEBUG] StartApplication()
+60.000000000s 78 ndn.AlertConsumer:StartApplication(): [DEBUG] StartApplication()
+60.000000000s 79 ndn.AlertConsumer:StartApplication(): [DEBUG] StartApplication()
+60.000000000s 80 ndn.AlertConsumer:StartApplication(): [DEBUG] StartApplication()
+60.000000000s 81 ndn.AlertConsumer:StartApplication(): [DEBUG] StartApplication()
+60.000000000s 82 ndn.AlertConsumer:StartApplication(): [DEBUG] StartApplication()
+60.000000000s 83 ndn.AlertConsumer:StartApplication(): [DEBUG] StartApplication()
+60.000000000s 84 ndn.AlertConsumer:StartApplication(): [DEBUG] StartApplication()
+60.000000000s 85 ndn.AlertConsumer:StartApplication(): [DEBUG] StartApplication()
+60.000000000s 86 ndn.AlertConsumer:StartApplication(): [DEBUG] StartApplication()
+60.000000000s 87 ndn.AlertConsumer:StartApplication(): [DEBUG] StartApplication()
+60.000000000s 88 ndn.AlertConsumer:StartApplication(): [DEBUG] StartApplication()
+60.000000000s 89 ndn.AlertConsumer:StartApplication(): [DEBUG] StartApplication()
+60.000000000s 90 ndn.AlertConsumer:StartApplication(): [DEBUG] StartApplication()
+60.000000000s 91 ndn.AlertConsumer:StartApplication(): [DEBUG] StartApplication()
+60.000000000s 92 ndn.AlertConsumer:StartApplication(): [DEBUG] StartApplication()
+60.000000000s 93 ndn.AlertConsumer:StartApplication(): [DEBUG] StartApplication()
+60.000000000s 94 ndn.AlertConsumer:StartApplication(): [DEBUG] StartApplication()
+60.000000000s 95 ndn.AlertConsumer:StartApplication(): [DEBUG] StartApplication()
+60.000000000s 96 ndn.AlertConsumer:StartApplication(): [DEBUG] StartApplication()
+60.000000000s 97 ndn.AlertConsumer:StartApplication(): [DEBUG] StartApplication()
+60.000000000s 98 ndn.AlertConsumer:StartApplication(): [DEBUG] StartApplication()
+60.000000000s 99 ndn.AlertConsumer:StartApplication(): [DEBUG] StartApplication()
+60.000000000s 100 ndn.AlertConsumer:StartApplication(): [DEBUG] StartApplication()
+60.000000000s 101 ndn.AlertConsumer:StartApplication(): [DEBUG] StartApplication()
+60.000000000s 102 ndn.AlertConsumer:StartApplication(): [DEBUG] StartApplication()
+60.000000000s 103 ndn.AlertConsumer:StartApplication(): [DEBUG] StartApplication()
+60.000000000s 104 ndn.AlertConsumer:StartApplication(): [DEBUG] StartApplication()
+60.000000000s 105 ndn.AlertConsumer:StartApplication(): [DEBUG] StartApplication()
+60.000000000s 106 ndn.AlertConsumer:StartApplication(): [DEBUG] StartApplication()
+60.000000000s 107 ndn.AlertConsumer:StartApplication(): [DEBUG] StartApplication()
+60.000000000s 108 ndn.AlertConsumer:StartApplication(): [DEBUG] StartApplication()
+60.000000000s 109 ndn.AlertConsumer:StartApplication(): [DEBUG] StartApplication()
+60.000000000s 110 ndn.AlertConsumer:StartApplication(): [DEBUG] StartApplication()
+60.000000000s 111 ndn.AlertConsumer:StartApplication(): [DEBUG] StartApplication()
+60.000000000s 112 ndn.AlertConsumer:StartApplication(): [DEBUG] StartApplication()
+60.000000000s 113 ndn.AlertConsumer:StartApplication(): [DEBUG] StartApplication()
+60.000000000s 114 ndn.AlertConsumer:StartApplication(): [DEBUG] StartApplication()
+60.000000000s 115 ndn.AlertConsumer:StartApplication(): [DEBUG] StartApplication()
+60.000000000s 116 ndn.AlertConsumer:StartApplication(): [DEBUG] StartApplication()
+60.000000000s 117 ndn.AlertConsumer:StartApplication(): [DEBUG] StartApplication()
+60.000000000s 118 ndn.AlertConsumer:StartApplication(): [DEBUG] StartApplication()
+60.000000000s 119 ndn.AlertConsumer:StartApplication(): [DEBUG] StartApplication()
+60.000000000s 120 ndn.AlertConsumer:StartApplication(): [DEBUG] StartApplication()
+60.000000000s 121 ndn.AlertConsumer:StartApplication(): [DEBUG] StartApplication()
+60.000000000s 122 ndn.AlertConsumer:StartApplication(): [DEBUG] StartApplication()
+60.000000000s 123 ndn.AlertConsumer:StartApplication(): [DEBUG] StartApplication()
+60.000000000s 124 ndn.AlertConsumer:StartApplication(): [DEBUG] StartApplication()
+60.000000000s 125 ndn.AlertConsumer:StartApplication(): [DEBUG] StartApplication()
+60.000000000s 126 ndn.AlertConsumer:StartApplication(): [DEBUG] StartApplication()
+60.000000000s 127 ndn.AlertConsumer:StartApplication(): [DEBUG] StartApplication()
+60.000000000s 128 ndn.AlertConsumer:StartApplication(): [DEBUG] StartApplication()
+60.000000000s 129 ndn.AlertConsumer:StartApplication(): [DEBUG] StartApplication()
+60.000000000s 130 ndn.AlertConsumer:StartApplication(): [DEBUG] StartApplication()
+61.882688230s 64 ndn.RandomAlertProducer:SendAlert(): [LOGIC] Don't send alert; condition failed
+63.561056120s 66 ndn.RandomAlertProducer:SendAlert(): [LOGIC] Don't send alert; condition failed
+63.584012796s 65 ndn.RandomAlertProducer:SendAlert(): [LOGIC] Don't send alert; condition failed
+64.052324039s 67 ndn.RandomAlertProducer:AlertSupplier(): [LOGIC] Send alert=/alert/emergency/veh/67/seq=0/zor=[MASKED] vehCount=36 rsuCount=9
+64.052324039s 67 caf.Forwarder:OnIncomingAlert(): [DEBUG] in=260 alert=/alert/emergency/veh/67/seq=0/zor=[MASKED]
+64.052324039s 67 caf.Forwarder:AlertVehicleHandler(): [DEBUG] in=(260,0) alert=/alert/emergency/veh/67/seq=0/zor=[MASKED] decision=forward to vehicles
+64.052324039s 67 caf.Forwarder:OnOutgoingAlert(): [DEBUG] out=257 alert=/alert/emergency/veh/67/seq=0/zor=[MASKED]
+64.053194096s 69 caf.Forwarder:OnIncomingAlert(): [DEBUG] in=257 alert=/alert/emergency/veh/67/seq=0/zor=[MASKED]
+64.053194096s 69 caf.Forwarder:AlertVehicleHandler(): [DEBUG] in=(257,0) alert=/alert/emergency/veh/67/seq=0/zor=[MASKED] decision=drop since sender is closer
+64.053194118s 66 caf.Forwarder:OnIncomingAlert(): [DEBUG] in=257 alert=/alert/emergency/veh/67/seq=0/zor=[MASKED]
+64.053194118s 66 caf.Forwarder:AlertVehicleHandler(): [DEBUG] in=(257,0) alert=/alert/emergency/veh/67/seq=0/zor=[MASKED] decision=forward to vehicles deferred until 2.65942ms
+64.055853541s 66 caf.Forwarder:OnOutgoingAlert(): [DEBUG] out=257 alert=/alert/emergency/veh/67/seq=0/zor=[MASKED]
+64.056723620s 67 caf.Forwarder:OnIncomingAlert(): [DEBUG] in=257 alert=/alert/emergency/veh/67/seq=0/zor=[MASKED]
+64.056723620s 67 caf.Forwarder:AlertVehicleHandler(): [DEBUG] in=(257,0) alert=/alert/emergency/veh/67/seq=0/zor=[MASKED] decision=drop because duplicate alert
+64.056723676s 69 caf.Forwarder:OnIncomingAlert(): [DEBUG] in=257 alert=/alert/emergency/veh/67/seq=0/zor=[MASKED]
+64.056723676s 69 caf.Forwarder:AlertVehicleHandler(): [DEBUG] in=(257,0) alert=/alert/emergency/veh/67/seq=0/zor=[MASKED] decision=drop because duplicate alert
+64.617855689s 69 ndn.RandomAlertProducer:SendAlert(): [LOGIC] Don't send alert; condition failed
+64.823009911s 68 ndn.RandomAlertProducer:AlertSupplier(): [LOGIC] Send alert=/alert/emergency/veh/68/seq=0/zor=[MASKED] vehCount=36 rsuCount=9
+64.823009911s 68 caf.Forwarder:OnIncomingAlert(): [DEBUG] in=260 alert=/alert/emergency/veh/68/seq=0/zor=[MASKED]
+64.823009911s 68 caf.Forwarder:AlertVehicleHandler(): [DEBUG] in=(260,0) alert=/alert/emergency/veh/68/seq=0/zor=[MASKED] decision=forward to vehicles
+64.823009911s 68 caf.Forwarder:OnOutgoingAlert(): [DEBUG] out=257 alert=/alert/emergency/veh/68/seq=0/zor=[MASKED]
+64.823880035s 70 caf.Forwarder:OnIncomingAlert(): [DEBUG] in=257 alert=/alert/emergency/veh/68/seq=0/zor=[MASKED]
+64.823880035s 70 caf.Forwarder:AlertVehicleHandler(): [DEBUG] in=(257,0) alert=/alert/emergency/veh/68/seq=0/zor=[MASKED] decision=drop since sender is closer
+64.823880052s 65 caf.Forwarder:OnIncomingAlert(): [DEBUG] in=257 alert=/alert/emergency/veh/68/seq=0/zor=[MASKED]
+64.823880052s 65 caf.Forwarder:AlertVehicleHandler(): [DEBUG] in=(257,0) alert=/alert/emergency/veh/68/seq=0/zor=[MASKED] decision=forward to vehicles deferred until 0.78219ms
+64.824662241s 65 caf.Forwarder:OnOutgoingAlert(): [DEBUG] out=257 alert=/alert/emergency/veh/68/seq=0/zor=[MASKED]
+64.825532382s 68 caf.Forwarder:OnIncomingAlert(): [DEBUG] in=257 alert=/alert/emergency/veh/68/seq=0/zor=[MASKED]
+64.825532382s 68 caf.Forwarder:AlertVehicleHandler(): [DEBUG] in=(257,0) alert=/alert/emergency/veh/68/seq=0/zor=[MASKED] decision=drop because duplicate alert
+64.825532392s 63 caf.Forwarder:OnIncomingAlert(): [DEBUG] in=257 alert=/alert/emergency/veh/68/seq=0/zor=[MASKED]
+64.825532392s 63 caf.Forwarder:AlertVehicleHandler(): [DEBUG] in=(257,0) alert=/alert/emergency/veh/68/seq=0/zor=[MASKED] decision=forward to vehicles deferred until 0.473571ms
+64.825532396s 17 caf.Forwarder:OnIncomingAlert(): [DEBUG] in=257 alert=/alert/emergency/veh/68/seq=0/zor=[MASKED]
+64.825532396s 17 caf.Forwarder:AlertVehicleHandler(): [DEBUG] in=(257,0) alert=/alert/emergency/veh/68/seq=0/zor=[MASKED] decision=forward to vehicles deferred until 0.368085ms
+64.825900481s 17 caf.Forwarder:OnOutgoingAlert(): [DEBUG] out=257 alert=/alert/emergency/veh/68/seq=0/zor=[MASKED]
+64.826005963s 63 caf.Forwarder:OnOutgoingAlert(): [DEBUG] out=257 alert=/alert/emergency/veh/68/seq=0/zor=[MASKED]
+64.826770513s 63 caf.Forwarder:OnIncomingAlert(): [DEBUG] in=257 alert=/alert/emergency/veh/68/seq=0/zor=[MASKED]
+64.826770513s 63 caf.Forwarder:AlertVehicleHandler(): [DEBUG] in=(257,0) alert=/alert/emergency/veh/68/seq=0/zor=[MASKED] decision=drop because duplicate alert
+64.826770636s 65 caf.Forwarder:OnIncomingAlert(): [DEBUG] in=257 alert=/alert/emergency/veh/68/seq=0/zor=[MASKED]
+64.826770636s 65 caf.Forwarder:AlertVehicleHandler(): [DEBUG] in=(257,0) alert=/alert/emergency/veh/68/seq=0/zor=[MASKED] decision=drop because duplicate alert
+64.827705545s 17 caf.Forwarder:OnIncomingAlert(): [DEBUG] in=257 alert=/alert/emergency/veh/68/seq=0/zor=[MASKED]
+64.827705545s 17 caf.Forwarder:AlertVehicleHandler(): [DEBUG] in=(257,0) alert=/alert/emergency/veh/68/seq=0/zor=[MASKED] decision=drop because duplicate alert
+64.827705664s 65 caf.Forwarder:OnIncomingAlert(): [DEBUG] in=257 alert=/alert/emergency/veh/68/seq=0/zor=[MASKED]
+64.827705664s 65 caf.Forwarder:AlertVehicleHandler(): [DEBUG] in=(257,0) alert=/alert/emergency/veh/68/seq=0/zor=[MASKED] decision=drop because duplicate alert
+65.670693519s 70 ndn.RandomAlertProducer:SendAlert(): [LOGIC] Don't send alert; condition failed
+68.088126442s 71 ndn.RandomAlertProducer:SendAlert(): [LOGIC] Don't send alert; condition failed
+68.869225616s 72 ndn.RandomAlertProducer:AlertSupplier(): [LOGIC] Send alert=/alert/emergency/veh/72/seq=0/zor=[MASKED] vehCount=38 rsuCount=9
+68.869225616s 72 caf.Forwarder:OnIncomingAlert(): [DEBUG] in=260 alert=/alert/emergency/veh/72/seq=0/zor=[MASKED]
+68.869225616s 72 caf.Forwarder:AlertVehicleHandler(): [DEBUG] in=(260,0) alert=/alert/emergency/veh/72/seq=0/zor=[MASKED] decision=forward to vehicles
+68.869225616s 72 caf.Forwarder:OnOutgoingAlert(): [DEBUG] out=257 alert=/alert/emergency/veh/72/seq=0/zor=[MASKED]
+68.870095720s 79 caf.Forwarder:OnIncomingAlert(): [DEBUG] in=257 alert=/alert/emergency/veh/72/seq=0/zor=[MASKED]
+68.870095720s 79 caf.Forwarder:AlertVehicleHandler(): [DEBUG] in=(257,0) alert=/alert/emergency/veh/72/seq=0/zor=[MASKED] decision=drop since sender is closer
+68.870095743s 78 caf.Forwarder:OnIncomingAlert(): [DEBUG] in=257 alert=/alert/emergency/veh/72/seq=0/zor=[MASKED]
+68.870095743s 78 caf.Forwarder:AlertVehicleHandler(): [DEBUG] in=(257,0) alert=/alert/emergency/veh/72/seq=0/zor=[MASKED] decision=drop since sender is closer
+68.870095777s 71 caf.Forwarder:OnIncomingAlert(): [DEBUG] in=257 alert=/alert/emergency/veh/72/seq=0/zor=[MASKED]
+68.870095777s 71 caf.Forwarder:AlertVehicleHandler(): [DEBUG] in=(257,0) alert=/alert/emergency/veh/72/seq=0/zor=[MASKED] decision=forward to vehicles deferred until 0.165693ms
+68.870095787s 80 caf.Forwarder:OnIncomingAlert(): [DEBUG] in=257 alert=/alert/emergency/veh/72/seq=0/zor=[MASKED]
+68.870095787s 80 caf.Forwarder:AlertVehicleHandler(): [DEBUG] in=(257,0) alert=/alert/emergency/veh/72/seq=0/zor=[MASKED] decision=drop since sender is closer
+68.870261469s 71 caf.Forwarder:OnOutgoingAlert(): [DEBUG] out=257 alert=/alert/emergency/veh/72/seq=0/zor=[MASKED]
+68.871131583s 69 caf.Forwarder:OnIncomingAlert(): [DEBUG] in=257 alert=/alert/emergency/veh/72/seq=0/zor=[MASKED]
+68.871131583s 69 caf.Forwarder:AlertVehicleHandler(): [DEBUG] in=(257,0) alert=/alert/emergency/veh/72/seq=0/zor=[MASKED] decision=forward to vehicles deferred until 1.58728ms
+68.871131624s 67 caf.Forwarder:OnIncomingAlert(): [DEBUG] in=257 alert=/alert/emergency/veh/72/seq=0/zor=[MASKED]
+68.871131624s 67 caf.Forwarder:AlertVehicleHandler(): [DEBUG] in=(257,0) alert=/alert/emergency/veh/72/seq=0/zor=[MASKED] decision=forward to vehicles deferred until 0.356122ms
+68.871131630s 72 caf.Forwarder:OnIncomingAlert(): [DEBUG] in=257 alert=/alert/emergency/veh/72/seq=0/zor=[MASKED]
+68.871131630s 72 caf.Forwarder:AlertVehicleHandler(): [DEBUG] in=(257,0) alert=/alert/emergency/veh/72/seq=0/zor=[MASKED] decision=drop because duplicate alert
+68.871487745s 67 caf.Forwarder:OnOutgoingAlert(): [DEBUG] out=257 alert=/alert/emergency/veh/72/seq=0/zor=[MASKED]
+68.872357787s 69 caf.Forwarder:OnIncomingAlert(): [DEBUG] in=257 alert=/alert/emergency/veh/72/seq=0/zor=[MASKED]
+68.872357787s 69 caf.Forwarder:AlertVehicleHandler(): [DEBUG] in= (257,0) alert=/alert/emergency/veh/72/seq=0/zor=[MASKED] timer cancelled because sender closer to ZoR
+68.872357813s 66 caf.Forwarder:OnIncomingAlert(): [DEBUG] in=257 alert=/alert/emergency/veh/72/seq=0/zor=[MASKED]
+68.872357813s 66 caf.Forwarder:AlertVehicleHandler(): [DEBUG] in=(257,0) alert=/alert/emergency/veh/72/seq=0/zor=[MASKED] decision=forward to vehicles deferred until 2.99443ms
+68.872357900s 71 caf.Forwarder:OnIncomingAlert(): [DEBUG] in=257 alert=/alert/emergency/veh/72/seq=0/zor=[MASKED]
+68.872357900s 71 caf.Forwarder:AlertVehicleHandler(): [DEBUG] in=(257,0) alert=/alert/emergency/veh/72/seq=0/zor=[MASKED] decision=drop because duplicate alert
+68.875352247s 66 caf.Forwarder:OnOutgoingAlert(): [DEBUG] out=257 alert=/alert/emergency/veh/72/seq=0/zor=[MASKED]
+68.876222315s 67 caf.Forwarder:OnIncomingAlert(): [DEBUG] in=257 alert=/alert/emergency/veh/72/seq=0/zor=[MASKED]
+68.876222315s 67 caf.Forwarder:AlertVehicleHandler(): [DEBUG] in=(257,0) alert=/alert/emergency/veh/72/seq=0/zor=[MASKED] decision=drop because duplicate alert
+68.876222356s 69 caf.Forwarder:OnIncomingAlert(): [DEBUG] in=257 alert=/alert/emergency/veh/72/seq=0/zor=[MASKED]
+68.876222356s 69 caf.Forwarder:AlertVehicleHandler(): [DEBUG] in=(257,0) alert=/alert/emergency/veh/72/seq=0/zor=[MASKED] decision=drop because duplicate alert
+69.600451111s 73 ndn.RandomAlertProducer:SendAlert(): [LOGIC] Don't send alert; condition failed
+70.101081900s 74 ndn.RandomAlertProducer:SendAlert(): [LOGIC] Don't send alert; condition failed
+72.063561882s 75 ndn.RandomAlertProducer:SendAlert(): [LOGIC] Don't send alert; condition failed
+73.599541185s 76 ndn.RandomAlertProducer:SendAlert(): [LOGIC] Don't send alert; condition failed
+74.775808952s 77 ndn.RandomAlertProducer:SendAlert(): [LOGIC] Don't send alert; condition failed
+75.225324670s 78 ndn.RandomAlertProducer:AlertSupplier(): [LOGIC] Send alert=/alert/emergency/veh/78/seq=0/zor=[MASKED] vehCount=36 rsuCount=9
+75.225324670s 78 caf.Forwarder:OnIncomingAlert(): [DEBUG] in=260 alert=/alert/emergency/veh/78/seq=0/zor=[MASKED]
+75.225324670s 78 caf.Forwarder:AlertVehicleHandler(): [DEBUG] in=(260,0) alert=/alert/emergency/veh/78/seq=0/zor=[MASKED] decision=forward to vehicles
+75.225324670s 78 caf.Forwarder:OnOutgoingAlert(): [DEBUG] out=257 alert=/alert/emergency/veh/78/seq=0/zor=[MASKED]
+75.226194732s 79 caf.Forwarder:OnIncomingAlert(): [DEBUG] in=257 alert=/alert/emergency/veh/78/seq=0/zor=[MASKED]
+75.226194732s 79 caf.Forwarder:AlertVehicleHandler(): [DEBUG] in=(257,0) alert=/alert/emergency/veh/78/seq=0/zor=[MASKED] decision=forward to vehicles deferred until 3.16537ms
+75.226194748s 80 caf.Forwarder:OnIncomingAlert(): [DEBUG] in=257 alert=/alert/emergency/veh/78/seq=0/zor=[MASKED]
+75.226194748s 80 caf.Forwarder:AlertVehicleHandler(): [DEBUG] in=(257,0) alert=/alert/emergency/veh/78/seq=0/zor=[MASKED] decision=drop since sender is closer
+75.229360099s 79 caf.Forwarder:OnOutgoingAlert(): [DEBUG] out=257 alert=/alert/emergency/veh/78/seq=0/zor=[MASKED]
+75.230230161s 78 caf.Forwarder:OnIncomingAlert(): [DEBUG] in=257 alert=/alert/emergency/veh/78/seq=0/zor=[MASKED]
+75.230230161s 78 caf.Forwarder:AlertVehicleHandler(): [DEBUG] in=(257,0) alert=/alert/emergency/veh/78/seq=0/zor=[MASKED] decision=drop because duplicate alert
+75.230230214s 72 caf.Forwarder:OnIncomingAlert(): [DEBUG] in=257 alert=/alert/emergency/veh/78/seq=0/zor=[MASKED]
+75.230230214s 72 caf.Forwarder:AlertVehicleHandler(): [DEBUG] in=(257,0) alert=/alert/emergency/veh/78/seq=0/zor=[MASKED] decision=forward to vehicles deferred until 1.56056ms
+75.230230237s 80 caf.Forwarder:OnIncomingAlert(): [DEBUG] in=257 alert=/alert/emergency/veh/78/seq=0/zor=[MASKED]
+75.230230237s 80 caf.Forwarder:AlertVehicleHandler(): [DEBUG] in=(257,0) alert=/alert/emergency/veh/78/seq=0/zor=[MASKED] decision=drop because duplicate alert
+75.231790773s 72 caf.Forwarder:OnOutgoingAlert(): [DEBUG] out=257 alert=/alert/emergency/veh/78/seq=0/zor=[MASKED]
+75.232660888s 79 caf.Forwarder:OnIncomingAlert(): [DEBUG] in=257 alert=/alert/emergency/veh/78/seq=0/zor=[MASKED]
+75.232660888s 79 caf.Forwarder:AlertVehicleHandler(): [DEBUG] in=(257,0) alert=/alert/emergency/veh/78/seq=0/zor=[MASKED] decision=drop because duplicate alert
+75.979082639s 79 ndn.RandomAlertProducer:SendAlert(): [LOGIC] Don't send alert; condition failed
+78.878474512s 80 ndn.RandomAlertProducer:SendAlert(): [LOGIC] Don't send alert; condition failed
+79.230216942s 81 ndn.RandomAlertProducer:SendAlert(): [LOGIC] Don't send alert; condition failed
+81.615998453s 83 ndn.RandomAlertProducer:SendAlert(): [LOGIC] Don't send alert; condition failed
+81.775983150s 82 ndn.RandomAlertProducer:SendAlert(): [LOGIC] Don't send alert; condition failed
+83.859300508s 84 ndn.RandomAlertProducer:AlertSupplier(): [LOGIC] Send alert=/alert/emergency/veh/84/seq=0/zor=[MASKED] vehCount=32 rsuCount=9
+83.859300508s 84 caf.Forwarder:OnIncomingAlert(): [DEBUG] in=260 alert=/alert/emergency/veh/84/seq=0/zor=[MASKED]
+83.859300508s 84 caf.Forwarder:AlertVehicleHandler(): [DEBUG] in=(260,0) alert=/alert/emergency/veh/84/seq=0/zor=[MASKED] decision=forward to vehicles
+83.859300508s 84 caf.Forwarder:OnOutgoingAlert(): [DEBUG] out=257 alert=/alert/emergency/veh/84/seq=0/zor=[MASKED]
+83.860170541s 87 caf.Forwarder:OnIncomingAlert(): [DEBUG] in=257 alert=/alert/emergency/veh/84/seq=0/zor=[MASKED]
+83.860170541s 87 caf.Forwarder:AlertVehicleHandler(): [DEBUG] in=(257,0) alert=/alert/emergency/veh/84/seq=0/zor=[MASKED] decision=drop since sender is closer
+83.860170617s 28 caf.Forwarder:OnIncomingAlert(): [DEBUG] in=257 alert=/alert/emergency/veh/84/seq=0/zor=[MASKED]
+83.860170617s 28 caf.Forwarder:AlertVehicleHandler(): [DEBUG] in=(257,0) alert=/alert/emergency/veh/84/seq=0/zor=[MASKED] decision=forward to vehicles deferred until 1.74639ms
+83.861917007s 28 caf.Forwarder:OnOutgoingAlert(): [DEBUG] out=257 alert=/alert/emergency/veh/84/seq=0/zor=[MASKED]
+83.862787094s 22 caf.Forwarder:OnIncomingAlert(): [DEBUG] in=257 alert=/alert/emergency/veh/84/seq=0/zor=[MASKED]
+83.862787094s 22 caf.Forwarder:AlertVehicleHandler(): [DEBUG] in=(257,0) alert=/alert/emergency/veh/84/seq=0/zor=[MASKED] decision=forward to vehicles deferred until 2.42067ms
+83.862787116s 84 caf.Forwarder:OnIncomingAlert(): [DEBUG] in=257 alert=/alert/emergency/veh/84/seq=0/zor=[MASKED]
+83.862787116s 84 caf.Forwarder:AlertVehicleHandler(): [DEBUG] in=(257,0) alert=/alert/emergency/veh/84/seq=0/zor=[MASKED] decision=drop because duplicate alert
+83.862787146s 87 caf.Forwarder:OnIncomingAlert(): [DEBUG] in=257 alert=/alert/emergency/veh/84/seq=0/zor=[MASKED]
+83.862787146s 87 caf.Forwarder:AlertVehicleHandler(): [DEBUG] in=(257,0) alert=/alert/emergency/veh/84/seq=0/zor=[MASKED] decision=drop because duplicate alert
+83.865207760s 22 caf.Forwarder:OnOutgoingAlert(): [DEBUG] out=257 alert=/alert/emergency/veh/84/seq=0/zor=[MASKED]
+83.866077846s 31 caf.Forwarder:OnIncomingAlert(): [DEBUG] in=257 alert=/alert/emergency/veh/84/seq=0/zor=[MASKED]
+83.866077846s 31 caf.Forwarder:AlertVehicleHandler(): [DEBUG] in=(257,0) alert=/alert/emergency/veh/84/seq=0/zor=[MASKED] decision=forward to vehicles deferred until 2.44703ms
+83.866077847s 28 caf.Forwarder:OnIncomingAlert(): [DEBUG] in=257 alert=/alert/emergency/veh/84/seq=0/zor=[MASKED]
+83.866077847s 28 caf.Forwarder:AlertVehicleHandler(): [DEBUG] in=(257,0) alert=/alert/emergency/veh/84/seq=0/zor=[MASKED] decision=drop because duplicate alert
+83.866077869s 43 caf.Forwarder:OnIncomingAlert(): [DEBUG] in=257 alert=/alert/emergency/veh/84/seq=0/zor=[MASKED]
+83.866077869s 43 caf.Forwarder:AlertVehicleHandler(): [DEBUG] in=(257,0) alert=/alert/emergency/veh/84/seq=0/zor=[MASKED] decision=forward to vehicles deferred until 1.75803ms
+83.867835896s 43 caf.Forwarder:OnOutgoingAlert(): [DEBUG] out=257 alert=/alert/emergency/veh/84/seq=0/zor=[MASKED]
+83.868524880s 31 caf.Forwarder:OnOutgoingAlert(): [DEBUG] out=257 alert=/alert/emergency/veh/84/seq=0/zor=[MASKED]
+83.868705921s 31 caf.Forwarder:OnIncomingAlert(): [DEBUG] in=257 alert=/alert/emergency/veh/84/seq=0/zor=[MASKED]
+83.868705921s 31 caf.Forwarder:AlertVehicleHandler(): [DEBUG] in=(257,0) alert=/alert/emergency/veh/84/seq=0/zor=[MASKED] decision=drop because duplicate alert
+83.868705985s 76 caf.Forwarder:OnIncomingAlert(): [DEBUG] in=257 alert=/alert/emergency/veh/84/seq=0/zor=[MASKED]
+83.868705985s 76 caf.Forwarder:AlertVehicleHandler(): [DEBUG] in=(257,0) alert=/alert/emergency/veh/84/seq=0/zor=[MASKED] decision=forward to vehicles deferred until 2.34033ms
+83.868706005s 22 caf.Forwarder:OnIncomingAlert(): [DEBUG] in=257 alert=/alert/emergency/veh/84/seq=0/zor=[MASKED]
+83.868706005s 22 caf.Forwarder:AlertVehicleHandler(): [DEBUG] in=(257,0) alert=/alert/emergency/veh/84/seq=0/zor=[MASKED] decision=drop because duplicate alert
+83.868706017s 75 caf.Forwarder:OnIncomingAlert(): [DEBUG] in=257 alert=/alert/emergency/veh/84/seq=0/zor=[MASKED]
+83.868706017s 75 caf.Forwarder:AlertVehicleHandler(): [DEBUG] in=(257,0) alert=/alert/emergency/veh/84/seq=0/zor=[MASKED] decision=forward to vehicles deferred until 1.37102ms
+83.868706065s 73 caf.Forwarder:OnIncomingAlert(): [DEBUG] in=257 alert=/alert/emergency/veh/84/seq=0/zor=[MASKED]
+83.868706065s 73 caf.Forwarder:AlertVehicleHandler(): [DEBUG] in=(257,0) alert=/alert/emergency/veh/84/seq=0/zor=[MASKED] decision=forward to vehicles deferred until 0ms
+83.868706065s 73 caf.Forwarder:OnOutgoingAlert(): [DEBUG] out=257 alert=/alert/emergency/veh/84/seq=0/zor=[MASKED]
+83.869576112s 75 caf.Forwarder:OnIncomingAlert(): [DEBUG] in=257 alert=/alert/emergency/veh/84/seq=0/zor=[MASKED]
+83.869576112s 75 caf.Forwarder:AlertVehicleHandler(): [DEBUG] in= (257,0) alert=/alert/emergency/veh/84/seq=0/zor=[MASKED] timer cancelled because sender closer to ZoR
+83.869576145s 76 caf.Forwarder:OnIncomingAlert(): [DEBUG] in=257 alert=/alert/emergency/veh/84/seq=0/zor=[MASKED]
+83.869576145s 76 caf.Forwarder:AlertVehicleHandler(): [DEBUG] in= (257,0) alert=/alert/emergency/veh/84/seq=0/zor=[MASKED] timer cancelled because sender closer to ZoR
+83.869667007s 22 caf.Forwarder:OnIncomingAlert(): [DEBUG] in=257 alert=/alert/emergency/veh/84/seq=0/zor=[MASKED]
+83.869667007s 22 caf.Forwarder:AlertVehicleHandler(): [DEBUG] in=(257,0) alert=/alert/emergency/veh/84/seq=0/zor=[MASKED] decision=drop because duplicate alert
+84.037405359s 85 ndn.RandomAlertProducer:AlertSupplier(): [LOGIC] Send alert=/alert/emergency/veh/85/seq=0/zor=[MASKED] vehCount=32 rsuCount=9
+84.037405359s 85 caf.Forwarder:OnIncomingAlert(): [DEBUG] in=260 alert=/alert/emergency/veh/85/seq=0/zor=[MASKED]
+84.037405359s 85 caf.Forwarder:AlertVehicleHandler(): [DEBUG] in=(260,0) alert=/alert/emergency/veh/85/seq=0/zor=[MASKED] decision=forward to vehicles
+84.037405359s 85 caf.Forwarder:OnOutgoingAlert(): [DEBUG] out=257 alert=/alert/emergency/veh/85/seq=0/zor=[MASKED]
+84.038275389s 86 caf.Forwarder:OnIncomingAlert(): [DEBUG] in=257 alert=/alert/emergency/veh/85/seq=0/zor=[MASKED]
+84.038275389s 86 caf.Forwarder:AlertVehicleHandler(): [DEBUG] in=(257,0) alert=/alert/emergency/veh/85/seq=0/zor=[MASKED] decision=drop since sender is closer
+84.038275433s 20 caf.Forwarder:OnIncomingAlert(): [DEBUG] in=257 alert=/alert/emergency/veh/85/seq=0/zor=[MASKED]
+84.038275433s 20 caf.Forwarder:AlertVehicleHandler(): [DEBUG] in=(257,0) alert=/alert/emergency/veh/85/seq=0/zor=[MASKED] decision=forward to vehicles deferred until 2.8181ms
+84.038275514s 32 caf.Forwarder:OnIncomingAlert(): [DEBUG] in=257 alert=/alert/emergency/veh/85/seq=0/zor=[MASKED]
+84.038275514s 32 caf.Forwarder:AlertVehicleHandler(): [DEBUG] in=(257,0) alert=/alert/emergency/veh/85/seq=0/zor=[MASKED] decision=drop since sender is closer
+84.041093533s 20 caf.Forwarder:OnOutgoingAlert(): [DEBUG] out=257 alert=/alert/emergency/veh/85/seq=0/zor=[MASKED]
+84.041963606s 85 caf.Forwarder:OnIncomingAlert(): [DEBUG] in=257 alert=/alert/emergency/veh/85/seq=0/zor=[MASKED]
+84.041963606s 85 caf.Forwarder:AlertVehicleHandler(): [DEBUG] in=(257,0) alert=/alert/emergency/veh/85/seq=0/zor=[MASKED] decision=drop because duplicate alert
+84.041963637s 86 caf.Forwarder:OnIncomingAlert(): [DEBUG] in=257 alert=/alert/emergency/veh/85/seq=0/zor=[MASKED]
+84.041963637s 86 caf.Forwarder:AlertVehicleHandler(): [DEBUG] in=(257,0) alert=/alert/emergency/veh/85/seq=0/zor=[MASKED] decision=drop because duplicate alert
+85.588723381s 86 ndn.RandomAlertProducer:AlertSupplier(): [LOGIC] Send alert=/alert/emergency/veh/86/seq=0/zor=[MASKED] vehCount=32 rsuCount=9
+85.588723381s 86 caf.Forwarder:OnIncomingAlert(): [DEBUG] in=260 alert=/alert/emergency/veh/86/seq=0/zor=[MASKED]
+85.588723381s 86 caf.Forwarder:AlertVehicleHandler(): [DEBUG] in=(260,0) alert=/alert/emergency/veh/86/seq=0/zor=[MASKED] decision=forward to vehicles
+85.588723381s 86 caf.Forwarder:OnOutgoingAlert(): [DEBUG] out=257 alert=/alert/emergency/veh/86/seq=0/zor=[MASKED]
+85.589593410s 85 caf.Forwarder:OnIncomingAlert(): [DEBUG] in=257 alert=/alert/emergency/veh/86/seq=0/zor=[MASKED]
+85.589593410s 85 caf.Forwarder:AlertVehicleHandler(): [DEBUG] in=(257,0) alert=/alert/emergency/veh/86/seq=0/zor=[MASKED] decision=forward to vehicles deferred until 4.18363ms
+85.589593433s 20 caf.Forwarder:OnIncomingAlert(): [DEBUG] in=257 alert=/alert/emergency/veh/86/seq=0/zor=[MASKED]
+85.589593433s 20 caf.Forwarder:AlertVehicleHandler(): [DEBUG] in=(257,0) alert=/alert/emergency/veh/86/seq=0/zor=[MASKED] decision=drop since sender is closer
+85.589593537s 89 caf.Forwarder:OnIncomingAlert(): [DEBUG] in=257 alert=/alert/emergency/veh/86/seq=0/zor=[MASKED]
+85.589593537s 89 caf.Forwarder:AlertVehicleHandler(): [DEBUG] in=(257,0) alert=/alert/emergency/veh/86/seq=0/zor=[MASKED] decision=drop since sender is closer
+85.593777042s 85 caf.Forwarder:OnOutgoingAlert(): [DEBUG] out=257 alert=/alert/emergency/veh/86/seq=0/zor=[MASKED]
+85.594647071s 86 caf.Forwarder:OnIncomingAlert(): [DEBUG] in=257 alert=/alert/emergency/veh/86/seq=0/zor=[MASKED]
+85.594647071s 86 caf.Forwarder:AlertVehicleHandler(): [DEBUG] in=(257,0) alert=/alert/emergency/veh/86/seq=0/zor=[MASKED] decision=drop because duplicate alert
+85.594647113s 20 caf.Forwarder:OnIncomingAlert(): [DEBUG] in=257 alert=/alert/emergency/veh/86/seq=0/zor=[MASKED]
+85.594647113s 20 caf.Forwarder:AlertVehicleHandler(): [DEBUG] in=(257,0) alert=/alert/emergency/veh/86/seq=0/zor=[MASKED] decision=drop because duplicate alert
+85.594647205s 36 caf.Forwarder:OnIncomingAlert(): [DEBUG] in=257 alert=/alert/emergency/veh/86/seq=0/zor=[MASKED]
+85.594647205s 36 caf.Forwarder:AlertVehicleHandler(): [DEBUG] in=(257,0) alert=/alert/emergency/veh/86/seq=0/zor=[MASKED] decision=forward to vehicles deferred until 0.130298ms
+85.594777502s 36 caf.Forwarder:OnOutgoingAlert(): [DEBUG] out=257 alert=/alert/emergency/veh/86/seq=0/zor=[MASKED]
+85.595647636s 39 caf.Forwarder:OnIncomingAlert(): [DEBUG] in=257 alert=/alert/emergency/veh/86/seq=0/zor=[MASKED]
+85.595647636s 39 caf.Forwarder:AlertVehicleHandler(): [DEBUG] in=(257,0) alert=/alert/emergency/veh/86/seq=0/zor=[MASKED] decision=forward to vehicles deferred until 1.00831ms
+85.595647664s 85 caf.Forwarder:OnIncomingAlert(): [DEBUG] in=257 alert=/alert/emergency/veh/86/seq=0/zor=[MASKED]
+85.595647664s 85 caf.Forwarder:AlertVehicleHandler(): [DEBUG] in=(257,0) alert=/alert/emergency/veh/86/seq=0/zor=[MASKED] decision=drop because duplicate alert
+85.596655946s 39 caf.Forwarder:OnOutgoingAlert(): [DEBUG] out=257 alert=/alert/emergency/veh/86/seq=0/zor=[MASKED]
+85.597526054s 26 caf.Forwarder:OnIncomingAlert(): [DEBUG] in=257 alert=/alert/emergency/veh/86/seq=0/zor=[MASKED]
+85.597526054s 26 caf.Forwarder:AlertVehicleHandler(): [DEBUG] in=(257,0) alert=/alert/emergency/veh/86/seq=0/zor=[MASKED] decision=forward to vehicles deferred until 1.78507ms
+85.597526080s 36 caf.Forwarder:OnIncomingAlert(): [DEBUG] in=257 alert=/alert/emergency/veh/86/seq=0/zor=[MASKED]
+85.597526080s 36 caf.Forwarder:AlertVehicleHandler(): [DEBUG] in=(257,0) alert=/alert/emergency/veh/86/seq=0/zor=[MASKED] decision=drop because duplicate alert
+85.599311120s 26 caf.Forwarder:OnOutgoingAlert(): [DEBUG] out=257 alert=/alert/emergency/veh/86/seq=0/zor=[MASKED]
+85.600181228s 39 caf.Forwarder:OnIncomingAlert(): [DEBUG] in=257 alert=/alert/emergency/veh/86/seq=0/zor=[MASKED]
+85.600181228s 39 caf.Forwarder:AlertVehicleHandler(): [DEBUG] in=(257,0) alert=/alert/emergency/veh/86/seq=0/zor=[MASKED] decision=drop because duplicate alert
+85.600181266s 24 caf.Forwarder:OnIncomingAlert(): [DEBUG] in=257 alert=/alert/emergency/veh/86/seq=0/zor=[MASKED]
+85.600181266s 24 caf.Forwarder:AlertVehicleHandler(): [DEBUG] in=(257,0) alert=/alert/emergency/veh/86/seq=0/zor=[MASKED] decision=forward to vehicles deferred until 0.627252ms
+85.600181266s 24 ndn.AlertConsumer:doReceive(): [INFO ] Received alert: /alert/emergency/veh/86/seq=0/zor=[MASKED]
+85.600808517s 24 caf.Forwarder:OnOutgoingAlert(): [DEBUG] out=257 alert=/alert/emergency/veh/86/seq=0/zor=[MASKED]
+85.601678637s 33 caf.Forwarder:OnIncomingAlert(): [DEBUG] in=257 alert=/alert/emergency/veh/86/seq=0/zor=[MASKED]
+85.601678637s 33 caf.Forwarder:AlertVehicleHandler(): [DEBUG] in=(257,0) alert=/alert/emergency/veh/86/seq=0/zor=[MASKED] decision=forward to vehicles deferred until 1.42023ms
+85.601678637s 33 ndn.AlertConsumer:doReceive(): [INFO ] Received alert: /alert/emergency/veh/86/seq=0/zor=[MASKED]
+85.601678663s 26 caf.Forwarder:OnIncomingAlert(): [DEBUG] in=257 alert=/alert/emergency/veh/86/seq=0/zor=[MASKED]
+85.601678663s 26 caf.Forwarder:AlertVehicleHandler(): [DEBUG] in=(257,0) alert=/alert/emergency/veh/86/seq=0/zor=[MASKED] decision=drop because duplicate alert
+85.601678663s 52 caf.Forwarder:OnIncomingAlert(): [DEBUG] in=257 alert=/alert/emergency/veh/86/seq=0/zor=[MASKED]
+85.601678663s 52 caf.Forwarder:AlertVehicleHandler(): [DEBUG] in=(257,0) alert=/alert/emergency/veh/86/seq=0/zor=[MASKED] decision=forward to vehicles deferred until 0.621803ms
+85.601678663s 52 ndn.AlertConsumer:doReceive(): [INFO ] Received alert: /alert/emergency/veh/86/seq=0/zor=[MASKED]
+85.602300465s 52 caf.Forwarder:OnOutgoingAlert(): [DEBUG] out=257 alert=/alert/emergency/veh/86/seq=0/zor=[MASKED]
+85.603098868s 33 caf.Forwarder:OnOutgoingAlert(): [DEBUG] out=257 alert=/alert/emergency/veh/86/seq=0/zor=[MASKED]
+85.603170493s 33 caf.Forwarder:OnIncomingAlert(): [DEBUG] in=257 alert=/alert/emergency/veh/86/seq=0/zor=[MASKED]
+85.603170493s 33 caf.Forwarder:AlertVehicleHandler(): [DEBUG] in=(257,0) alert=/alert/emergency/veh/86/seq=0/zor=[MASKED] decision=drop because duplicate alert
+85.603170611s 24 caf.Forwarder:OnIncomingAlert(): [DEBUG] in=257 alert=/alert/emergency/veh/86/seq=0/zor=[MASKED]
+85.603170611s 24 caf.Forwarder:AlertVehicleHandler(): [DEBUG] in=(257,0) alert=/alert/emergency/veh/86/seq=0/zor=[MASKED] decision=drop because duplicate alert
+85.604092521s 52 caf.Forwarder:OnIncomingAlert(): [DEBUG] in=257 alert=/alert/emergency/veh/86/seq=0/zor=[MASKED]
+85.604092521s 52 caf.Forwarder:AlertVehicleHandler(): [DEBUG] in=(257,0) alert=/alert/emergency/veh/86/seq=0/zor=[MASKED] decision=drop because duplicate alert
+85.604092613s 24 caf.Forwarder:OnIncomingAlert(): [DEBUG] in=257 alert=/alert/emergency/veh/86/seq=0/zor=[MASKED]
+85.604092613s 24 caf.Forwarder:AlertVehicleHandler(): [DEBUG] in=(257,0) alert=/alert/emergency/veh/86/seq=0/zor=[MASKED] decision=drop because duplicate alert
+88.384659613s 88 ndn.RandomAlertProducer:SendAlert(): [LOGIC] Don't send alert; condition failed
+88.833735226s 87 ndn.RandomAlertProducer:SendAlert(): [LOGIC] Don't send alert; condition failed
+90.158435781s 89 ndn.RandomAlertProducer:SendAlert(): [LOGIC] Don't send alert; condition failed
+91.229967419s 91 ndn.RandomAlertProducer:AlertSupplier(): [LOGIC] Send alert=/alert/emergency/veh/91/seq=0/zor=[MASKED] vehCount=35 rsuCount=9
+91.229967419s 91 caf.Forwarder:OnIncomingAlert(): [DEBUG] in=260 alert=/alert/emergency/veh/91/seq=0/zor=[MASKED]
+91.229967419s 91 caf.Forwarder:AlertVehicleHandler(): [DEBUG] in=(260,0) alert=/alert/emergency/veh/91/seq=0/zor=[MASKED] decision=forward to vehicles
+91.229967419s 91 caf.Forwarder:OnOutgoingAlert(): [DEBUG] out=257 alert=/alert/emergency/veh/91/seq=0/zor=[MASKED]
+91.230837466s 36 caf.Forwarder:OnIncomingAlert(): [DEBUG] in=257 alert=/alert/emergency/veh/91/seq=0/zor=[MASKED]
+91.230837466s 36 caf.Forwarder:AlertVehicleHandler(): [DEBUG] in=(257,0) alert=/alert/emergency/veh/91/seq=0/zor=[MASKED] decision=forward to vehicles deferred until 3.63902ms
+91.230837535s 93 caf.Forwarder:OnIncomingAlert(): [DEBUG] in=257 alert=/alert/emergency/veh/91/seq=0/zor=[MASKED]
+91.230837535s 93 caf.Forwarder:AlertVehicleHandler(): [DEBUG] in=(257,0) alert=/alert/emergency/veh/91/seq=0/zor=[MASKED] decision=drop since sender is closer
+91.230837581s 39 caf.Forwarder:OnIncomingAlert(): [DEBUG] in=257 alert=/alert/emergency/veh/91/seq=0/zor=[MASKED]
+91.230837581s 39 caf.Forwarder:AlertVehicleHandler(): [DEBUG] in=(257,0) alert=/alert/emergency/veh/91/seq=0/zor=[MASKED] decision=forward to vehicles deferred until 0.140403ms
+91.230977983s 39 caf.Forwarder:OnOutgoingAlert(): [DEBUG] out=257 alert=/alert/emergency/veh/91/seq=0/zor=[MASKED]
+91.231848022s 89 caf.Forwarder:OnIncomingAlert(): [DEBUG] in=257 alert=/alert/emergency/veh/91/seq=0/zor=[MASKED]
+91.231848022s 89 caf.Forwarder:AlertVehicleHandler(): [DEBUG] in=(257,0) alert=/alert/emergency/veh/91/seq=0/zor=[MASKED] decision=forward to vehicles deferred until 3.86046ms
+91.231848102s 26 caf.Forwarder:OnIncomingAlert(): [DEBUG] in=257 alert=/alert/emergency/veh/91/seq=0/zor=[MASKED]
+91.231848102s 26 caf.Forwarder:AlertVehicleHandler(): [DEBUG] in=(257,0) alert=/alert/emergency/veh/91/seq=0/zor=[MASKED] decision=forward to vehicles deferred until 1.45163ms
+91.231848108s 36 caf.Forwarder:OnIncomingAlert(): [DEBUG] in=257 alert=/alert/emergency/veh/91/seq=0/zor=[MASKED]
+91.231848108s 36 caf.Forwarder:AlertVehicleHandler(): [DEBUG] in= (257,0) alert=/alert/emergency/veh/91/seq=0/zor=[MASKED] timer cancelled because sender closer to ZoR
+91.231848145s 91 caf.Forwarder:OnIncomingAlert(): [DEBUG] in=257 alert=/alert/emergency/veh/91/seq=0/zor=[MASKED]
+91.231848145s 91 caf.Forwarder:AlertVehicleHandler(): [DEBUG] in=(257,0) alert=/alert/emergency/veh/91/seq=0/zor=[MASKED] decision=drop because duplicate alert
+91.233299728s 26 caf.Forwarder:OnOutgoingAlert(): [DEBUG] out=257 alert=/alert/emergency/veh/91/seq=0/zor=[MASKED]
+91.234169798s 86 caf.Forwarder:OnIncomingAlert(): [DEBUG] in=257 alert=/alert/emergency/veh/91/seq=0/zor=[MASKED]
+91.234169798s 86 caf.Forwarder:AlertVehicleHandler(): [DEBUG] in=(257,0) alert=/alert/emergency/veh/91/seq=0/zor=[MASKED] decision=forward to vehicles deferred until 2.93477ms
+91.234169812s 85 caf.Forwarder:OnIncomingAlert(): [DEBUG] in=257 alert=/alert/emergency/veh/91/seq=0/zor=[MASKED]
+91.234169812s 85 caf.Forwarder:AlertVehicleHandler(): [DEBUG] in=(257,0) alert=/alert/emergency/veh/91/seq=0/zor=[MASKED] decision=forward to vehicles deferred until 2.51933ms
+91.234169816s 89 caf.Forwarder:OnIncomingAlert(): [DEBUG] in=257 alert=/alert/emergency/veh/91/seq=0/zor=[MASKED]
+91.234169816s 89 caf.Forwarder:AlertVehicleHandler(): [DEBUG] in= (257,0) alert=/alert/emergency/veh/91/seq=0/zor=[MASKED] timer cancelled because sender closer to ZoR
+91.234169847s 39 caf.Forwarder:OnIncomingAlert(): [DEBUG] in=257 alert=/alert/emergency/veh/91/seq=0/zor=[MASKED]
+91.234169847s 39 caf.Forwarder:AlertVehicleHandler(): [DEBUG] in=(257,0) alert=/alert/emergency/veh/91/seq=0/zor=[MASKED] decision=drop because duplicate alert
+91.234169882s 24 caf.Forwarder:OnIncomingAlert(): [DEBUG] in=257 alert=/alert/emergency/veh/91/seq=0/zor=[MASKED]
+91.234169882s 24 caf.Forwarder:AlertVehicleHandler(): [DEBUG] in=(257,0) alert=/alert/emergency/veh/91/seq=0/zor=[MASKED] decision=forward to vehicles deferred until 0.383338ms
+91.234553220s 24 caf.Forwarder:OnOutgoingAlert(): [DEBUG] out=257 alert=/alert/emergency/veh/91/seq=0/zor=[MASKED]
+91.235423292s 52 caf.Forwarder:OnIncomingAlert(): [DEBUG] in=257 alert=/alert/emergency/veh/91/seq=0/zor=[MASKED]
+91.235423292s 52 caf.Forwarder:AlertVehicleHandler(): [DEBUG] in=(257,0) alert=/alert/emergency/veh/91/seq=0/zor=[MASKED] decision=forward to vehicles deferred until 2.87464ms
+91.235423296s 85 caf.Forwarder:OnIncomingAlert(): [DEBUG] in=257 alert=/alert/emergency/veh/91/seq=0/zor=[MASKED]
+91.235423296s 85 caf.Forwarder:AlertVehicleHandler(): [DEBUG] in= (257,0) alert=/alert/emergency/veh/91/seq=0/zor=[MASKED] timer cancelled because sender closer to ZoR
+91.235423317s 86 caf.Forwarder:OnIncomingAlert(): [DEBUG] in=257 alert=/alert/emergency/veh/91/seq=0/zor=[MASKED]
+91.235423317s 86 caf.Forwarder:AlertVehicleHandler(): [DEBUG] in= (257,0) alert=/alert/emergency/veh/91/seq=0/zor=[MASKED] timer cancelled because sender closer to ZoR
+91.235423345s 33 caf.Forwarder:OnIncomingAlert(): [DEBUG] in=257 alert=/alert/emergency/veh/91/seq=0/zor=[MASKED]
+91.235423345s 33 caf.Forwarder:AlertVehicleHandler(): [DEBUG] in=(257,0) alert=/alert/emergency/veh/91/seq=0/zor=[MASKED] decision=forward to vehicles deferred until 1.25171ms
+91.235423374s 26 caf.Forwarder:OnIncomingAlert(): [DEBUG] in=257 alert=/alert/emergency/veh/91/seq=0/zor=[MASKED]
+91.235423374s 26 caf.Forwarder:AlertVehicleHandler(): [DEBUG] in=(257,0) alert=/alert/emergency/veh/91/seq=0/zor=[MASKED] decision=drop because duplicate alert
+91.236675059s 33 caf.Forwarder:OnOutgoingAlert(): [DEBUG] out=257 alert=/alert/emergency/veh/91/seq=0/zor=[MASKED]
+91.237545114s 52 caf.Forwarder:OnIncomingAlert(): [DEBUG] in=257 alert=/alert/emergency/veh/91/seq=0/zor=[MASKED]
+91.237545114s 52 caf.Forwarder:AlertVehicleHandler(): [DEBUG] in= (257,0) alert=/alert/emergency/veh/91/seq=0/zor=[MASKED] timer cancelled because sender closer to ZoR
+91.237545184s 24 caf.Forwarder:OnIncomingAlert(): [DEBUG] in=257 alert=/alert/emergency/veh/91/seq=0/zor=[MASKED]
+91.237545184s 24 caf.Forwarder:AlertVehicleHandler(): [DEBUG] in=(257,0) alert=/alert/emergency/veh/91/seq=0/zor=[MASKED] decision=drop because duplicate alert
+91.532136494s 90 ndn.RandomAlertProducer:SendAlert(): [LOGIC] Don't send alert; condition failed
+93.846210281s 92 ndn.RandomAlertProducer:AlertSupplier(): [LOGIC] Send alert=/alert/emergency/veh/92/seq=0/zor=[MASKED] vehCount=34 rsuCount=9
+93.846210281s 92 caf.Forwarder:OnIncomingAlert(): [DEBUG] in=260 alert=/alert/emergency/veh/92/seq=0/zor=[MASKED]
+93.846210281s 92 caf.Forwarder:AlertVehicleHandler(): [DEBUG] in=(260,0) alert=/alert/emergency/veh/92/seq=0/zor=[MASKED] decision=forward to vehicles
+93.846210281s 92 caf.Forwarder:OnOutgoingAlert(): [DEBUG] out=257 alert=/alert/emergency/veh/92/seq=0/zor=[MASKED]
+93.847080305s 38 caf.Forwarder:OnIncomingAlert(): [DEBUG] in=257 alert=/alert/emergency/veh/92/seq=0/zor=[MASKED]
+93.847080305s 38 caf.Forwarder:AlertVehicleHandler(): [DEBUG] in=(257,0) alert=/alert/emergency/veh/92/seq=0/zor=[MASKED] decision=drop since sender is closer
+93.847080371s 94 caf.Forwarder:OnIncomingAlert(): [DEBUG] in=257 alert=/alert/emergency/veh/92/seq=0/zor=[MASKED]
+93.847080371s 94 caf.Forwarder:AlertVehicleHandler(): [DEBUG] in=(257,0) alert=/alert/emergency/veh/92/seq=0/zor=[MASKED] decision=drop since sender is closer
+93.847080393s 47 caf.Forwarder:OnIncomingAlert(): [DEBUG] in=257 alert=/alert/emergency/veh/92/seq=0/zor=[MASKED]
+93.847080393s 47 caf.Forwarder:AlertVehicleHandler(): [DEBUG] in=(257,0) alert=/alert/emergency/veh/92/seq=0/zor=[MASKED] decision=forward to vehicles deferred until 1.67457ms
+93.847080395s 95 caf.Forwarder:OnIncomingAlert(): [DEBUG] in=257 alert=/alert/emergency/veh/92/seq=0/zor=[MASKED]
+93.847080395s 95 caf.Forwarder:AlertVehicleHandler(): [DEBUG] in=(257,0) alert=/alert/emergency/veh/92/seq=0/zor=[MASKED] decision=drop since sender is closer
+93.847080400s 90 caf.Forwarder:OnIncomingAlert(): [DEBUG] in=257 alert=/alert/emergency/veh/92/seq=0/zor=[MASKED]
+93.847080400s 90 caf.Forwarder:AlertVehicleHandler(): [DEBUG] in=(257,0) alert=/alert/emergency/veh/92/seq=0/zor=[MASKED] decision=forward to vehicles deferred until 1.43243ms
+93.847080433s 25 caf.Forwarder:OnIncomingAlert(): [DEBUG] in=257 alert=/alert/emergency/veh/92/seq=0/zor=[MASKED]
+93.847080433s 25 caf.Forwarder:AlertVehicleHandler(): [DEBUG] in=(257,0) alert=/alert/emergency/veh/92/seq=0/zor=[MASKED] decision=drop since sender is closer
+93.847080443s 37 caf.Forwarder:OnIncomingAlert(): [DEBUG] in=257 alert=/alert/emergency/veh/92/seq=0/zor=[MASKED]
+93.847080443s 37 caf.Forwarder:AlertVehicleHandler(): [DEBUG] in=(257,0) alert=/alert/emergency/veh/92/seq=0/zor=[MASKED] decision=drop since sender is closer
+93.848512825s 90 caf.Forwarder:OnOutgoingAlert(): [DEBUG] out=257 alert=/alert/emergency/veh/92/seq=0/zor=[MASKED]
+93.848754960s 47 caf.Forwarder:OnOutgoingAlert(): [DEBUG] out=257 alert=/alert/emergency/veh/92/seq=0/zor=[MASKED]
+93.849382848s 47 caf.Forwarder:OnIncomingAlert(): [DEBUG] in=257 alert=/alert/emergency/veh/92/seq=0/zor=[MASKED]
+93.849382848s 47 caf.Forwarder:AlertVehicleHandler(): [DEBUG] in=(257,0) alert=/alert/emergency/veh/92/seq=0/zor=[MASKED] decision=drop because duplicate alert
+93.849382944s 92 caf.Forwarder:OnIncomingAlert(): [DEBUG] in=257 alert=/alert/emergency/veh/92/seq=0/zor=[MASKED]
+93.849382944s 92 caf.Forwarder:AlertVehicleHandler(): [DEBUG] in=(257,0) alert=/alert/emergency/veh/92/seq=0/zor=[MASKED] decision=drop because duplicate alert
+93.849382959s 38 caf.Forwarder:OnIncomingAlert(): [DEBUG] in=257 alert=/alert/emergency/veh/92/seq=0/zor=[MASKED]
+93.849382959s 38 caf.Forwarder:AlertVehicleHandler(): [DEBUG] in=(257,0) alert=/alert/emergency/veh/92/seq=0/zor=[MASKED] decision=drop because duplicate alert
+93.849382963s 88 caf.Forwarder:OnIncomingAlert(): [DEBUG] in=257 alert=/alert/emergency/veh/92/seq=0/zor=[MASKED]
+93.849382963s 88 caf.Forwarder:AlertVehicleHandler(): [DEBUG] in=(257,0) alert=/alert/emergency/veh/92/seq=0/zor=[MASKED] decision=forward to vehicles deferred until 0.863621ms
+93.849382969s 41 caf.Forwarder:OnIncomingAlert(): [DEBUG] in=257 alert=/alert/emergency/veh/92/seq=0/zor=[MASKED]
+93.849382969s 41 caf.Forwarder:AlertVehicleHandler(): [DEBUG] in=(257,0) alert=/alert/emergency/veh/92/seq=0/zor=[MASKED] decision=forward to vehicles deferred until 0.70492ms
+93.850087888s 41 caf.Forwarder:OnOutgoingAlert(): [DEBUG] out=257 alert=/alert/emergency/veh/92/seq=0/zor=[MASKED]
+93.850246584s 88 caf.Forwarder:OnOutgoingAlert(): [DEBUG] out=257 alert=/alert/emergency/veh/92/seq=0/zor=[MASKED]
+93.850278871s 90 caf.Forwarder:OnIncomingAlert(): [DEBUG] in=257 alert=/alert/emergency/veh/92/seq=0/zor=[MASKED]
+93.850278871s 90 caf.Forwarder:AlertVehicleHandler(): [DEBUG] in=(257,0) alert=/alert/emergency/veh/92/seq=0/zor=[MASKED] decision=drop because duplicate alert
+93.850278959s 92 caf.Forwarder:OnIncomingAlert(): [DEBUG] in=257 alert=/alert/emergency/veh/92/seq=0/zor=[MASKED]
+93.850278959s 92 caf.Forwarder:AlertVehicleHandler(): [DEBUG] in=(257,0) alert=/alert/emergency/veh/92/seq=0/zor=[MASKED] decision=drop because duplicate alert
+93.850278971s 38 caf.Forwarder:OnIncomingAlert(): [DEBUG] in=257 alert=/alert/emergency/veh/92/seq=0/zor=[MASKED]
+93.850278971s 38 caf.Forwarder:AlertVehicleHandler(): [DEBUG] in=(257,0) alert=/alert/emergency/veh/92/seq=0/zor=[MASKED] decision=drop because duplicate alert
+93.850278996s 41 caf.Forwarder:OnIncomingAlert(): [DEBUG] in=257 alert=/alert/emergency/veh/92/seq=0/zor=[MASKED]
+93.850278996s 41 caf.Forwarder:AlertVehicleHandler(): [DEBUG] in=(257,0) alert=/alert/emergency/veh/92/seq=0/zor=[MASKED] decision=drop because duplicate alert
+93.850278996s 88 caf.Forwarder:OnIncomingAlert(): [DEBUG] in=257 alert=/alert/emergency/veh/92/seq=0/zor=[MASKED]
+93.850278996s 88 caf.Forwarder:AlertVehicleHandler(): [DEBUG] in=(257,0) alert=/alert/emergency/veh/92/seq=0/zor=[MASKED] decision=drop because duplicate alert
+93.851188028s 41 caf.Forwarder:OnIncomingAlert(): [DEBUG] in=257 alert=/alert/emergency/veh/92/seq=0/zor=[MASKED]
+93.851188028s 41 caf.Forwarder:AlertVehicleHandler(): [DEBUG] in=(257,0) alert=/alert/emergency/veh/92/seq=0/zor=[MASKED] decision=drop because duplicate alert
+93.851188134s 90 caf.Forwarder:OnIncomingAlert(): [DEBUG] in=257 alert=/alert/emergency/veh/92/seq=0/zor=[MASKED]
+93.851188134s 90 caf.Forwarder:AlertVehicleHandler(): [DEBUG] in=(257,0) alert=/alert/emergency/veh/92/seq=0/zor=[MASKED] decision=drop because duplicate alert
+93.851188144s 47 caf.Forwarder:OnIncomingAlert(): [DEBUG] in=257 alert=/alert/emergency/veh/92/seq=0/zor=[MASKED]
+93.851188144s 47 caf.Forwarder:AlertVehicleHandler(): [DEBUG] in=(257,0) alert=/alert/emergency/veh/92/seq=0/zor=[MASKED] decision=drop because duplicate alert
+93.851188164s 46 caf.Forwarder:OnIncomingAlert(): [DEBUG] in=257 alert=/alert/emergency/veh/92/seq=0/zor=[MASKED]
+93.851188164s 46 caf.Forwarder:AlertVehicleHandler(): [DEBUG] in=(257,0) alert=/alert/emergency/veh/92/seq=0/zor=[MASKED] decision=forward to vehicles deferred until 0ms
+93.851188164s 46 caf.Forwarder:OnOutgoingAlert(): [DEBUG] out=257 alert=/alert/emergency/veh/92/seq=0/zor=[MASKED]
+93.852058210s 82 caf.Forwarder:OnIncomingAlert(): [DEBUG] in=257 alert=/alert/emergency/veh/92/seq=0/zor=[MASKED]
+93.852058210s 82 caf.Forwarder:AlertVehicleHandler(): [DEBUG] in=(257,0) alert=/alert/emergency/veh/92/seq=0/zor=[MASKED] decision=forward to vehicles deferred until 3.65384ms
+93.852058313s 49 caf.Forwarder:OnIncomingAlert(): [DEBUG] in=257 alert=/alert/emergency/veh/92/seq=0/zor=[MASKED]
+93.852058313s 49 caf.Forwarder:AlertVehicleHandler(): [DEBUG] in=(257,0) alert=/alert/emergency/veh/92/seq=0/zor=[MASKED] decision=forward to vehicles deferred until 0.554525ms
+93.852058313s 49 ndn.AlertConsumer:doReceive(): [INFO ] Received alert: /alert/emergency/veh/92/seq=0/zor=[MASKED]
+93.852058328s 41 caf.Forwarder:OnIncomingAlert(): [DEBUG] in=257 alert=/alert/emergency/veh/92/seq=0/zor=[MASKED]
+93.852058328s 41 caf.Forwarder:AlertVehicleHandler(): [DEBUG] in=(257,0) alert=/alert/emergency/veh/92/seq=0/zor=[MASKED] decision=drop because duplicate alert
+93.852058332s 88 caf.Forwarder:OnIncomingAlert(): [DEBUG] in=257 alert=/alert/emergency/veh/92/seq=0/zor=[MASKED]
+93.852058332s 88 caf.Forwarder:AlertVehicleHandler(): [DEBUG] in=(257,0) alert=/alert/emergency/veh/92/seq=0/zor=[MASKED] decision=drop because duplicate alert
+93.852058335s 40 caf.Forwarder:OnIncomingAlert(): [DEBUG] in=257 alert=/alert/emergency/veh/92/seq=0/zor=[MASKED]
+93.852058335s 40 caf.Forwarder:AlertVehicleHandler(): [DEBUG] in=(257,0) alert=/alert/emergency/veh/92/seq=0/zor=[MASKED] decision=forward to vehicles deferred until 0ms
+93.852058335s 40 caf.Forwarder:OnOutgoingAlert(): [DEBUG] out=257 alert=/alert/emergency/veh/92/seq=0/zor=[MASKED]
+93.852058335s 40 ndn.AlertConsumer:doReceive(): [INFO ] Received alert: /alert/emergency/veh/92/seq=0/zor=[MASKED]
+93.852612837s 49 caf.Forwarder:OnOutgoingAlert(): [DEBUG] out=257 alert=/alert/emergency/veh/92/seq=0/zor=[MASKED]
+93.852928360s 49 caf.Forwarder:OnIncomingAlert(): [DEBUG] in=257 alert=/alert/emergency/veh/92/seq=0/zor=[MASKED]
+93.852928360s 49 caf.Forwarder:AlertVehicleHandler(): [DEBUG] in=(257,0) alert=/alert/emergency/veh/92/seq=0/zor=[MASKED] decision=drop because duplicate alert
+93.852928363s 78 caf.Forwarder:OnIncomingAlert(): [DEBUG] in=257 alert=/alert/emergency/veh/92/seq=0/zor=[MASKED]
+93.852928363s 78 caf.Forwarder:AlertVehicleHandler(): [DEBUG] in=(257,0) alert=/alert/emergency/veh/92/seq=0/zor=[MASKED] decision=forward to vehicles deferred until 4.19615ms
+93.852928363s 78 ndn.AlertConsumer:doReceive(): [INFO ] Received alert: /alert/emergency/veh/92/seq=0/zor=[MASKED]
+93.852928452s 80 caf.Forwarder:OnIncomingAlert(): [DEBUG] in=257 alert=/alert/emergency/veh/92/seq=0/zor=[MASKED]
+93.852928452s 80 caf.Forwarder:AlertVehicleHandler(): [DEBUG] in=(257,0) alert=/alert/emergency/veh/92/seq=0/zor=[MASKED] decision=forward to vehicles deferred until 1.515ms
+93.852928452s 80 ndn.AlertConsumer:doReceive(): [INFO ] Received alert: /alert/emergency/veh/92/seq=0/zor=[MASKED]
+93.852928467s 79 caf.Forwarder:OnIncomingAlert(): [DEBUG] in=257 alert=/alert/emergency/veh/92/seq=0/zor=[MASKED]
+93.852928467s 79 caf.Forwarder:AlertVehicleHandler(): [DEBUG] in=(257,0) alert=/alert/emergency/veh/92/seq=0/zor=[MASKED] decision=forward to vehicles deferred until 1.03919ms
+93.852928467s 79 ndn.AlertConsumer:doReceive(): [INFO ] Received alert: /alert/emergency/veh/92/seq=0/zor=[MASKED]
+93.852928468s 82 caf.Forwarder:OnIncomingAlert(): [DEBUG] in=257 alert=/alert/emergency/veh/92/seq=0/zor=[MASKED]
+93.852928468s 82 caf.Forwarder:AlertVehicleHandler(): [DEBUG] in= (257,0) alert=/alert/emergency/veh/92/seq=0/zor=[MASKED] timer cancelled because sender closer to ZoR
+93.853084360s 88 caf.Forwarder:OnIncomingAlert(): [DEBUG] in=257 alert=/alert/emergency/veh/92/seq=0/zor=[MASKED]
+93.853084360s 88 caf.Forwarder:AlertVehicleHandler(): [DEBUG] in=(257,0) alert=/alert/emergency/veh/92/seq=0/zor=[MASKED] decision=drop because duplicate alert
+93.853084471s 90 caf.Forwarder:OnIncomingAlert(): [DEBUG] in=257 alert=/alert/emergency/veh/92/seq=0/zor=[MASKED]
+93.853084471s 90 caf.Forwarder:AlertVehicleHandler(): [DEBUG] in=(257,0) alert=/alert/emergency/veh/92/seq=0/zor=[MASKED] decision=drop because duplicate alert
+93.853084477s 47 caf.Forwarder:OnIncomingAlert(): [DEBUG] in=257 alert=/alert/emergency/veh/92/seq=0/zor=[MASKED]
+93.853084477s 47 caf.Forwarder:AlertVehicleHandler(): [DEBUG] in=(257,0) alert=/alert/emergency/veh/92/seq=0/zor=[MASKED] decision=drop because duplicate alert
+93.853798385s 40 caf.Forwarder:OnIncomingAlert(): [DEBUG] in=257 alert=/alert/emergency/veh/92/seq=0/zor=[MASKED]
+93.853798385s 40 caf.Forwarder:AlertVehicleHandler(): [DEBUG] in=(257,0) alert=/alert/emergency/veh/92/seq=0/zor=[MASKED] decision=drop because duplicate alert
+93.853798402s 78 caf.Forwarder:OnIncomingAlert(): [DEBUG] in=257 alert=/alert/emergency/veh/92/seq=0/zor=[MASKED]
+93.853798469s 82 caf.Forwarder:OnIncomingAlert(): [DEBUG] in=257 alert=/alert/emergency/veh/92/seq=0/zor=[MASKED]
+93.853798469s 82 caf.Forwarder:AlertVehicleHandler(): [DEBUG] in=(257,0) alert=/alert/emergency/veh/92/seq=0/zor=[MASKED] decision=drop because duplicate alert
+93.853798498s 80 caf.Forwarder:OnIncomingAlert(): [DEBUG] in=257 alert=/alert/emergency/veh/92/seq=0/zor=[MASKED]
+93.853798512s 79 caf.Forwarder:OnIncomingAlert(): [DEBUG] in=257 alert=/alert/emergency/veh/92/seq=0/zor=[MASKED]
+93.853967653s 79 caf.Forwarder:OnOutgoingAlert(): [DEBUG] out=257 alert=/alert/emergency/veh/92/seq=0/zor=[MASKED]
+93.854443450s 80 caf.Forwarder:OnOutgoingAlert(): [DEBUG] out=257 alert=/alert/emergency/veh/92/seq=0/zor=[MASKED]
+93.854837670s 80 caf.Forwarder:OnIncomingAlert(): [DEBUG] in=257 alert=/alert/emergency/veh/92/seq=0/zor=[MASKED]
+93.854837670s 80 caf.Forwarder:AlertVehicleHandler(): [DEBUG] in=(257,0) alert=/alert/emergency/veh/92/seq=0/zor=[MASKED] decision=drop because duplicate alert
+93.854837724s 72 caf.Forwarder:OnIncomingAlert(): [DEBUG] in=257 alert=/alert/emergency/veh/92/seq=0/zor=[MASKED]
+93.854837724s 72 caf.Forwarder:AlertVehicleHandler(): [DEBUG] in=(257,0) alert=/alert/emergency/veh/92/seq=0/zor=[MASKED] decision=forward to vehicles deferred until 2.91223ms
+93.854837724s 72 ndn.AlertConsumer:doReceive(): [INFO ] Received alert: /alert/emergency/veh/92/seq=0/zor=[MASKED]
+93.854837763s 58 caf.Forwarder:OnIncomingAlert(): [DEBUG] in=257 alert=/alert/emergency/veh/92/seq=0/zor=[MASKED]
+93.854837763s 58 caf.Forwarder:AlertVehicleHandler(): [DEBUG] in=(257,0) alert=/alert/emergency/veh/92/seq=0/zor=[MASKED] decision=forward to vehicles deferred until 1.71994ms
+93.854837763s 58 ndn.AlertConsumer:doReceive(): [INFO ] Received alert: /alert/emergency/veh/92/seq=0/zor=[MASKED]
+93.854837764s 78 caf.Forwarder:OnIncomingAlert(): [DEBUG] in=257 alert=/alert/emergency/veh/92/seq=0/zor=[MASKED]
+93.854837764s 78 caf.Forwarder:AlertVehicleHandler(): [DEBUG] in= (257,0) alert=/alert/emergency/veh/92/seq=0/zor=[MASKED] timer cancelled because sender farther then node
+93.854837786s 40 caf.Forwarder:OnIncomingAlert(): [DEBUG] in=257 alert=/alert/emergency/veh/92/seq=0/zor=[MASKED]
+93.854837786s 40 caf.Forwarder:AlertVehicleHandler(): [DEBUG] in=(257,0) alert=/alert/emergency/veh/92/seq=0/zor=[MASKED] decision=drop because duplicate alert
+93.854837806s 49 caf.Forwarder:OnIncomingAlert(): [DEBUG] in=257 alert=/alert/emergency/veh/92/seq=0/zor=[MASKED]
+93.854837806s 49 caf.Forwarder:AlertVehicleHandler(): [DEBUG] in=(257,0) alert=/alert/emergency/veh/92/seq=0/zor=[MASKED] decision=drop because duplicate alert
+93.855746687s 79 caf.Forwarder:OnIncomingAlert(): [DEBUG] in=257 alert=/alert/emergency/veh/92/seq=0/zor=[MASKED]
+93.855746687s 79 caf.Forwarder:AlertVehicleHandler(): [DEBUG] in=(257,0) alert=/alert/emergency/veh/92/seq=0/zor=[MASKED] decision=drop because duplicate alert
+93.855746754s 72 caf.Forwarder:OnIncomingAlert(): [DEBUG] in=257 alert=/alert/emergency/veh/92/seq=0/zor=[MASKED]
+93.855746766s 78 caf.Forwarder:OnIncomingAlert(): [DEBUG] in=257 alert=/alert/emergency/veh/92/seq=0/zor=[MASKED]
+93.855746766s 78 caf.Forwarder:AlertVehicleHandler(): [DEBUG] in=(257,0) alert=/alert/emergency/veh/92/seq=0/zor=[MASKED] decision=drop because duplicate alert
+93.855746787s 40 caf.Forwarder:OnIncomingAlert(): [DEBUG] in=257 alert=/alert/emergency/veh/92/seq=0/zor=[MASKED]
+93.855746787s 40 caf.Forwarder:AlertVehicleHandler(): [DEBUG] in=(257,0) alert=/alert/emergency/veh/92/seq=0/zor=[MASKED] decision=drop because duplicate alert
+93.855746791s 58 caf.Forwarder:OnIncomingAlert(): [DEBUG] in=257 alert=/alert/emergency/veh/92/seq=0/zor=[MASKED]
+93.855746808s 49 caf.Forwarder:OnIncomingAlert(): [DEBUG] in=257 alert=/alert/emergency/veh/92/seq=0/zor=[MASKED]
+93.855746808s 49 caf.Forwarder:AlertVehicleHandler(): [DEBUG] in=(257,0) alert=/alert/emergency/veh/92/seq=0/zor=[MASKED] decision=drop because duplicate alert
+93.856557703s 58 caf.Forwarder:OnOutgoingAlert(): [DEBUG] out=257 alert=/alert/emergency/veh/92/seq=0/zor=[MASKED]
+93.857427744s 72 caf.Forwarder:OnIncomingAlert(): [DEBUG] in=257 alert=/alert/emergency/veh/92/seq=0/zor=[MASKED]
+93.857427744s 72 caf.Forwarder:AlertVehicleHandler(): [DEBUG] in= (257,0) alert=/alert/emergency/veh/92/seq=0/zor=[MASKED] timer cancelled because sender farther then node
+93.857427813s 79 caf.Forwarder:OnIncomingAlert(): [DEBUG] in=257 alert=/alert/emergency/veh/92/seq=0/zor=[MASKED]
+93.857427813s 79 caf.Forwarder:AlertVehicleHandler(): [DEBUG] in=(257,0) alert=/alert/emergency/veh/92/seq=0/zor=[MASKED] decision=drop because duplicate alert
+93.857427824s 80 caf.Forwarder:OnIncomingAlert(): [DEBUG] in=257 alert=/alert/emergency/veh/92/seq=0/zor=[MASKED]
+93.857427824s 80 caf.Forwarder:AlertVehicleHandler(): [DEBUG] in=(257,0) alert=/alert/emergency/veh/92/seq=0/zor=[MASKED] decision=drop because duplicate alert
+93.857427834s 67 caf.Forwarder:OnIncomingAlert(): [DEBUG] in=257 alert=/alert/emergency/veh/92/seq=0/zor=[MASKED]
+93.857427834s 67 caf.Forwarder:AlertVehicleHandler(): [DEBUG] in=(257,0) alert=/alert/emergency/veh/92/seq=0/zor=[MASKED] decision=forward to vehicles deferred until 1.07746ms
+93.857427834s 67 ndn.AlertConsumer:doReceive(): [INFO ] Received alert: /alert/emergency/veh/92/seq=0/zor=[MASKED]
+93.858505291s 67 caf.Forwarder:OnOutgoingAlert(): [DEBUG] out=257 alert=/alert/emergency/veh/92/seq=0/zor=[MASKED]
+93.859375336s 71 caf.Forwarder:OnIncomingAlert(): [DEBUG] in=257 alert=/alert/emergency/veh/92/seq=0/zor=[MASKED]
+93.859375336s 71 caf.Forwarder:AlertVehicleHandler(): [DEBUG] in=(257,0) alert=/alert/emergency/veh/92/seq=0/zor=[MASKED] decision=forward to vehicles deferred until 3.68523ms
+93.859375336s 71 ndn.AlertConsumer:doReceive(): [INFO ] Received alert: /alert/emergency/veh/92/seq=0/zor=[MASKED]
+93.859375390s 66 caf.Forwarder:OnIncomingAlert(): [DEBUG] in=257 alert=/alert/emergency/veh/92/seq=0/zor=[MASKED]
+93.859375390s 66 caf.Forwarder:AlertVehicleHandler(): [DEBUG] in=(257,0) alert=/alert/emergency/veh/92/seq=0/zor=[MASKED] decision=forward to vehicles deferred until 2.05424ms
+93.859375390s 66 ndn.AlertConsumer:doReceive(): [INFO ] Received alert: /alert/emergency/veh/92/seq=0/zor=[MASKED]
+93.859375407s 69 caf.Forwarder:OnIncomingAlert(): [DEBUG] in=257 alert=/alert/emergency/veh/92/seq=0/zor=[MASKED]
+93.859375407s 69 caf.Forwarder:AlertVehicleHandler(): [DEBUG] in=(257,0) alert=/alert/emergency/veh/92/seq=0/zor=[MASKED] decision=forward to vehicles deferred until 1.5429ms
+93.859375407s 69 ndn.AlertConsumer:doReceive(): [INFO ] Received alert: /alert/emergency/veh/92/seq=0/zor=[MASKED]
+93.859375422s 58 caf.Forwarder:OnIncomingAlert(): [DEBUG] in=257 alert=/alert/emergency/veh/92/seq=0/zor=[MASKED]
+93.859375422s 58 caf.Forwarder:AlertVehicleHandler(): [DEBUG] in=(257,0) alert=/alert/emergency/veh/92/seq=0/zor=[MASKED] decision=drop because duplicate alert
+93.859375437s 63 caf.Forwarder:OnIncomingAlert(): [DEBUG] in=257 alert=/alert/emergency/veh/92/seq=0/zor=[MASKED]
+93.859375437s 63 caf.Forwarder:AlertVehicleHandler(): [DEBUG] in=(257,0) alert=/alert/emergency/veh/92/seq=0/zor=[MASKED] decision=forward to vehicles deferred until 0.634266ms
+93.859375437s 63 ndn.AlertConsumer:doReceive(): [INFO ] Received alert: /alert/emergency/veh/92/seq=0/zor=[MASKED]
+93.859375456s 72 caf.Forwarder:OnIncomingAlert(): [DEBUG] in=257 alert=/alert/emergency/veh/92/seq=0/zor=[MASKED]
+93.859375456s 72 caf.Forwarder:AlertVehicleHandler(): [DEBUG] in=(257,0) alert=/alert/emergency/veh/92/seq=0/zor=[MASKED] decision=drop because duplicate alert
+93.860009703s 63 caf.Forwarder:OnOutgoingAlert(): [DEBUG] out=257 alert=/alert/emergency/veh/92/seq=0/zor=[MASKED]
+93.860879747s 69 caf.Forwarder:OnIncomingAlert(): [DEBUG] in=257 alert=/alert/emergency/veh/92/seq=0/zor=[MASKED]
+93.860879747s 69 caf.Forwarder:AlertVehicleHandler(): [DEBUG] in= (257,0) alert=/alert/emergency/veh/92/seq=0/zor=[MASKED] timer cancelled because sender farther then node
+93.860879754s 66 caf.Forwarder:OnIncomingAlert(): [DEBUG] in=257 alert=/alert/emergency/veh/92/seq=0/zor=[MASKED]
+93.860879754s 66 caf.Forwarder:AlertVehicleHandler(): [DEBUG] in= (257,0) alert=/alert/emergency/veh/92/seq=0/zor=[MASKED] timer cancelled because sender farther then node
+93.860879784s 56 caf.Forwarder:OnIncomingAlert(): [DEBUG] in=257 alert=/alert/emergency/veh/92/seq=0/zor=[MASKED]
+93.860879784s 56 caf.Forwarder:AlertVehicleHandler(): [DEBUG] in=(257,0) alert=/alert/emergency/veh/92/seq=0/zor=[MASKED] decision=forward to vehicles deferred until 2.59119ms
+93.860879784s 56 ndn.AlertConsumer:doReceive(): [INFO ] Received alert: /alert/emergency/veh/92/seq=0/zor=[MASKED]
+93.860879786s 60 caf.Forwarder:OnIncomingAlert(): [DEBUG] in=257 alert=/alert/emergency/veh/92/seq=0/zor=[MASKED]
+93.860879786s 60 caf.Forwarder:AlertVehicleHandler(): [DEBUG] in=(257,0) alert=/alert/emergency/veh/92/seq=0/zor=[MASKED] decision=forward to vehicles deferred until 2.54214ms
+93.860879786s 60 ndn.AlertConsumer:doReceive(): [INFO ] Received alert: /alert/emergency/veh/92/seq=0/zor=[MASKED]
+93.860879804s 71 caf.Forwarder:OnIncomingAlert(): [DEBUG] in=257 alert=/alert/emergency/veh/92/seq=0/zor=[MASKED]
+93.860879804s 71 caf.Forwarder:AlertVehicleHandler(): [DEBUG] in= (257,0) alert=/alert/emergency/veh/92/seq=0/zor=[MASKED] timer cancelled because sender farther then node
+93.860879843s 59 caf.Forwarder:OnIncomingAlert(): [DEBUG] in=257 alert=/alert/emergency/veh/92/seq=0/zor=[MASKED]
+93.860879843s 59 caf.Forwarder:AlertVehicleHandler(): [DEBUG] in=(257,0) alert=/alert/emergency/veh/92/seq=0/zor=[MASKED] decision=forward to vehicles deferred until 0.798965ms
+93.860879843s 59 ndn.AlertConsumer:doReceive(): [INFO ] Received alert: /alert/emergency/veh/92/seq=0/zor=[MASKED]
+93.860879849s 61 caf.Forwarder:OnIncomingAlert(): [DEBUG] in=257 alert=/alert/emergency/veh/92/seq=0/zor=[MASKED]
+93.860879849s 61 caf.Forwarder:AlertVehicleHandler(): [DEBUG] in=(257,0) alert=/alert/emergency/veh/92/seq=0/zor=[MASKED] decision=forward to vehicles deferred until 0.627158ms
+93.860879849s 67 caf.Forwarder:OnIncomingAlert(): [DEBUG] in=257 alert=/alert/emergency/veh/92/seq=0/zor=[MASKED]
+93.860879849s 67 caf.Forwarder:AlertVehicleHandler(): [DEBUG] in=(257,0) alert=/alert/emergency/veh/92/seq=0/zor=[MASKED] decision=drop because duplicate alert
+93.860879849s 61 ndn.AlertConsumer:doReceive(): [INFO ] Received alert: /alert/emergency/veh/92/seq=0/zor=[MASKED]
+93.860879859s 54 caf.Forwarder:OnIncomingAlert(): [DEBUG] in=257 alert=/alert/emergency/veh/92/seq=0/zor=[MASKED]
+93.860879859s 54 caf.Forwarder:AlertVehicleHandler(): [DEBUG] in=(257,0) alert=/alert/emergency/veh/92/seq=0/zor=[MASKED] decision=forward to vehicles deferred until 0.336951ms
+93.860879859s 54 ndn.AlertConsumer:doReceive(): [INFO ] Received alert: /alert/emergency/veh/92/seq=0/zor=[MASKED]
+93.861216809s 54 caf.Forwarder:OnOutgoingAlert(): [DEBUG] out=257 alert=/alert/emergency/veh/92/seq=0/zor=[MASKED]
+93.861507006s 61 caf.Forwarder:OnOutgoingAlert(): [DEBUG] out=257 alert=/alert/emergency/veh/92/seq=0/zor=[MASKED]
+93.861678808s 59 caf.Forwarder:OnOutgoingAlert(): [DEBUG] out=257 alert=/alert/emergency/veh/92/seq=0/zor=[MASKED]
+93.862086918s 65 caf.Forwarder:OnIncomingAlert(): [DEBUG] in=257 alert=/alert/emergency/veh/92/seq=0/zor=[MASKED]
+93.862086918s 65 caf.Forwarder:AlertVehicleHandler(): [DEBUG] in=(257,0) alert=/alert/emergency/veh/92/seq=0/zor=[MASKED] decision=forward to vehicles deferred until 1.73803ms
+93.862086918s 65 ndn.AlertConsumer:doReceive(): [INFO ] Received alert: /alert/emergency/veh/92/seq=0/zor=[MASKED]
+93.862086934s 57 caf.Forwarder:OnIncomingAlert(): [DEBUG] in=257 alert=/alert/emergency/veh/92/seq=0/zor=[MASKED]
+93.862086934s 57 caf.Forwarder:AlertVehicleHandler(): [DEBUG] in=(257,0) alert=/alert/emergency/veh/92/seq=0/zor=[MASKED] decision=forward to vehicles deferred until 1.2745ms
+93.862086934s 57 ndn.AlertConsumer:doReceive(): [INFO ] Received alert: /alert/emergency/veh/92/seq=0/zor=[MASKED]
+93.862086938s 69 caf.Forwarder:OnIncomingAlert(): [DEBUG] in=257 alert=/alert/emergency/veh/92/seq=0/zor=[MASKED]
+93.862086938s 69 caf.Forwarder:AlertVehicleHandler(): [DEBUG] in=(257,0) alert=/alert/emergency/veh/92/seq=0/zor=[MASKED] decision=drop because duplicate alert
+93.862086952s 66 caf.Forwarder:OnIncomingAlert(): [DEBUG] in=257 alert=/alert/emergency/veh/92/seq=0/zor=[MASKED]
+93.862086952s 66 caf.Forwarder:AlertVehicleHandler(): [DEBUG] in=(257,0) alert=/alert/emergency/veh/92/seq=0/zor=[MASKED] decision=drop because duplicate alert
+93.862377043s 59 caf.Forwarder:OnIncomingAlert(): [DEBUG] in=257 alert=/alert/emergency/veh/92/seq=0/zor=[MASKED]
+93.862377043s 59 caf.Forwarder:AlertVehicleHandler(): [DEBUG] in=(257,0) alert=/alert/emergency/veh/92/seq=0/zor=[MASKED] decision=drop because duplicate alert
+93.862377069s 60 caf.Forwarder:OnIncomingAlert(): [DEBUG] in=257 alert=/alert/emergency/veh/92/seq=0/zor=[MASKED]
+93.862377069s 60 caf.Forwarder:AlertVehicleHandler(): [DEBUG] in= (257,0) alert=/alert/emergency/veh/92/seq=0/zor=[MASKED] timer cancelled because sender farther then node
+93.862377084s 56 caf.Forwarder:OnIncomingAlert(): [DEBUG] in=257 alert=/alert/emergency/veh/92/seq=0/zor=[MASKED]
+93.862377084s 56 caf.Forwarder:AlertVehicleHandler(): [DEBUG] in= (257,0) alert=/alert/emergency/veh/92/seq=0/zor=[MASKED] timer cancelled because sender farther then node
+93.862377134s 50 caf.Forwarder:OnIncomingAlert(): [DEBUG] in=257 alert=/alert/emergency/veh/92/seq=0/zor=[MASKED]
+93.862377134s 50 caf.Forwarder:AlertVehicleHandler(): [DEBUG] in=(257,0) alert=/alert/emergency/veh/92/seq=0/zor=[MASKED] decision=forward to vehicles deferred until 1.17678ms
+93.862377134s 50 ndn.AlertConsumer:doReceive(): [INFO ] Received alert: /alert/emergency/veh/92/seq=0/zor=[MASKED]
+93.863273080s 61 caf.Forwarder:OnIncomingAlert(): [DEBUG] in=257 alert=/alert/emergency/veh/92/seq=0/zor=[MASKED]
+93.863273080s 61 caf.Forwarder:AlertVehicleHandler(): [DEBUG] in=(257,0) alert=/alert/emergency/veh/92/seq=0/zor=[MASKED] decision=drop because duplicate alert
+93.863273104s 56 caf.Forwarder:OnIncomingAlert(): [DEBUG] in=257 alert=/alert/emergency/veh/92/seq=0/zor=[MASKED]
+93.863273104s 56 caf.Forwarder:AlertVehicleHandler(): [DEBUG] in=(257,0) alert=/alert/emergency/veh/92/seq=0/zor=[MASKED] decision=drop because duplicate alert
+93.863273106s 60 caf.Forwarder:OnIncomingAlert(): [DEBUG] in=257 alert=/alert/emergency/veh/92/seq=0/zor=[MASKED]
+93.863273106s 60 caf.Forwarder:AlertVehicleHandler(): [DEBUG] in=(257,0) alert=/alert/emergency/veh/92/seq=0/zor=[MASKED] decision=drop because duplicate alert
+93.863273183s 63 caf.Forwarder:OnIncomingAlert(): [DEBUG] in=257 alert=/alert/emergency/veh/92/seq=0/zor=[MASKED]
+93.863273183s 63 caf.Forwarder:AlertVehicleHandler(): [DEBUG] in=(257,0) alert=/alert/emergency/veh/92/seq=0/zor=[MASKED] decision=drop because duplicate alert
+93.863273208s 50 caf.Forwarder:OnIncomingAlert(): [DEBUG] in=257 alert=/alert/emergency/veh/92/seq=0/zor=[MASKED]
+93.863361435s 57 caf.Forwarder:OnOutgoingAlert(): [DEBUG] out=257 alert=/alert/emergency/veh/92/seq=0/zor=[MASKED]
+93.863553912s 50 caf.Forwarder:OnOutgoingAlert(): [DEBUG] out=257 alert=/alert/emergency/veh/92/seq=0/zor=[MASKED]
+93.863824944s 65 caf.Forwarder:OnOutgoingAlert(): [DEBUG] out=257 alert=/alert/emergency/veh/92/seq=0/zor=[MASKED]
+93.864231460s 65 caf.Forwarder:OnIncomingAlert(): [DEBUG] in=257 alert=/alert/emergency/veh/92/seq=0/zor=[MASKED]
+93.864231460s 65 caf.Forwarder:AlertVehicleHandler(): [DEBUG] in=(257,0) alert=/alert/emergency/veh/92/seq=0/zor=[MASKED] decision=drop because duplicate alert
+93.864231556s 74 caf.Forwarder:OnIncomingAlert(): [DEBUG] in=257 alert=/alert/emergency/veh/92/seq=0/zor=[MASKED]
+93.864231556s 74 caf.Forwarder:AlertVehicleHandler(): [DEBUG] in=(257,0) alert=/alert/emergency/veh/92/seq=0/zor=[MASKED] decision=forward to vehicles deferred until 1.37469ms
+93.864231556s 74 ndn.AlertConsumer:doReceive(): [INFO ] Received alert: /alert/emergency/veh/92/seq=0/zor=[MASKED]
+93.864231560s 54 caf.Forwarder:OnIncomingAlert(): [DEBUG] in=257 alert=/alert/emergency/veh/92/seq=0/zor=[MASKED]
+93.864231560s 54 caf.Forwarder:AlertVehicleHandler(): [DEBUG] in=(257,0) alert=/alert/emergency/veh/92/seq=0/zor=[MASKED] decision=drop because duplicate alert
+93.864231572s 68 caf.Forwarder:OnIncomingAlert(): [DEBUG] in=257 alert=/alert/emergency/veh/92/seq=0/zor=[MASKED]
+93.864231572s 68 caf.Forwarder:AlertVehicleHandler(): [DEBUG] in=(257,0) alert=/alert/emergency/veh/92/seq=0/zor=[MASKED] decision=forward to vehicles deferred until 0.894485ms
+93.864231572s 68 ndn.AlertConsumer:doReceive(): [INFO ] Received alert: /alert/emergency/veh/92/seq=0/zor=[MASKED]
+93.864423965s 44 caf.Forwarder:OnIncomingAlert(): [DEBUG] in=257 alert=/alert/emergency/veh/92/seq=0/zor=[MASKED]
+93.864423965s 44 caf.Forwarder:AlertVehicleHandler(): [DEBUG] in=(257,0) alert=/alert/emergency/veh/92/seq=0/zor=[MASKED] decision=forward to vehicles deferred until 3.44932ms
+93.864423965s 44 ndn.AlertConsumer:doReceive(): [INFO ] Received alert: /alert/emergency/veh/92/seq=0/zor=[MASKED]
+93.864424040s 61 caf.Forwarder:OnIncomingAlert(): [DEBUG] in=257 alert=/alert/emergency/veh/92/seq=0/zor=[MASKED]
+93.864424040s 61 caf.Forwarder:AlertVehicleHandler(): [DEBUG] in=(257,0) alert=/alert/emergency/veh/92/seq=0/zor=[MASKED] decision=drop because duplicate alert
+93.864424077s 59 caf.Forwarder:OnIncomingAlert(): [DEBUG] in=257 alert=/alert/emergency/veh/92/seq=0/zor=[MASKED]
+93.864424077s 59 caf.Forwarder:AlertVehicleHandler(): [DEBUG] in=(257,0) alert=/alert/emergency/veh/92/seq=0/zor=[MASKED] decision=drop because duplicate alert
+93.864424080s 60 caf.Forwarder:OnIncomingAlert(): [DEBUG] in=257 alert=/alert/emergency/veh/92/seq=0/zor=[MASKED]
+93.864424080s 60 caf.Forwarder:AlertVehicleHandler(): [DEBUG] in=(257,0) alert=/alert/emergency/veh/92/seq=0/zor=[MASKED] decision=drop because duplicate alert
+93.865126057s 68 caf.Forwarder:OnOutgoingAlert(): [DEBUG] out=257 alert=/alert/emergency/veh/92/seq=0/zor=[MASKED]
+93.865166485s 57 caf.Forwarder:OnIncomingAlert(): [DEBUG] in=257 alert=/alert/emergency/veh/92/seq=0/zor=[MASKED]
+93.865166485s 57 caf.Forwarder:AlertVehicleHandler(): [DEBUG] in=(257,0) alert=/alert/emergency/veh/92/seq=0/zor=[MASKED] decision=drop because duplicate alert
+93.865166569s 54 caf.Forwarder:OnIncomingAlert(): [DEBUG] in=257 alert=/alert/emergency/veh/92/seq=0/zor=[MASKED]
+93.865166569s 54 caf.Forwarder:AlertVehicleHandler(): [DEBUG] in=(257,0) alert=/alert/emergency/veh/92/seq=0/zor=[MASKED] decision=drop because duplicate alert
+93.865166572s 74 caf.Forwarder:OnIncomingAlert(): [DEBUG] in=257 alert=/alert/emergency/veh/92/seq=0/zor=[MASKED]
+93.865166590s 68 caf.Forwarder:OnIncomingAlert(): [DEBUG] in=257 alert=/alert/emergency/veh/92/seq=0/zor=[MASKED]
+93.865166590s 68 caf.Forwarder:AlertVehicleHandler(): [DEBUG] in=(257,0) alert=/alert/emergency/veh/92/seq=0/zor=[MASKED] decision=drop because duplicate alert
+93.865606242s 74 caf.Forwarder:OnOutgoingAlert(): [DEBUG] out=257 alert=/alert/emergency/veh/92/seq=0/zor=[MASKED]
+93.866088612s 74 caf.Forwarder:OnIncomingAlert(): [DEBUG] in=257 alert=/alert/emergency/veh/92/seq=0/zor=[MASKED]
+93.866088612s 74 caf.Forwarder:AlertVehicleHandler(): [DEBUG] in=(257,0) alert=/alert/emergency/veh/92/seq=0/zor=[MASKED] decision=drop because duplicate alert
+93.866088681s 70 caf.Forwarder:OnIncomingAlert(): [DEBUG] in=257 alert=/alert/emergency/veh/92/seq=0/zor=[MASKED]
+93.866088681s 70 caf.Forwarder:AlertVehicleHandler(): [DEBUG] in=(257,0) alert=/alert/emergency/veh/92/seq=0/zor=[MASKED] decision=forward to vehicles deferred until 2.2829ms
+93.866088681s 70 ndn.AlertConsumer:doReceive(): [INFO ] Received alert: /alert/emergency/veh/92/seq=0/zor=[MASKED]
+93.866088720s 65 caf.Forwarder:OnIncomingAlert(): [DEBUG] in=257 alert=/alert/emergency/veh/92/seq=0/zor=[MASKED]
+93.866088720s 65 caf.Forwarder:AlertVehicleHandler(): [DEBUG] in=(257,0) alert=/alert/emergency/veh/92/seq=0/zor=[MASKED] decision=drop because duplicate alert
+93.866088727s 57 caf.Forwarder:OnIncomingAlert(): [DEBUG] in=257 alert=/alert/emergency/veh/92/seq=0/zor=[MASKED]
+93.866088727s 57 caf.Forwarder:AlertVehicleHandler(): [DEBUG] in=(257,0) alert=/alert/emergency/veh/92/seq=0/zor=[MASKED] decision=drop because duplicate alert
+93.866088740s 55 caf.Forwarder:OnIncomingAlert(): [DEBUG] in=257 alert=/alert/emergency/veh/92/seq=0/zor=[MASKED]
+93.866088740s 55 caf.Forwarder:AlertVehicleHandler(): [DEBUG] in=(257,0) alert=/alert/emergency/veh/92/seq=0/zor=[MASKED] decision=forward to vehicles deferred until 0.510319ms
+93.866088740s 55 ndn.AlertConsumer:doReceive(): [INFO ] Received alert: /alert/emergency/veh/92/seq=0/zor=[MASKED]
+93.866599058s 55 caf.Forwarder:OnOutgoingAlert(): [DEBUG] out=257 alert=/alert/emergency/veh/92/seq=0/zor=[MASKED]
+93.867023634s 68 caf.Forwarder:OnIncomingAlert(): [DEBUG] in=257 alert=/alert/emergency/veh/92/seq=0/zor=[MASKED]
+93.867023634s 68 caf.Forwarder:AlertVehicleHandler(): [DEBUG] in=(257,0) alert=/alert/emergency/veh/92/seq=0/zor=[MASKED] decision=drop because duplicate alert
+93.867023723s 70 caf.Forwarder:OnIncomingAlert(): [DEBUG] in=257 alert=/alert/emergency/veh/92/seq=0/zor=[MASKED]
+93.867023724s 65 caf.Forwarder:OnIncomingAlert(): [DEBUG] in=257 alert=/alert/emergency/veh/92/seq=0/zor=[MASKED]
+93.867023724s 65 caf.Forwarder:AlertVehicleHandler(): [DEBUG] in=(257,0) alert=/alert/emergency/veh/92/seq=0/zor=[MASKED] decision=drop because duplicate alert
+93.867023733s 57 caf.Forwarder:OnIncomingAlert(): [DEBUG] in=257 alert=/alert/emergency/veh/92/seq=0/zor=[MASKED]
+93.867023733s 57 caf.Forwarder:AlertVehicleHandler(): [DEBUG] in=(257,0) alert=/alert/emergency/veh/92/seq=0/zor=[MASKED] decision=drop because duplicate alert
+93.867023782s 55 caf.Forwarder:OnIncomingAlert(): [DEBUG] in=257 alert=/alert/emergency/veh/92/seq=0/zor=[MASKED]
+93.867023782s 55 caf.Forwarder:AlertVehicleHandler(): [DEBUG] in=(257,0) alert=/alert/emergency/veh/92/seq=0/zor=[MASKED] decision=drop because duplicate alert
+93.867873283s 44 caf.Forwarder:OnOutgoingAlert(): [DEBUG] out=257 alert=/alert/emergency/veh/92/seq=0/zor=[MASKED]
+93.868075843s 70 caf.Forwarder:OnIncomingAlert(): [DEBUG] in=257 alert=/alert/emergency/veh/92/seq=0/zor=[MASKED]
+93.868075843s 70 caf.Forwarder:AlertVehicleHandler(): [DEBUG] in= (257,0) alert=/alert/emergency/veh/92/seq=0/zor=[MASKED] timer cancelled because sender farther then node
+93.868075876s 77 caf.Forwarder:OnIncomingAlert(): [DEBUG] in=257 alert=/alert/emergency/veh/92/seq=0/zor=[MASKED]
+93.868075876s 77 caf.Forwarder:AlertVehicleHandler(): [DEBUG] in=(257,0) alert=/alert/emergency/veh/92/seq=0/zor=[MASKED] decision=forward to vehicles deferred until 2.19854ms
+93.868075876s 77 ndn.AlertConsumer:doReceive(): [INFO ] Received alert: /alert/emergency/veh/92/seq=0/zor=[MASKED]
+93.868075932s 68 caf.Forwarder:OnIncomingAlert(): [DEBUG] in=257 alert=/alert/emergency/veh/92/seq=0/zor=[MASKED]
+93.868075932s 68 caf.Forwarder:AlertVehicleHandler(): [DEBUG] in=(257,0) alert=/alert/emergency/veh/92/seq=0/zor=[MASKED] decision=drop because duplicate alert
+93.868075952s 74 caf.Forwarder:OnIncomingAlert(): [DEBUG] in=257 alert=/alert/emergency/veh/92/seq=0/zor=[MASKED]
+93.868075952s 74 caf.Forwarder:AlertVehicleHandler(): [DEBUG] in=(257,0) alert=/alert/emergency/veh/92/seq=0/zor=[MASKED] decision=drop because duplicate alert
+93.868743336s 50 caf.Forwarder:OnIncomingAlert(): [DEBUG] in=257 alert=/alert/emergency/veh/92/seq=0/zor=[MASKED]
+93.868743336s 50 caf.Forwarder:AlertVehicleHandler(): [DEBUG] in=(257,0) alert=/alert/emergency/veh/92/seq=0/zor=[MASKED] decision=drop because duplicate alert
+93.868743381s 64 caf.Forwarder:OnIncomingAlert(): [DEBUG] in=257 alert=/alert/emergency/veh/92/seq=0/zor=[MASKED]
+93.868743381s 64 caf.Forwarder:AlertVehicleHandler(): [DEBUG] in=(257,0) alert=/alert/emergency/veh/92/seq=0/zor=[MASKED] decision=forward to vehicles deferred until 2.0756ms
+93.868743381s 64 ndn.AlertConsumer:doReceive(): [INFO ] Received alert: /alert/emergency/veh/92/seq=0/zor=[MASKED]
+93.870274420s 77 caf.Forwarder:OnOutgoingAlert(): [DEBUG] out=257 alert=/alert/emergency/veh/92/seq=0/zor=[MASKED]
+93.870818978s 64 caf.Forwarder:OnOutgoingAlert(): [DEBUG] out=257 alert=/alert/emergency/veh/92/seq=0/zor=[MASKED]
+93.871144514s 55 caf.Forwarder:OnIncomingAlert(): [DEBUG] in=257 alert=/alert/emergency/veh/92/seq=0/zor=[MASKED]
+93.871144514s 55 caf.Forwarder:AlertVehicleHandler(): [DEBUG] in=(257,0) alert=/alert/emergency/veh/92/seq=0/zor=[MASKED] decision=drop because duplicate alert
+93.871144569s 70 caf.Forwarder:OnIncomingAlert(): [DEBUG] in=257 alert=/alert/emergency/veh/92/seq=0/zor=[MASKED]
+93.871144569s 70 caf.Forwarder:AlertVehicleHandler(): [DEBUG] in=(257,0) alert=/alert/emergency/veh/92/seq=0/zor=[MASKED] decision=drop because duplicate alert
+93.871689076s 44 caf.Forwarder:OnIncomingAlert(): [DEBUG] in=257 alert=/alert/emergency/veh/92/seq=0/zor=[MASKED]
+93.871689076s 44 caf.Forwarder:AlertVehicleHandler(): [DEBUG] in=(257,0) alert=/alert/emergency/veh/92/seq=0/zor=[MASKED] decision=drop because duplicate alert
+93.871689099s 50 caf.Forwarder:OnIncomingAlert(): [DEBUG] in=257 alert=/alert/emergency/veh/92/seq=0/zor=[MASKED]
+93.871689099s 50 caf.Forwarder:AlertVehicleHandler(): [DEBUG] in=(257,0) alert=/alert/emergency/veh/92/seq=0/zor=[MASKED] decision=drop because duplicate alert
+93.871689121s 57 caf.Forwarder:OnIncomingAlert(): [DEBUG] in=257 alert=/alert/emergency/veh/92/seq=0/zor=[MASKED]
+93.871689121s 57 caf.Forwarder:AlertVehicleHandler(): [DEBUG] in=(257,0) alert=/alert/emergency/veh/92/seq=0/zor=[MASKED] decision=drop because duplicate alert
+93.871689138s 65 caf.Forwarder:OnIncomingAlert(): [DEBUG] in=257 alert=/alert/emergency/veh/92/seq=0/zor=[MASKED]
+93.871689138s 65 caf.Forwarder:AlertVehicleHandler(): [DEBUG] in=(257,0) alert=/alert/emergency/veh/92/seq=0/zor=[MASKED] decision=drop because duplicate alert
+94.059302744s 94 ndn.RandomAlertProducer:AlertSupplier(): [LOGIC] Send alert=/alert/emergency/veh/94/seq=0/zor=[MASKED] vehCount=34 rsuCount=9
+94.059302744s 94 caf.Forwarder:OnIncomingAlert(): [DEBUG] in=260 alert=/alert/emergency/veh/94/seq=0/zor=[MASKED]
+94.059302744s 94 caf.Forwarder:AlertVehicleHandler(): [DEBUG] in=(260,0) alert=/alert/emergency/veh/94/seq=0/zor=[MASKED] decision=forward to vehicles
+94.059302744s 94 caf.Forwarder:OnOutgoingAlert(): [DEBUG] out=257 alert=/alert/emergency/veh/94/seq=0/zor=[MASKED]
+94.060172771s 95 caf.Forwarder:OnIncomingAlert(): [DEBUG] in=257 alert=/alert/emergency/veh/94/seq=0/zor=[MASKED]
+94.060172771s 95 caf.Forwarder:AlertVehicleHandler(): [DEBUG] in=(257,0) alert=/alert/emergency/veh/94/seq=0/zor=[MASKED] decision=drop since sender is closer
+94.060172811s 38 caf.Forwarder:OnIncomingAlert(): [DEBUG] in=257 alert=/alert/emergency/veh/94/seq=0/zor=[MASKED]
+94.060172811s 38 caf.Forwarder:AlertVehicleHandler(): [DEBUG] in=(257,0) alert=/alert/emergency/veh/94/seq=0/zor=[MASKED] decision=forward to vehicles deferred until 3.02564ms
+94.060172829s 25 caf.Forwarder:OnIncomingAlert(): [DEBUG] in=257 alert=/alert/emergency/veh/94/seq=0/zor=[MASKED]
+94.060172829s 25 caf.Forwarder:AlertVehicleHandler(): [DEBUG] in=(257,0) alert=/alert/emergency/veh/94/seq=0/zor=[MASKED] decision=drop since sender is closer
+94.060172833s 92 caf.Forwarder:OnIncomingAlert(): [DEBUG] in=257 alert=/alert/emergency/veh/94/seq=0/zor=[MASKED]
+94.060172833s 92 caf.Forwarder:AlertVehicleHandler(): [DEBUG] in=(257,0) alert=/alert/emergency/veh/94/seq=0/zor=[MASKED] decision=forward to vehicles deferred until 2.34147ms
+94.060172838s 37 caf.Forwarder:OnIncomingAlert(): [DEBUG] in=257 alert=/alert/emergency/veh/94/seq=0/zor=[MASKED]
+94.060172838s 37 caf.Forwarder:AlertVehicleHandler(): [DEBUG] in=(257,0) alert=/alert/emergency/veh/94/seq=0/zor=[MASKED] decision=drop since sender is closer
+94.060172902s 99 caf.Forwarder:OnIncomingAlert(): [DEBUG] in=257 alert=/alert/emergency/veh/94/seq=0/zor=[MASKED]
+94.060172902s 99 caf.Forwarder:AlertVehicleHandler(): [DEBUG] in=(257,0) alert=/alert/emergency/veh/94/seq=0/zor=[MASKED] decision=drop since sender is closer
+94.060172910s 100 caf.Forwarder:OnIncomingAlert(): [DEBUG] in=257 alert=/alert/emergency/veh/94/seq=0/zor=[MASKED]
+94.060172910s 100 caf.Forwarder:AlertVehicleHandler(): [DEBUG] in=(257,0) alert=/alert/emergency/veh/94/seq=0/zor=[MASKED] decision=drop since sender is closer
+94.062514307s 92 caf.Forwarder:OnOutgoingAlert(): [DEBUG] out=257 alert=/alert/emergency/veh/94/seq=0/zor=[MASKED]
+94.063198448s 38 caf.Forwarder:OnOutgoingAlert(): [DEBUG] out=257 alert=/alert/emergency/veh/94/seq=0/zor=[MASKED]
+94.063384344s 38 caf.Forwarder:OnIncomingAlert(): [DEBUG] in=257 alert=/alert/emergency/veh/94/seq=0/zor=[MASKED]
+94.063384344s 38 caf.Forwarder:AlertVehicleHandler(): [DEBUG] in=(257,0) alert=/alert/emergency/veh/94/seq=0/zor=[MASKED] decision=drop because duplicate alert
+94.063384396s 94 caf.Forwarder:OnIncomingAlert(): [DEBUG] in=257 alert=/alert/emergency/veh/94/seq=0/zor=[MASKED]
+94.063384396s 94 caf.Forwarder:AlertVehicleHandler(): [DEBUG] in=(257,0) alert=/alert/emergency/veh/94/seq=0/zor=[MASKED] decision=drop because duplicate alert
+94.063384398s 47 caf.Forwarder:OnIncomingAlert(): [DEBUG] in=257 alert=/alert/emergency/veh/94/seq=0/zor=[MASKED]
+94.063384398s 47 caf.Forwarder:AlertVehicleHandler(): [DEBUG] in=(257,0) alert=/alert/emergency/veh/94/seq=0/zor=[MASKED] decision=forward to vehicles deferred until 2.30551ms
+94.063384420s 95 caf.Forwarder:OnIncomingAlert(): [DEBUG] in=257 alert=/alert/emergency/veh/94/seq=0/zor=[MASKED]
+94.063384420s 95 caf.Forwarder:AlertVehicleHandler(): [DEBUG] in=(257,0) alert=/alert/emergency/veh/94/seq=0/zor=[MASKED] decision=drop because duplicate alert
+94.063384425s 90 caf.Forwarder:OnIncomingAlert(): [DEBUG] in=257 alert=/alert/emergency/veh/94/seq=0/zor=[MASKED]
+94.063384425s 90 caf.Forwarder:AlertVehicleHandler(): [DEBUG] in=(257,0) alert=/alert/emergency/veh/94/seq=0/zor=[MASKED] decision=forward to vehicles deferred until 1.46491ms
+94.063384477s 25 caf.Forwarder:OnIncomingAlert(): [DEBUG] in=257 alert=/alert/emergency/veh/94/seq=0/zor=[MASKED]
+94.063384477s 25 caf.Forwarder:AlertVehicleHandler(): [DEBUG] in=(257,0) alert=/alert/emergency/veh/94/seq=0/zor=[MASKED] decision=drop because duplicate alert
+94.064423381s 92 caf.Forwarder:OnIncomingAlert(): [DEBUG] in=257 alert=/alert/emergency/veh/94/seq=0/zor=[MASKED]
+94.064423381s 92 caf.Forwarder:AlertVehicleHandler(): [DEBUG] in=(257,0) alert=/alert/emergency/veh/94/seq=0/zor=[MASKED] decision=drop because duplicate alert
+94.064423411s 94 caf.Forwarder:OnIncomingAlert(): [DEBUG] in=257 alert=/alert/emergency/veh/94/seq=0/zor=[MASKED]
+94.064423411s 94 caf.Forwarder:AlertVehicleHandler(): [DEBUG] in=(257,0) alert=/alert/emergency/veh/94/seq=0/zor=[MASKED] decision=drop because duplicate alert
+94.064423430s 95 caf.Forwarder:OnIncomingAlert(): [DEBUG] in=257 alert=/alert/emergency/veh/94/seq=0/zor=[MASKED]
+94.064423430s 95 caf.Forwarder:AlertVehicleHandler(): [DEBUG] in=(257,0) alert=/alert/emergency/veh/94/seq=0/zor=[MASKED] decision=drop because duplicate alert
+94.064423465s 47 caf.Forwarder:OnIncomingAlert(): [DEBUG] in=257 alert=/alert/emergency/veh/94/seq=0/zor=[MASKED]
+94.064423482s 25 caf.Forwarder:OnIncomingAlert(): [DEBUG] in=257 alert=/alert/emergency/veh/94/seq=0/zor=[MASKED]
+94.064423482s 25 caf.Forwarder:AlertVehicleHandler(): [DEBUG] in=(257,0) alert=/alert/emergency/veh/94/seq=0/zor=[MASKED] decision=drop because duplicate alert
+94.064423495s 37 caf.Forwarder:OnIncomingAlert(): [DEBUG] in=257 alert=/alert/emergency/veh/94/seq=0/zor=[MASKED]
+94.064423495s 37 caf.Forwarder:AlertVehicleHandler(): [DEBUG] in=(257,0) alert=/alert/emergency/veh/94/seq=0/zor=[MASKED] decision=drop because duplicate alert
+94.064423496s 90 caf.Forwarder:OnIncomingAlert(): [DEBUG] in=257 alert=/alert/emergency/veh/94/seq=0/zor=[MASKED]
+94.064849339s 90 caf.Forwarder:OnOutgoingAlert(): [DEBUG] out=257 alert=/alert/emergency/veh/94/seq=0/zor=[MASKED]
+94.065689907s 47 caf.Forwarder:OnOutgoingAlert(): [DEBUG] out=257 alert=/alert/emergency/veh/94/seq=0/zor=[MASKED]
+94.065719374s 47 caf.Forwarder:OnIncomingAlert(): [DEBUG] in=257 alert=/alert/emergency/veh/94/seq=0/zor=[MASKED]
+94.065719374s 47 caf.Forwarder:AlertVehicleHandler(): [DEBUG] in=(257,0) alert=/alert/emergency/veh/94/seq=0/zor=[MASKED] decision=drop because duplicate alert
+94.065719457s 92 caf.Forwarder:OnIncomingAlert(): [DEBUG] in=257 alert=/alert/emergency/veh/94/seq=0/zor=[MASKED]
+94.065719457s 92 caf.Forwarder:AlertVehicleHandler(): [DEBUG] in=(257,0) alert=/alert/emergency/veh/94/seq=0/zor=[MASKED] decision=drop because duplicate alert
+94.065719466s 41 caf.Forwarder:OnIncomingAlert(): [DEBUG] in=257 alert=/alert/emergency/veh/94/seq=0/zor=[MASKED]
+94.065719466s 41 caf.Forwarder:AlertVehicleHandler(): [DEBUG] in=(257,0) alert=/alert/emergency/veh/94/seq=0/zor=[MASKED] decision=forward to vehicles deferred until 1.21558ms
+94.065719478s 88 caf.Forwarder:OnIncomingAlert(): [DEBUG] in=257 alert=/alert/emergency/veh/94/seq=0/zor=[MASKED]
+94.065719478s 88 caf.Forwarder:AlertVehicleHandler(): [DEBUG] in=(257,0) alert=/alert/emergency/veh/94/seq=0/zor=[MASKED] decision=forward to vehicles deferred until 0.835813ms
+94.065719491s 38 caf.Forwarder:OnIncomingAlert(): [DEBUG] in=257 alert=/alert/emergency/veh/94/seq=0/zor=[MASKED]
+94.065719491s 38 caf.Forwarder:AlertVehicleHandler(): [DEBUG] in=(257,0) alert=/alert/emergency/veh/94/seq=0/zor=[MASKED] decision=drop because duplicate alert
+94.066555291s 88 caf.Forwarder:OnOutgoingAlert(): [DEBUG] out=257 alert=/alert/emergency/veh/94/seq=0/zor=[MASKED]
+94.066719409s 90 caf.Forwarder:OnIncomingAlert(): [DEBUG] in=257 alert=/alert/emergency/veh/94/seq=0/zor=[MASKED]
+94.066719409s 90 caf.Forwarder:AlertVehicleHandler(): [DEBUG] in=(257,0) alert=/alert/emergency/veh/94/seq=0/zor=[MASKED] decision=drop because duplicate alert
+94.066719464s 92 caf.Forwarder:OnIncomingAlert(): [DEBUG] in=257 alert=/alert/emergency/veh/94/seq=0/zor=[MASKED]
+94.066719464s 92 caf.Forwarder:AlertVehicleHandler(): [DEBUG] in=(257,0) alert=/alert/emergency/veh/94/seq=0/zor=[MASKED] decision=drop because duplicate alert
+94.066719495s 38 caf.Forwarder:OnIncomingAlert(): [DEBUG] in=257 alert=/alert/emergency/veh/94/seq=0/zor=[MASKED]
+94.066719495s 38 caf.Forwarder:AlertVehicleHandler(): [DEBUG] in=(257,0) alert=/alert/emergency/veh/94/seq=0/zor=[MASKED] decision=drop because duplicate alert
+94.066719525s 41 caf.Forwarder:OnIncomingAlert(): [DEBUG] in=257 alert=/alert/emergency/veh/94/seq=0/zor=[MASKED]
+94.066719543s 88 caf.Forwarder:OnIncomingAlert(): [DEBUG] in=257 alert=/alert/emergency/veh/94/seq=0/zor=[MASKED]
+94.066719543s 88 caf.Forwarder:AlertVehicleHandler(): [DEBUG] in=(257,0) alert=/alert/emergency/veh/94/seq=0/zor=[MASKED] decision=drop because duplicate alert
+94.066935044s 41 caf.Forwarder:OnOutgoingAlert(): [DEBUG] out=257 alert=/alert/emergency/veh/94/seq=0/zor=[MASKED]
+94.067615579s 41 caf.Forwarder:OnIncomingAlert(): [DEBUG] in=257 alert=/alert/emergency/veh/94/seq=0/zor=[MASKED]
+94.067615579s 41 caf.Forwarder:AlertVehicleHandler(): [DEBUG] in=(257,0) alert=/alert/emergency/veh/94/seq=0/zor=[MASKED] decision=drop because duplicate alert
+94.067615682s 90 caf.Forwarder:OnIncomingAlert(): [DEBUG] in=257 alert=/alert/emergency/veh/94/seq=0/zor=[MASKED]
+94.067615682s 90 caf.Forwarder:AlertVehicleHandler(): [DEBUG] in=(257,0) alert=/alert/emergency/veh/94/seq=0/zor=[MASKED] decision=drop because duplicate alert
+94.067615693s 46 caf.Forwarder:OnIncomingAlert(): [DEBUG] in=257 alert=/alert/emergency/veh/94/seq=0/zor=[MASKED]
+94.067615693s 46 caf.Forwarder:AlertVehicleHandler(): [DEBUG] in=(257,0) alert=/alert/emergency/veh/94/seq=0/zor=[MASKED] decision=forward to vehicles deferred until 0.508376ms
+94.067615712s 47 caf.Forwarder:OnIncomingAlert(): [DEBUG] in=257 alert=/alert/emergency/veh/94/seq=0/zor=[MASKED]
+94.067615712s 47 caf.Forwarder:AlertVehicleHandler(): [DEBUG] in=(257,0) alert=/alert/emergency/veh/94/seq=0/zor=[MASKED] decision=drop because duplicate alert
+94.068124069s 46 caf.Forwarder:OnOutgoingAlert(): [DEBUG] out=257 alert=/alert/emergency/veh/94/seq=0/zor=[MASKED]
+94.068589615s 88 caf.Forwarder:OnIncomingAlert(): [DEBUG] in=257 alert=/alert/emergency/veh/94/seq=0/zor=[MASKED]
+94.068589615s 88 caf.Forwarder:AlertVehicleHandler(): [DEBUG] in=(257,0) alert=/alert/emergency/veh/94/seq=0/zor=[MASKED] decision=drop because duplicate alert
+94.068589705s 90 caf.Forwarder:OnIncomingAlert(): [DEBUG] in=257 alert=/alert/emergency/veh/94/seq=0/zor=[MASKED]
+94.068589705s 90 caf.Forwarder:AlertVehicleHandler(): [DEBUG] in=(257,0) alert=/alert/emergency/veh/94/seq=0/zor=[MASKED] decision=drop because duplicate alert
+94.068589730s 47 caf.Forwarder:OnIncomingAlert(): [DEBUG] in=257 alert=/alert/emergency/veh/94/seq=0/zor=[MASKED]
+94.068589730s 47 caf.Forwarder:AlertVehicleHandler(): [DEBUG] in=(257,0) alert=/alert/emergency/veh/94/seq=0/zor=[MASKED] decision=drop because duplicate alert
+94.068589742s 46 caf.Forwarder:OnIncomingAlert(): [DEBUG] in=257 alert=/alert/emergency/veh/94/seq=0/zor=[MASKED]
+94.068589742s 46 caf.Forwarder:AlertVehicleHandler(): [DEBUG] in=(257,0) alert=/alert/emergency/veh/94/seq=0/zor=[MASKED] decision=drop because duplicate alert
+94.069615804s 82 caf.Forwarder:OnIncomingAlert(): [DEBUG] in=257 alert=/alert/emergency/veh/94/seq=0/zor=[MASKED]
+94.069615804s 82 caf.Forwarder:AlertVehicleHandler(): [DEBUG] in=(257,0) alert=/alert/emergency/veh/94/seq=0/zor=[MASKED] decision=forward to vehicles deferred until 3.16658ms
+94.069615888s 49 caf.Forwarder:OnIncomingAlert(): [DEBUG] in=257 alert=/alert/emergency/veh/94/seq=0/zor=[MASKED]
+94.069615888s 49 caf.Forwarder:AlertVehicleHandler(): [DEBUG] in=(257,0) alert=/alert/emergency/veh/94/seq=0/zor=[MASKED] decision=forward to vehicles deferred until 0.625629ms
+94.069615888s 49 ndn.AlertConsumer:doReceive(): [INFO ] Received alert: /alert/emergency/veh/94/seq=0/zor=[MASKED]
+94.069615892s 88 caf.Forwarder:OnIncomingAlert(): [DEBUG] in=257 alert=/alert/emergency/veh/94/seq=0/zor=[MASKED]
+94.069615892s 88 caf.Forwarder:AlertVehicleHandler(): [DEBUG] in=(257,0) alert=/alert/emergency/veh/94/seq=0/zor=[MASKED] decision=drop because duplicate alert
+94.069615905s 41 caf.Forwarder:OnIncomingAlert(): [DEBUG] in=257 alert=/alert/emergency/veh/94/seq=0/zor=[MASKED]
+94.069615905s 41 caf.Forwarder:AlertVehicleHandler(): [DEBUG] in=(257,0) alert=/alert/emergency/veh/94/seq=0/zor=[MASKED] decision=drop because duplicate alert
+94.069615914s 40 caf.Forwarder:OnIncomingAlert(): [DEBUG] in=257 alert=/alert/emergency/veh/94/seq=0/zor=[MASKED]
+94.069615914s 40 caf.Forwarder:AlertVehicleHandler(): [DEBUG] in=(257,0) alert=/alert/emergency/veh/94/seq=0/zor=[MASKED] decision=forward to vehicles deferred until 0ms
+94.069615914s 40 caf.Forwarder:OnOutgoingAlert(): [DEBUG] out=257 alert=/alert/emergency/veh/94/seq=0/zor=[MASKED]
+94.069615914s 40 ndn.AlertConsumer:doReceive(): [INFO ] Received alert: /alert/emergency/veh/94/seq=0/zor=[MASKED]
+94.070241516s 49 caf.Forwarder:OnOutgoingAlert(): [DEBUG] out=257 alert=/alert/emergency/veh/94/seq=0/zor=[MASKED]
+94.070485942s 49 caf.Forwarder:OnIncomingAlert(): [DEBUG] in=257 alert=/alert/emergency/veh/94/seq=0/zor=[MASKED]
+94.070485942s 49 caf.Forwarder:AlertVehicleHandler(): [DEBUG] in=(257,0) alert=/alert/emergency/veh/94/seq=0/zor=[MASKED] decision=drop because duplicate alert
+94.070485956s 78 caf.Forwarder:OnIncomingAlert(): [DEBUG] in=257 alert=/alert/emergency/veh/94/seq=0/zor=[MASKED]
+94.070485956s 78 caf.Forwarder:AlertVehicleHandler(): [DEBUG] in=(257,0) alert=/alert/emergency/veh/94/seq=0/zor=[MASKED] decision=forward to vehicles deferred until 3.79194ms
+94.070485956s 78 ndn.AlertConsumer:doReceive(): [INFO ] Received alert: /alert/emergency/veh/94/seq=0/zor=[MASKED]
+94.070486029s 82 caf.Forwarder:OnIncomingAlert(): [DEBUG] in=257 alert=/alert/emergency/veh/94/seq=0/zor=[MASKED]
+94.070486029s 82 caf.Forwarder:AlertVehicleHandler(): [DEBUG] in= (257,0) alert=/alert/emergency/veh/94/seq=0/zor=[MASKED] timer cancelled because sender closer to ZoR
+94.070486049s 80 caf.Forwarder:OnIncomingAlert(): [DEBUG] in=257 alert=/alert/emergency/veh/94/seq=0/zor=[MASKED]
+94.070486049s 80 caf.Forwarder:AlertVehicleHandler(): [DEBUG] in=(257,0) alert=/alert/emergency/veh/94/seq=0/zor=[MASKED] decision=forward to vehicles deferred until 0.965489ms
+94.070486049s 80 ndn.AlertConsumer:doReceive(): [INFO ] Received alert: /alert/emergency/veh/94/seq=0/zor=[MASKED]
+94.070486064s 79 caf.Forwarder:OnIncomingAlert(): [DEBUG] in=257 alert=/alert/emergency/veh/94/seq=0/zor=[MASKED]
+94.070486064s 79 caf.Forwarder:AlertVehicleHandler(): [DEBUG] in=(257,0) alert=/alert/emergency/veh/94/seq=0/zor=[MASKED] decision=forward to vehicles deferred until 0.517878ms
+94.070486064s 79 ndn.AlertConsumer:doReceive(): [INFO ] Received alert: /alert/emergency/veh/94/seq=0/zor=[MASKED]
+94.070486086s 46 caf.Forwarder:OnIncomingAlert(): [DEBUG] in=257 alert=/alert/emergency/veh/94/seq=0/zor=[MASKED]
+94.070486086s 46 caf.Forwarder:AlertVehicleHandler(): [DEBUG] in=(257,0) alert=/alert/emergency/veh/94/seq=0/zor=[MASKED] decision=drop because duplicate alert
+94.071003942s 79 caf.Forwarder:OnOutgoingAlert(): [DEBUG] out=257 alert=/alert/emergency/veh/94/seq=0/zor=[MASKED]
+94.071433970s 40 caf.Forwarder:OnIncomingAlert(): [DEBUG] in=257 alert=/alert/emergency/veh/94/seq=0/zor=[MASKED]
+94.071433970s 40 caf.Forwarder:AlertVehicleHandler(): [DEBUG] in=(257,0) alert=/alert/emergency/veh/94/seq=0/zor=[MASKED] decision=drop because duplicate alert
+94.071434004s 78 caf.Forwarder:OnIncomingAlert(): [DEBUG] in=257 alert=/alert/emergency/veh/94/seq=0/zor=[MASKED]
+94.071434030s 82 caf.Forwarder:OnIncomingAlert(): [DEBUG] in=257 alert=/alert/emergency/veh/94/seq=0/zor=[MASKED]
+94.071434030s 82 caf.Forwarder:AlertVehicleHandler(): [DEBUG] in=(257,0) alert=/alert/emergency/veh/94/seq=0/zor=[MASKED] decision=drop because duplicate alert
+94.071434088s 46 caf.Forwarder:OnIncomingAlert(): [DEBUG] in=257 alert=/alert/emergency/veh/94/seq=0/zor=[MASKED]
+94.071434088s 46 caf.Forwarder:AlertVehicleHandler(): [DEBUG] in=(257,0) alert=/alert/emergency/veh/94/seq=0/zor=[MASKED] decision=drop because duplicate alert
+94.071451538s 80 caf.Forwarder:OnOutgoingAlert(): [DEBUG] out=257 alert=/alert/emergency/veh/94/seq=0/zor=[MASKED]
+94.071874012s 72 caf.Forwarder:OnIncomingAlert(): [DEBUG] in=257 alert=/alert/emergency/veh/94/seq=0/zor=[MASKED]
+94.071874012s 72 caf.Forwarder:AlertVehicleHandler(): [DEBUG] in=(257,0) alert=/alert/emergency/veh/94/seq=0/zor=[MASKED] decision=forward to vehicles deferred until 2.91545ms
+94.071874012s 72 ndn.AlertConsumer:doReceive(): [INFO ] Received alert: /alert/emergency/veh/94/seq=0/zor=[MASKED]
+94.071874033s 58 caf.Forwarder:OnIncomingAlert(): [DEBUG] in=257 alert=/alert/emergency/veh/94/seq=0/zor=[MASKED]
+94.071874033s 58 caf.Forwarder:AlertVehicleHandler(): [DEBUG] in=(257,0) alert=/alert/emergency/veh/94/seq=0/zor=[MASKED] decision=forward to vehicles deferred until 2.28212ms
+94.071874033s 58 ndn.AlertConsumer:doReceive(): [INFO ] Received alert: /alert/emergency/veh/94/seq=0/zor=[MASKED]
+94.072912976s 79 caf.Forwarder:OnIncomingAlert(): [DEBUG] in=257 alert=/alert/emergency/veh/94/seq=0/zor=[MASKED]
+94.072912976s 79 caf.Forwarder:AlertVehicleHandler(): [DEBUG] in=(257,0) alert=/alert/emergency/veh/94/seq=0/zor=[MASKED] decision=drop because duplicate alert
+94.072913042s 72 caf.Forwarder:OnIncomingAlert(): [DEBUG] in=257 alert=/alert/emergency/veh/94/seq=0/zor=[MASKED]
+94.072913057s 78 caf.Forwarder:OnIncomingAlert(): [DEBUG] in=257 alert=/alert/emergency/veh/94/seq=0/zor=[MASKED]
+94.072913057s 78 caf.Forwarder:AlertVehicleHandler(): [DEBUG] in= (257,0) alert=/alert/emergency/veh/94/seq=0/zor=[MASKED] timer cancelled because sender farther then node
+94.072913060s 58 caf.Forwarder:OnIncomingAlert(): [DEBUG] in=257 alert=/alert/emergency/veh/94/seq=0/zor=[MASKED]
+94.072913094s 40 caf.Forwarder:OnIncomingAlert(): [DEBUG] in=257 alert=/alert/emergency/veh/94/seq=0/zor=[MASKED]
+94.072913094s 40 caf.Forwarder:AlertVehicleHandler(): [DEBUG] in=(257,0) alert=/alert/emergency/veh/94/seq=0/zor=[MASKED] decision=drop because duplicate alert
+94.072913119s 49 caf.Forwarder:OnIncomingAlert(): [DEBUG] in=257 alert=/alert/emergency/veh/94/seq=0/zor=[MASKED]
+94.072913119s 49 caf.Forwarder:AlertVehicleHandler(): [DEBUG] in=(257,0) alert=/alert/emergency/veh/94/seq=0/zor=[MASKED] decision=drop because duplicate alert
+94.074156148s 58 caf.Forwarder:OnOutgoingAlert(): [DEBUG] out=257 alert=/alert/emergency/veh/94/seq=0/zor=[MASKED]
+94.074789462s 72 caf.Forwarder:OnOutgoingAlert(): [DEBUG] out=257 alert=/alert/emergency/veh/94/seq=0/zor=[MASKED]
+94.075026175s 72 caf.Forwarder:OnIncomingAlert(): [DEBUG] in=257 alert=/alert/emergency/veh/94/seq=0/zor=[MASKED]
+94.075026175s 72 caf.Forwarder:AlertVehicleHandler(): [DEBUG] in=(257,0) alert=/alert/emergency/veh/94/seq=0/zor=[MASKED] decision=drop because duplicate alert
+94.075026239s 79 caf.Forwarder:OnIncomingAlert(): [DEBUG] in=257 alert=/alert/emergency/veh/94/seq=0/zor=[MASKED]
+94.075026239s 79 caf.Forwarder:AlertVehicleHandler(): [DEBUG] in=(257,0) alert=/alert/emergency/veh/94/seq=0/zor=[MASKED] decision=drop because duplicate alert
+94.075026249s 80 caf.Forwarder:OnIncomingAlert(): [DEBUG] in=257 alert=/alert/emergency/veh/94/seq=0/zor=[MASKED]
+94.075026249s 80 caf.Forwarder:AlertVehicleHandler(): [DEBUG] in=(257,0) alert=/alert/emergency/veh/94/seq=0/zor=[MASKED] decision=drop because duplicate alert
+94.075026299s 67 caf.Forwarder:OnIncomingAlert(): [DEBUG] in=257 alert=/alert/emergency/veh/94/seq=0/zor=[MASKED]
+94.075026299s 67 caf.Forwarder:AlertVehicleHandler(): [DEBUG] in=(257,0) alert=/alert/emergency/veh/94/seq=0/zor=[MASKED] decision=forward to vehicles deferred until 0.478626ms
+94.075026299s 67 ndn.AlertConsumer:doReceive(): [INFO ] Received alert: /alert/emergency/veh/94/seq=0/zor=[MASKED]
+94.075504925s 67 caf.Forwarder:OnOutgoingAlert(): [DEBUG] out=257 alert=/alert/emergency/veh/94/seq=0/zor=[MASKED]
+94.075935201s 58 caf.Forwarder:OnIncomingAlert(): [DEBUG] in=257 alert=/alert/emergency/veh/94/seq=0/zor=[MASKED]
+94.075935201s 58 caf.Forwarder:AlertVehicleHandler(): [DEBUG] in=(257,0) alert=/alert/emergency/veh/94/seq=0/zor=[MASKED] decision=drop because duplicate alert
+94.075935245s 79 caf.Forwarder:OnIncomingAlert(): [DEBUG] in=257 alert=/alert/emergency/veh/94/seq=0/zor=[MASKED]
+94.075935245s 79 caf.Forwarder:AlertVehicleHandler(): [DEBUG] in=(257,0) alert=/alert/emergency/veh/94/seq=0/zor=[MASKED] decision=drop because duplicate alert
+94.075935258s 80 caf.Forwarder:OnIncomingAlert(): [DEBUG] in=257 alert=/alert/emergency/veh/94/seq=0/zor=[MASKED]
+94.075935258s 80 caf.Forwarder:AlertVehicleHandler(): [DEBUG] in=(257,0) alert=/alert/emergency/veh/94/seq=0/zor=[MASKED] decision=drop because duplicate alert
+94.075935340s 67 caf.Forwarder:OnIncomingAlert(): [DEBUG] in=257 alert=/alert/emergency/veh/94/seq=0/zor=[MASKED]
+94.075935340s 67 caf.Forwarder:AlertVehicleHandler(): [DEBUG] in=(257,0) alert=/alert/emergency/veh/94/seq=0/zor=[MASKED] decision=drop because duplicate alert
+94.076831381s 71 caf.Forwarder:OnIncomingAlert(): [DEBUG] in=257 alert=/alert/emergency/veh/94/seq=0/zor=[MASKED]
+94.076831381s 71 caf.Forwarder:AlertVehicleHandler(): [DEBUG] in=(257,0) alert=/alert/emergency/veh/94/seq=0/zor=[MASKED] decision=forward to vehicles deferred until 3.81859ms
+94.076831381s 71 ndn.AlertConsumer:doReceive(): [INFO ] Received alert: /alert/emergency/veh/94/seq=0/zor=[MASKED]
+94.076831433s 66 caf.Forwarder:OnIncomingAlert(): [DEBUG] in=257 alert=/alert/emergency/veh/94/seq=0/zor=[MASKED]
+94.076831433s 66 caf.Forwarder:AlertVehicleHandler(): [DEBUG] in=(257,0) alert=/alert/emergency/veh/94/seq=0/zor=[MASKED] decision=forward to vehicles deferred until 2.22299ms
+94.076831433s 66 ndn.AlertConsumer:doReceive(): [INFO ] Received alert: /alert/emergency/veh/94/seq=0/zor=[MASKED]
+94.076831450s 69 caf.Forwarder:OnIncomingAlert(): [DEBUG] in=257 alert=/alert/emergency/veh/94/seq=0/zor=[MASKED]
+94.076831450s 69 caf.Forwarder:AlertVehicleHandler(): [DEBUG] in=(257,0) alert=/alert/emergency/veh/94/seq=0/zor=[MASKED] decision=forward to vehicles deferred until 1.71884ms
+94.076831450s 69 ndn.AlertConsumer:doReceive(): [INFO ] Received alert: /alert/emergency/veh/94/seq=0/zor=[MASKED]
+94.076831481s 63 caf.Forwarder:OnIncomingAlert(): [DEBUG] in=257 alert=/alert/emergency/veh/94/seq=0/zor=[MASKED]
+94.076831481s 63 caf.Forwarder:AlertVehicleHandler(): [DEBUG] in=(257,0) alert=/alert/emergency/veh/94/seq=0/zor=[MASKED] decision=forward to vehicles deferred until 0.778945ms
+94.076831481s 63 ndn.AlertConsumer:doReceive(): [INFO ] Received alert: /alert/emergency/veh/94/seq=0/zor=[MASKED]
+94.076831491s 58 caf.Forwarder:OnIncomingAlert(): [DEBUG] in=257 alert=/alert/emergency/veh/94/seq=0/zor=[MASKED]
+94.076831491s 58 caf.Forwarder:AlertVehicleHandler(): [DEBUG] in=(257,0) alert=/alert/emergency/veh/94/seq=0/zor=[MASKED] decision=drop because duplicate alert
+94.076831505s 72 caf.Forwarder:OnIncomingAlert(): [DEBUG] in=257 alert=/alert/emergency/veh/94/seq=0/zor=[MASKED]
+94.076831505s 72 caf.Forwarder:AlertVehicleHandler(): [DEBUG] in=(257,0) alert=/alert/emergency/veh/94/seq=0/zor=[MASKED] decision=drop because duplicate alert
+94.077610426s 63 caf.Forwarder:OnOutgoingAlert(): [DEBUG] out=257 alert=/alert/emergency/veh/94/seq=0/zor=[MASKED]
+94.078480474s 69 caf.Forwarder:OnIncomingAlert(): [DEBUG] in=257 alert=/alert/emergency/veh/94/seq=0/zor=[MASKED]
+94.078480474s 69 caf.Forwarder:AlertVehicleHandler(): [DEBUG] in= (257,0) alert=/alert/emergency/veh/94/seq=0/zor=[MASKED] timer cancelled because sender farther then node
+94.078480480s 66 caf.Forwarder:OnIncomingAlert(): [DEBUG] in=257 alert=/alert/emergency/veh/94/seq=0/zor=[MASKED]
+94.078480480s 66 caf.Forwarder:AlertVehicleHandler(): [DEBUG] in= (257,0) alert=/alert/emergency/veh/94/seq=0/zor=[MASKED] timer cancelled because sender farther then node
+94.078480503s 56 caf.Forwarder:OnIncomingAlert(): [DEBUG] in=257 alert=/alert/emergency/veh/94/seq=0/zor=[MASKED]
+94.078480503s 56 caf.Forwarder:AlertVehicleHandler(): [DEBUG] in=(257,0) alert=/alert/emergency/veh/94/seq=0/zor=[MASKED] decision=forward to vehicles deferred until 2.7107ms
+94.078480503s 56 ndn.AlertConsumer:doReceive(): [INFO ] Received alert: /alert/emergency/veh/94/seq=0/zor=[MASKED]
+94.078480506s 60 caf.Forwarder:OnIncomingAlert(): [DEBUG] in=257 alert=/alert/emergency/veh/94/seq=0/zor=[MASKED]
+94.078480506s 60 caf.Forwarder:AlertVehicleHandler(): [DEBUG] in=(257,0) alert=/alert/emergency/veh/94/seq=0/zor=[MASKED] decision=forward to vehicles deferred until 2.6176ms
+94.078480506s 60 ndn.AlertConsumer:doReceive(): [INFO ] Received alert: /alert/emergency/veh/94/seq=0/zor=[MASKED]
+94.078480527s 71 caf.Forwarder:OnIncomingAlert(): [DEBUG] in=257 alert=/alert/emergency/veh/94/seq=0/zor=[MASKED]
+94.078480527s 71 caf.Forwarder:AlertVehicleHandler(): [DEBUG] in= (257,0) alert=/alert/emergency/veh/94/seq=0/zor=[MASKED] timer cancelled because sender farther then node
+94.078480564s 59 caf.Forwarder:OnIncomingAlert(): [DEBUG] in=257 alert=/alert/emergency/veh/94/seq=0/zor=[MASKED]
+94.078480564s 59 caf.Forwarder:AlertVehicleHandler(): [DEBUG] in=(257,0) alert=/alert/emergency/veh/94/seq=0/zor=[MASKED] decision=forward to vehicles deferred until 0.870497ms
+94.078480564s 59 ndn.AlertConsumer:doReceive(): [INFO ] Received alert: /alert/emergency/veh/94/seq=0/zor=[MASKED]
+94.078480567s 67 caf.Forwarder:OnIncomingAlert(): [DEBUG] in=257 alert=/alert/emergency/veh/94/seq=0/zor=[MASKED]
+94.078480567s 67 caf.Forwarder:AlertVehicleHandler(): [DEBUG] in=(257,0) alert=/alert/emergency/veh/94/seq=0/zor=[MASKED] decision=drop because duplicate alert
+94.078480574s 61 caf.Forwarder:OnIncomingAlert(): [DEBUG] in=257 alert=/alert/emergency/veh/94/seq=0/zor=[MASKED]
+94.078480574s 61 caf.Forwarder:AlertVehicleHandler(): [DEBUG] in=(257,0) alert=/alert/emergency/veh/94/seq=0/zor=[MASKED] decision=forward to vehicles deferred until 0.568516ms
+94.078480574s 61 ndn.AlertConsumer:doReceive(): [INFO ] Received alert: /alert/emergency/veh/94/seq=0/zor=[MASKED]
+94.078480584s 54 caf.Forwarder:OnIncomingAlert(): [DEBUG] in=257 alert=/alert/emergency/veh/94/seq=0/zor=[MASKED]
+94.078480584s 54 caf.Forwarder:AlertVehicleHandler(): [DEBUG] in=(257,0) alert=/alert/emergency/veh/94/seq=0/zor=[MASKED] decision=forward to vehicles deferred until 0.257582ms
+94.078480584s 54 ndn.AlertConsumer:doReceive(): [INFO ] Received alert: /alert/emergency/veh/94/seq=0/zor=[MASKED]
+94.078738165s 54 caf.Forwarder:OnOutgoingAlert(): [DEBUG] out=257 alert=/alert/emergency/veh/94/seq=0/zor=[MASKED]
+94.079049089s 61 caf.Forwarder:OnOutgoingAlert(): [DEBUG] out=257 alert=/alert/emergency/veh/94/seq=0/zor=[MASKED]
+94.079351060s 59 caf.Forwarder:OnOutgoingAlert(): [DEBUG] out=257 alert=/alert/emergency/veh/94/seq=0/zor=[MASKED]
+94.079608276s 65 caf.Forwarder:OnIncomingAlert(): [DEBUG] in=257 alert=/alert/emergency/veh/94/seq=0/zor=[MASKED]
+94.079608276s 65 caf.Forwarder:AlertVehicleHandler(): [DEBUG] in=(257,0) alert=/alert/emergency/veh/94/seq=0/zor=[MASKED] decision=forward to vehicles deferred until 1.68532ms
+94.079608276s 65 ndn.AlertConsumer:doReceive(): [INFO ] Received alert: /alert/emergency/veh/94/seq=0/zor=[MASKED]
+94.079608289s 69 caf.Forwarder:OnIncomingAlert(): [DEBUG] in=257 alert=/alert/emergency/veh/94/seq=0/zor=[MASKED]
+94.079608289s 69 caf.Forwarder:AlertVehicleHandler(): [DEBUG] in=(257,0) alert=/alert/emergency/veh/94/seq=0/zor=[MASKED] decision=drop because duplicate alert
+94.079608299s 57 caf.Forwarder:OnIncomingAlert(): [DEBUG] in=257 alert=/alert/emergency/veh/94/seq=0/zor=[MASKED]
+94.079608299s 57 caf.Forwarder:AlertVehicleHandler(): [DEBUG] in=(257,0) alert=/alert/emergency/veh/94/seq=0/zor=[MASKED] decision=forward to vehicles deferred until 1.00015ms
+94.079608299s 57 ndn.AlertConsumer:doReceive(): [INFO ] Received alert: /alert/emergency/veh/94/seq=0/zor=[MASKED]
+94.079608300s 66 caf.Forwarder:OnIncomingAlert(): [DEBUG] in=257 alert=/alert/emergency/veh/94/seq=0/zor=[MASKED]
+94.079608300s 66 caf.Forwarder:AlertVehicleHandler(): [DEBUG] in=(257,0) alert=/alert/emergency/veh/94/seq=0/zor=[MASKED] decision=drop because duplicate alert
+94.079608332s 71 caf.Forwarder:OnIncomingAlert(): [DEBUG] in=257 alert=/alert/emergency/veh/94/seq=0/zor=[MASKED]
+94.079608332s 71 caf.Forwarder:AlertVehicleHandler(): [DEBUG] in=(257,0) alert=/alert/emergency/veh/94/seq=0/zor=[MASKED] decision=drop because duplicate alert
+94.079919136s 59 caf.Forwarder:OnIncomingAlert(): [DEBUG] in=257 alert=/alert/emergency/veh/94/seq=0/zor=[MASKED]
+94.079919136s 59 caf.Forwarder:AlertVehicleHandler(): [DEBUG] in=(257,0) alert=/alert/emergency/veh/94/seq=0/zor=[MASKED] decision=drop because duplicate alert
+94.079919157s 60 caf.Forwarder:OnIncomingAlert(): [DEBUG] in=257 alert=/alert/emergency/veh/94/seq=0/zor=[MASKED]
+94.079919157s 60 caf.Forwarder:AlertVehicleHandler(): [DEBUG] in= (257,0) alert=/alert/emergency/veh/94/seq=0/zor=[MASKED] timer cancelled because sender farther then node
+94.079919173s 56 caf.Forwarder:OnIncomingAlert(): [DEBUG] in=257 alert=/alert/emergency/veh/94/seq=0/zor=[MASKED]
+94.079919173s 56 caf.Forwarder:AlertVehicleHandler(): [DEBUG] in= (257,0) alert=/alert/emergency/veh/94/seq=0/zor=[MASKED] timer cancelled because sender farther then node
+94.079919213s 50 caf.Forwarder:OnIncomingAlert(): [DEBUG] in=257 alert=/alert/emergency/veh/94/seq=0/zor=[MASKED]
+94.079919213s 50 caf.Forwarder:AlertVehicleHandler(): [DEBUG] in=(257,0) alert=/alert/emergency/veh/94/seq=0/zor=[MASKED] decision=forward to vehicles deferred until 1.29845ms
+94.079919213s 50 ndn.AlertConsumer:doReceive(): [INFO ] Received alert: /alert/emergency/veh/94/seq=0/zor=[MASKED]
+94.080608451s 57 caf.Forwarder:OnOutgoingAlert(): [DEBUG] out=257 alert=/alert/emergency/veh/94/seq=0/zor=[MASKED]
+94.080932183s 61 caf.Forwarder:OnIncomingAlert(): [DEBUG] in=257 alert=/alert/emergency/veh/94/seq=0/zor=[MASKED]
+94.080932183s 61 caf.Forwarder:AlertVehicleHandler(): [DEBUG] in=(257,0) alert=/alert/emergency/veh/94/seq=0/zor=[MASKED] decision=drop because duplicate alert
+94.080932198s 56 caf.Forwarder:OnIncomingAlert(): [DEBUG] in=257 alert=/alert/emergency/veh/94/seq=0/zor=[MASKED]
+94.080932198s 56 caf.Forwarder:AlertVehicleHandler(): [DEBUG] in=(257,0) alert=/alert/emergency/veh/94/seq=0/zor=[MASKED] decision=drop because duplicate alert
+94.080932201s 60 caf.Forwarder:OnIncomingAlert(): [DEBUG] in=257 alert=/alert/emergency/veh/94/seq=0/zor=[MASKED]
+94.080932201s 60 caf.Forwarder:AlertVehicleHandler(): [DEBUG] in=(257,0) alert=/alert/emergency/veh/94/seq=0/zor=[MASKED] decision=drop because duplicate alert
+94.080932274s 63 caf.Forwarder:OnIncomingAlert(): [DEBUG] in=257 alert=/alert/emergency/veh/94/seq=0/zor=[MASKED]
+94.080932274s 63 caf.Forwarder:AlertVehicleHandler(): [DEBUG] in=(257,0) alert=/alert/emergency/veh/94/seq=0/zor=[MASKED] decision=drop because duplicate alert
+94.080932307s 50 caf.Forwarder:OnIncomingAlert(): [DEBUG] in=257 alert=/alert/emergency/veh/94/seq=0/zor=[MASKED]
+94.081217667s 50 caf.Forwarder:OnOutgoingAlert(): [DEBUG] out=257 alert=/alert/emergency/veh/94/seq=0/zor=[MASKED]
+94.081293599s 65 caf.Forwarder:OnOutgoingAlert(): [DEBUG] out=257 alert=/alert/emergency/veh/94/seq=0/zor=[MASKED]
+94.081478476s 65 caf.Forwarder:OnIncomingAlert(): [DEBUG] in=257 alert=/alert/emergency/veh/94/seq=0/zor=[MASKED]
+94.081478476s 65 caf.Forwarder:AlertVehicleHandler(): [DEBUG] in=(257,0) alert=/alert/emergency/veh/94/seq=0/zor=[MASKED] decision=drop because duplicate alert
+94.081478556s 74 caf.Forwarder:OnIncomingAlert(): [DEBUG] in=257 alert=/alert/emergency/veh/94/seq=0/zor=[MASKED]
+94.081478556s 74 caf.Forwarder:AlertVehicleHandler(): [DEBUG] in=(257,0) alert=/alert/emergency/veh/94/seq=0/zor=[MASKED] decision=forward to vehicles deferred until 1.86209ms
+94.081478556s 74 ndn.AlertConsumer:doReceive(): [INFO ] Received alert: /alert/emergency/veh/94/seq=0/zor=[MASKED]
+94.081478574s 68 caf.Forwarder:OnIncomingAlert(): [DEBUG] in=257 alert=/alert/emergency/veh/94/seq=0/zor=[MASKED]
+94.081478574s 68 caf.Forwarder:AlertVehicleHandler(): [DEBUG] in=(257,0) alert=/alert/emergency/veh/94/seq=0/zor=[MASKED] decision=forward to vehicles deferred until 1.31752ms
+94.081478574s 68 ndn.AlertConsumer:doReceive(): [INFO ] Received alert: /alert/emergency/veh/94/seq=0/zor=[MASKED]
+94.081478585s 54 caf.Forwarder:OnIncomingAlert(): [DEBUG] in=257 alert=/alert/emergency/veh/94/seq=0/zor=[MASKED]
+94.081478585s 54 caf.Forwarder:AlertVehicleHandler(): [DEBUG] in=(257,0) alert=/alert/emergency/veh/94/seq=0/zor=[MASKED] decision=drop because duplicate alert
+94.082087719s 44 caf.Forwarder:OnIncomingAlert(): [DEBUG] in=257 alert=/alert/emergency/veh/94/seq=0/zor=[MASKED]
+94.082087719s 44 caf.Forwarder:AlertVehicleHandler(): [DEBUG] in=(257,0) alert=/alert/emergency/veh/94/seq=0/zor=[MASKED] decision=forward to vehicles deferred until 3.46935ms
+94.082087719s 44 ndn.AlertConsumer:doReceive(): [INFO ] Received alert: /alert/emergency/veh/94/seq=0/zor=[MASKED]
+94.082087791s 61 caf.Forwarder:OnIncomingAlert(): [DEBUG] in=257 alert=/alert/emergency/veh/94/seq=0/zor=[MASKED]
+94.082087791s 61 caf.Forwarder:AlertVehicleHandler(): [DEBUG] in=(257,0) alert=/alert/emergency/veh/94/seq=0/zor=[MASKED] decision=drop because duplicate alert
+94.082087836s 60 caf.Forwarder:OnIncomingAlert(): [DEBUG] in=257 alert=/alert/emergency/veh/94/seq=0/zor=[MASKED]
+94.082087836s 60 caf.Forwarder:AlertVehicleHandler(): [DEBUG] in=(257,0) alert=/alert/emergency/veh/94/seq=0/zor=[MASKED] decision=drop because duplicate alert
+94.082087838s 59 caf.Forwarder:OnIncomingAlert(): [DEBUG] in=257 alert=/alert/emergency/veh/94/seq=0/zor=[MASKED]
+94.082087838s 59 caf.Forwarder:AlertVehicleHandler(): [DEBUG] in=(257,0) alert=/alert/emergency/veh/94/seq=0/zor=[MASKED] decision=drop because duplicate alert
+94.082348501s 57 caf.Forwarder:OnIncomingAlert(): [DEBUG] in=257 alert=/alert/emergency/veh/94/seq=0/zor=[MASKED]
+94.082348501s 57 caf.Forwarder:AlertVehicleHandler(): [DEBUG] in=(257,0) alert=/alert/emergency/veh/94/seq=0/zor=[MASKED] decision=drop because duplicate alert
+94.082348583s 74 caf.Forwarder:OnIncomingAlert(): [DEBUG] in=257 alert=/alert/emergency/veh/94/seq=0/zor=[MASKED]
+94.082348587s 54 caf.Forwarder:OnIncomingAlert(): [DEBUG] in=257 alert=/alert/emergency/veh/94/seq=0/zor=[MASKED]
+94.082348587s 54 caf.Forwarder:AlertVehicleHandler(): [DEBUG] in=(257,0) alert=/alert/emergency/veh/94/seq=0/zor=[MASKED] decision=drop because duplicate alert
+94.082348604s 68 caf.Forwarder:OnIncomingAlert(): [DEBUG] in=257 alert=/alert/emergency/veh/94/seq=0/zor=[MASKED]
+94.082796091s 68 caf.Forwarder:OnOutgoingAlert(): [DEBUG] out=257 alert=/alert/emergency/veh/94/seq=0/zor=[MASKED]
+94.083340647s 74 caf.Forwarder:OnOutgoingAlert(): [DEBUG] out=257 alert=/alert/emergency/veh/94/seq=0/zor=[MASKED]
+94.083666115s 74 caf.Forwarder:OnIncomingAlert(): [DEBUG] in=257 alert=/alert/emergency/veh/94/seq=0/zor=[MASKED]
+94.083666115s 74 caf.Forwarder:AlertVehicleHandler(): [DEBUG] in=(257,0) alert=/alert/emergency/veh/94/seq=0/zor=[MASKED] decision=drop because duplicate alert
+94.083666182s 70 caf.Forwarder:OnIncomingAlert(): [DEBUG] in=257 alert=/alert/emergency/veh/94/seq=0/zor=[MASKED]
+94.083666182s 70 caf.Forwarder:AlertVehicleHandler(): [DEBUG] in=(257,0) alert=/alert/emergency/veh/94/seq=0/zor=[MASKED] decision=forward to vehicles deferred until 2.30492ms
+94.083666182s 70 ndn.AlertConsumer:doReceive(): [INFO ] Received alert: /alert/emergency/veh/94/seq=0/zor=[MASKED]
+94.083666214s 57 caf.Forwarder:OnIncomingAlert(): [DEBUG] in=257 alert=/alert/emergency/veh/94/seq=0/zor=[MASKED]
+94.083666214s 57 caf.Forwarder:AlertVehicleHandler(): [DEBUG] in=(257,0) alert=/alert/emergency/veh/94/seq=0/zor=[MASKED] decision=drop because duplicate alert
+94.083666219s 65 caf.Forwarder:OnIncomingAlert(): [DEBUG] in=257 alert=/alert/emergency/veh/94/seq=0/zor=[MASKED]
+94.083666219s 65 caf.Forwarder:AlertVehicleHandler(): [DEBUG] in=(257,0) alert=/alert/emergency/veh/94/seq=0/zor=[MASKED] decision=drop because duplicate alert
+94.083666260s 55 caf.Forwarder:OnIncomingAlert(): [DEBUG] in=257 alert=/alert/emergency/veh/94/seq=0/zor=[MASKED]
+94.083666260s 55 caf.Forwarder:AlertVehicleHandler(): [DEBUG] in=(257,0) alert=/alert/emergency/veh/94/seq=0/zor=[MASKED] decision=forward to vehicles deferred until 0ms
+94.083666260s 55 caf.Forwarder:OnOutgoingAlert(): [DEBUG] out=257 alert=/alert/emergency/veh/94/seq=0/zor=[MASKED]
+94.083666260s 55 ndn.AlertConsumer:doReceive(): [INFO ] Received alert: /alert/emergency/veh/94/seq=0/zor=[MASKED]
+94.084536335s 77 caf.Forwarder:OnIncomingAlert(): [DEBUG] in=257 alert=/alert/emergency/veh/94/seq=0/zor=[MASKED]
+94.084536335s 77 caf.Forwarder:AlertVehicleHandler(): [DEBUG] in=(257,0) alert=/alert/emergency/veh/94/seq=0/zor=[MASKED] decision=forward to vehicles deferred until 2.77282ms
+94.084536335s 77 ndn.AlertConsumer:doReceive(): [INFO ] Received alert: /alert/emergency/veh/94/seq=0/zor=[MASKED]
+94.084536339s 70 caf.Forwarder:OnIncomingAlert(): [DEBUG] in=257 alert=/alert/emergency/veh/94/seq=0/zor=[MASKED]
+94.084536339s 70 caf.Forwarder:AlertVehicleHandler(): [DEBUG] in= (257,0) alert=/alert/emergency/veh/94/seq=0/zor=[MASKED] timer cancelled because sender farther then node
+94.084601220s 57 caf.Forwarder:OnIncomingAlert(): [DEBUG] in=257 alert=/alert/emergency/veh/94/seq=0/zor=[MASKED]
+94.084601220s 57 caf.Forwarder:AlertVehicleHandler(): [DEBUG] in=(257,0) alert=/alert/emergency/veh/94/seq=0/zor=[MASKED] decision=drop because duplicate alert
+94.084601222s 65 caf.Forwarder:OnIncomingAlert(): [DEBUG] in=257 alert=/alert/emergency/veh/94/seq=0/zor=[MASKED]
+94.084601222s 65 caf.Forwarder:AlertVehicleHandler(): [DEBUG] in=(257,0) alert=/alert/emergency/veh/94/seq=0/zor=[MASKED] decision=drop because duplicate alert
+94.085557064s 44 caf.Forwarder:OnOutgoingAlert(): [DEBUG] out=257 alert=/alert/emergency/veh/94/seq=0/zor=[MASKED]
+94.086427116s 50 caf.Forwarder:OnIncomingAlert(): [DEBUG] in=257 alert=/alert/emergency/veh/94/seq=0/zor=[MASKED]
+94.086427116s 50 caf.Forwarder:AlertVehicleHandler(): [DEBUG] in=(257,0) alert=/alert/emergency/veh/94/seq=0/zor=[MASKED] decision=drop because duplicate alert
+94.086427170s 64 caf.Forwarder:OnIncomingAlert(): [DEBUG] in=257 alert=/alert/emergency/veh/94/seq=0/zor=[MASKED]
+94.086427170s 64 caf.Forwarder:AlertVehicleHandler(): [DEBUG] in=(257,0) alert=/alert/emergency/veh/94/seq=0/zor=[MASKED] decision=forward to vehicles deferred until 1.83082ms
+94.086427170s 64 ndn.AlertConsumer:doReceive(): [INFO ] Received alert: /alert/emergency/veh/94/seq=0/zor=[MASKED]
+94.087309150s 77 caf.Forwarder:OnOutgoingAlert(): [DEBUG] out=257 alert=/alert/emergency/veh/94/seq=0/zor=[MASKED]
+94.088179225s 55 caf.Forwarder:OnIncomingAlert(): [DEBUG] in=257 alert=/alert/emergency/veh/94/seq=0/zor=[MASKED]
+94.088179225s 55 caf.Forwarder:AlertVehicleHandler(): [DEBUG] in=(257,0) alert=/alert/emergency/veh/94/seq=0/zor=[MASKED] decision=drop because duplicate alert
+94.088179299s 70 caf.Forwarder:OnIncomingAlert(): [DEBUG] in=257 alert=/alert/emergency/veh/94/seq=0/zor=[MASKED]
+94.088179299s 70 caf.Forwarder:AlertVehicleHandler(): [DEBUG] in=(257,0) alert=/alert/emergency/veh/94/seq=0/zor=[MASKED] decision=drop because duplicate alert
+94.088257993s 64 caf.Forwarder:OnOutgoingAlert(): [DEBUG] out=257 alert=/alert/emergency/veh/94/seq=0/zor=[MASKED]
+94.089128099s 44 caf.Forwarder:OnIncomingAlert(): [DEBUG] in=257 alert=/alert/emergency/veh/94/seq=0/zor=[MASKED]
+94.089128099s 44 caf.Forwarder:AlertVehicleHandler(): [DEBUG] in=(257,0) alert=/alert/emergency/veh/94/seq=0/zor=[MASKED] decision=drop because duplicate alert
+94.089128116s 50 caf.Forwarder:OnIncomingAlert(): [DEBUG] in=257 alert=/alert/emergency/veh/94/seq=0/zor=[MASKED]
+94.089128116s 50 caf.Forwarder:AlertVehicleHandler(): [DEBUG] in=(257,0) alert=/alert/emergency/veh/94/seq=0/zor=[MASKED] decision=drop because duplicate alert
+94.089128135s 57 caf.Forwarder:OnIncomingAlert(): [DEBUG] in=257 alert=/alert/emergency/veh/94/seq=0/zor=[MASKED]
+94.089128135s 57 caf.Forwarder:AlertVehicleHandler(): [DEBUG] in=(257,0) alert=/alert/emergency/veh/94/seq=0/zor=[MASKED] decision=drop because duplicate alert
+94.089128142s 65 caf.Forwarder:OnIncomingAlert(): [DEBUG] in=257 alert=/alert/emergency/veh/94/seq=0/zor=[MASKED]
+94.089128142s 65 caf.Forwarder:AlertVehicleHandler(): [DEBUG] in=(257,0) alert=/alert/emergency/veh/94/seq=0/zor=[MASKED] decision=drop because duplicate alert
+94.329858174s 96 ndn.RandomAlertProducer:SendAlert(): [LOGIC] Don't send alert; condition failed
+94.478318501s 95 ndn.RandomAlertProducer:SendAlert(): [LOGIC] Don't send alert; condition failed
+94.784921669s 93 ndn.RandomAlertProducer:SendAlert(): [LOGIC] Don't send alert; condition failed
+97.047337217s 97 ndn.RandomAlertProducer:SendAlert(): [LOGIC] Don't send alert; condition failed
+99.421626198s 99 ndn.RandomAlertProducer:AlertSupplier(): [LOGIC] Send alert=/alert/emergency/veh/99/seq=0/zor=[MASKED] vehCount=33 rsuCount=9
+99.421626198s 99 caf.Forwarder:OnIncomingAlert(): [DEBUG] in=260 alert=/alert/emergency/veh/99/seq=0/zor=[MASKED]
+99.421626198s 99 caf.Forwarder:AlertVehicleHandler(): [DEBUG] in=(260,0) alert=/alert/emergency/veh/99/seq=0/zor=[MASKED] decision=forward to vehicles
+99.421626198s 99 caf.Forwarder:OnOutgoingAlert(): [DEBUG] out=257 alert=/alert/emergency/veh/99/seq=0/zor=[MASKED]
+99.422496209s 100 caf.Forwarder:OnIncomingAlert(): [DEBUG] in=257 alert=/alert/emergency/veh/99/seq=0/zor=[MASKED]
+99.422496209s 100 caf.Forwarder:AlertVehicleHandler(): [DEBUG] in=(257,0) alert=/alert/emergency/veh/99/seq=0/zor=[MASKED] decision=forward to vehicles deferred until 4.72289ms
+99.422496250s 41 caf.Forwarder:OnIncomingAlert(): [DEBUG] in=257 alert=/alert/emergency/veh/99/seq=0/zor=[MASKED]
+99.422496250s 41 caf.Forwarder:AlertVehicleHandler(): [DEBUG] in=(257,0) alert=/alert/emergency/veh/99/seq=0/zor=[MASKED] decision=forward to vehicles deferred until 3.48856ms
+99.422496334s 95 caf.Forwarder:OnIncomingAlert(): [DEBUG] in=257 alert=/alert/emergency/veh/99/seq=0/zor=[MASKED]
+99.422496334s 95 caf.Forwarder:AlertVehicleHandler(): [DEBUG] in=(257,0) alert=/alert/emergency/veh/99/seq=0/zor=[MASKED] decision=forward to vehicles deferred until 0.933081ms
+99.423429415s 95 caf.Forwarder:OnOutgoingAlert(): [DEBUG] out=257 alert=/alert/emergency/veh/99/seq=0/zor=[MASKED]
+99.424299458s 94 caf.Forwarder:OnIncomingAlert(): [DEBUG] in=257 alert=/alert/emergency/veh/99/seq=0/zor=[MASKED]
+99.424299458s 94 caf.Forwarder:AlertVehicleHandler(): [DEBUG] in=(257,0) alert=/alert/emergency/veh/99/seq=0/zor=[MASKED] decision=forward to vehicles deferred until 3.7613ms
+99.424299475s 46 caf.Forwarder:OnIncomingAlert(): [DEBUG] in=257 alert=/alert/emergency/veh/99/seq=0/zor=[MASKED]
+99.424299475s 46 caf.Forwarder:AlertVehicleHandler(): [DEBUG] in=(257,0) alert=/alert/emergency/veh/99/seq=0/zor=[MASKED] decision=forward to vehicles deferred until 3.23782ms
+99.424299513s 41 caf.Forwarder:OnIncomingAlert(): [DEBUG] in=257 alert=/alert/emergency/veh/99/seq=0/zor=[MASKED]
+99.424299513s 41 caf.Forwarder:AlertVehicleHandler(): [DEBUG] in= (257,0) alert=/alert/emergency/veh/99/seq=0/zor=[MASKED] timer cancelled because sender closer to ZoR
+99.424299532s 92 caf.Forwarder:OnIncomingAlert(): [DEBUG] in=257 alert=/alert/emergency/veh/99/seq=0/zor=[MASKED]
+99.424299532s 92 caf.Forwarder:AlertVehicleHandler(): [DEBUG] in=(257,0) alert=/alert/emergency/veh/99/seq=0/zor=[MASKED] decision=forward to vehicles deferred until 1.5047ms
+99.424299549s 100 caf.Forwarder:OnIncomingAlert(): [DEBUG] in=257 alert=/alert/emergency/veh/99/seq=0/zor=[MASKED]
+99.424299549s 100 caf.Forwarder:AlertVehicleHandler(): [DEBUG] in= (257,0) alert=/alert/emergency/veh/99/seq=0/zor=[MASKED] timer cancelled because sender closer to ZoR
+99.424299551s 99 caf.Forwarder:OnIncomingAlert(): [DEBUG] in=257 alert=/alert/emergency/veh/99/seq=0/zor=[MASKED]
+99.424299551s 99 caf.Forwarder:AlertVehicleHandler(): [DEBUG] in=(257,0) alert=/alert/emergency/veh/99/seq=0/zor=[MASKED] decision=drop because duplicate alert
+99.424299563s 49 caf.Forwarder:OnIncomingAlert(): [DEBUG] in=257 alert=/alert/emergency/veh/99/seq=0/zor=[MASKED]
+99.424299563s 49 caf.Forwarder:AlertVehicleHandler(): [DEBUG] in=(257,0) alert=/alert/emergency/veh/99/seq=0/zor=[MASKED] decision=forward to vehicles deferred until 0.557375ms
+99.424856937s 49 caf.Forwarder:OnOutgoingAlert(): [DEBUG] out=257 alert=/alert/emergency/veh/99/seq=0/zor=[MASKED]
+99.425726970s 92 caf.Forwarder:OnIncomingAlert(): [DEBUG] in=257 alert=/alert/emergency/veh/99/seq=0/zor=[MASKED]
+99.425726970s 92 caf.Forwarder:AlertVehicleHandler(): [DEBUG] in= (257,0) alert=/alert/emergency/veh/99/seq=0/zor=[MASKED] timer cancelled because sender closer to ZoR
+99.425727006s 90 caf.Forwarder:OnIncomingAlert(): [DEBUG] in=257 alert=/alert/emergency/veh/99/seq=0/zor=[MASKED]
+99.425727006s 90 caf.Forwarder:AlertVehicleHandler(): [DEBUG] in=(257,0) alert=/alert/emergency/veh/99/seq=0/zor=[MASKED] decision=forward to vehicles deferred until 2.96515ms
+99.425727030s 46 caf.Forwarder:OnIncomingAlert(): [DEBUG] in=257 alert=/alert/emergency/veh/99/seq=0/zor=[MASKED]
+99.425727030s 46 caf.Forwarder:AlertVehicleHandler(): [DEBUG] in= (257,0) alert=/alert/emergency/veh/99/seq=0/zor=[MASKED] timer cancelled because sender closer to ZoR
+99.425727036s 40 caf.Forwarder:OnIncomingAlert(): [DEBUG] in=257 alert=/alert/emergency/veh/99/seq=0/zor=[MASKED]
+99.425727036s 40 caf.Forwarder:AlertVehicleHandler(): [DEBUG] in=(257,0) alert=/alert/emergency/veh/99/seq=0/zor=[MASKED] decision=forward to vehicles deferred until 2.05198ms
+99.425727046s 94 caf.Forwarder:OnIncomingAlert(): [DEBUG] in=257 alert=/alert/emergency/veh/99/seq=0/zor=[MASKED]
+99.425727046s 94 caf.Forwarder:AlertVehicleHandler(): [DEBUG] in= (257,0) alert=/alert/emergency/veh/99/seq=0/zor=[MASKED] timer cancelled because sender closer to ZoR
+99.425727085s 95 caf.Forwarder:OnIncomingAlert(): [DEBUG] in=257 alert=/alert/emergency/veh/99/seq=0/zor=[MASKED]
+99.425727085s 95 caf.Forwarder:AlertVehicleHandler(): [DEBUG] in=(257,0) alert=/alert/emergency/veh/99/seq=0/zor=[MASKED] decision=drop because duplicate alert
+99.427779016s 40 caf.Forwarder:OnOutgoingAlert(): [DEBUG] out=257 alert=/alert/emergency/veh/99/seq=0/zor=[MASKED]
+99.428649062s 90 caf.Forwarder:OnIncomingAlert(): [DEBUG] in=257 alert=/alert/emergency/veh/99/seq=0/zor=[MASKED]
+99.428649062s 90 caf.Forwarder:AlertVehicleHandler(): [DEBUG] in= (257,0) alert=/alert/emergency/veh/99/seq=0/zor=[MASKED] timer cancelled because sender closer to ZoR
+99.428649115s 49 caf.Forwarder:OnIncomingAlert(): [DEBUG] in=257 alert=/alert/emergency/veh/99/seq=0/zor=[MASKED]
+99.428649115s 49 caf.Forwarder:AlertVehicleHandler(): [DEBUG] in=(257,0) alert=/alert/emergency/veh/99/seq=0/zor=[MASKED] decision=drop because duplicate alert
+99.428649135s 88 caf.Forwarder:OnIncomingAlert(): [DEBUG] in=257 alert=/alert/emergency/veh/99/seq=0/zor=[MASKED]
+99.428649135s 88 caf.Forwarder:AlertVehicleHandler(): [DEBUG] in=(257,0) alert=/alert/emergency/veh/99/seq=0/zor=[MASKED] decision=forward to vehicles deferred until 1.44873ms
+99.428649147s 92 caf.Forwarder:OnIncomingAlert(): [DEBUG] in=257 alert=/alert/emergency/veh/99/seq=0/zor=[MASKED]
+99.428649147s 92 caf.Forwarder:AlertVehicleHandler(): [DEBUG] in=(257,0) alert=/alert/emergency/veh/99/seq=0/zor=[MASKED] decision=drop because duplicate alert
+99.430097863s 88 caf.Forwarder:OnOutgoingAlert(): [DEBUG] out=257 alert=/alert/emergency/veh/99/seq=0/zor=[MASKED]
+99.430967948s 58 caf.Forwarder:OnIncomingAlert(): [DEBUG] in=257 alert=/alert/emergency/veh/99/seq=0/zor=[MASKED]
+99.430967948s 58 caf.Forwarder:AlertVehicleHandler(): [DEBUG] in=(257,0) alert=/alert/emergency/veh/99/seq=0/zor=[MASKED] decision=forward to vehicles deferred until 2.47442ms
+99.430967948s 58 ndn.AlertConsumer:doReceive(): [INFO ] Received alert: /alert/emergency/veh/99/seq=0/zor=[MASKED]
+99.430967982s 40 caf.Forwarder:OnIncomingAlert(): [DEBUG] in=257 alert=/alert/emergency/veh/99/seq=0/zor=[MASKED]
+99.430967982s 40 caf.Forwarder:AlertVehicleHandler(): [DEBUG] in=(257,0) alert=/alert/emergency/veh/99/seq=0/zor=[MASKED] decision=drop because duplicate alert
+99.430968010s 90 caf.Forwarder:OnIncomingAlert(): [DEBUG] in=257 alert=/alert/emergency/veh/99/seq=0/zor=[MASKED]
+99.430968010s 90 caf.Forwarder:AlertVehicleHandler(): [DEBUG] in=(257,0) alert=/alert/emergency/veh/99/seq=0/zor=[MASKED] decision=drop because duplicate alert
+99.433442363s 58 caf.Forwarder:OnOutgoingAlert(): [DEBUG] out=257 alert=/alert/emergency/veh/99/seq=0/zor=[MASKED]
+99.434312448s 88 caf.Forwarder:OnIncomingAlert(): [DEBUG] in=257 alert=/alert/emergency/veh/99/seq=0/zor=[MASKED]
+99.434312448s 88 caf.Forwarder:AlertVehicleHandler(): [DEBUG] in=(257,0) alert=/alert/emergency/veh/99/seq=0/zor=[MASKED] decision=drop because duplicate alert
+99.434312503s 82 caf.Forwarder:OnIncomingAlert(): [DEBUG] in=257 alert=/alert/emergency/veh/99/seq=0/zor=[MASKED]
+99.434312503s 82 caf.Forwarder:AlertVehicleHandler(): [DEBUG] in=(257,0) alert=/alert/emergency/veh/99/seq=0/zor=[MASKED] decision=forward to vehicles deferred until 0.795624ms
+99.434312503s 82 ndn.AlertConsumer:doReceive(): [INFO ] Received alert: /alert/emergency/veh/99/seq=0/zor=[MASKED]
+99.435108127s 82 caf.Forwarder:OnOutgoingAlert(): [DEBUG] out=257 alert=/alert/emergency/veh/99/seq=0/zor=[MASKED]
+99.435978256s 78 caf.Forwarder:OnIncomingAlert(): [DEBUG] in=257 alert=/alert/emergency/veh/99/seq=0/zor=[MASKED]
+99.435978256s 78 caf.Forwarder:AlertVehicleHandler(): [DEBUG] in=(257,0) alert=/alert/emergency/veh/99/seq=0/zor=[MASKED] decision=forward to vehicles deferred until 1.13382ms
+99.435978256s 78 ndn.AlertConsumer:doReceive(): [INFO ] Received alert: /alert/emergency/veh/99/seq=0/zor=[MASKED]
+99.435978268s 58 caf.Forwarder:OnIncomingAlert(): [DEBUG] in=257 alert=/alert/emergency/veh/99/seq=0/zor=[MASKED]
+99.435978268s 58 caf.Forwarder:AlertVehicleHandler(): [DEBUG] in=(257,0) alert=/alert/emergency/veh/99/seq=0/zor=[MASKED] decision=drop because duplicate alert
+99.437112075s 78 caf.Forwarder:OnOutgoingAlert(): [DEBUG] out=257 alert=/alert/emergency/veh/99/seq=0/zor=[MASKED]
+99.437982184s 79 caf.Forwarder:OnIncomingAlert(): [DEBUG] in=257 alert=/alert/emergency/veh/99/seq=0/zor=[MASKED]
+99.437982184s 79 caf.Forwarder:AlertVehicleHandler(): [DEBUG] in=(257,0) alert=/alert/emergency/veh/99/seq=0/zor=[MASKED] decision=forward to vehicles deferred until 1.75035ms
+99.437982184s 79 ndn.AlertConsumer:doReceive(): [INFO ] Received alert: /alert/emergency/veh/99/seq=0/zor=[MASKED]
+99.437982191s 80 caf.Forwarder:OnIncomingAlert(): [DEBUG] in=257 alert=/alert/emergency/veh/99/seq=0/zor=[MASKED]
+99.437982191s 80 caf.Forwarder:AlertVehicleHandler(): [DEBUG] in=(257,0) alert=/alert/emergency/veh/99/seq=0/zor=[MASKED] decision=forward to vehicles deferred until 1.54277ms
+99.437982191s 80 ndn.AlertConsumer:doReceive(): [INFO ] Received alert: /alert/emergency/veh/99/seq=0/zor=[MASKED]
+99.437982204s 82 caf.Forwarder:OnIncomingAlert(): [DEBUG] in=257 alert=/alert/emergency/veh/99/seq=0/zor=[MASKED]
+99.437982204s 82 caf.Forwarder:AlertVehicleHandler(): [DEBUG] in=(257,0) alert=/alert/emergency/veh/99/seq=0/zor=[MASKED] decision=drop because duplicate alert
+99.437982241s 54 caf.Forwarder:OnIncomingAlert(): [DEBUG] in=257 alert=/alert/emergency/veh/99/seq=0/zor=[MASKED]
+99.437982241s 54 caf.Forwarder:AlertVehicleHandler(): [DEBUG] in=(257,0) alert=/alert/emergency/veh/99/seq=0/zor=[MASKED] decision=forward to vehicles deferred until 0.0344902ms
+99.437982241s 54 ndn.AlertConsumer:doReceive(): [INFO ] Received alert: /alert/emergency/veh/99/seq=0/zor=[MASKED]
+99.438016731s 54 caf.Forwarder:OnOutgoingAlert(): [DEBUG] out=257 alert=/alert/emergency/veh/99/seq=0/zor=[MASKED]
+99.438886760s 72 caf.Forwarder:OnIncomingAlert(): [DEBUG] in=257 alert=/alert/emergency/veh/99/seq=0/zor=[MASKED]
+99.438886760s 72 caf.Forwarder:AlertVehicleHandler(): [DEBUG] in=(257,0) alert=/alert/emergency/veh/99/seq=0/zor=[MASKED] decision=forward to vehicles deferred until 4.17825ms
+99.438886760s 72 ndn.AlertConsumer:doReceive(): [INFO ] Received alert: /alert/emergency/veh/99/seq=0/zor=[MASKED]
+99.438886784s 80 caf.Forwarder:OnIncomingAlert(): [DEBUG] in=257 alert=/alert/emergency/veh/99/seq=0/zor=[MASKED]
+99.438886784s 80 caf.Forwarder:AlertVehicleHandler(): [DEBUG] in= (257,0) alert=/alert/emergency/veh/99/seq=0/zor=[MASKED] timer cancelled because sender farther then node
+99.438886796s 79 caf.Forwarder:OnIncomingAlert(): [DEBUG] in=257 alert=/alert/emergency/veh/99/seq=0/zor=[MASKED]
+99.438886796s 79 caf.Forwarder:AlertVehicleHandler(): [DEBUG] in= (257,0) alert=/alert/emergency/veh/99/seq=0/zor=[MASKED] timer cancelled because sender farther then node
+99.438886851s 65 caf.Forwarder:OnIncomingAlert(): [DEBUG] in=257 alert=/alert/emergency/veh/99/seq=0/zor=[MASKED]
+99.438886851s 65 caf.Forwarder:AlertVehicleHandler(): [DEBUG] in=(257,0) alert=/alert/emergency/veh/99/seq=0/zor=[MASKED] decision=forward to vehicles deferred until 1.42798ms
+99.438886851s 65 ndn.AlertConsumer:doReceive(): [INFO ] Received alert: /alert/emergency/veh/99/seq=0/zor=[MASKED]
+99.438886869s 71 caf.Forwarder:OnIncomingAlert(): [DEBUG] in=257 alert=/alert/emergency/veh/99/seq=0/zor=[MASKED]
+99.438886869s 71 caf.Forwarder:AlertVehicleHandler(): [DEBUG] in=(257,0) alert=/alert/emergency/veh/99/seq=0/zor=[MASKED] decision=forward to vehicles deferred until 0.859304ms
+99.438886869s 71 ndn.AlertConsumer:doReceive(): [INFO ] Received alert: /alert/emergency/veh/99/seq=0/zor=[MASKED]
+99.438886871s 64 caf.Forwarder:OnIncomingAlert(): [DEBUG] in=257 alert=/alert/emergency/veh/99/seq=0/zor=[MASKED]
+99.438886871s 64 caf.Forwarder:AlertVehicleHandler(): [DEBUG] in=(257,0) alert=/alert/emergency/veh/99/seq=0/zor=[MASKED] decision=forward to vehicles deferred until 0.807227ms
+99.438886871s 64 ndn.AlertConsumer:doReceive(): [INFO ] Received alert: /alert/emergency/veh/99/seq=0/zor=[MASKED]
+99.438886883s 67 caf.Forwarder:OnIncomingAlert(): [DEBUG] in=257 alert=/alert/emergency/veh/99/seq=0/zor=[MASKED]
+99.438886883s 67 caf.Forwarder:AlertVehicleHandler(): [DEBUG] in=(257,0) alert=/alert/emergency/veh/99/seq=0/zor=[MASKED] decision=forward to vehicles deferred until 0.461251ms
+99.438886883s 67 ndn.AlertConsumer:doReceive(): [INFO ] Received alert: /alert/emergency/veh/99/seq=0/zor=[MASKED]
+99.438886897s 78 caf.Forwarder:OnIncomingAlert(): [DEBUG] in=257 alert=/alert/emergency/veh/99/seq=0/zor=[MASKED]
+99.438886897s 78 caf.Forwarder:AlertVehicleHandler(): [DEBUG] in=(257,0) alert=/alert/emergency/veh/99/seq=0/zor=[MASKED] decision=drop because duplicate alert
+99.439348133s 67 caf.Forwarder:OnOutgoingAlert(): [DEBUG] out=257 alert=/alert/emergency/veh/99/seq=0/zor=[MASKED]
+99.439694097s 64 caf.Forwarder:OnOutgoingAlert(): [DEBUG] out=257 alert=/alert/emergency/veh/99/seq=0/zor=[MASKED]
+99.439746173s 71 caf.Forwarder:OnOutgoingAlert(): [DEBUG] out=257 alert=/alert/emergency/veh/99/seq=0/zor=[MASKED]
+99.440218156s 71 caf.Forwarder:OnIncomingAlert(): [DEBUG] in=257 alert=/alert/emergency/veh/99/seq=0/zor=[MASKED]
+99.440218156s 71 caf.Forwarder:AlertVehicleHandler(): [DEBUG] in=(257,0) alert=/alert/emergency/veh/99/seq=0/zor=[MASKED] decision=drop because duplicate alert
+99.440218194s 66 caf.Forwarder:OnIncomingAlert(): [DEBUG] in=257 alert=/alert/emergency/veh/99/seq=0/zor=[MASKED]
+99.440218194s 66 caf.Forwarder:AlertVehicleHandler(): [DEBUG] in=(257,0) alert=/alert/emergency/veh/99/seq=0/zor=[MASKED] decision=forward to vehicles deferred until 3.21372ms
+99.440218194s 66 ndn.AlertConsumer:doReceive(): [INFO ] Received alert: /alert/emergency/veh/99/seq=0/zor=[MASKED]
+99.440218234s 63 caf.Forwarder:OnIncomingAlert(): [DEBUG] in=257 alert=/alert/emergency/veh/99/seq=0/zor=[MASKED]
+99.440218234s 63 caf.Forwarder:AlertVehicleHandler(): [DEBUG] in=(257,0) alert=/alert/emergency/veh/99/seq=0/zor=[MASKED] decision=forward to vehicles deferred until 1.99476ms
+99.440218234s 63 ndn.AlertConsumer:doReceive(): [INFO ] Received alert: /alert/emergency/veh/99/seq=0/zor=[MASKED]
+99.440218252s 69 caf.Forwarder:OnIncomingAlert(): [DEBUG] in=257 alert=/alert/emergency/veh/99/seq=0/zor=[MASKED]
+99.440218252s 69 caf.Forwarder:AlertVehicleHandler(): [DEBUG] in=(257,0) alert=/alert/emergency/veh/99/seq=0/zor=[MASKED] decision=forward to vehicles deferred until 1.44759ms
+99.440218252s 69 ndn.AlertConsumer:doReceive(): [INFO ] Received alert: /alert/emergency/veh/99/seq=0/zor=[MASKED]
+99.440218257s 72 caf.Forwarder:OnIncomingAlert(): [DEBUG] in=257 alert=/alert/emergency/veh/99/seq=0/zor=[MASKED]
+99.440218257s 72 caf.Forwarder:AlertVehicleHandler(): [DEBUG] in= (257,0) alert=/alert/emergency/veh/99/seq=0/zor=[MASKED] timer cancelled because sender farther then node
+99.440218273s 65 caf.Forwarder:OnIncomingAlert(): [DEBUG] in=257 alert=/alert/emergency/veh/99/seq=0/zor=[MASKED]
+99.440218273s 65 caf.Forwarder:AlertVehicleHandler(): [DEBUG] in= (257,0) alert=/alert/emergency/veh/99/seq=0/zor=[MASKED] timer cancelled because sender farther then node
+99.440218281s 64 caf.Forwarder:OnIncomingAlert(): [DEBUG] in=257 alert=/alert/emergency/veh/99/seq=0/zor=[MASKED]
+99.440218281s 64 caf.Forwarder:AlertVehicleHandler(): [DEBUG] in=(257,0) alert=/alert/emergency/veh/99/seq=0/zor=[MASKED] decision=drop because duplicate alert
+99.440218285s 54 caf.Forwarder:OnIncomingAlert(): [DEBUG] in=257 alert=/alert/emergency/veh/99/seq=0/zor=[MASKED]
+99.440218285s 54 caf.Forwarder:AlertVehicleHandler(): [DEBUG] in=(257,0) alert=/alert/emergency/veh/99/seq=0/zor=[MASKED] decision=drop because duplicate alert
+99.440218292s 56 caf.Forwarder:OnIncomingAlert(): [DEBUG] in=257 alert=/alert/emergency/veh/99/seq=0/zor=[MASKED]
+99.440218292s 56 caf.Forwarder:AlertVehicleHandler(): [DEBUG] in=(257,0) alert=/alert/emergency/veh/99/seq=0/zor=[MASKED] decision=forward to vehicles deferred until 0.245644ms
+99.440218292s 56 ndn.AlertConsumer:doReceive(): [INFO ] Received alert: /alert/emergency/veh/99/seq=0/zor=[MASKED]
+99.440463935s 56 caf.Forwarder:OnOutgoingAlert(): [DEBUG] out=257 alert=/alert/emergency/veh/99/seq=0/zor=[MASKED]
+99.441114179s 67 caf.Forwarder:OnIncomingAlert(): [DEBUG] in=257 alert=/alert/emergency/veh/99/seq=0/zor=[MASKED]
+99.441114179s 67 caf.Forwarder:AlertVehicleHandler(): [DEBUG] in=(257,0) alert=/alert/emergency/veh/99/seq=0/zor=[MASKED] decision=drop because duplicate alert
+99.441114236s 66 caf.Forwarder:OnIncomingAlert(): [DEBUG] in=257 alert=/alert/emergency/veh/99/seq=0/zor=[MASKED]
+99.441114266s 72 caf.Forwarder:OnIncomingAlert(): [DEBUG] in=257 alert=/alert/emergency/veh/99/seq=0/zor=[MASKED]
+99.441114266s 72 caf.Forwarder:AlertVehicleHandler(): [DEBUG] in=(257,0) alert=/alert/emergency/veh/99/seq=0/zor=[MASKED] decision=drop because duplicate alert
+99.441114268s 63 caf.Forwarder:OnIncomingAlert(): [DEBUG] in=257 alert=/alert/emergency/veh/99/seq=0/zor=[MASKED]
+99.441114294s 69 caf.Forwarder:OnIncomingAlert(): [DEBUG] in=257 alert=/alert/emergency/veh/99/seq=0/zor=[MASKED]
+99.441114295s 54 caf.Forwarder:OnIncomingAlert(): [DEBUG] in=257 alert=/alert/emergency/veh/99/seq=0/zor=[MASKED]
+99.441114295s 54 caf.Forwarder:AlertVehicleHandler(): [DEBUG] in=(257,0) alert=/alert/emergency/veh/99/seq=0/zor=[MASKED] decision=drop because duplicate alert
+99.441114302s 65 caf.Forwarder:OnIncomingAlert(): [DEBUG] in=257 alert=/alert/emergency/veh/99/seq=0/zor=[MASKED]
+99.441114302s 65 caf.Forwarder:AlertVehicleHandler(): [DEBUG] in=(257,0) alert=/alert/emergency/veh/99/seq=0/zor=[MASKED] decision=drop because duplicate alert
+99.441114312s 64 caf.Forwarder:OnIncomingAlert(): [DEBUG] in=257 alert=/alert/emergency/veh/99/seq=0/zor=[MASKED]
+99.441114312s 64 caf.Forwarder:AlertVehicleHandler(): [DEBUG] in=(257,0) alert=/alert/emergency/veh/99/seq=0/zor=[MASKED] decision=drop because duplicate alert
+99.441114320s 80 caf.Forwarder:OnIncomingAlert(): [DEBUG] in=257 alert=/alert/emergency/veh/99/seq=0/zor=[MASKED]
+99.441114320s 80 caf.Forwarder:AlertVehicleHandler(): [DEBUG] in=(257,0) alert=/alert/emergency/veh/99/seq=0/zor=[MASKED] decision=drop because duplicate alert
+99.441114321s 56 caf.Forwarder:OnIncomingAlert(): [DEBUG] in=257 alert=/alert/emergency/veh/99/seq=0/zor=[MASKED]
+99.441114321s 56 caf.Forwarder:AlertVehicleHandler(): [DEBUG] in=(257,0) alert=/alert/emergency/veh/99/seq=0/zor=[MASKED] decision=drop because duplicate alert
+99.441114322s 79 caf.Forwarder:OnIncomingAlert(): [DEBUG] in=257 alert=/alert/emergency/veh/99/seq=0/zor=[MASKED]
+99.441114322s 79 caf.Forwarder:AlertVehicleHandler(): [DEBUG] in=(257,0) alert=/alert/emergency/veh/99/seq=0/zor=[MASKED] decision=drop because duplicate alert
+99.441665839s 69 caf.Forwarder:OnOutgoingAlert(): [DEBUG] out=257 alert=/alert/emergency/veh/99/seq=0/zor=[MASKED]
+99.442049384s 63 caf.Forwarder:OnIncomingAlert(): [DEBUG] in=257 alert=/alert/emergency/veh/99/seq=0/zor=[MASKED]
+99.442049384s 63 caf.Forwarder:AlertVehicleHandler(): [DEBUG] in= (257,0) alert=/alert/emergency/veh/99/seq=0/zor=[MASKED] timer cancelled because sender farther then node
+99.442049426s 69 caf.Forwarder:OnIncomingAlert(): [DEBUG] in=257 alert=/alert/emergency/veh/99/seq=0/zor=[MASKED]
+99.442049426s 69 caf.Forwarder:AlertVehicleHandler(): [DEBUG] in=(257,0) alert=/alert/emergency/veh/99/seq=0/zor=[MASKED] decision=drop because duplicate alert
+99.442049441s 66 caf.Forwarder:OnIncomingAlert(): [DEBUG] in=257 alert=/alert/emergency/veh/99/seq=0/zor=[MASKED]
+99.442049441s 66 caf.Forwarder:AlertVehicleHandler(): [DEBUG] in= (257,0) alert=/alert/emergency/veh/99/seq=0/zor=[MASKED] timer cancelled because sender farther then node
+99.442049480s 59 caf.Forwarder:OnIncomingAlert(): [DEBUG] in=257 alert=/alert/emergency/veh/99/seq=0/zor=[MASKED]
+99.442049480s 59 caf.Forwarder:AlertVehicleHandler(): [DEBUG] in=(257,0) alert=/alert/emergency/veh/99/seq=0/zor=[MASKED] decision=forward to vehicles deferred until 0.231149ms
+99.442049480s 59 ndn.AlertConsumer:doReceive(): [INFO ] Received alert: /alert/emergency/veh/99/seq=0/zor=[MASKED]
+99.442153332s 65 caf.Forwarder:OnIncomingAlert(): [DEBUG] in=257 alert=/alert/emergency/veh/99/seq=0/zor=[MASKED]
+99.442153332s 65 caf.Forwarder:AlertVehicleHandler(): [DEBUG] in=(257,0) alert=/alert/emergency/veh/99/seq=0/zor=[MASKED] decision=drop because duplicate alert
+99.442153375s 74 caf.Forwarder:OnIncomingAlert(): [DEBUG] in=257 alert=/alert/emergency/veh/99/seq=0/zor=[MASKED]
+99.442153375s 74 caf.Forwarder:AlertVehicleHandler(): [DEBUG] in=(257,0) alert=/alert/emergency/veh/99/seq=0/zor=[MASKED] decision=forward to vehicles deferred until 3.1315ms
+99.442153375s 74 ndn.AlertConsumer:doReceive(): [INFO ] Received alert: /alert/emergency/veh/99/seq=0/zor=[MASKED]
+99.442153407s 68 caf.Forwarder:OnIncomingAlert(): [DEBUG] in=257 alert=/alert/emergency/veh/99/seq=0/zor=[MASKED]
+99.442153407s 68 caf.Forwarder:AlertVehicleHandler(): [DEBUG] in=(257,0) alert=/alert/emergency/veh/99/seq=0/zor=[MASKED] decision=forward to vehicles deferred until 2.17027ms
+99.442153407s 68 ndn.AlertConsumer:doReceive(): [INFO ] Received alert: /alert/emergency/veh/99/seq=0/zor=[MASKED]
+99.442153448s 72 caf.Forwarder:OnIncomingAlert(): [DEBUG] in=257 alert=/alert/emergency/veh/99/seq=0/zor=[MASKED]
+99.442153448s 72 caf.Forwarder:AlertVehicleHandler(): [DEBUG] in=(257,0) alert=/alert/emergency/veh/99/seq=0/zor=[MASKED] decision=drop because duplicate alert
+99.442153452s 54 caf.Forwarder:OnIncomingAlert(): [DEBUG] in=257 alert=/alert/emergency/veh/99/seq=0/zor=[MASKED]
+99.442153452s 54 caf.Forwarder:AlertVehicleHandler(): [DEBUG] in=(257,0) alert=/alert/emergency/veh/99/seq=0/zor=[MASKED] decision=drop because duplicate alert
+99.442153455s 70 caf.Forwarder:OnIncomingAlert(): [DEBUG] in=257 alert=/alert/emergency/veh/99/seq=0/zor=[MASKED]
+99.442153455s 70 caf.Forwarder:AlertVehicleHandler(): [DEBUG] in=(257,0) alert=/alert/emergency/veh/99/seq=0/zor=[MASKED] decision=forward to vehicles deferred until 0.721777ms
+99.442153455s 70 ndn.AlertConsumer:doReceive(): [INFO ] Received alert: /alert/emergency/veh/99/seq=0/zor=[MASKED]
+99.442280628s 59 caf.Forwarder:OnOutgoingAlert(): [DEBUG] out=257 alert=/alert/emergency/veh/99/seq=0/zor=[MASKED]
+99.442875232s 70 caf.Forwarder:OnOutgoingAlert(): [DEBUG] out=257 alert=/alert/emergency/veh/99/seq=0/zor=[MASKED]
+99.443088484s 66 caf.Forwarder:OnIncomingAlert(): [DEBUG] in=257 alert=/alert/emergency/veh/99/seq=0/zor=[MASKED]
+99.443088484s 66 caf.Forwarder:AlertVehicleHandler(): [DEBUG] in=(257,0) alert=/alert/emergency/veh/99/seq=0/zor=[MASKED] decision=drop because duplicate alert
+99.443088485s 63 caf.Forwarder:OnIncomingAlert(): [DEBUG] in=257 alert=/alert/emergency/veh/99/seq=0/zor=[MASKED]
+99.443088485s 63 caf.Forwarder:AlertVehicleHandler(): [DEBUG] in=(257,0) alert=/alert/emergency/veh/99/seq=0/zor=[MASKED] decision=drop because duplicate alert
+99.443088531s 56 caf.Forwarder:OnIncomingAlert(): [DEBUG] in=257 alert=/alert/emergency/veh/99/seq=0/zor=[MASKED]
+99.443088531s 56 caf.Forwarder:AlertVehicleHandler(): [DEBUG] in=(257,0) alert=/alert/emergency/veh/99/seq=0/zor=[MASKED] decision=drop because duplicate alert
+99.443088541s 60 caf.Forwarder:OnIncomingAlert(): [DEBUG] in=257 alert=/alert/emergency/veh/99/seq=0/zor=[MASKED]
+99.443088541s 60 caf.Forwarder:AlertVehicleHandler(): [DEBUG] in=(257,0) alert=/alert/emergency/veh/99/seq=0/zor=[MASKED] decision=forward to vehicles deferred until 1.57335ms
+99.443088541s 60 ndn.AlertConsumer:doReceive(): [INFO ] Received alert: /alert/emergency/veh/99/seq=0/zor=[MASKED]
+99.443088545s 67 caf.Forwarder:OnIncomingAlert(): [DEBUG] in=257 alert=/alert/emergency/veh/99/seq=0/zor=[MASKED]
+99.443088545s 67 caf.Forwarder:AlertVehicleHandler(): [DEBUG] in=(257,0) alert=/alert/emergency/veh/99/seq=0/zor=[MASKED] decision=drop because duplicate alert
+99.443088564s 71 caf.Forwarder:OnIncomingAlert(): [DEBUG] in=257 alert=/alert/emergency/veh/99/seq=0/zor=[MASKED]
+99.443088564s 71 caf.Forwarder:AlertVehicleHandler(): [DEBUG] in=(257,0) alert=/alert/emergency/veh/99/seq=0/zor=[MASKED] decision=drop because duplicate alert
+99.443088582s 61 caf.Forwarder:OnIncomingAlert(): [DEBUG] in=257 alert=/alert/emergency/veh/99/seq=0/zor=[MASKED]
+99.443088582s 61 caf.Forwarder:AlertVehicleHandler(): [DEBUG] in=(257,0) alert=/alert/emergency/veh/99/seq=0/zor=[MASKED] decision=forward to vehicles deferred until 0.325406ms
+99.443088582s 61 ndn.AlertConsumer:doReceive(): [INFO ] Received alert: /alert/emergency/veh/99/seq=0/zor=[MASKED]
+99.443413987s 61 caf.Forwarder:OnOutgoingAlert(): [DEBUG] out=257 alert=/alert/emergency/veh/99/seq=0/zor=[MASKED]
+99.443745287s 68 caf.Forwarder:OnIncomingAlert(): [DEBUG] in=257 alert=/alert/emergency/veh/99/seq=0/zor=[MASKED]
+99.443745287s 68 caf.Forwarder:AlertVehicleHandler(): [DEBUG] in= (257,0) alert=/alert/emergency/veh/99/seq=0/zor=[MASKED] timer cancelled because sender farther then node
+99.443745312s 74 caf.Forwarder:OnIncomingAlert(): [DEBUG] in=257 alert=/alert/emergency/veh/99/seq=0/zor=[MASKED]
+99.443745312s 74 caf.Forwarder:AlertVehicleHandler(): [DEBUG] in= (257,0) alert=/alert/emergency/veh/99/seq=0/zor=[MASKED] timer cancelled because sender farther then node
+99.443745345s 77 caf.Forwarder:OnIncomingAlert(): [DEBUG] in=257 alert=/alert/emergency/veh/99/seq=0/zor=[MASKED]
+99.443745345s 77 caf.Forwarder:AlertVehicleHandler(): [DEBUG] in=(257,0) alert=/alert/emergency/veh/99/seq=0/zor=[MASKED] decision=forward to vehicles deferred until 1.61708ms
+99.443745345s 77 ndn.AlertConsumer:doReceive(): [INFO ] Received alert: /alert/emergency/veh/99/seq=0/zor=[MASKED]
+99.443745375s 64 caf.Forwarder:OnIncomingAlert(): [DEBUG] in=257 alert=/alert/emergency/veh/99/seq=0/zor=[MASKED]
+99.443745375s 64 caf.Forwarder:AlertVehicleHandler(): [DEBUG] in=(257,0) alert=/alert/emergency/veh/99/seq=0/zor=[MASKED] decision=drop because duplicate alert
+99.444284030s 60 caf.Forwarder:OnIncomingAlert(): [DEBUG] in=257 alert=/alert/emergency/veh/99/seq=0/zor=[MASKED]
+99.444284030s 60 caf.Forwarder:AlertVehicleHandler(): [DEBUG] in= (257,0) alert=/alert/emergency/veh/99/seq=0/zor=[MASKED] timer cancelled because sender farther then node
+99.444284033s 73 caf.Forwarder:OnIncomingAlert(): [DEBUG] in=257 alert=/alert/emergency/veh/99/seq=0/zor=[MASKED]
+99.444284033s 73 caf.Forwarder:AlertVehicleHandler(): [DEBUG] in=(257,0) alert=/alert/emergency/veh/99/seq=0/zor=[MASKED] decision=forward to vehicles deferred until 3.6488ms
+99.444284033s 73 ndn.AlertConsumer:doReceive(): [INFO ] Received alert: /alert/emergency/veh/99/seq=0/zor=[MASKED]
+99.444284063s 75 caf.Forwarder:OnIncomingAlert(): [DEBUG] in=257 alert=/alert/emergency/veh/99/seq=0/zor=[MASKED]
+99.444284063s 75 caf.Forwarder:AlertVehicleHandler(): [DEBUG] in=(257,0) alert=/alert/emergency/veh/99/seq=0/zor=[MASKED] decision=forward to vehicles deferred until 2.75605ms
+99.444284063s 75 ndn.AlertConsumer:doReceive(): [INFO ] Received alert: /alert/emergency/veh/99/seq=0/zor=[MASKED]
+99.444284080s 50 caf.Forwarder:OnIncomingAlert(): [DEBUG] in=257 alert=/alert/emergency/veh/99/seq=0/zor=[MASKED]
+99.444284080s 50 caf.Forwarder:AlertVehicleHandler(): [DEBUG] in=(257,0) alert=/alert/emergency/veh/99/seq=0/zor=[MASKED] decision=forward to vehicles deferred until 2.23705ms
+99.444284080s 50 ndn.AlertConsumer:doReceive(): [INFO ] Received alert: /alert/emergency/veh/99/seq=0/zor=[MASKED]
+99.444284127s 76 caf.Forwarder:OnIncomingAlert(): [DEBUG] in=257 alert=/alert/emergency/veh/99/seq=0/zor=[MASKED]
+99.444284127s 76 caf.Forwarder:AlertVehicleHandler(): [DEBUG] in=(257,0) alert=/alert/emergency/veh/99/seq=0/zor=[MASKED] decision=forward to vehicles deferred until 0.807599ms
+99.444284127s 76 ndn.AlertConsumer:doReceive(): [INFO ] Received alert: /alert/emergency/veh/99/seq=0/zor=[MASKED]
+99.444284143s 69 caf.Forwarder:OnIncomingAlert(): [DEBUG] in=257 alert=/alert/emergency/veh/99/seq=0/zor=[MASKED]
+99.444284143s 69 caf.Forwarder:AlertVehicleHandler(): [DEBUG] in=(257,0) alert=/alert/emergency/veh/99/seq=0/zor=[MASKED] decision=drop because duplicate alert
+99.445091725s 76 caf.Forwarder:OnOutgoingAlert(): [DEBUG] out=257 alert=/alert/emergency/veh/99/seq=0/zor=[MASKED]
+99.445362428s 77 caf.Forwarder:OnOutgoingAlert(): [DEBUG] out=257 alert=/alert/emergency/veh/99/seq=0/zor=[MASKED]
+99.445961777s 50 caf.Forwarder:OnIncomingAlert(): [DEBUG] in=257 alert=/alert/emergency/veh/99/seq=0/zor=[MASKED]
+99.445961777s 50 caf.Forwarder:AlertVehicleHandler(): [DEBUG] in= (257,0) alert=/alert/emergency/veh/99/seq=0/zor=[MASKED] timer cancelled because sender farther then node
+99.445961796s 75 caf.Forwarder:OnIncomingAlert(): [DEBUG] in=257 alert=/alert/emergency/veh/99/seq=0/zor=[MASKED]
+99.445961796s 75 caf.Forwarder:AlertVehicleHandler(): [DEBUG] in= (257,0) alert=/alert/emergency/veh/99/seq=0/zor=[MASKED] timer cancelled because sender farther then node
+99.445961807s 44 caf.Forwarder:OnIncomingAlert(): [DEBUG] in=257 alert=/alert/emergency/veh/99/seq=0/zor=[MASKED]
+99.445961807s 44 caf.Forwarder:AlertVehicleHandler(): [DEBUG] in=(257,0) alert=/alert/emergency/veh/99/seq=0/zor=[MASKED] decision=forward to vehicles deferred until 2.57102ms
+99.445961807s 44 ndn.AlertConsumer:doReceive(): [INFO ] Received alert: /alert/emergency/veh/99/seq=0/zor=[MASKED]
+99.445961825s 73 caf.Forwarder:OnIncomingAlert(): [DEBUG] in=257 alert=/alert/emergency/veh/99/seq=0/zor=[MASKED]
+99.445961825s 73 caf.Forwarder:AlertVehicleHandler(): [DEBUG] in= (257,0) alert=/alert/emergency/veh/99/seq=0/zor=[MASKED] timer cancelled because sender farther then node
+99.445961865s 61 caf.Forwarder:OnIncomingAlert(): [DEBUG] in=257 alert=/alert/emergency/veh/99/seq=0/zor=[MASKED]
+99.445961865s 61 caf.Forwarder:AlertVehicleHandler(): [DEBUG] in=(257,0) alert=/alert/emergency/veh/99/seq=0/zor=[MASKED] decision=drop because duplicate alert
+99.446232517s 57 caf.Forwarder:OnIncomingAlert(): [DEBUG] in=257 alert=/alert/emergency/veh/99/seq=0/zor=[MASKED]
+99.446232517s 57 caf.Forwarder:AlertVehicleHandler(): [DEBUG] in=(257,0) alert=/alert/emergency/veh/99/seq=0/zor=[MASKED] decision=forward to vehicles deferred until 2.36544ms
+99.446232517s 57 ndn.AlertConsumer:doReceive(): [INFO ] Received alert: /alert/emergency/veh/99/seq=0/zor=[MASKED]
+99.446232541s 70 caf.Forwarder:OnIncomingAlert(): [DEBUG] in=257 alert=/alert/emergency/veh/99/seq=0/zor=[MASKED]
+99.446232541s 70 caf.Forwarder:AlertVehicleHandler(): [DEBUG] in=(257,0) alert=/alert/emergency/veh/99/seq=0/zor=[MASKED] decision=drop because duplicate alert
+99.446232596s 68 caf.Forwarder:OnIncomingAlert(): [DEBUG] in=257 alert=/alert/emergency/veh/99/seq=0/zor=[MASKED]
+99.446232596s 68 caf.Forwarder:AlertVehicleHandler(): [DEBUG] in=(257,0) alert=/alert/emergency/veh/99/seq=0/zor=[MASKED] decision=drop because duplicate alert
+99.448532831s 44 caf.Forwarder:OnOutgoingAlert(): [DEBUG] out=257 alert=/alert/emergency/veh/99/seq=0/zor=[MASKED]
+99.448597957s 57 caf.Forwarder:OnOutgoingAlert(): [DEBUG] out=257 alert=/alert/emergency/veh/99/seq=0/zor=[MASKED]
+99.449402913s 76 caf.Forwarder:OnIncomingAlert(): [DEBUG] in=257 alert=/alert/emergency/veh/99/seq=0/zor=[MASKED]
+99.449402913s 76 caf.Forwarder:AlertVehicleHandler(): [DEBUG] in=(257,0) alert=/alert/emergency/veh/99/seq=0/zor=[MASKED] decision=drop because duplicate alert
+99.449402947s 50 caf.Forwarder:OnIncomingAlert(): [DEBUG] in=257 alert=/alert/emergency/veh/99/seq=0/zor=[MASKED]
+99.449402947s 50 caf.Forwarder:AlertVehicleHandler(): [DEBUG] in=(257,0) alert=/alert/emergency/veh/99/seq=0/zor=[MASKED] decision=drop because duplicate alert
+99.449402981s 75 caf.Forwarder:OnIncomingAlert(): [DEBUG] in=257 alert=/alert/emergency/veh/99/seq=0/zor=[MASKED]
+99.449402981s 75 caf.Forwarder:AlertVehicleHandler(): [DEBUG] in=(257,0) alert=/alert/emergency/veh/99/seq=0/zor=[MASKED] decision=drop because duplicate alert
+99.449468046s 77 caf.Forwarder:OnIncomingAlert(): [DEBUG] in=257 alert=/alert/emergency/veh/99/seq=0/zor=[MASKED]
+99.449468046s 77 caf.Forwarder:AlertVehicleHandler(): [DEBUG] in=(257,0) alert=/alert/emergency/veh/99/seq=0/zor=[MASKED] decision=drop because duplicate alert
+99.603151911s 98 ndn.RandomAlertProducer:SendAlert(): [LOGIC] Don't send alert; condition failed
+100.111218696s 100 ndn.RandomAlertProducer:AlertSupplier(): [LOGIC] Send alert=/alert/emergency/veh/100/seq=0/zor=[MASKED] vehCount=33 rsuCount=9
+100.111218696s 100 caf.Forwarder:OnIncomingAlert(): [DEBUG] in=260 alert=/alert/emergency/veh/100/seq=0/zor=[MASKED]
+100.111218696s 100 caf.Forwarder:AlertVehicleHandler(): [DEBUG] in=(260,0) alert=/alert/emergency/veh/100/seq=0/zor=[MASKED] decision=forward to vehicles
+100.111218696s 100 caf.Forwarder:OnOutgoingAlert(): [DEBUG] out=257 alert=/alert/emergency/veh/100/seq=0/zor=[MASKED]
+100.112092707s 99 caf.Forwarder:OnIncomingAlert(): [DEBUG] in=257 alert=/alert/emergency/veh/100/seq=0/zor=[MASKED]
+100.112092707s 99 caf.Forwarder:AlertVehicleHandler(): [DEBUG] in=(257,0) alert=/alert/emergency/veh/100/seq=0/zor=[MASKED] decision=drop since sender is closer
+100.112092725s 41 caf.Forwarder:OnIncomingAlert(): [DEBUG] in=257 alert=/alert/emergency/veh/100/seq=0/zor=[MASKED]
+100.112092725s 41 caf.Forwarder:AlertVehicleHandler(): [DEBUG] in=(257,0) alert=/alert/emergency/veh/100/seq=0/zor=[MASKED] decision=drop since sender is closer
+100.112092828s 46 caf.Forwarder:OnIncomingAlert(): [DEBUG] in=257 alert=/alert/emergency/veh/100/seq=0/zor=[MASKED]
+100.112092828s 46 caf.Forwarder:AlertVehicleHandler(): [DEBUG] in=(257,0) alert=/alert/emergency/veh/100/seq=0/zor=[MASKED] decision=forward to vehicles deferred until 1.06047ms
+100.112092830s 95 caf.Forwarder:OnIncomingAlert(): [DEBUG] in=257 alert=/alert/emergency/veh/100/seq=0/zor=[MASKED]
+100.112092830s 95 caf.Forwarder:AlertVehicleHandler(): [DEBUG] in=(257,0) alert=/alert/emergency/veh/100/seq=0/zor=[MASKED] decision=forward to vehicles deferred until 0.986432ms
+100.113079262s 95 caf.Forwarder:OnOutgoingAlert(): [DEBUG] out=257 alert=/alert/emergency/veh/100/seq=0/zor=[MASKED]
+100.113153298s 46 caf.Forwarder:OnOutgoingAlert(): [DEBUG] out=257 alert=/alert/emergency/veh/100/seq=0/zor=[MASKED]
+100.113953284s 46 caf.Forwarder:OnIncomingAlert(): [DEBUG] in=257 alert=/alert/emergency/veh/100/seq=0/zor=[MASKED]
+100.113953284s 46 caf.Forwarder:AlertVehicleHandler(): [DEBUG] in=(257,0) alert=/alert/emergency/veh/100/seq=0/zor=[MASKED] decision=drop because duplicate alert
+100.113953306s 94 caf.Forwarder:OnIncomingAlert(): [DEBUG] in=257 alert=/alert/emergency/veh/100/seq=0/zor=[MASKED]
+100.113953306s 94 caf.Forwarder:AlertVehicleHandler(): [DEBUG] in=(257,0) alert=/alert/emergency/veh/100/seq=0/zor=[MASKED] decision=forward to vehicles deferred until 3.73037ms
+100.113953343s 49 caf.Forwarder:OnIncomingAlert(): [DEBUG] in=257 alert=/alert/emergency/veh/100/seq=0/zor=[MASKED]
+100.113953343s 49 caf.Forwarder:AlertVehicleHandler(): [DEBUG] in=(257,0) alert=/alert/emergency/veh/100/seq=0/zor=[MASKED] decision=forward to vehicles deferred until 2.60518ms
+100.113953380s 92 caf.Forwarder:OnIncomingAlert(): [DEBUG] in=257 alert=/alert/emergency/veh/100/seq=0/zor=[MASKED]
+100.113953380s 92 caf.Forwarder:AlertVehicleHandler(): [DEBUG] in=(257,0) alert=/alert/emergency/veh/100/seq=0/zor=[MASKED] decision=forward to vehicles deferred until 1.47511ms
+100.113953396s 100 caf.Forwarder:OnIncomingAlert(): [DEBUG] in=257 alert=/alert/emergency/veh/100/seq=0/zor=[MASKED]
+100.113953396s 100 caf.Forwarder:AlertVehicleHandler(): [DEBUG] in=(257,0) alert=/alert/emergency/veh/100/seq=0/zor=[MASKED] decision=drop because duplicate alert
+100.113953400s 99 caf.Forwarder:OnIncomingAlert(): [DEBUG] in=257 alert=/alert/emergency/veh/100/seq=0/zor=[MASKED]
+100.113953400s 99 caf.Forwarder:AlertVehicleHandler(): [DEBUG] in=(257,0) alert=/alert/emergency/veh/100/seq=0/zor=[MASKED] decision=drop because duplicate alert
+100.113953417s 41 caf.Forwarder:OnIncomingAlert(): [DEBUG] in=257 alert=/alert/emergency/veh/100/seq=0/zor=[MASKED]
+100.113953417s 41 caf.Forwarder:AlertVehicleHandler(): [DEBUG] in=(257,0) alert=/alert/emergency/veh/100/seq=0/zor=[MASKED] decision=drop because duplicate alert
+100.114944306s 95 caf.Forwarder:OnIncomingAlert(): [DEBUG] in=257 alert=/alert/emergency/veh/100/seq=0/zor=[MASKED]
+100.114944306s 95 caf.Forwarder:AlertVehicleHandler(): [DEBUG] in=(257,0) alert=/alert/emergency/veh/100/seq=0/zor=[MASKED] decision=drop because duplicate alert
+100.114944341s 94 caf.Forwarder:OnIncomingAlert(): [DEBUG] in=257 alert=/alert/emergency/veh/100/seq=0/zor=[MASKED]
+100.114944369s 49 caf.Forwarder:OnIncomingAlert(): [DEBUG] in=257 alert=/alert/emergency/veh/100/seq=0/zor=[MASKED]
+100.114944408s 92 caf.Forwarder:OnIncomingAlert(): [DEBUG] in=257 alert=/alert/emergency/veh/100/seq=0/zor=[MASKED]
+100.114944416s 100 caf.Forwarder:OnIncomingAlert(): [DEBUG] in=257 alert=/alert/emergency/veh/100/seq=0/zor=[MASKED]
+100.114944416s 100 caf.Forwarder:AlertVehicleHandler(): [DEBUG] in=(257,0) alert=/alert/emergency/veh/100/seq=0/zor=[MASKED] decision=drop because duplicate alert
+100.114944421s 99 caf.Forwarder:OnIncomingAlert(): [DEBUG] in=257 alert=/alert/emergency/veh/100/seq=0/zor=[MASKED]
+100.114944421s 99 caf.Forwarder:AlertVehicleHandler(): [DEBUG] in=(257,0) alert=/alert/emergency/veh/100/seq=0/zor=[MASKED] decision=drop because duplicate alert
+100.114944433s 41 caf.Forwarder:OnIncomingAlert(): [DEBUG] in=257 alert=/alert/emergency/veh/100/seq=0/zor=[MASKED]
+100.114944433s 41 caf.Forwarder:AlertVehicleHandler(): [DEBUG] in=(257,0) alert=/alert/emergency/veh/100/seq=0/zor=[MASKED] decision=drop because duplicate alert
+100.115428490s 92 caf.Forwarder:OnOutgoingAlert(): [DEBUG] out=257 alert=/alert/emergency/veh/100/seq=0/zor=[MASKED]
+100.116302530s 49 caf.Forwarder:OnIncomingAlert(): [DEBUG] in=257 alert=/alert/emergency/veh/100/seq=0/zor=[MASKED]
+100.116302530s 49 caf.Forwarder:AlertVehicleHandler(): [DEBUG] in= (257,0) alert=/alert/emergency/veh/100/seq=0/zor=[MASKED] timer cancelled because sender closer to ZoR
+100.116302565s 40 caf.Forwarder:OnIncomingAlert(): [DEBUG] in=257 alert=/alert/emergency/veh/100/seq=0/zor=[MASKED]
+100.116302565s 40 caf.Forwarder:AlertVehicleHandler(): [DEBUG] in=(257,0) alert=/alert/emergency/veh/100/seq=0/zor=[MASKED] decision=forward to vehicles deferred until 2.79624ms
+100.116302566s 94 caf.Forwarder:OnIncomingAlert(): [DEBUG] in=257 alert=/alert/emergency/veh/100/seq=0/zor=[MASKED]
+100.116302566s 94 caf.Forwarder:AlertVehicleHandler(): [DEBUG] in= (257,0) alert=/alert/emergency/veh/100/seq=0/zor=[MASKED] timer cancelled because sender closer to ZoR
+100.116302583s 90 caf.Forwarder:OnIncomingAlert(): [DEBUG] in=257 alert=/alert/emergency/veh/100/seq=0/zor=[MASKED]
+100.116302583s 90 caf.Forwarder:AlertVehicleHandler(): [DEBUG] in=(257,0) alert=/alert/emergency/veh/100/seq=0/zor=[MASKED] decision=forward to vehicles deferred until 2.23636ms
+100.116302608s 95 caf.Forwarder:OnIncomingAlert(): [DEBUG] in=257 alert=/alert/emergency/veh/100/seq=0/zor=[MASKED]
+100.116302608s 95 caf.Forwarder:AlertVehicleHandler(): [DEBUG] in=(257,0) alert=/alert/emergency/veh/100/seq=0/zor=[MASKED] decision=drop because duplicate alert
+100.116302614s 46 caf.Forwarder:OnIncomingAlert(): [DEBUG] in=257 alert=/alert/emergency/veh/100/seq=0/zor=[MASKED]
+100.116302614s 46 caf.Forwarder:AlertVehicleHandler(): [DEBUG] in=(257,0) alert=/alert/emergency/veh/100/seq=0/zor=[MASKED] decision=drop because duplicate alert
+100.118538939s 90 caf.Forwarder:OnOutgoingAlert(): [DEBUG] out=257 alert=/alert/emergency/veh/100/seq=0/zor=[MASKED]
+100.119098806s 40 caf.Forwarder:OnOutgoingAlert(): [DEBUG] out=257 alert=/alert/emergency/veh/100/seq=0/zor=[MASKED]
+100.119412977s 40 caf.Forwarder:OnIncomingAlert(): [DEBUG] in=257 alert=/alert/emergency/veh/100/seq=0/zor=[MASKED]
+100.119412977s 40 caf.Forwarder:AlertVehicleHandler(): [DEBUG] in=(257,0) alert=/alert/emergency/veh/100/seq=0/zor=[MASKED] decision=drop because duplicate alert
+100.119413032s 92 caf.Forwarder:OnIncomingAlert(): [DEBUG] in=257 alert=/alert/emergency/veh/100/seq=0/zor=[MASKED]
+100.119413032s 92 caf.Forwarder:AlertVehicleHandler(): [DEBUG] in=(257,0) alert=/alert/emergency/veh/100/seq=0/zor=[MASKED] decision=drop because duplicate alert
+100.119413072s 49 caf.Forwarder:OnIncomingAlert(): [DEBUG] in=257 alert=/alert/emergency/veh/100/seq=0/zor=[MASKED]
+100.119413072s 49 caf.Forwarder:AlertVehicleHandler(): [DEBUG] in=(257,0) alert=/alert/emergency/veh/100/seq=0/zor=[MASKED] decision=drop because duplicate alert
+100.119413087s 88 caf.Forwarder:OnIncomingAlert(): [DEBUG] in=257 alert=/alert/emergency/veh/100/seq=0/zor=[MASKED]
+100.119413087s 88 caf.Forwarder:AlertVehicleHandler(): [DEBUG] in=(257,0) alert=/alert/emergency/veh/100/seq=0/zor=[MASKED] decision=forward to vehicles deferred until 0.553694ms
+100.119413107s 94 caf.Forwarder:OnIncomingAlert(): [DEBUG] in=257 alert=/alert/emergency/veh/100/seq=0/zor=[MASKED]
+100.119413107s 94 caf.Forwarder:AlertVehicleHandler(): [DEBUG] in=(257,0) alert=/alert/emergency/veh/100/seq=0/zor=[MASKED] decision=drop because duplicate alert
+100.119413109s 58 caf.Forwarder:OnIncomingAlert(): [DEBUG] in=257 alert=/alert/emergency/veh/100/seq=0/zor=[MASKED]
+100.119413109s 58 caf.Forwarder:AlertVehicleHandler(): [DEBUG] in=(257,0) alert=/alert/emergency/veh/100/seq=0/zor=[MASKED] decision=forward to vehicles deferred until 0ms
+100.119413109s 58 caf.Forwarder:OnOutgoingAlert(): [DEBUG] out=257 alert=/alert/emergency/veh/100/seq=0/zor=[MASKED]
+100.119413109s 58 ndn.AlertConsumer:doReceive(): [INFO ] Received alert: /alert/emergency/veh/100/seq=0/zor=[MASKED]
+100.119966780s 88 caf.Forwarder:OnOutgoingAlert(): [DEBUG] out=257 alert=/alert/emergency/veh/100/seq=0/zor=[MASKED]
+100.120287146s 88 caf.Forwarder:OnIncomingAlert(): [DEBUG] in=257 alert=/alert/emergency/veh/100/seq=0/zor=[MASKED]
+100.120287146s 88 caf.Forwarder:AlertVehicleHandler(): [DEBUG] in=(257,0) alert=/alert/emergency/veh/100/seq=0/zor=[MASKED] decision=drop because duplicate alert
+100.120313051s 92 caf.Forwarder:OnIncomingAlert(): [DEBUG] in=257 alert=/alert/emergency/veh/100/seq=0/zor=[MASKED]
+100.120313051s 92 caf.Forwarder:AlertVehicleHandler(): [DEBUG] in=(257,0) alert=/alert/emergency/veh/100/seq=0/zor=[MASKED] decision=drop because duplicate alert
+100.120313087s 49 caf.Forwarder:OnIncomingAlert(): [DEBUG] in=257 alert=/alert/emergency/veh/100/seq=0/zor=[MASKED]
+100.120313087s 49 caf.Forwarder:AlertVehicleHandler(): [DEBUG] in=(257,0) alert=/alert/emergency/veh/100/seq=0/zor=[MASKED] decision=drop because duplicate alert
+100.120313127s 94 caf.Forwarder:OnIncomingAlert(): [DEBUG] in=257 alert=/alert/emergency/veh/100/seq=0/zor=[MASKED]
+100.120313127s 94 caf.Forwarder:AlertVehicleHandler(): [DEBUG] in=(257,0) alert=/alert/emergency/veh/100/seq=0/zor=[MASKED] decision=drop because duplicate alert
+100.121330183s 58 caf.Forwarder:OnIncomingAlert(): [DEBUG] in=257 alert=/alert/emergency/veh/100/seq=0/zor=[MASKED]
+100.121330183s 58 caf.Forwarder:AlertVehicleHandler(): [DEBUG] in=(257,0) alert=/alert/emergency/veh/100/seq=0/zor=[MASKED] decision=drop because duplicate alert
+100.121330294s 90 caf.Forwarder:OnIncomingAlert(): [DEBUG] in=257 alert=/alert/emergency/veh/100/seq=0/zor=[MASKED]
+100.121330294s 90 caf.Forwarder:AlertVehicleHandler(): [DEBUG] in=(257,0) alert=/alert/emergency/veh/100/seq=0/zor=[MASKED] decision=drop because duplicate alert
+102.678242688s 101 ndn.RandomAlertProducer:AlertSupplier(): [LOGIC] Send alert=/alert/emergency/veh/101/seq=0/zor=[MASKED] vehCount=35 rsuCount=9
+102.678242688s 101 caf.Forwarder:OnIncomingAlert(): [DEBUG] in=260 alert=/alert/emergency/veh/101/seq=0/zor=[MASKED]
+102.678242688s 101 caf.Forwarder:AlertVehicleHandler(): [DEBUG] in=(260,0) alert=/alert/emergency/veh/101/seq=0/zor=[MASKED] decision=forward to vehicles
+102.678242688s 101 caf.Forwarder:OnOutgoingAlert(): [DEBUG] out=257 alert=/alert/emergency/veh/101/seq=0/zor=[MASKED]
+102.679116722s 33 caf.Forwarder:OnIncomingAlert(): [DEBUG] in=257 alert=/alert/emergency/veh/101/seq=0/zor=[MASKED]
+102.679116722s 33 caf.Forwarder:AlertVehicleHandler(): [DEBUG] in=(257,0) alert=/alert/emergency/veh/101/seq=0/zor=[MASKED] decision=drop since sender is closer
+102.679116775s 106 caf.Forwarder:OnIncomingAlert(): [DEBUG] in=257 alert=/alert/emergency/veh/101/seq=0/zor=[MASKED]
+102.679116775s 106 caf.Forwarder:AlertVehicleHandler(): [DEBUG] in=(257,0) alert=/alert/emergency/veh/101/seq=0/zor=[MASKED] decision=drop since sender is closer
+102.679116818s 96 caf.Forwarder:OnIncomingAlert(): [DEBUG] in=257 alert=/alert/emergency/veh/101/seq=0/zor=[MASKED]
+102.679116818s 96 caf.Forwarder:AlertVehicleHandler(): [DEBUG] in=(257,0) alert=/alert/emergency/veh/101/seq=0/zor=[MASKED] decision=forward to vehicles deferred until 1.11581ms
+102.679116835s 24 caf.Forwarder:OnIncomingAlert(): [DEBUG] in=257 alert=/alert/emergency/veh/101/seq=0/zor=[MASKED]
+102.679116835s 24 caf.Forwarder:AlertVehicleHandler(): [DEBUG] in=(257,0) alert=/alert/emergency/veh/101/seq=0/zor=[MASKED] decision=drop since sender is closer
+102.679116838s 105 caf.Forwarder:OnIncomingAlert(): [DEBUG] in=257 alert=/alert/emergency/veh/101/seq=0/zor=[MASKED]
+102.679116838s 105 caf.Forwarder:AlertVehicleHandler(): [DEBUG] in=(257,0) alert=/alert/emergency/veh/101/seq=0/zor=[MASKED] decision=drop since sender is closer
+102.680232623s 96 caf.Forwarder:OnOutgoingAlert(): [DEBUG] out=257 alert=/alert/emergency/veh/101/seq=0/zor=[MASKED]
+102.681106675s 98 caf.Forwarder:OnIncomingAlert(): [DEBUG] in=257 alert=/alert/emergency/veh/101/seq=0/zor=[MASKED]
+102.681106675s 98 caf.Forwarder:AlertVehicleHandler(): [DEBUG] in=(257,0) alert=/alert/emergency/veh/101/seq=0/zor=[MASKED] decision=forward to vehicles deferred until 3.48146ms
+102.681106747s 93 caf.Forwarder:OnIncomingAlert(): [DEBUG] in=257 alert=/alert/emergency/veh/101/seq=0/zor=[MASKED]
+102.681106747s 93 caf.Forwarder:AlertVehicleHandler(): [DEBUG] in=(257,0) alert=/alert/emergency/veh/101/seq=0/zor=[MASKED] decision=forward to vehicles deferred until 1.29288ms
+102.681106753s 101 caf.Forwarder:OnIncomingAlert(): [DEBUG] in=257 alert=/alert/emergency/veh/101/seq=0/zor=[MASKED]
+102.681106753s 101 caf.Forwarder:AlertVehicleHandler(): [DEBUG] in=(257,0) alert=/alert/emergency/veh/101/seq=0/zor=[MASKED] decision=drop because duplicate alert
+102.681106767s 33 caf.Forwarder:OnIncomingAlert(): [DEBUG] in=257 alert=/alert/emergency/veh/101/seq=0/zor=[MASKED]
+102.681106767s 33 caf.Forwarder:AlertVehicleHandler(): [DEBUG] in=(257,0) alert=/alert/emergency/veh/101/seq=0/zor=[MASKED] decision=drop because duplicate alert
+102.681106773s 42 caf.Forwarder:OnIncomingAlert(): [DEBUG] in=257 alert=/alert/emergency/veh/101/seq=0/zor=[MASKED]
+102.681106773s 42 caf.Forwarder:AlertVehicleHandler(): [DEBUG] in=(257,0) alert=/alert/emergency/veh/101/seq=0/zor=[MASKED] decision=forward to vehicles deferred until 0.513092ms
+102.681619865s 42 caf.Forwarder:OnOutgoingAlert(): [DEBUG] out=257 alert=/alert/emergency/veh/101/seq=0/zor=[MASKED]
+102.682399622s 93 caf.Forwarder:OnOutgoingAlert(): [DEBUG] out=257 alert=/alert/emergency/veh/101/seq=0/zor=[MASKED]
+102.682493896s 93 caf.Forwarder:OnIncomingAlert(): [DEBUG] in=257 alert=/alert/emergency/veh/101/seq=0/zor=[MASKED]
+102.682493896s 93 caf.Forwarder:AlertVehicleHandler(): [DEBUG] in=(257,0) alert=/alert/emergency/veh/101/seq=0/zor=[MASKED] decision=drop because duplicate alert
+102.682493951s 91 caf.Forwarder:OnIncomingAlert(): [DEBUG] in=257 alert=/alert/emergency/veh/101/seq=0/zor=[MASKED]
+102.682493951s 91 caf.Forwarder:AlertVehicleHandler(): [DEBUG] in=(257,0) alert=/alert/emergency/veh/101/seq=0/zor=[MASKED] decision=forward to vehicles deferred until 2.4554ms
+102.682493965s 98 caf.Forwarder:OnIncomingAlert(): [DEBUG] in=257 alert=/alert/emergency/veh/101/seq=0/zor=[MASKED]
+102.682493965s 98 caf.Forwarder:AlertVehicleHandler(): [DEBUG] in= (257,0) alert=/alert/emergency/veh/101/seq=0/zor=[MASKED] timer cancelled because sender closer to ZoR
+102.682494015s 96 caf.Forwarder:OnIncomingAlert(): [DEBUG] in=257 alert=/alert/emergency/veh/101/seq=0/zor=[MASKED]
+102.682494015s 96 caf.Forwarder:AlertVehicleHandler(): [DEBUG] in=(257,0) alert=/alert/emergency/veh/101/seq=0/zor=[MASKED] decision=drop because duplicate alert
+102.683484927s 42 caf.Forwarder:OnIncomingAlert(): [DEBUG] in=257 alert=/alert/emergency/veh/101/seq=0/zor=[MASKED]
+102.683484927s 42 caf.Forwarder:AlertVehicleHandler(): [DEBUG] in=(257,0) alert=/alert/emergency/veh/101/seq=0/zor=[MASKED] decision=drop because duplicate alert
+102.683484969s 98 caf.Forwarder:OnIncomingAlert(): [DEBUG] in=257 alert=/alert/emergency/veh/101/seq=0/zor=[MASKED]
+102.683484969s 98 caf.Forwarder:AlertVehicleHandler(): [DEBUG] in=(257,0) alert=/alert/emergency/veh/101/seq=0/zor=[MASKED] decision=drop because duplicate alert
+102.683484999s 91 caf.Forwarder:OnIncomingAlert(): [DEBUG] in=257 alert=/alert/emergency/veh/101/seq=0/zor=[MASKED]
+102.683485020s 96 caf.Forwarder:OnIncomingAlert(): [DEBUG] in=257 alert=/alert/emergency/veh/101/seq=0/zor=[MASKED]
+102.683485020s 96 caf.Forwarder:AlertVehicleHandler(): [DEBUG] in=(257,0) alert=/alert/emergency/veh/101/seq=0/zor=[MASKED] decision=drop because duplicate alert
+102.684949350s 91 caf.Forwarder:OnOutgoingAlert(): [DEBUG] out=257 alert=/alert/emergency/veh/101/seq=0/zor=[MASKED]
+102.685823436s 42 caf.Forwarder:OnIncomingAlert(): [DEBUG] in=257 alert=/alert/emergency/veh/101/seq=0/zor=[MASKED]
+102.685823436s 42 caf.Forwarder:AlertVehicleHandler(): [DEBUG] in=(257,0) alert=/alert/emergency/veh/101/seq=0/zor=[MASKED] decision=drop because duplicate alert
+102.685823453s 93 caf.Forwarder:OnIncomingAlert(): [DEBUG] in=257 alert=/alert/emergency/veh/101/seq=0/zor=[MASKED]
+102.685823453s 93 caf.Forwarder:AlertVehicleHandler(): [DEBUG] in=(257,0) alert=/alert/emergency/veh/101/seq=0/zor=[MASKED] decision=drop because duplicate alert
+102.923307256s 102 ndn.RandomAlertProducer:SendAlert(): [LOGIC] Don't send alert; condition failed
+102.977315569s 103 ndn.RandomAlertProducer:SendAlert(): [LOGIC] Don't send alert; condition failed
+103.365811597s 104 ndn.RandomAlertProducer:SendAlert(): [LOGIC] Don't send alert; condition failed
+104.128341441s 105 ndn.RandomAlertProducer:SendAlert(): [LOGIC] Don't send alert; condition failed
+106.499437291s 107 ndn.RandomAlertProducer:AlertSupplier(): [LOGIC] Send alert=/alert/emergency/veh/107/seq=0/zor=[MASKED] vehCount=35 rsuCount=9
+106.499437291s 107 caf.Forwarder:OnIncomingAlert(): [DEBUG] in=260 alert=/alert/emergency/veh/107/seq=0/zor=[MASKED]
+106.499437291s 107 caf.Forwarder:AlertVehicleHandler(): [DEBUG] in=(260,0) alert=/alert/emergency/veh/107/seq=0/zor=[MASKED] decision=forward to vehicles
+106.499437291s 107 caf.Forwarder:OnOutgoingAlert(): [DEBUG] out=257 alert=/alert/emergency/veh/107/seq=0/zor=[MASKED]
+106.500311366s 49 caf.Forwarder:OnIncomingAlert(): [DEBUG] in=257 alert=/alert/emergency/veh/107/seq=0/zor=[MASKED]
+106.500311366s 49 caf.Forwarder:AlertVehicleHandler(): [DEBUG] in=(257,0) alert=/alert/emergency/veh/107/seq=0/zor=[MASKED] decision=drop since sender is closer
+106.500311391s 46 caf.Forwarder:OnIncomingAlert(): [DEBUG] in=257 alert=/alert/emergency/veh/107/seq=0/zor=[MASKED]
+106.500311391s 46 caf.Forwarder:AlertVehicleHandler(): [DEBUG] in=(257,0) alert=/alert/emergency/veh/107/seq=0/zor=[MASKED] decision=drop since sender is closer
+106.500311394s 104 caf.Forwarder:OnIncomingAlert(): [DEBUG] in=257 alert=/alert/emergency/veh/107/seq=0/zor=[MASKED]
+106.500311394s 104 caf.Forwarder:AlertVehicleHandler(): [DEBUG] in=(257,0) alert=/alert/emergency/veh/107/seq=0/zor=[MASKED] decision=forward to vehicles deferred until 1.93428ms
+106.500311413s 40 caf.Forwarder:OnIncomingAlert(): [DEBUG] in=257 alert=/alert/emergency/veh/107/seq=0/zor=[MASKED]
+106.500311413s 40 caf.Forwarder:AlertVehicleHandler(): [DEBUG] in=(257,0) alert=/alert/emergency/veh/107/seq=0/zor=[MASKED] decision=forward to vehicles deferred until 1.34674ms
+106.500311423s 103 caf.Forwarder:OnIncomingAlert(): [DEBUG] in=257 alert=/alert/emergency/veh/107/seq=0/zor=[MASKED]
+106.500311423s 103 caf.Forwarder:AlertVehicleHandler(): [DEBUG] in=(257,0) alert=/alert/emergency/veh/107/seq=0/zor=[MASKED] decision=forward to vehicles deferred until 1.05513ms
+106.500311442s 110 caf.Forwarder:OnIncomingAlert(): [DEBUG] in=257 alert=/alert/emergency/veh/107/seq=0/zor=[MASKED]
+106.500311442s 110 caf.Forwarder:AlertVehicleHandler(): [DEBUG] in=(257,0) alert=/alert/emergency/veh/107/seq=0/zor=[MASKED] decision=drop since sender is closer
+106.501366549s 103 caf.Forwarder:OnOutgoingAlert(): [DEBUG] out=257 alert=/alert/emergency/veh/107/seq=0/zor=[MASKED]
+106.501658150s 40 caf.Forwarder:OnOutgoingAlert(): [DEBUG] out=257 alert=/alert/emergency/veh/107/seq=0/zor=[MASKED]
+106.502240573s 40 caf.Forwarder:OnIncomingAlert(): [DEBUG] in=257 alert=/alert/emergency/veh/107/seq=0/zor=[MASKED]
+106.502240573s 40 caf.Forwarder:AlertVehicleHandler(): [DEBUG] in=(257,0) alert=/alert/emergency/veh/107/seq=0/zor=[MASKED] decision=drop because duplicate alert
+106.502240580s 104 caf.Forwarder:OnIncomingAlert(): [DEBUG] in=257 alert=/alert/emergency/veh/107/seq=0/zor=[MASKED]
+106.502240580s 104 caf.Forwarder:AlertVehicleHandler(): [DEBUG] in= (257,0) alert=/alert/emergency/veh/107/seq=0/zor=[MASKED] timer cancelled because sender closer to ZoR
+106.502240680s 58 caf.Forwarder:OnIncomingAlert(): [DEBUG] in=257 alert=/alert/emergency/veh/107/seq=0/zor=[MASKED]
+106.502240680s 58 caf.Forwarder:AlertVehicleHandler(): [DEBUG] in=(257,0) alert=/alert/emergency/veh/107/seq=0/zor=[MASKED] decision=forward to vehicles deferred until 1.0998ms
+106.502240681s 107 caf.Forwarder:OnIncomingAlert(): [DEBUG] in=257 alert=/alert/emergency/veh/107/seq=0/zor=[MASKED]
+106.502240681s 107 caf.Forwarder:AlertVehicleHandler(): [DEBUG] in=(257,0) alert=/alert/emergency/veh/107/seq=0/zor=[MASKED] decision=drop because duplicate alert
+106.503231597s 103 caf.Forwarder:OnIncomingAlert(): [DEBUG] in=257 alert=/alert/emergency/veh/107/seq=0/zor=[MASKED]
+106.503231597s 103 caf.Forwarder:AlertVehicleHandler(): [DEBUG] in=(257,0) alert=/alert/emergency/veh/107/seq=0/zor=[MASKED] decision=drop because duplicate alert
+106.503231610s 104 caf.Forwarder:OnIncomingAlert(): [DEBUG] in=257 alert=/alert/emergency/veh/107/seq=0/zor=[MASKED]
+106.503231610s 104 caf.Forwarder:AlertVehicleHandler(): [DEBUG] in=(257,0) alert=/alert/emergency/veh/107/seq=0/zor=[MASKED] decision=drop because duplicate alert
+106.503231695s 107 caf.Forwarder:OnIncomingAlert(): [DEBUG] in=257 alert=/alert/emergency/veh/107/seq=0/zor=[MASKED]
+106.503231695s 107 caf.Forwarder:AlertVehicleHandler(): [DEBUG] in=(257,0) alert=/alert/emergency/veh/107/seq=0/zor=[MASKED] decision=drop because duplicate alert
+106.503231713s 58 caf.Forwarder:OnIncomingAlert(): [DEBUG] in=257 alert=/alert/emergency/veh/107/seq=0/zor=[MASKED]
+106.503340479s 58 caf.Forwarder:OnOutgoingAlert(): [DEBUG] out=257 alert=/alert/emergency/veh/107/seq=0/zor=[MASKED]
+106.504214546s 99 caf.Forwarder:OnIncomingAlert(): [DEBUG] in=257 alert=/alert/emergency/veh/107/seq=0/zor=[MASKED]
+106.504214546s 99 caf.Forwarder:AlertVehicleHandler(): [DEBUG] in=(257,0) alert=/alert/emergency/veh/107/seq=0/zor=[MASKED] decision=forward to vehicles deferred until 3.03217ms
+106.504214546s 100 caf.Forwarder:OnIncomingAlert(): [DEBUG] in=257 alert=/alert/emergency/veh/107/seq=0/zor=[MASKED]
+106.504214546s 100 caf.Forwarder:AlertVehicleHandler(): [DEBUG] in=(257,0) alert=/alert/emergency/veh/107/seq=0/zor=[MASKED] decision=forward to vehicles deferred until 3.00904ms
+106.504214609s 103 caf.Forwarder:OnIncomingAlert(): [DEBUG] in=257 alert=/alert/emergency/veh/107/seq=0/zor=[MASKED]
+106.504214609s 103 caf.Forwarder:AlertVehicleHandler(): [DEBUG] in=(257,0) alert=/alert/emergency/veh/107/seq=0/zor=[MASKED] decision=drop because duplicate alert
+106.504214619s 40 caf.Forwarder:OnIncomingAlert(): [DEBUG] in=257 alert=/alert/emergency/veh/107/seq=0/zor=[MASKED]
+106.504214619s 40 caf.Forwarder:AlertVehicleHandler(): [DEBUG] in=(257,0) alert=/alert/emergency/veh/107/seq=0/zor=[MASKED] decision=drop because duplicate alert
+106.504214640s 104 caf.Forwarder:OnIncomingAlert(): [DEBUG] in=257 alert=/alert/emergency/veh/107/seq=0/zor=[MASKED]
+106.504214640s 104 caf.Forwarder:AlertVehicleHandler(): [DEBUG] in=(257,0) alert=/alert/emergency/veh/107/seq=0/zor=[MASKED] decision=drop because duplicate alert
+106.507223582s 100 caf.Forwarder:OnOutgoingAlert(): [DEBUG] out=257 alert=/alert/emergency/veh/107/seq=0/zor=[MASKED]
+106.507246712s 99 caf.Forwarder:OnOutgoingAlert(): [DEBUG] out=257 alert=/alert/emergency/veh/107/seq=0/zor=[MASKED]
+106.508097594s 99 caf.Forwarder:OnIncomingAlert(): [DEBUG] in=257 alert=/alert/emergency/veh/107/seq=0/zor=[MASKED]
+106.508097594s 99 caf.Forwarder:AlertVehicleHandler(): [DEBUG] in=(257,0) alert=/alert/emergency/veh/107/seq=0/zor=[MASKED] decision=drop because duplicate alert
+106.508097650s 58 caf.Forwarder:OnIncomingAlert(): [DEBUG] in=257 alert=/alert/emergency/veh/107/seq=0/zor=[MASKED]
+106.508097650s 58 caf.Forwarder:AlertVehicleHandler(): [DEBUG] in=(257,0) alert=/alert/emergency/veh/107/seq=0/zor=[MASKED] decision=drop because duplicate alert
+106.508097712s 95 caf.Forwarder:OnIncomingAlert(): [DEBUG] in=257 alert=/alert/emergency/veh/107/seq=0/zor=[MASKED]
+106.508097712s 95 caf.Forwarder:AlertVehicleHandler(): [DEBUG] in=(257,0) alert=/alert/emergency/veh/107/seq=0/zor=[MASKED] decision=forward to vehicles deferred until 1.09966ms
+106.508971606s 100 caf.Forwarder:OnIncomingAlert(): [DEBUG] in=257 alert=/alert/emergency/veh/107/seq=0/zor=[MASKED]
+106.508971606s 100 caf.Forwarder:AlertVehicleHandler(): [DEBUG] in=(257,0) alert=/alert/emergency/veh/107/seq=0/zor=[MASKED] decision=drop because duplicate alert
+106.508971661s 58 caf.Forwarder:OnIncomingAlert(): [DEBUG] in=257 alert=/alert/emergency/veh/107/seq=0/zor=[MASKED]
+106.508971661s 58 caf.Forwarder:AlertVehicleHandler(): [DEBUG] in=(257,0) alert=/alert/emergency/veh/107/seq=0/zor=[MASKED] decision=drop because duplicate alert
+106.508971730s 95 caf.Forwarder:OnIncomingAlert(): [DEBUG] in=257 alert=/alert/emergency/veh/107/seq=0/zor=[MASKED]
+106.509197376s 95 caf.Forwarder:OnOutgoingAlert(): [DEBUG] out=257 alert=/alert/emergency/veh/107/seq=0/zor=[MASKED]
+106.510071442s 94 caf.Forwarder:OnIncomingAlert(): [DEBUG] in=257 alert=/alert/emergency/veh/107/seq=0/zor=[MASKED]
+106.510071442s 94 caf.Forwarder:AlertVehicleHandler(): [DEBUG] in=(257,0) alert=/alert/emergency/veh/107/seq=0/zor=[MASKED] decision=forward to vehicles deferred until 3.06336ms
+106.510071494s 92 caf.Forwarder:OnIncomingAlert(): [DEBUG] in=257 alert=/alert/emergency/veh/107/seq=0/zor=[MASKED]
+106.510071494s 92 caf.Forwarder:AlertVehicleHandler(): [DEBUG] in=(257,0) alert=/alert/emergency/veh/107/seq=0/zor=[MASKED] decision=forward to vehicles deferred until 1.48806ms
+106.510071494s 92 ndn.AlertConsumer:doReceive(): [INFO ] Received alert: /alert/emergency/veh/107/seq=0/zor=[MASKED]
+106.510071506s 100 caf.Forwarder:OnIncomingAlert(): [DEBUG] in=257 alert=/alert/emergency/veh/107/seq=0/zor=[MASKED]
+106.510071506s 100 caf.Forwarder:AlertVehicleHandler(): [DEBUG] in=(257,0) alert=/alert/emergency/veh/107/seq=0/zor=[MASKED] decision=drop because duplicate alert
+106.510071512s 99 caf.Forwarder:OnIncomingAlert(): [DEBUG] in=257 alert=/alert/emergency/veh/107/seq=0/zor=[MASKED]
+106.510071512s 99 caf.Forwarder:AlertVehicleHandler(): [DEBUG] in=(257,0) alert=/alert/emergency/veh/107/seq=0/zor=[MASKED] decision=drop because duplicate alert
+106.511559553s 92 caf.Forwarder:OnOutgoingAlert(): [DEBUG] out=257 alert=/alert/emergency/veh/107/seq=0/zor=[MASKED]
+106.512433606s 94 caf.Forwarder:OnIncomingAlert(): [DEBUG] in=257 alert=/alert/emergency/veh/107/seq=0/zor=[MASKED]
+106.512433606s 94 caf.Forwarder:AlertVehicleHandler(): [DEBUG] in= (257,0) alert=/alert/emergency/veh/107/seq=0/zor=[MASKED] timer cancelled because sender closer to ZoR
+106.512433628s 90 caf.Forwarder:OnIncomingAlert(): [DEBUG] in=257 alert=/alert/emergency/veh/107/seq=0/zor=[MASKED]
+106.512433628s 90 caf.Forwarder:AlertVehicleHandler(): [DEBUG] in=(257,0) alert=/alert/emergency/veh/107/seq=0/zor=[MASKED] decision=forward to vehicles deferred until 2.76997ms
+106.512433628s 90 ndn.AlertConsumer:doReceive(): [INFO ] Received alert: /alert/emergency/veh/107/seq=0/zor=[MASKED]
+106.512433642s 54 caf.Forwarder:OnIncomingAlert(): [DEBUG] in=257 alert=/alert/emergency/veh/107/seq=0/zor=[MASKED]
+106.512433642s 54 caf.Forwarder:AlertVehicleHandler(): [DEBUG] in=(257,0) alert=/alert/emergency/veh/107/seq=0/zor=[MASKED] decision=forward to vehicles deferred until 2.35797ms
+106.512433642s 54 ndn.AlertConsumer:doReceive(): [INFO ] Received alert: /alert/emergency/veh/107/seq=0/zor=[MASKED]
+106.512433671s 95 caf.Forwarder:OnIncomingAlert(): [DEBUG] in=257 alert=/alert/emergency/veh/107/seq=0/zor=[MASKED]
+106.512433671s 95 caf.Forwarder:AlertVehicleHandler(): [DEBUG] in=(257,0) alert=/alert/emergency/veh/107/seq=0/zor=[MASKED] decision=drop because duplicate alert
+106.514791615s 54 caf.Forwarder:OnOutgoingAlert(): [DEBUG] out=257 alert=/alert/emergency/veh/107/seq=0/zor=[MASKED]
+106.515203601s 90 caf.Forwarder:OnOutgoingAlert(): [DEBUG] out=257 alert=/alert/emergency/veh/107/seq=0/zor=[MASKED]
+106.515665639s 90 caf.Forwarder:OnIncomingAlert(): [DEBUG] in=257 alert=/alert/emergency/veh/107/seq=0/zor=[MASKED]
+106.515665639s 90 caf.Forwarder:AlertVehicleHandler(): [DEBUG] in=(257,0) alert=/alert/emergency/veh/107/seq=0/zor=[MASKED] decision=drop because duplicate alert
+106.515665704s 92 caf.Forwarder:OnIncomingAlert(): [DEBUG] in=257 alert=/alert/emergency/veh/107/seq=0/zor=[MASKED]
+106.515665704s 92 caf.Forwarder:AlertVehicleHandler(): [DEBUG] in=(257,0) alert=/alert/emergency/veh/107/seq=0/zor=[MASKED] decision=drop because duplicate alert
+106.515665757s 88 caf.Forwarder:OnIncomingAlert(): [DEBUG] in=257 alert=/alert/emergency/veh/107/seq=0/zor=[MASKED]
+106.515665757s 88 caf.Forwarder:AlertVehicleHandler(): [DEBUG] in=(257,0) alert=/alert/emergency/veh/107/seq=0/zor=[MASKED] decision=forward to vehicles deferred until 0.758224ms
+106.515665757s 94 caf.Forwarder:OnIncomingAlert(): [DEBUG] in=257 alert=/alert/emergency/veh/107/seq=0/zor=[MASKED]
+106.515665757s 94 caf.Forwarder:AlertVehicleHandler(): [DEBUG] in=(257,0) alert=/alert/emergency/veh/107/seq=0/zor=[MASKED] decision=drop because duplicate alert
+106.515665757s 88 ndn.AlertConsumer:doReceive(): [INFO ] Received alert: /alert/emergency/veh/107/seq=0/zor=[MASKED]
+106.516423981s 88 caf.Forwarder:OnOutgoingAlert(): [DEBUG] out=257 alert=/alert/emergency/veh/107/seq=0/zor=[MASKED]
+106.516669663s 54 caf.Forwarder:OnIncomingAlert(): [DEBUG] in=257 alert=/alert/emergency/veh/107/seq=0/zor=[MASKED]
+106.516669663s 54 caf.Forwarder:AlertVehicleHandler(): [DEBUG] in=(257,0) alert=/alert/emergency/veh/107/seq=0/zor=[MASKED] decision=drop because duplicate alert
+106.516669714s 92 caf.Forwarder:OnIncomingAlert(): [DEBUG] in=257 alert=/alert/emergency/veh/107/seq=0/zor=[MASKED]
+106.516669714s 92 caf.Forwarder:AlertVehicleHandler(): [DEBUG] in=(257,0) alert=/alert/emergency/veh/107/seq=0/zor=[MASKED] decision=drop because duplicate alert
+106.516669767s 94 caf.Forwarder:OnIncomingAlert(): [DEBUG] in=257 alert=/alert/emergency/veh/107/seq=0/zor=[MASKED]
+106.516669767s 94 caf.Forwarder:AlertVehicleHandler(): [DEBUG] in=(257,0) alert=/alert/emergency/veh/107/seq=0/zor=[MASKED] decision=drop because duplicate alert
+106.516669788s 88 caf.Forwarder:OnIncomingAlert(): [DEBUG] in=257 alert=/alert/emergency/veh/107/seq=0/zor=[MASKED]
+106.516669788s 88 caf.Forwarder:AlertVehicleHandler(): [DEBUG] in=(257,0) alert=/alert/emergency/veh/107/seq=0/zor=[MASKED] decision=drop because duplicate alert
+106.517738930s 54 caf.Forwarder:OnIncomingAlert(): [DEBUG] in=257 alert=/alert/emergency/veh/107/seq=0/zor=[MASKED]
+106.517738930s 54 caf.Forwarder:AlertVehicleHandler(): [DEBUG] in=(257,0) alert=/alert/emergency/veh/107/seq=0/zor=[MASKED] decision=drop because duplicate alert
+106.517738937s 90 caf.Forwarder:OnIncomingAlert(): [DEBUG] in=257 alert=/alert/emergency/veh/107/seq=0/zor=[MASKED]
+106.517738937s 90 caf.Forwarder:AlertVehicleHandler(): [DEBUG] in=(257,0) alert=/alert/emergency/veh/107/seq=0/zor=[MASKED] decision=drop because duplicate alert
+106.673911775s 106 ndn.RandomAlertProducer:AlertSupplier(): [LOGIC] Send alert=/alert/emergency/veh/106/seq=0/zor=[MASKED] vehCount=36 rsuCount=9
+106.673911775s 106 caf.Forwarder:OnIncomingAlert(): [DEBUG] in=260 alert=/alert/emergency/veh/106/seq=0/zor=[MASKED]
+106.673911775s 106 caf.Forwarder:AlertVehicleHandler(): [DEBUG] in=(260,0) alert=/alert/emergency/veh/106/seq=0/zor=[MASKED] decision=forward to vehicles
+106.673911775s 106 caf.Forwarder:OnOutgoingAlert(): [DEBUG] out=257 alert=/alert/emergency/veh/106/seq=0/zor=[MASKED]
+106.674785826s 42 caf.Forwarder:OnIncomingAlert(): [DEBUG] in=257 alert=/alert/emergency/veh/106/seq=0/zor=[MASKED]
+106.674785826s 42 caf.Forwarder:AlertVehicleHandler(): [DEBUG] in=(257,0) alert=/alert/emergency/veh/106/seq=0/zor=[MASKED] decision=forward to vehicles deferred until 3.51166ms
+106.674785860s 101 caf.Forwarder:OnIncomingAlert(): [DEBUG] in=257 alert=/alert/emergency/veh/106/seq=0/zor=[MASKED]
+106.674785860s 101 caf.Forwarder:AlertVehicleHandler(): [DEBUG] in=(257,0) alert=/alert/emergency/veh/106/seq=0/zor=[MASKED] decision=forward to vehicles deferred until 2.48899ms
+106.674785869s 105 caf.Forwarder:OnIncomingAlert(): [DEBUG] in=257 alert=/alert/emergency/veh/106/seq=0/zor=[MASKED]
+106.674785869s 105 caf.Forwarder:AlertVehicleHandler(): [DEBUG] in=(257,0) alert=/alert/emergency/veh/106/seq=0/zor=[MASKED] decision=drop since sender is closer
+106.677274851s 101 caf.Forwarder:OnOutgoingAlert(): [DEBUG] out=257 alert=/alert/emergency/veh/106/seq=0/zor=[MASKED]
+106.678148906s 42 caf.Forwarder:OnIncomingAlert(): [DEBUG] in=257 alert=/alert/emergency/veh/106/seq=0/zor=[MASKED]
+106.678148906s 42 caf.Forwarder:AlertVehicleHandler(): [DEBUG] in= (257,0) alert=/alert/emergency/veh/106/seq=0/zor=[MASKED] timer cancelled because sender closer to ZoR
+106.678148936s 106 caf.Forwarder:OnIncomingAlert(): [DEBUG] in=257 alert=/alert/emergency/veh/106/seq=0/zor=[MASKED]
+106.678148936s 106 caf.Forwarder:AlertVehicleHandler(): [DEBUG] in=(257,0) alert=/alert/emergency/veh/106/seq=0/zor=[MASKED] decision=drop because duplicate alert
+106.678148974s 96 caf.Forwarder:OnIncomingAlert(): [DEBUG] in=257 alert=/alert/emergency/veh/106/seq=0/zor=[MASKED]
+106.678148974s 96 caf.Forwarder:AlertVehicleHandler(): [DEBUG] in=(257,0) alert=/alert/emergency/veh/106/seq=0/zor=[MASKED] decision=forward to vehicles deferred until 1.32101ms
+106.679469981s 96 caf.Forwarder:OnOutgoingAlert(): [DEBUG] out=257 alert=/alert/emergency/veh/106/seq=0/zor=[MASKED]
+106.680344047s 98 caf.Forwarder:OnIncomingAlert(): [DEBUG] in=257 alert=/alert/emergency/veh/106/seq=0/zor=[MASKED]
+106.680344047s 98 caf.Forwarder:AlertVehicleHandler(): [DEBUG] in=(257,0) alert=/alert/emergency/veh/106/seq=0/zor=[MASKED] decision=forward to vehicles deferred until 3.04692ms
+106.680344104s 101 caf.Forwarder:OnIncomingAlert(): [DEBUG] in=257 alert=/alert/emergency/veh/106/seq=0/zor=[MASKED]
+106.680344104s 101 caf.Forwarder:AlertVehicleHandler(): [DEBUG] in=(257,0) alert=/alert/emergency/veh/106/seq=0/zor=[MASKED] decision=drop because duplicate alert
+106.680344107s 93 caf.Forwarder:OnIncomingAlert(): [DEBUG] in=257 alert=/alert/emergency/veh/106/seq=0/zor=[MASKED]
+106.680344107s 93 caf.Forwarder:AlertVehicleHandler(): [DEBUG] in=(257,0) alert=/alert/emergency/veh/106/seq=0/zor=[MASKED] decision=forward to vehicles deferred until 1.22585ms
+106.680344138s 59 caf.Forwarder:OnIncomingAlert(): [DEBUG] in=257 alert=/alert/emergency/veh/106/seq=0/zor=[MASKED]
+106.680344138s 59 caf.Forwarder:AlertVehicleHandler(): [DEBUG] in=(257,0) alert=/alert/emergency/veh/106/seq=0/zor=[MASKED] decision=forward to vehicles deferred until 0.297675ms
+106.680344153s 42 caf.Forwarder:OnIncomingAlert(): [DEBUG] in=257 alert=/alert/emergency/veh/106/seq=0/zor=[MASKED]
+106.680344153s 42 caf.Forwarder:AlertVehicleHandler(): [DEBUG] in=(257,0) alert=/alert/emergency/veh/106/seq=0/zor=[MASKED] decision=drop because duplicate alert
+106.680641812s 59 caf.Forwarder:OnOutgoingAlert(): [DEBUG] out=257 alert=/alert/emergency/veh/106/seq=0/zor=[MASKED]
+106.681515851s 93 caf.Forwarder:OnIncomingAlert(): [DEBUG] in=257 alert=/alert/emergency/veh/106/seq=0/zor=[MASKED]
+106.681515851s 93 caf.Forwarder:AlertVehicleHandler(): [DEBUG] in= (257,0) alert=/alert/emergency/veh/106/seq=0/zor=[MASKED] timer cancelled because sender closer to ZoR
+106.681515887s 91 caf.Forwarder:OnIncomingAlert(): [DEBUG] in=257 alert=/alert/emergency/veh/106/seq=0/zor=[MASKED]
+106.681515887s 91 caf.Forwarder:AlertVehicleHandler(): [DEBUG] in=(257,0) alert=/alert/emergency/veh/106/seq=0/zor=[MASKED] decision=forward to vehicles deferred until 2.77992ms
+106.681515887s 91 ndn.AlertConsumer:doReceive(): [INFO ] Received alert: /alert/emergency/veh/106/seq=0/zor=[MASKED]
+106.681515905s 98 caf.Forwarder:OnIncomingAlert(): [DEBUG] in=257 alert=/alert/emergency/veh/106/seq=0/zor=[MASKED]
+106.681515905s 98 caf.Forwarder:AlertVehicleHandler(): [DEBUG] in= (257,0) alert=/alert/emergency/veh/106/seq=0/zor=[MASKED] timer cancelled because sender closer to ZoR
+106.681515969s 96 caf.Forwarder:OnIncomingAlert(): [DEBUG] in=257 alert=/alert/emergency/veh/106/seq=0/zor=[MASKED]
+106.681515969s 96 caf.Forwarder:AlertVehicleHandler(): [DEBUG] in=(257,0) alert=/alert/emergency/veh/106/seq=0/zor=[MASKED] decision=drop because duplicate alert
+106.684295803s 91 caf.Forwarder:OnOutgoingAlert(): [DEBUG] out=257 alert=/alert/emergency/veh/106/seq=0/zor=[MASKED]
+106.685169878s 59 caf.Forwarder:OnIncomingAlert(): [DEBUG] in=257 alert=/alert/emergency/veh/106/seq=0/zor=[MASKED]
+106.685169878s 59 caf.Forwarder:AlertVehicleHandler(): [DEBUG] in=(257,0) alert=/alert/emergency/veh/106/seq=0/zor=[MASKED] decision=drop because duplicate alert
+106.685169898s 93 caf.Forwarder:OnIncomingAlert(): [DEBUG] in=257 alert=/alert/emergency/veh/106/seq=0/zor=[MASKED]
+106.685169898s 93 caf.Forwarder:AlertVehicleHandler(): [DEBUG] in=(257,0) alert=/alert/emergency/veh/106/seq=0/zor=[MASKED] decision=drop because duplicate alert
+106.685169958s 98 caf.Forwarder:OnIncomingAlert(): [DEBUG] in=257 alert=/alert/emergency/veh/106/seq=0/zor=[MASKED]
+106.685169958s 98 caf.Forwarder:AlertVehicleHandler(): [DEBUG] in=(257,0) alert=/alert/emergency/veh/106/seq=0/zor=[MASKED] decision=drop because duplicate alert
+106.685169965s 56 caf.Forwarder:OnIncomingAlert(): [DEBUG] in=257 alert=/alert/emergency/veh/106/seq=0/zor=[MASKED]
+106.685169965s 56 caf.Forwarder:AlertVehicleHandler(): [DEBUG] in=(257,0) alert=/alert/emergency/veh/106/seq=0/zor=[MASKED] decision=forward to vehicles deferred until 0.135634ms
+106.685169965s 56 ndn.AlertConsumer:doReceive(): [INFO ] Received alert: /alert/emergency/veh/106/seq=0/zor=[MASKED]
+106.685305599s 56 caf.Forwarder:OnOutgoingAlert(): [DEBUG] out=257 alert=/alert/emergency/veh/106/seq=0/zor=[MASKED]
+106.686179647s 63 caf.Forwarder:OnIncomingAlert(): [DEBUG] in=257 alert=/alert/emergency/veh/106/seq=0/zor=[MASKED]
+106.686179647s 63 caf.Forwarder:AlertVehicleHandler(): [DEBUG] in=(257,0) alert=/alert/emergency/veh/106/seq=0/zor=[MASKED] decision=forward to vehicles deferred until 3.59097ms
+106.686179647s 63 ndn.AlertConsumer:doReceive(): [INFO ] Received alert: /alert/emergency/veh/106/seq=0/zor=[MASKED]
+106.686179709s 89 caf.Forwarder:OnIncomingAlert(): [DEBUG] in=257 alert=/alert/emergency/veh/106/seq=0/zor=[MASKED]
+106.686179709s 89 caf.Forwarder:AlertVehicleHandler(): [DEBUG] in=(257,0) alert=/alert/emergency/veh/106/seq=0/zor=[MASKED] decision=forward to vehicles deferred until 1.71118ms
+106.686179709s 89 ndn.AlertConsumer:doReceive(): [INFO ] Received alert: /alert/emergency/veh/106/seq=0/zor=[MASKED]
+106.686179761s 91 caf.Forwarder:OnIncomingAlert(): [DEBUG] in=257 alert=/alert/emergency/veh/106/seq=0/zor=[MASKED]
+106.686179761s 91 caf.Forwarder:AlertVehicleHandler(): [DEBUG] in=(257,0) alert=/alert/emergency/veh/106/seq=0/zor=[MASKED] decision=drop because duplicate alert
+106.687890891s 89 caf.Forwarder:OnOutgoingAlert(): [DEBUG] out=257 alert=/alert/emergency/veh/106/seq=0/zor=[MASKED]
+106.688764953s 63 caf.Forwarder:OnIncomingAlert(): [DEBUG] in=257 alert=/alert/emergency/veh/106/seq=0/zor=[MASKED]
+106.688764953s 63 caf.Forwarder:AlertVehicleHandler(): [DEBUG] in= (257,0) alert=/alert/emergency/veh/106/seq=0/zor=[MASKED] timer cancelled because sender farther then node
+106.688764976s 86 caf.Forwarder:OnIncomingAlert(): [DEBUG] in=257 alert=/alert/emergency/veh/106/seq=0/zor=[MASKED]
+106.688764976s 86 caf.Forwarder:AlertVehicleHandler(): [DEBUG] in=(257,0) alert=/alert/emergency/veh/106/seq=0/zor=[MASKED] decision=forward to vehicles deferred until 2.49093ms
+106.688764976s 86 ndn.AlertConsumer:doReceive(): [INFO ] Received alert: /alert/emergency/veh/106/seq=0/zor=[MASKED]
+106.688764986s 71 caf.Forwarder:OnIncomingAlert(): [DEBUG] in=257 alert=/alert/emergency/veh/106/seq=0/zor=[MASKED]
+106.688764986s 71 caf.Forwarder:AlertVehicleHandler(): [DEBUG] in=(257,0) alert=/alert/emergency/veh/106/seq=0/zor=[MASKED] decision=forward to vehicles deferred until 2.18839ms
+106.688764986s 71 ndn.AlertConsumer:doReceive(): [INFO ] Received alert: /alert/emergency/veh/106/seq=0/zor=[MASKED]
+106.688765002s 56 caf.Forwarder:OnIncomingAlert(): [DEBUG] in=257 alert=/alert/emergency/veh/106/seq=0/zor=[MASKED]
+106.688765002s 56 caf.Forwarder:AlertVehicleHandler(): [DEBUG] in=(257,0) alert=/alert/emergency/veh/106/seq=0/zor=[MASKED] decision=drop because duplicate alert
+106.688765022s 85 caf.Forwarder:OnIncomingAlert(): [DEBUG] in=257 alert=/alert/emergency/veh/106/seq=0/zor=[MASKED]
+106.688765022s 85 caf.Forwarder:AlertVehicleHandler(): [DEBUG] in=(257,0) alert=/alert/emergency/veh/106/seq=0/zor=[MASKED] decision=forward to vehicles deferred until 1.07807ms
+106.688765022s 85 ndn.AlertConsumer:doReceive(): [INFO ] Received alert: /alert/emergency/veh/106/seq=0/zor=[MASKED]
+106.689843087s 85 caf.Forwarder:OnOutgoingAlert(): [DEBUG] out=257 alert=/alert/emergency/veh/106/seq=0/zor=[MASKED]
+106.690717134s 86 caf.Forwarder:OnIncomingAlert(): [DEBUG] in=257 alert=/alert/emergency/veh/106/seq=0/zor=[MASKED]
+106.690717134s 86 caf.Forwarder:AlertVehicleHandler(): [DEBUG] in= (257,0) alert=/alert/emergency/veh/106/seq=0/zor=[MASKED] timer cancelled because sender farther then node
+106.690717137s 71 caf.Forwarder:OnIncomingAlert(): [DEBUG] in=257 alert=/alert/emergency/veh/106/seq=0/zor=[MASKED]
+106.690717137s 71 caf.Forwarder:AlertVehicleHandler(): [DEBUG] in= (257,0) alert=/alert/emergency/veh/106/seq=0/zor=[MASKED] timer cancelled because sender farther then node
+106.690717218s 89 caf.Forwarder:OnIncomingAlert(): [DEBUG] in=257 alert=/alert/emergency/veh/106/seq=0/zor=[MASKED]
+106.690717218s 89 caf.Forwarder:AlertVehicleHandler(): [DEBUG] in=(257,0) alert=/alert/emergency/veh/106/seq=0/zor=[MASKED] decision=drop because duplicate alert
+106.690717226s 65 caf.Forwarder:OnIncomingAlert(): [DEBUG] in=257 alert=/alert/emergency/veh/106/seq=0/zor=[MASKED]
+106.690717226s 65 caf.Forwarder:AlertVehicleHandler(): [DEBUG] in=(257,0) alert=/alert/emergency/veh/106/seq=0/zor=[MASKED] decision=forward to vehicles deferred until 0.857172ms
+106.690717226s 65 ndn.AlertConsumer:doReceive(): [INFO ] Received alert: /alert/emergency/veh/106/seq=0/zor=[MASKED]
+106.691574398s 65 caf.Forwarder:OnOutgoingAlert(): [DEBUG] out=257 alert=/alert/emergency/veh/106/seq=0/zor=[MASKED]
+106.692448454s 72 caf.Forwarder:OnIncomingAlert(): [DEBUG] in=257 alert=/alert/emergency/veh/106/seq=0/zor=[MASKED]
+106.692448454s 72 caf.Forwarder:AlertVehicleHandler(): [DEBUG] in=(257,0) alert=/alert/emergency/veh/106/seq=0/zor=[MASKED] decision=forward to vehicles deferred until 3.35983ms
+106.692448454s 72 ndn.AlertConsumer:doReceive(): [INFO ] Received alert: /alert/emergency/veh/106/seq=0/zor=[MASKED]
+106.692448505s 64 caf.Forwarder:OnIncomingAlert(): [DEBUG] in=257 alert=/alert/emergency/veh/106/seq=0/zor=[MASKED]
+106.692448505s 64 caf.Forwarder:AlertVehicleHandler(): [DEBUG] in=(257,0) alert=/alert/emergency/veh/106/seq=0/zor=[MASKED] decision=forward to vehicles deferred until 1.79916ms
+106.692448505s 64 ndn.AlertConsumer:doReceive(): [INFO ] Received alert: /alert/emergency/veh/106/seq=0/zor=[MASKED]
+106.692448510s 67 caf.Forwarder:OnIncomingAlert(): [DEBUG] in=257 alert=/alert/emergency/veh/106/seq=0/zor=[MASKED]
+106.692448510s 67 caf.Forwarder:AlertVehicleHandler(): [DEBUG] in=(257,0) alert=/alert/emergency/veh/106/seq=0/zor=[MASKED] decision=forward to vehicles deferred until 1.65297ms
+106.692448510s 67 ndn.AlertConsumer:doReceive(): [INFO ] Received alert: /alert/emergency/veh/106/seq=0/zor=[MASKED]
+106.692448512s 80 caf.Forwarder:OnIncomingAlert(): [DEBUG] in=257 alert=/alert/emergency/veh/106/seq=0/zor=[MASKED]
+106.692448512s 80 caf.Forwarder:AlertVehicleHandler(): [DEBUG] in=(257,0) alert=/alert/emergency/veh/106/seq=0/zor=[MASKED] decision=forward to vehicles deferred until 1.59345ms
+106.692448512s 80 ndn.AlertConsumer:doReceive(): [INFO ] Received alert: /alert/emergency/veh/106/seq=0/zor=[MASKED]
+106.692448531s 68 caf.Forwarder:OnIncomingAlert(): [DEBUG] in=257 alert=/alert/emergency/veh/106/seq=0/zor=[MASKED]
+106.692448531s 68 caf.Forwarder:AlertVehicleHandler(): [DEBUG] in=(257,0) alert=/alert/emergency/veh/106/seq=0/zor=[MASKED] decision=forward to vehicles deferred until 1.03874ms
+106.692448531s 68 ndn.AlertConsumer:doReceive(): [INFO ] Received alert: /alert/emergency/veh/106/seq=0/zor=[MASKED]
+106.692448536s 85 caf.Forwarder:OnIncomingAlert(): [DEBUG] in=257 alert=/alert/emergency/veh/106/seq=0/zor=[MASKED]
+106.692448536s 85 caf.Forwarder:AlertVehicleHandler(): [DEBUG] in=(257,0) alert=/alert/emergency/veh/106/seq=0/zor=[MASKED] decision=drop because duplicate alert
+106.692448556s 66 caf.Forwarder:OnIncomingAlert(): [DEBUG] in=257 alert=/alert/emergency/veh/106/seq=0/zor=[MASKED]
+106.692448556s 66 caf.Forwarder:AlertVehicleHandler(): [DEBUG] in=(257,0) alert=/alert/emergency/veh/106/seq=0/zor=[MASKED] decision=forward to vehicles deferred until 0.266598ms
+106.692448556s 66 ndn.AlertConsumer:doReceive(): [INFO ] Received alert: /alert/emergency/veh/106/seq=0/zor=[MASKED]
+106.692448557s 79 caf.Forwarder:OnIncomingAlert(): [DEBUG] in=257 alert=/alert/emergency/veh/106/seq=0/zor=[MASKED]
+106.692448557s 79 caf.Forwarder:AlertVehicleHandler(): [DEBUG] in=(257,0) alert=/alert/emergency/veh/106/seq=0/zor=[MASKED] decision=forward to vehicles deferred until 0.251413ms
+106.692448557s 79 ndn.AlertConsumer:doReceive(): [INFO ] Received alert: /alert/emergency/veh/106/seq=0/zor=[MASKED]
+106.692699969s 79 caf.Forwarder:OnOutgoingAlert(): [DEBUG] out=257 alert=/alert/emergency/veh/106/seq=0/zor=[MASKED]
+106.692715154s 66 caf.Forwarder:OnOutgoingAlert(): [DEBUG] out=257 alert=/alert/emergency/veh/106/seq=0/zor=[MASKED]
+106.693487272s 68 caf.Forwarder:OnOutgoingAlert(): [DEBUG] out=257 alert=/alert/emergency/veh/106/seq=0/zor=[MASKED]
+106.693573994s 78 caf.Forwarder:OnIncomingAlert(): [DEBUG] in=257 alert=/alert/emergency/veh/106/seq=0/zor=[MASKED]
+106.693573994s 78 caf.Forwarder:AlertVehicleHandler(): [DEBUG] in=(257,0) alert=/alert/emergency/veh/106/seq=0/zor=[MASKED] decision=forward to vehicles deferred until 4.31028ms
+106.693573994s 78 ndn.AlertConsumer:doReceive(): [INFO ] Received alert: /alert/emergency/veh/106/seq=0/zor=[MASKED]
+106.693574003s 68 caf.Forwarder:OnIncomingAlert(): [DEBUG] in=257 alert=/alert/emergency/veh/106/seq=0/zor=[MASKED]
+106.693574003s 68 caf.Forwarder:AlertVehicleHandler(): [DEBUG] in=(257,0) alert=/alert/emergency/veh/106/seq=0/zor=[MASKED] decision=drop because duplicate alert
+106.693574016s 80 caf.Forwarder:OnIncomingAlert(): [DEBUG] in=257 alert=/alert/emergency/veh/106/seq=0/zor=[MASKED]
+106.693574016s 80 caf.Forwarder:AlertVehicleHandler(): [DEBUG] in= (257,0) alert=/alert/emergency/veh/106/seq=0/zor=[MASKED] timer cancelled because sender farther then node
+106.693574020s 64 caf.Forwarder:OnIncomingAlert(): [DEBUG] in=257 alert=/alert/emergency/veh/106/seq=0/zor=[MASKED]
+106.693574020s 64 caf.Forwarder:AlertVehicleHandler(): [DEBUG] in= (257,0) alert=/alert/emergency/veh/106/seq=0/zor=[MASKED] timer cancelled because sender farther then node
+106.693574042s 70 caf.Forwarder:OnIncomingAlert(): [DEBUG] in=257 alert=/alert/emergency/veh/106/seq=0/zor=[MASKED]
+106.693574042s 70 caf.Forwarder:AlertVehicleHandler(): [DEBUG] in=(257,0) alert=/alert/emergency/veh/106/seq=0/zor=[MASKED] decision=forward to vehicles deferred until 2.8536ms
+106.693574042s 70 ndn.AlertConsumer:doReceive(): [INFO ] Received alert: /alert/emergency/veh/106/seq=0/zor=[MASKED]
+106.693574045s 82 caf.Forwarder:OnIncomingAlert(): [DEBUG] in=257 alert=/alert/emergency/veh/106/seq=0/zor=[MASKED]
+106.693574045s 82 caf.Forwarder:AlertVehicleHandler(): [DEBUG] in=(257,0) alert=/alert/emergency/veh/106/seq=0/zor=[MASKED] decision=forward to vehicles deferred until 2.76739ms
+106.693574045s 82 ndn.AlertConsumer:doReceive(): [INFO ] Received alert: /alert/emergency/veh/106/seq=0/zor=[MASKED]
+106.693574072s 72 caf.Forwarder:OnIncomingAlert(): [DEBUG] in=257 alert=/alert/emergency/veh/106/seq=0/zor=[MASKED]
+106.693574072s 72 caf.Forwarder:AlertVehicleHandler(): [DEBUG] in= (257,0) alert=/alert/emergency/veh/106/seq=0/zor=[MASKED] timer cancelled because sender farther then node
+106.693574091s 74 caf.Forwarder:OnIncomingAlert(): [DEBUG] in=257 alert=/alert/emergency/veh/106/seq=0/zor=[MASKED]
+106.693574091s 74 caf.Forwarder:AlertVehicleHandler(): [DEBUG] in=(257,0) alert=/alert/emergency/veh/106/seq=0/zor=[MASKED] decision=forward to vehicles deferred until 1.34865ms
+106.693574091s 74 ndn.AlertConsumer:doReceive(): [INFO ] Received alert: /alert/emergency/veh/106/seq=0/zor=[MASKED]
+106.693589206s 67 caf.Forwarder:OnIncomingAlert(): [DEBUG] in=257 alert=/alert/emergency/veh/106/seq=0/zor=[MASKED]
+106.693589206s 67 caf.Forwarder:AlertVehicleHandler(): [DEBUG] in= (257,0) alert=/alert/emergency/veh/106/seq=0/zor=[MASKED] timer cancelled because sender farther then node
+106.693589225s 69 caf.Forwarder:OnIncomingAlert(): [DEBUG] in=257 alert=/alert/emergency/veh/106/seq=0/zor=[MASKED]
+106.693589225s 69 caf.Forwarder:AlertVehicleHandler(): [DEBUG] in=(257,0) alert=/alert/emergency/veh/106/seq=0/zor=[MASKED] decision=forward to vehicles deferred until 2.88993ms
+106.693589225s 69 ndn.AlertConsumer:doReceive(): [INFO ] Received alert: /alert/emergency/veh/106/seq=0/zor=[MASKED]
+106.693589270s 76 caf.Forwarder:OnIncomingAlert(): [DEBUG] in=257 alert=/alert/emergency/veh/106/seq=0/zor=[MASKED]
+106.693589270s 76 caf.Forwarder:AlertVehicleHandler(): [DEBUG] in=(257,0) alert=/alert/emergency/veh/106/seq=0/zor=[MASKED] decision=forward to vehicles deferred until 1.5273ms
+106.693589270s 76 ndn.AlertConsumer:doReceive(): [INFO ] Received alert: /alert/emergency/veh/106/seq=0/zor=[MASKED]
+106.693589325s 75 caf.Forwarder:OnIncomingAlert(): [DEBUG] in=257 alert=/alert/emergency/veh/106/seq=0/zor=[MASKED]
+106.693589325s 75 caf.Forwarder:AlertVehicleHandler(): [DEBUG] in=(257,0) alert=/alert/emergency/veh/106/seq=0/zor=[MASKED] decision=forward to vehicles deferred until 0ms
+106.693589325s 75 caf.Forwarder:OnOutgoingAlert(): [DEBUG] out=257 alert=/alert/emergency/veh/106/seq=0/zor=[MASKED]
+106.693589325s 75 ndn.AlertConsumer:doReceive(): [INFO ] Received alert: /alert/emergency/veh/106/seq=0/zor=[MASKED]
+106.694463384s 73 caf.Forwarder:OnIncomingAlert(): [DEBUG] in=257 alert=/alert/emergency/veh/106/seq=0/zor=[MASKED]
+106.694463384s 73 caf.Forwarder:AlertVehicleHandler(): [DEBUG] in=(257,0) alert=/alert/emergency/veh/106/seq=0/zor=[MASKED] decision=forward to vehicles deferred until 3.25286ms
+106.694463384s 73 ndn.AlertConsumer:doReceive(): [INFO ] Received alert: /alert/emergency/veh/106/seq=0/zor=[MASKED]
+106.694463388s 76 caf.Forwarder:OnIncomingAlert(): [DEBUG] in=257 alert=/alert/emergency/veh/106/seq=0/zor=[MASKED]
+106.694463388s 76 caf.Forwarder:AlertVehicleHandler(): [DEBUG] in= (257,0) alert=/alert/emergency/veh/106/seq=0/zor=[MASKED] timer cancelled because sender farther then node
+106.694463398s 77 caf.Forwarder:OnIncomingAlert(): [DEBUG] in=257 alert=/alert/emergency/veh/106/seq=0/zor=[MASKED]
+106.694463398s 77 caf.Forwarder:AlertVehicleHandler(): [DEBUG] in=(257,0) alert=/alert/emergency/veh/106/seq=0/zor=[MASKED] decision=forward to vehicles deferred until 2.84959ms
+106.694463398s 77 ndn.AlertConsumer:doReceive(): [INFO ] Received alert: /alert/emergency/veh/106/seq=0/zor=[MASKED]
+106.694463496s 66 caf.Forwarder:OnIncomingAlert(): [DEBUG] in=257 alert=/alert/emergency/veh/106/seq=0/zor=[MASKED]
+106.694463496s 66 caf.Forwarder:AlertVehicleHandler(): [DEBUG] in=(257,0) alert=/alert/emergency/veh/106/seq=0/zor=[MASKED] decision=drop because duplicate alert
+106.694643037s 64 caf.Forwarder:OnIncomingAlert(): [DEBUG] in=257 alert=/alert/emergency/veh/106/seq=0/zor=[MASKED]
+106.694643037s 64 caf.Forwarder:AlertVehicleHandler(): [DEBUG] in=(257,0) alert=/alert/emergency/veh/106/seq=0/zor=[MASKED] decision=drop because duplicate alert
+106.694643037s 79 caf.Forwarder:OnIncomingAlert(): [DEBUG] in=257 alert=/alert/emergency/veh/106/seq=0/zor=[MASKED]
+106.694643037s 79 caf.Forwarder:AlertVehicleHandler(): [DEBUG] in=(257,0) alert=/alert/emergency/veh/106/seq=0/zor=[MASKED] decision=drop because duplicate alert
+106.694643041s 80 caf.Forwarder:OnIncomingAlert(): [DEBUG] in=257 alert=/alert/emergency/veh/106/seq=0/zor=[MASKED]
+106.694643041s 80 caf.Forwarder:AlertVehicleHandler(): [DEBUG] in=(257,0) alert=/alert/emergency/veh/106/seq=0/zor=[MASKED] decision=drop because duplicate alert
+106.694643043s 78 caf.Forwarder:OnIncomingAlert(): [DEBUG] in=257 alert=/alert/emergency/veh/106/seq=0/zor=[MASKED]
+106.694643043s 78 caf.Forwarder:AlertVehicleHandler(): [DEBUG] in= (257,0) alert=/alert/emergency/veh/106/seq=0/zor=[MASKED] timer cancelled because sender farther then node
+106.694643067s 70 caf.Forwarder:OnIncomingAlert(): [DEBUG] in=257 alert=/alert/emergency/veh/106/seq=0/zor=[MASKED]
+106.694643080s 72 caf.Forwarder:OnIncomingAlert(): [DEBUG] in=257 alert=/alert/emergency/veh/106/seq=0/zor=[MASKED]
+106.694643080s 72 caf.Forwarder:AlertVehicleHandler(): [DEBUG] in=(257,0) alert=/alert/emergency/veh/106/seq=0/zor=[MASKED] decision=drop because duplicate alert
+106.694643108s 82 caf.Forwarder:OnIncomingAlert(): [DEBUG] in=257 alert=/alert/emergency/veh/106/seq=0/zor=[MASKED]
+106.694643136s 65 caf.Forwarder:OnIncomingAlert(): [DEBUG] in=257 alert=/alert/emergency/veh/106/seq=0/zor=[MASKED]
+106.694643136s 65 caf.Forwarder:AlertVehicleHandler(): [DEBUG] in=(257,0) alert=/alert/emergency/veh/106/seq=0/zor=[MASKED] decision=drop because duplicate alert
+106.694643154s 74 caf.Forwarder:OnIncomingAlert(): [DEBUG] in=257 alert=/alert/emergency/veh/106/seq=0/zor=[MASKED]
+106.694922745s 74 caf.Forwarder:OnOutgoingAlert(): [DEBUG] out=257 alert=/alert/emergency/veh/106/seq=0/zor=[MASKED]
+106.695796792s 82 caf.Forwarder:OnIncomingAlert(): [DEBUG] in=257 alert=/alert/emergency/veh/106/seq=0/zor=[MASKED]
+106.695796792s 82 caf.Forwarder:AlertVehicleHandler(): [DEBUG] in= (257,0) alert=/alert/emergency/veh/106/seq=0/zor=[MASKED] timer cancelled because sender farther then node
+106.695796856s 78 caf.Forwarder:OnIncomingAlert(): [DEBUG] in=257 alert=/alert/emergency/veh/106/seq=0/zor=[MASKED]
+106.695796856s 78 caf.Forwarder:AlertVehicleHandler(): [DEBUG] in=(257,0) alert=/alert/emergency/veh/106/seq=0/zor=[MASKED] decision=drop because duplicate alert
+106.695796867s 79 caf.Forwarder:OnIncomingAlert(): [DEBUG] in=257 alert=/alert/emergency/veh/106/seq=0/zor=[MASKED]
+106.695796867s 79 caf.Forwarder:AlertVehicleHandler(): [DEBUG] in=(257,0) alert=/alert/emergency/veh/106/seq=0/zor=[MASKED] decision=drop because duplicate alert
+106.695796876s 70 caf.Forwarder:OnIncomingAlert(): [DEBUG] in=257 alert=/alert/emergency/veh/106/seq=0/zor=[MASKED]
+106.695796876s 70 caf.Forwarder:AlertVehicleHandler(): [DEBUG] in= (257,0) alert=/alert/emergency/veh/106/seq=0/zor=[MASKED] timer cancelled because sender farther then node
+106.695796896s 68 caf.Forwarder:OnIncomingAlert(): [DEBUG] in=257 alert=/alert/emergency/veh/106/seq=0/zor=[MASKED]
+106.695796896s 68 caf.Forwarder:AlertVehicleHandler(): [DEBUG] in=(257,0) alert=/alert/emergency/veh/106/seq=0/zor=[MASKED] decision=drop because duplicate alert
+106.695796913s 80 caf.Forwarder:OnIncomingAlert(): [DEBUG] in=257 alert=/alert/emergency/veh/106/seq=0/zor=[MASKED]
+106.695796913s 80 caf.Forwarder:AlertVehicleHandler(): [DEBUG] in=(257,0) alert=/alert/emergency/veh/106/seq=0/zor=[MASKED] decision=drop because duplicate alert
+106.696479159s 69 caf.Forwarder:OnOutgoingAlert(): [DEBUG] out=257 alert=/alert/emergency/veh/106/seq=0/zor=[MASKED]
+106.697312991s 77 caf.Forwarder:OnOutgoingAlert(): [DEBUG] out=257 alert=/alert/emergency/veh/106/seq=0/zor=[MASKED]
+106.697353231s 66 caf.Forwarder:OnIncomingAlert(): [DEBUG] in=257 alert=/alert/emergency/veh/106/seq=0/zor=[MASKED]
+106.697353231s 66 caf.Forwarder:AlertVehicleHandler(): [DEBUG] in=(257,0) alert=/alert/emergency/veh/106/seq=0/zor=[MASKED] decision=drop because duplicate alert
+106.697353268s 87 caf.Forwarder:OnIncomingAlert(): [DEBUG] in=257 alert=/alert/emergency/veh/106/seq=0/zor=[MASKED]
+106.697353268s 87 caf.Forwarder:AlertVehicleHandler(): [DEBUG] in=(257,0) alert=/alert/emergency/veh/106/seq=0/zor=[MASKED] decision=forward to vehicles deferred until 1.745ms
+106.697353268s 87 ndn.AlertConsumer:doReceive(): [INFO ] Received alert: /alert/emergency/veh/106/seq=0/zor=[MASKED]
+106.697353272s 67 caf.Forwarder:OnIncomingAlert(): [DEBUG] in=257 alert=/alert/emergency/veh/106/seq=0/zor=[MASKED]
+106.697353272s 67 caf.Forwarder:AlertVehicleHandler(): [DEBUG] in=(257,0) alert=/alert/emergency/veh/106/seq=0/zor=[MASKED] decision=drop because duplicate alert
+106.697353292s 60 caf.Forwarder:OnIncomingAlert(): [DEBUG] in=257 alert=/alert/emergency/veh/106/seq=0/zor=[MASKED]
+106.697353292s 60 caf.Forwarder:AlertVehicleHandler(): [DEBUG] in=(257,0) alert=/alert/emergency/veh/106/seq=0/zor=[MASKED] decision=forward to vehicles deferred until 1.02352ms
+106.697353292s 60 ndn.AlertConsumer:doReceive(): [INFO ] Received alert: /alert/emergency/veh/106/seq=0/zor=[MASKED]
+106.697353298s 76 caf.Forwarder:OnIncomingAlert(): [DEBUG] in=257 alert=/alert/emergency/veh/106/seq=0/zor=[MASKED]
+106.697353298s 76 caf.Forwarder:AlertVehicleHandler(): [DEBUG] in=(257,0) alert=/alert/emergency/veh/106/seq=0/zor=[MASKED] decision=drop because duplicate alert
+106.697716242s 73 caf.Forwarder:OnOutgoingAlert(): [DEBUG] out=257 alert=/alert/emergency/veh/106/seq=0/zor=[MASKED]
+106.698187023s 73 caf.Forwarder:OnIncomingAlert(): [DEBUG] in=257 alert=/alert/emergency/veh/106/seq=0/zor=[MASKED]
+106.698187023s 73 caf.Forwarder:AlertVehicleHandler(): [DEBUG] in=(257,0) alert=/alert/emergency/veh/106/seq=0/zor=[MASKED] decision=drop because duplicate alert
+106.698187064s 75 caf.Forwarder:OnIncomingAlert(): [DEBUG] in=257 alert=/alert/emergency/veh/106/seq=0/zor=[MASKED]
+106.698187064s 75 caf.Forwarder:AlertVehicleHandler(): [DEBUG] in=(257,0) alert=/alert/emergency/veh/106/seq=0/zor=[MASKED] decision=drop because duplicate alert
+106.698187127s 76 caf.Forwarder:OnIncomingAlert(): [DEBUG] in=257 alert=/alert/emergency/veh/106/seq=0/zor=[MASKED]
+106.698187127s 76 caf.Forwarder:AlertVehicleHandler(): [DEBUG] in=(257,0) alert=/alert/emergency/veh/106/seq=0/zor=[MASKED] decision=drop because duplicate alert
+106.698187155s 81 caf.Forwarder:OnIncomingAlert(): [DEBUG] in=257 alert=/alert/emergency/veh/106/seq=0/zor=[MASKED]
+106.698187155s 81 caf.Forwarder:AlertVehicleHandler(): [DEBUG] in=(257,0) alert=/alert/emergency/veh/106/seq=0/zor=[MASKED] decision=forward to vehicles deferred until 0.0986855ms
+106.698187155s 81 ndn.AlertConsumer:doReceive(): [INFO ] Received alert: /alert/emergency/veh/106/seq=0/zor=[MASKED]
+106.698187157s 70 caf.Forwarder:OnIncomingAlert(): [DEBUG] in=257 alert=/alert/emergency/veh/106/seq=0/zor=[MASKED]
+106.698187157s 70 caf.Forwarder:AlertVehicleHandler(): [DEBUG] in=(257,0) alert=/alert/emergency/veh/106/seq=0/zor=[MASKED] decision=drop because duplicate alert
+106.698285840s 81 caf.Forwarder:OnOutgoingAlert(): [DEBUG] out=257 alert=/alert/emergency/veh/106/seq=0/zor=[MASKED]
+106.698376815s 60 caf.Forwarder:OnOutgoingAlert(): [DEBUG] out=257 alert=/alert/emergency/veh/106/seq=0/zor=[MASKED]
+106.699098265s 87 caf.Forwarder:OnOutgoingAlert(): [DEBUG] out=257 alert=/alert/emergency/veh/106/seq=0/zor=[MASKED]
+106.699113055s 77 caf.Forwarder:OnIncomingAlert(): [DEBUG] in=257 alert=/alert/emergency/veh/106/seq=0/zor=[MASKED]
+106.699113055s 77 caf.Forwarder:AlertVehicleHandler(): [DEBUG] in=(257,0) alert=/alert/emergency/veh/106/seq=0/zor=[MASKED] decision=drop because duplicate alert
+106.699113083s 75 caf.Forwarder:OnIncomingAlert(): [DEBUG] in=257 alert=/alert/emergency/veh/106/seq=0/zor=[MASKED]
+106.699113083s 75 caf.Forwarder:AlertVehicleHandler(): [DEBUG] in=(257,0) alert=/alert/emergency/veh/106/seq=0/zor=[MASKED] decision=drop because duplicate alert
+106.699113140s 76 caf.Forwarder:OnIncomingAlert(): [DEBUG] in=257 alert=/alert/emergency/veh/106/seq=0/zor=[MASKED]
+106.699113140s 76 caf.Forwarder:AlertVehicleHandler(): [DEBUG] in=(257,0) alert=/alert/emergency/veh/106/seq=0/zor=[MASKED] decision=drop because duplicate alert
+106.699113168s 70 caf.Forwarder:OnIncomingAlert(): [DEBUG] in=257 alert=/alert/emergency/veh/106/seq=0/zor=[MASKED]
+106.699113168s 70 caf.Forwarder:AlertVehicleHandler(): [DEBUG] in=(257,0) alert=/alert/emergency/veh/106/seq=0/zor=[MASKED] decision=drop because duplicate alert
+106.699159855s 83 caf.Forwarder:OnIncomingAlert(): [DEBUG] in=257 alert=/alert/emergency/veh/106/seq=0/zor=[MASKED]
+106.699159855s 83 caf.Forwarder:AlertVehicleHandler(): [DEBUG] in=(257,0) alert=/alert/emergency/veh/106/seq=0/zor=[MASKED] decision=forward to vehicles deferred until 4.59998ms
+106.699159855s 83 ndn.AlertConsumer:doReceive(): [INFO ] Received alert: /alert/emergency/veh/106/seq=0/zor=[MASKED]
+106.699250858s 87 caf.Forwarder:OnIncomingAlert(): [DEBUG] in=257 alert=/alert/emergency/veh/106/seq=0/zor=[MASKED]
+106.699250858s 87 caf.Forwarder:AlertVehicleHandler(): [DEBUG] in=(257,0) alert=/alert/emergency/veh/106/seq=0/zor=[MASKED] decision=drop because duplicate alert
+106.699250899s 84 caf.Forwarder:OnIncomingAlert(): [DEBUG] in=257 alert=/alert/emergency/veh/106/seq=0/zor=[MASKED]
+106.699250899s 84 caf.Forwarder:AlertVehicleHandler(): [DEBUG] in=(257,0) alert=/alert/emergency/veh/106/seq=0/zor=[MASKED] decision=forward to vehicles deferred until 2.49931ms
+106.699250899s 84 ndn.AlertConsumer:doReceive(): [INFO ] Received alert: /alert/emergency/veh/106/seq=0/zor=[MASKED]
+106.699250916s 61 caf.Forwarder:OnIncomingAlert(): [DEBUG] in=257 alert=/alert/emergency/veh/106/seq=0/zor=[MASKED]
+106.699250916s 61 caf.Forwarder:AlertVehicleHandler(): [DEBUG] in=(257,0) alert=/alert/emergency/veh/106/seq=0/zor=[MASKED] decision=forward to vehicles deferred until 1.9997ms
+106.699250916s 61 ndn.AlertConsumer:doReceive(): [INFO ] Received alert: /alert/emergency/veh/106/seq=0/zor=[MASKED]
+106.699250948s 69 caf.Forwarder:OnIncomingAlert(): [DEBUG] in=257 alert=/alert/emergency/veh/106/seq=0/zor=[MASKED]
+106.699250948s 69 caf.Forwarder:AlertVehicleHandler(): [DEBUG] in=(257,0) alert=/alert/emergency/veh/106/seq=0/zor=[MASKED] decision=drop because duplicate alert
+106.700228901s 60 caf.Forwarder:OnIncomingAlert(): [DEBUG] in=257 alert=/alert/emergency/veh/106/seq=0/zor=[MASKED]
+106.700228901s 60 caf.Forwarder:AlertVehicleHandler(): [DEBUG] in=(257,0) alert=/alert/emergency/veh/106/seq=0/zor=[MASKED] decision=drop because duplicate alert
+106.700228967s 69 caf.Forwarder:OnIncomingAlert(): [DEBUG] in=257 alert=/alert/emergency/veh/106/seq=0/zor=[MASKED]
+106.700228967s 69 caf.Forwarder:AlertVehicleHandler(): [DEBUG] in=(257,0) alert=/alert/emergency/veh/106/seq=0/zor=[MASKED] decision=drop because duplicate alert
+106.700228969s 84 caf.Forwarder:OnIncomingAlert(): [DEBUG] in=257 alert=/alert/emergency/veh/106/seq=0/zor=[MASKED]
+106.700228992s 61 caf.Forwarder:OnIncomingAlert(): [DEBUG] in=257 alert=/alert/emergency/veh/106/seq=0/zor=[MASKED]
+106.701250618s 61 caf.Forwarder:OnOutgoingAlert(): [DEBUG] out=257 alert=/alert/emergency/veh/106/seq=0/zor=[MASKED]
+106.701750206s 84 caf.Forwarder:OnOutgoingAlert(): [DEBUG] out=257 alert=/alert/emergency/veh/106/seq=0/zor=[MASKED]
+106.702124647s 84 caf.Forwarder:OnIncomingAlert(): [DEBUG] in=257 alert=/alert/emergency/veh/106/seq=0/zor=[MASKED]
+106.702124647s 84 caf.Forwarder:AlertVehicleHandler(): [DEBUG] in=(257,0) alert=/alert/emergency/veh/106/seq=0/zor=[MASKED] decision=drop because duplicate alert
+106.702124719s 60 caf.Forwarder:OnIncomingAlert(): [DEBUG] in=257 alert=/alert/emergency/veh/106/seq=0/zor=[MASKED]
+106.702124719s 60 caf.Forwarder:AlertVehicleHandler(): [DEBUG] in=(257,0) alert=/alert/emergency/veh/106/seq=0/zor=[MASKED] decision=drop because duplicate alert
+106.702124735s 50 caf.Forwarder:OnIncomingAlert(): [DEBUG] in=257 alert=/alert/emergency/veh/106/seq=0/zor=[MASKED]
+106.702124735s 50 caf.Forwarder:AlertVehicleHandler(): [DEBUG] in=(257,0) alert=/alert/emergency/veh/106/seq=0/zor=[MASKED] decision=forward to vehicles deferred until 1.51011ms
+106.702124735s 50 ndn.AlertConsumer:doReceive(): [INFO ] Received alert: /alert/emergency/veh/106/seq=0/zor=[MASKED]
+106.702124752s 87 caf.Forwarder:OnIncomingAlert(): [DEBUG] in=257 alert=/alert/emergency/veh/106/seq=0/zor=[MASKED]
+106.702124752s 87 caf.Forwarder:AlertVehicleHandler(): [DEBUG] in=(257,0) alert=/alert/emergency/veh/106/seq=0/zor=[MASKED] decision=drop because duplicate alert
+106.703011676s 61 caf.Forwarder:OnIncomingAlert(): [DEBUG] in=257 alert=/alert/emergency/veh/106/seq=0/zor=[MASKED]
+106.703011676s 61 caf.Forwarder:AlertVehicleHandler(): [DEBUG] in=(257,0) alert=/alert/emergency/veh/106/seq=0/zor=[MASKED] decision=drop because duplicate alert
+106.703011731s 60 caf.Forwarder:OnIncomingAlert(): [DEBUG] in=257 alert=/alert/emergency/veh/106/seq=0/zor=[MASKED]
+106.703011731s 60 caf.Forwarder:AlertVehicleHandler(): [DEBUG] in=(257,0) alert=/alert/emergency/veh/106/seq=0/zor=[MASKED] decision=drop because duplicate alert
+106.703011758s 87 caf.Forwarder:OnIncomingAlert(): [DEBUG] in=257 alert=/alert/emergency/veh/106/seq=0/zor=[MASKED]
+106.703011758s 87 caf.Forwarder:AlertVehicleHandler(): [DEBUG] in=(257,0) alert=/alert/emergency/veh/106/seq=0/zor=[MASKED] decision=drop because duplicate alert
+106.703011785s 50 caf.Forwarder:OnIncomingAlert(): [DEBUG] in=257 alert=/alert/emergency/veh/106/seq=0/zor=[MASKED]
+106.703634848s 50 caf.Forwarder:OnOutgoingAlert(): [DEBUG] out=257 alert=/alert/emergency/veh/106/seq=0/zor=[MASKED]
+106.703759834s 83 caf.Forwarder:OnOutgoingAlert(): [DEBUG] out=257 alert=/alert/emergency/veh/106/seq=0/zor=[MASKED]
+106.704508939s 44 caf.Forwarder:OnIncomingAlert(): [DEBUG] in=257 alert=/alert/emergency/veh/106/seq=0/zor=[MASKED]
+106.704508939s 44 caf.Forwarder:AlertVehicleHandler(): [DEBUG] in=(257,0) alert=/alert/emergency/veh/106/seq=0/zor=[MASKED] decision=forward to vehicles deferred until 2.3106ms
+106.704508939s 44 ndn.AlertConsumer:doReceive(): [INFO ] Received alert: /alert/emergency/veh/106/seq=0/zor=[MASKED]
+106.704508965s 61 caf.Forwarder:OnIncomingAlert(): [DEBUG] in=257 alert=/alert/emergency/veh/106/seq=0/zor=[MASKED]
+106.704508965s 61 caf.Forwarder:AlertVehicleHandler(): [DEBUG] in=(257,0) alert=/alert/emergency/veh/106/seq=0/zor=[MASKED] decision=drop because duplicate alert
+106.704508986s 84 caf.Forwarder:OnIncomingAlert(): [DEBUG] in=257 alert=/alert/emergency/veh/106/seq=0/zor=[MASKED]
+106.704508986s 84 caf.Forwarder:AlertVehicleHandler(): [DEBUG] in=(257,0) alert=/alert/emergency/veh/106/seq=0/zor=[MASKED] decision=drop because duplicate alert
+106.704633849s 81 caf.Forwarder:OnIncomingAlert(): [DEBUG] in=257 alert=/alert/emergency/veh/106/seq=0/zor=[MASKED]
+106.704633849s 81 caf.Forwarder:AlertVehicleHandler(): [DEBUG] in=(257,0) alert=/alert/emergency/veh/106/seq=0/zor=[MASKED] decision=drop because duplicate alert
+106.706819541s 44 caf.Forwarder:OnOutgoingAlert(): [DEBUG] out=257 alert=/alert/emergency/veh/106/seq=0/zor=[MASKED]
+106.707693632s 50 caf.Forwarder:OnIncomingAlert(): [DEBUG] in=257 alert=/alert/emergency/veh/106/seq=0/zor=[MASKED]
+106.707693632s 50 caf.Forwarder:AlertVehicleHandler(): [DEBUG] in=(257,0) alert=/alert/emergency/veh/106/seq=0/zor=[MASKED] decision=drop because duplicate alert
+109.113556558s 108 ndn.RandomAlertProducer:SendAlert(): [LOGIC] Don't send alert; condition failed
+110.702054899s 109 ndn.RandomAlertProducer:SendAlert(): [LOGIC] Don't send alert; condition failed
+112.033633356s 111 ndn.RandomAlertProducer:AlertSupplier(): [LOGIC] Send alert=/alert/emergency/veh/111/seq=0/zor=[MASKED] vehCount=37 rsuCount=9
+112.033633356s 111 caf.Forwarder:OnIncomingAlert(): [DEBUG] in=260 alert=/alert/emergency/veh/111/seq=0/zor=[MASKED]
+112.033633356s 111 caf.Forwarder:AlertVehicleHandler(): [DEBUG] in=(260,0) alert=/alert/emergency/veh/111/seq=0/zor=[MASKED] decision=forward to vehicles
+112.033633356s 111 caf.Forwarder:OnOutgoingAlert(): [DEBUG] out=257 alert=/alert/emergency/veh/111/seq=0/zor=[MASKED]
+112.034507523s 117 caf.Forwarder:OnIncomingAlert(): [DEBUG] in=257 alert=/alert/emergency/veh/111/seq=0/zor=[MASKED]
+112.034507523s 117 caf.Forwarder:AlertVehicleHandler(): [DEBUG] in=(257,0) alert=/alert/emergency/veh/111/seq=0/zor=[MASKED] decision=drop since sender is closer
+112.597686212s 110 ndn.RandomAlertProducer:AlertSupplier(): [LOGIC] Send alert=/alert/emergency/veh/110/seq=0/zor=[MASKED] vehCount=38 rsuCount=9
+112.597686212s 110 caf.Forwarder:OnIncomingAlert(): [DEBUG] in=260 alert=/alert/emergency/veh/110/seq=0/zor=[MASKED]
+112.597686212s 110 caf.Forwarder:AlertVehicleHandler(): [DEBUG] in=(260,0) alert=/alert/emergency/veh/110/seq=0/zor=[MASKED] decision=forward to vehicles
+112.597686212s 110 caf.Forwarder:OnOutgoingAlert(): [DEBUG] out=257 alert=/alert/emergency/veh/110/seq=0/zor=[MASKED]
+112.598560279s 114 caf.Forwarder:OnIncomingAlert(): [DEBUG] in=257 alert=/alert/emergency/veh/110/seq=0/zor=[MASKED]
+112.598560279s 114 caf.Forwarder:AlertVehicleHandler(): [DEBUG] in=(257,0) alert=/alert/emergency/veh/110/seq=0/zor=[MASKED] decision=drop since sender is closer
+112.598560300s 113 caf.Forwarder:OnIncomingAlert(): [DEBUG] in=257 alert=/alert/emergency/veh/110/seq=0/zor=[MASKED]
+112.598560300s 113 caf.Forwarder:AlertVehicleHandler(): [DEBUG] in=(257,0) alert=/alert/emergency/veh/110/seq=0/zor=[MASKED] decision=drop since sender is closer
+112.598560331s 58 caf.Forwarder:OnIncomingAlert(): [DEBUG] in=257 alert=/alert/emergency/veh/110/seq=0/zor=[MASKED]
+112.598560331s 58 caf.Forwarder:AlertVehicleHandler(): [DEBUG] in=(257,0) alert=/alert/emergency/veh/110/seq=0/zor=[MASKED] decision=drop since sender is closer
+113.571963704s 112 ndn.RandomAlertProducer:SendAlert(): [LOGIC] Don't send alert; condition failed
+115.002059261s 113 ndn.RandomAlertProducer:AlertSupplier(): [LOGIC] Send alert=/alert/emergency/veh/113/seq=0/zor=[MASKED] vehCount=37 rsuCount=9
+115.002059261s 113 caf.Forwarder:OnIncomingAlert(): [DEBUG] in=260 alert=/alert/emergency/veh/113/seq=0/zor=[MASKED]
+115.002059261s 113 caf.Forwarder:AlertVehicleHandler(): [DEBUG] in=(260,0) alert=/alert/emergency/veh/113/seq=0/zor=[MASKED] decision=forward to vehicles
+115.002059261s 113 caf.Forwarder:OnOutgoingAlert(): [DEBUG] out=257 alert=/alert/emergency/veh/113/seq=0/zor=[MASKED]
+115.002933307s 114 caf.Forwarder:OnIncomingAlert(): [DEBUG] in=257 alert=/alert/emergency/veh/113/seq=0/zor=[MASKED]
+115.002933307s 114 caf.Forwarder:AlertVehicleHandler(): [DEBUG] in=(257,0) alert=/alert/emergency/veh/113/seq=0/zor=[MASKED] decision=forward to vehicles deferred until 3.66218ms
+115.002933351s 110 caf.Forwarder:OnIncomingAlert(): [DEBUG] in=257 alert=/alert/emergency/veh/113/seq=0/zor=[MASKED]
+115.002933351s 110 caf.Forwarder:AlertVehicleHandler(): [DEBUG] in=(257,0) alert=/alert/emergency/veh/113/seq=0/zor=[MASKED] decision=forward to vehicles deferred until 2.33555ms
+115.002933380s 54 caf.Forwarder:OnIncomingAlert(): [DEBUG] in=257 alert=/alert/emergency/veh/113/seq=0/zor=[MASKED]
+115.002933380s 54 caf.Forwarder:AlertVehicleHandler(): [DEBUG] in=(257,0) alert=/alert/emergency/veh/113/seq=0/zor=[MASKED] decision=forward to vehicles deferred until 1.44239ms
+115.004375765s 54 caf.Forwarder:OnOutgoingAlert(): [DEBUG] out=257 alert=/alert/emergency/veh/113/seq=0/zor=[MASKED]
+115.005249806s 110 caf.Forwarder:OnIncomingAlert(): [DEBUG] in=257 alert=/alert/emergency/veh/113/seq=0/zor=[MASKED]
+115.005249806s 110 caf.Forwarder:AlertVehicleHandler(): [DEBUG] in= (257,0) alert=/alert/emergency/veh/113/seq=0/zor=[MASKED] timer cancelled because sender closer to ZoR
+115.005249838s 114 caf.Forwarder:OnIncomingAlert(): [DEBUG] in=257 alert=/alert/emergency/veh/113/seq=0/zor=[MASKED]
+115.005249838s 114 caf.Forwarder:AlertVehicleHandler(): [DEBUG] in= (257,0) alert=/alert/emergency/veh/113/seq=0/zor=[MASKED] timer cancelled because sender closer to ZoR
+115.005249884s 113 caf.Forwarder:OnIncomingAlert(): [DEBUG] in=257 alert=/alert/emergency/veh/113/seq=0/zor=[MASKED]
+115.005249884s 113 caf.Forwarder:AlertVehicleHandler(): [DEBUG] in=(257,0) alert=/alert/emergency/veh/113/seq=0/zor=[MASKED] decision=drop because duplicate alert
+115.005249928s 107 caf.Forwarder:OnIncomingAlert(): [DEBUG] in=257 alert=/alert/emergency/veh/113/seq=0/zor=[MASKED]
+115.005249928s 107 caf.Forwarder:AlertVehicleHandler(): [DEBUG] in=(257,0) alert=/alert/emergency/veh/113/seq=0/zor=[MASKED] decision=forward to vehicles deferred until 0.103117ms
+115.005353044s 107 caf.Forwarder:OnOutgoingAlert(): [DEBUG] out=257 alert=/alert/emergency/veh/113/seq=0/zor=[MASKED]
+115.006227128s 104 caf.Forwarder:OnIncomingAlert(): [DEBUG] in=257 alert=/alert/emergency/veh/113/seq=0/zor=[MASKED]
+115.006227128s 104 caf.Forwarder:AlertVehicleHandler(): [DEBUG] in=(257,0) alert=/alert/emergency/veh/113/seq=0/zor=[MASKED] decision=forward to vehicles deferred until 2.50646ms
+115.006227154s 103 caf.Forwarder:OnIncomingAlert(): [DEBUG] in=257 alert=/alert/emergency/veh/113/seq=0/zor=[MASKED]
+115.006227154s 103 caf.Forwarder:AlertVehicleHandler(): [DEBUG] in=(257,0) alert=/alert/emergency/veh/113/seq=0/zor=[MASKED] decision=forward to vehicles deferred until 1.7259ms
+115.006227207s 54 caf.Forwarder:OnIncomingAlert(): [DEBUG] in=257 alert=/alert/emergency/veh/113/seq=0/zor=[MASKED]
+115.006227207s 54 caf.Forwarder:AlertVehicleHandler(): [DEBUG] in=(257,0) alert=/alert/emergency/veh/113/seq=0/zor=[MASKED] decision=drop because duplicate alert
+115.007953050s 103 caf.Forwarder:OnOutgoingAlert(): [DEBUG] out=257 alert=/alert/emergency/veh/113/seq=0/zor=[MASKED]
+115.008733587s 104 caf.Forwarder:OnOutgoingAlert(): [DEBUG] out=257 alert=/alert/emergency/veh/113/seq=0/zor=[MASKED]
+115.008827079s 104 caf.Forwarder:OnIncomingAlert(): [DEBUG] in=257 alert=/alert/emergency/veh/113/seq=0/zor=[MASKED]
+115.008827079s 104 caf.Forwarder:AlertVehicleHandler(): [DEBUG] in=(257,0) alert=/alert/emergency/veh/113/seq=0/zor=[MASKED] decision=drop because duplicate alert
+115.008827143s 74 caf.Forwarder:OnIncomingAlert(): [DEBUG] in=257 alert=/alert/emergency/veh/113/seq=0/zor=[MASKED]
+115.008827143s 74 caf.Forwarder:AlertVehicleHandler(): [DEBUG] in=(257,0) alert=/alert/emergency/veh/113/seq=0/zor=[MASKED] decision=forward to vehicles deferred until 2.24888ms
+115.008827143s 74 ndn.AlertConsumer:doReceive(): [INFO ] Received alert: /alert/emergency/veh/113/seq=0/zor=[MASKED]
+115.008827160s 107 caf.Forwarder:OnIncomingAlert(): [DEBUG] in=257 alert=/alert/emergency/veh/113/seq=0/zor=[MASKED]
+115.008827160s 107 caf.Forwarder:AlertVehicleHandler(): [DEBUG] in=(257,0) alert=/alert/emergency/veh/113/seq=0/zor=[MASKED] decision=drop because duplicate alert
+115.008827215s 99 caf.Forwarder:OnIncomingAlert(): [DEBUG] in=257 alert=/alert/emergency/veh/113/seq=0/zor=[MASKED]
+115.008827215s 99 caf.Forwarder:AlertVehicleHandler(): [DEBUG] in=(257,0) alert=/alert/emergency/veh/113/seq=0/zor=[MASKED] decision=forward to vehicles deferred until 0.0676019ms
+115.008827215s 99 ndn.AlertConsumer:doReceive(): [INFO ] Received alert: /alert/emergency/veh/113/seq=0/zor=[MASKED]
+115.008894816s 99 caf.Forwarder:OnOutgoingAlert(): [DEBUG] out=257 alert=/alert/emergency/veh/113/seq=0/zor=[MASKED]
+115.009766108s 103 caf.Forwarder:OnIncomingAlert(): [DEBUG] in=257 alert=/alert/emergency/veh/113/seq=0/zor=[MASKED]
+115.009766108s 103 caf.Forwarder:AlertVehicleHandler(): [DEBUG] in=(257,0) alert=/alert/emergency/veh/113/seq=0/zor=[MASKED] decision=drop because duplicate alert
+115.009766163s 107 caf.Forwarder:OnIncomingAlert(): [DEBUG] in=257 alert=/alert/emergency/veh/113/seq=0/zor=[MASKED]
+115.009766163s 107 caf.Forwarder:AlertVehicleHandler(): [DEBUG] in=(257,0) alert=/alert/emergency/veh/113/seq=0/zor=[MASKED] decision=drop because duplicate alert
+115.009768877s 100 caf.Forwarder:OnIncomingAlert(): [DEBUG] in=257 alert=/alert/emergency/veh/113/seq=0/zor=[MASKED]
+115.009768877s 100 caf.Forwarder:AlertVehicleHandler(): [DEBUG] in=(257,0) alert=/alert/emergency/veh/113/seq=0/zor=[MASKED] decision=forward to vehicles deferred until 3.20583ms
+115.009768877s 100 ndn.AlertConsumer:doReceive(): [INFO ] Received alert: /alert/emergency/veh/113/seq=0/zor=[MASKED]
+115.009768893s 74 caf.Forwarder:OnIncomingAlert(): [DEBUG] in=257 alert=/alert/emergency/veh/113/seq=0/zor=[MASKED]
+115.009768893s 74 caf.Forwarder:AlertVehicleHandler(): [DEBUG] in= (257,0) alert=/alert/emergency/veh/113/seq=0/zor=[MASKED] timer cancelled because sender farther then node
+115.009768987s 95 caf.Forwarder:OnIncomingAlert(): [DEBUG] in=257 alert=/alert/emergency/veh/113/seq=0/zor=[MASKED]
+115.009768987s 95 caf.Forwarder:AlertVehicleHandler(): [DEBUG] in=(257,0) alert=/alert/emergency/veh/113/seq=0/zor=[MASKED] decision=forward to vehicles deferred until 0ms
+115.009768987s 95 caf.Forwarder:OnOutgoingAlert(): [DEBUG] out=257 alert=/alert/emergency/veh/113/seq=0/zor=[MASKED]
+115.009768987s 95 ndn.AlertConsumer:doReceive(): [INFO ] Received alert: /alert/emergency/veh/113/seq=0/zor=[MASKED]
+115.010643091s 92 caf.Forwarder:OnIncomingAlert(): [DEBUG] in=257 alert=/alert/emergency/veh/113/seq=0/zor=[MASKED]
+115.010643091s 92 caf.Forwarder:AlertVehicleHandler(): [DEBUG] in=(257,0) alert=/alert/emergency/veh/113/seq=0/zor=[MASKED] decision=forward to vehicles deferred until 1.90705ms
+115.010643091s 92 ndn.AlertConsumer:doReceive(): [INFO ] Received alert: /alert/emergency/veh/113/seq=0/zor=[MASKED]
+115.010643097s 100 caf.Forwarder:OnIncomingAlert(): [DEBUG] in=257 alert=/alert/emergency/veh/113/seq=0/zor=[MASKED]
+115.010643097s 100 caf.Forwarder:AlertVehicleHandler(): [DEBUG] in= (257,0) alert=/alert/emergency/veh/113/seq=0/zor=[MASKED] timer cancelled because sender farther then node
+115.010643098s 94 caf.Forwarder:OnIncomingAlert(): [DEBUG] in=257 alert=/alert/emergency/veh/113/seq=0/zor=[MASKED]
+115.010643098s 94 caf.Forwarder:AlertVehicleHandler(): [DEBUG] in=(257,0) alert=/alert/emergency/veh/113/seq=0/zor=[MASKED] decision=forward to vehicles deferred until 1.67552ms
+115.010643098s 94 ndn.AlertConsumer:doReceive(): [INFO ] Received alert: /alert/emergency/veh/113/seq=0/zor=[MASKED]
+115.010643158s 99 caf.Forwarder:OnIncomingAlert(): [DEBUG] in=257 alert=/alert/emergency/veh/113/seq=0/zor=[MASKED]
+115.010643158s 99 caf.Forwarder:AlertVehicleHandler(): [DEBUG] in=(257,0) alert=/alert/emergency/veh/113/seq=0/zor=[MASKED] decision=drop because duplicate alert
+115.012318619s 94 caf.Forwarder:OnOutgoingAlert(): [DEBUG] out=257 alert=/alert/emergency/veh/113/seq=0/zor=[MASKED]
+115.012550145s 92 caf.Forwarder:OnOutgoingAlert(): [DEBUG] out=257 alert=/alert/emergency/veh/113/seq=0/zor=[MASKED]
+115.013192632s 92 caf.Forwarder:OnIncomingAlert(): [DEBUG] in=257 alert=/alert/emergency/veh/113/seq=0/zor=[MASKED]
+115.013192632s 92 caf.Forwarder:AlertVehicleHandler(): [DEBUG] in=(257,0) alert=/alert/emergency/veh/113/seq=0/zor=[MASKED] decision=drop because duplicate alert
+115.013192681s 90 caf.Forwarder:OnIncomingAlert(): [DEBUG] in=257 alert=/alert/emergency/veh/113/seq=0/zor=[MASKED]
+115.013192681s 90 caf.Forwarder:AlertVehicleHandler(): [DEBUG] in=(257,0) alert=/alert/emergency/veh/113/seq=0/zor=[MASKED] decision=forward to vehicles deferred until 3.16089ms
+115.013192681s 90 ndn.AlertConsumer:doReceive(): [INFO ] Received alert: /alert/emergency/veh/113/seq=0/zor=[MASKED]
+115.013192730s 95 caf.Forwarder:OnIncomingAlert(): [DEBUG] in=257 alert=/alert/emergency/veh/113/seq=0/zor=[MASKED]
+115.013192730s 95 caf.Forwarder:AlertVehicleHandler(): [DEBUG] in=(257,0) alert=/alert/emergency/veh/113/seq=0/zor=[MASKED] decision=drop because duplicate alert
+115.013192748s 82 caf.Forwarder:OnIncomingAlert(): [DEBUG] in=257 alert=/alert/emergency/veh/113/seq=0/zor=[MASKED]
+115.013192748s 82 caf.Forwarder:AlertVehicleHandler(): [DEBUG] in=(257,0) alert=/alert/emergency/veh/113/seq=0/zor=[MASKED] decision=forward to vehicles deferred until 1.15089ms
+115.013192748s 82 ndn.AlertConsumer:doReceive(): [INFO ] Received alert: /alert/emergency/veh/113/seq=0/zor=[MASKED]
+115.013192765s 88 caf.Forwarder:OnIncomingAlert(): [DEBUG] in=257 alert=/alert/emergency/veh/113/seq=0/zor=[MASKED]
+115.013192765s 88 caf.Forwarder:AlertVehicleHandler(): [DEBUG] in=(257,0) alert=/alert/emergency/veh/113/seq=0/zor=[MASKED] decision=forward to vehicles deferred until 0.619613ms
+115.013192765s 88 ndn.AlertConsumer:doReceive(): [INFO ] Received alert: /alert/emergency/veh/113/seq=0/zor=[MASKED]
+115.013812377s 88 caf.Forwarder:OnOutgoingAlert(): [DEBUG] out=257 alert=/alert/emergency/veh/113/seq=0/zor=[MASKED]
+115.014131645s 94 caf.Forwarder:OnIncomingAlert(): [DEBUG] in=257 alert=/alert/emergency/veh/113/seq=0/zor=[MASKED]
+115.014131645s 94 caf.Forwarder:AlertVehicleHandler(): [DEBUG] in=(257,0) alert=/alert/emergency/veh/113/seq=0/zor=[MASKED] decision=drop because duplicate alert
+115.014131702s 90 caf.Forwarder:OnIncomingAlert(): [DEBUG] in=257 alert=/alert/emergency/veh/113/seq=0/zor=[MASKED]
+115.014131736s 95 caf.Forwarder:OnIncomingAlert(): [DEBUG] in=257 alert=/alert/emergency/veh/113/seq=0/zor=[MASKED]
+115.014131736s 95 caf.Forwarder:AlertVehicleHandler(): [DEBUG] in=(257,0) alert=/alert/emergency/veh/113/seq=0/zor=[MASKED] decision=drop because duplicate alert
+115.014131769s 82 caf.Forwarder:OnIncomingAlert(): [DEBUG] in=257 alert=/alert/emergency/veh/113/seq=0/zor=[MASKED]
+115.014131788s 88 caf.Forwarder:OnIncomingAlert(): [DEBUG] in=257 alert=/alert/emergency/veh/113/seq=0/zor=[MASKED]
+115.014131788s 88 caf.Forwarder:AlertVehicleHandler(): [DEBUG] in=(257,0) alert=/alert/emergency/veh/113/seq=0/zor=[MASKED] decision=drop because duplicate alert
+115.014343642s 82 caf.Forwarder:OnOutgoingAlert(): [DEBUG] out=257 alert=/alert/emergency/veh/113/seq=0/zor=[MASKED]
+115.015083816s 82 caf.Forwarder:OnIncomingAlert(): [DEBUG] in=257 alert=/alert/emergency/veh/113/seq=0/zor=[MASKED]
+115.015083816s 82 caf.Forwarder:AlertVehicleHandler(): [DEBUG] in=(257,0) alert=/alert/emergency/veh/113/seq=0/zor=[MASKED] decision=drop because duplicate alert
+115.015083821s 77 caf.Forwarder:OnIncomingAlert(): [DEBUG] in=257 alert=/alert/emergency/veh/113/seq=0/zor=[MASKED]
+115.015083821s 77 caf.Forwarder:AlertVehicleHandler(): [DEBUG] in=(257,0) alert=/alert/emergency/veh/113/seq=0/zor=[MASKED] decision=forward to vehicles deferred until 4.04348ms
+115.015083821s 77 ndn.AlertConsumer:doReceive(): [INFO ] Received alert: /alert/emergency/veh/113/seq=0/zor=[MASKED]
+115.015083875s 90 caf.Forwarder:OnIncomingAlert(): [DEBUG] in=257 alert=/alert/emergency/veh/113/seq=0/zor=[MASKED]
+115.015083875s 90 caf.Forwarder:AlertVehicleHandler(): [DEBUG] in= (257,0) alert=/alert/emergency/veh/113/seq=0/zor=[MASKED] timer cancelled because sender farther then node
+115.015083901s 73 caf.Forwarder:OnIncomingAlert(): [DEBUG] in=257 alert=/alert/emergency/veh/113/seq=0/zor=[MASKED]
+115.015083901s 73 caf.Forwarder:AlertVehicleHandler(): [DEBUG] in=(257,0) alert=/alert/emergency/veh/113/seq=0/zor=[MASKED] decision=forward to vehicles deferred until 1.6245ms
+115.015083901s 73 ndn.AlertConsumer:doReceive(): [INFO ] Received alert: /alert/emergency/veh/113/seq=0/zor=[MASKED]
+115.015083916s 79 caf.Forwarder:OnIncomingAlert(): [DEBUG] in=257 alert=/alert/emergency/veh/113/seq=0/zor=[MASKED]
+115.015083916s 79 caf.Forwarder:AlertVehicleHandler(): [DEBUG] in=(257,0) alert=/alert/emergency/veh/113/seq=0/zor=[MASKED] decision=forward to vehicles deferred until 1.16043ms
+115.015083916s 79 ndn.AlertConsumer:doReceive(): [INFO ] Received alert: /alert/emergency/veh/113/seq=0/zor=[MASKED]
+115.015083928s 81 caf.Forwarder:OnIncomingAlert(): [DEBUG] in=257 alert=/alert/emergency/veh/113/seq=0/zor=[MASKED]
+115.015083928s 81 caf.Forwarder:AlertVehicleHandler(): [DEBUG] in=(257,0) alert=/alert/emergency/veh/113/seq=0/zor=[MASKED] decision=forward to vehicles deferred until 0.798141ms
+115.015083928s 81 ndn.AlertConsumer:doReceive(): [INFO ] Received alert: /alert/emergency/veh/113/seq=0/zor=[MASKED]
+115.015083934s 94 caf.Forwarder:OnIncomingAlert(): [DEBUG] in=257 alert=/alert/emergency/veh/113/seq=0/zor=[MASKED]
+115.015083934s 94 caf.Forwarder:AlertVehicleHandler(): [DEBUG] in=(257,0) alert=/alert/emergency/veh/113/seq=0/zor=[MASKED] decision=drop because duplicate alert
+115.015083944s 92 caf.Forwarder:OnIncomingAlert(): [DEBUG] in=257 alert=/alert/emergency/veh/113/seq=0/zor=[MASKED]
+115.015083944s 92 caf.Forwarder:AlertVehicleHandler(): [DEBUG] in=(257,0) alert=/alert/emergency/veh/113/seq=0/zor=[MASKED] decision=drop because duplicate alert
+115.015083950s 83 caf.Forwarder:OnIncomingAlert(): [DEBUG] in=257 alert=/alert/emergency/veh/113/seq=0/zor=[MASKED]
+115.015083950s 83 caf.Forwarder:AlertVehicleHandler(): [DEBUG] in=(257,0) alert=/alert/emergency/veh/113/seq=0/zor=[MASKED] decision=forward to vehicles deferred until 0.158225ms
+115.015083950s 83 ndn.AlertConsumer:doReceive(): [INFO ] Received alert: /alert/emergency/veh/113/seq=0/zor=[MASKED]
+115.015083953s 78 caf.Forwarder:OnIncomingAlert(): [DEBUG] in=257 alert=/alert/emergency/veh/113/seq=0/zor=[MASKED]
+115.015083953s 78 caf.Forwarder:AlertVehicleHandler(): [DEBUG] in=(257,0) alert=/alert/emergency/veh/113/seq=0/zor=[MASKED] decision=forward to vehicles deferred until 0.0618262ms
+115.015083953s 78 ndn.AlertConsumer:doReceive(): [INFO ] Received alert: /alert/emergency/veh/113/seq=0/zor=[MASKED]
+115.015145779s 78 caf.Forwarder:OnOutgoingAlert(): [DEBUG] out=257 alert=/alert/emergency/veh/113/seq=0/zor=[MASKED]
+115.015242174s 83 caf.Forwarder:OnOutgoingAlert(): [DEBUG] out=257 alert=/alert/emergency/veh/113/seq=0/zor=[MASKED]
+115.015882069s 81 caf.Forwarder:OnOutgoingAlert(): [DEBUG] out=257 alert=/alert/emergency/veh/113/seq=0/zor=[MASKED]
+115.015957844s 88 caf.Forwarder:OnIncomingAlert(): [DEBUG] in=257 alert=/alert/emergency/veh/113/seq=0/zor=[MASKED]
+115.015957844s 88 caf.Forwarder:AlertVehicleHandler(): [DEBUG] in=(257,0) alert=/alert/emergency/veh/113/seq=0/zor=[MASKED] decision=drop because duplicate alert
+115.015957870s 77 caf.Forwarder:OnIncomingAlert(): [DEBUG] in=257 alert=/alert/emergency/veh/113/seq=0/zor=[MASKED]
+115.015957883s 90 caf.Forwarder:OnIncomingAlert(): [DEBUG] in=257 alert=/alert/emergency/veh/113/seq=0/zor=[MASKED]
+115.015957883s 90 caf.Forwarder:AlertVehicleHandler(): [DEBUG] in=(257,0) alert=/alert/emergency/veh/113/seq=0/zor=[MASKED] decision=drop because duplicate alert
+115.015957945s 94 caf.Forwarder:OnIncomingAlert(): [DEBUG] in=257 alert=/alert/emergency/veh/113/seq=0/zor=[MASKED]
+115.015957945s 94 caf.Forwarder:AlertVehicleHandler(): [DEBUG] in=(257,0) alert=/alert/emergency/veh/113/seq=0/zor=[MASKED] decision=drop because duplicate alert
+115.015957951s 81 caf.Forwarder:OnIncomingAlert(): [DEBUG] in=257 alert=/alert/emergency/veh/113/seq=0/zor=[MASKED]
+115.015957951s 81 caf.Forwarder:AlertVehicleHandler(): [DEBUG] in=(257,0) alert=/alert/emergency/veh/113/seq=0/zor=[MASKED] decision=drop because duplicate alert
+115.015957953s 92 caf.Forwarder:OnIncomingAlert(): [DEBUG] in=257 alert=/alert/emergency/veh/113/seq=0/zor=[MASKED]
+115.015957953s 92 caf.Forwarder:AlertVehicleHandler(): [DEBUG] in=(257,0) alert=/alert/emergency/veh/113/seq=0/zor=[MASKED] decision=drop because duplicate alert
+115.015957967s 83 caf.Forwarder:OnIncomingAlert(): [DEBUG] in=257 alert=/alert/emergency/veh/113/seq=0/zor=[MASKED]
+115.015957967s 83 caf.Forwarder:AlertVehicleHandler(): [DEBUG] in=(257,0) alert=/alert/emergency/veh/113/seq=0/zor=[MASKED] decision=drop because duplicate alert
+115.016019800s 86 caf.Forwarder:OnIncomingAlert(): [DEBUG] in=257 alert=/alert/emergency/veh/113/seq=0/zor=[MASKED]
+115.016019800s 86 caf.Forwarder:AlertVehicleHandler(): [DEBUG] in=(257,0) alert=/alert/emergency/veh/113/seq=0/zor=[MASKED] decision=forward to vehicles deferred until 4.42004ms
+115.016019800s 86 ndn.AlertConsumer:doReceive(): [INFO ] Received alert: /alert/emergency/veh/113/seq=0/zor=[MASKED]
+115.016019827s 89 caf.Forwarder:OnIncomingAlert(): [DEBUG] in=257 alert=/alert/emergency/veh/113/seq=0/zor=[MASKED]
+115.016019827s 89 caf.Forwarder:AlertVehicleHandler(): [DEBUG] in=(257,0) alert=/alert/emergency/veh/113/seq=0/zor=[MASKED] decision=forward to vehicles deferred until 3.60855ms
+115.016019827s 89 ndn.AlertConsumer:doReceive(): [INFO ] Received alert: /alert/emergency/veh/113/seq=0/zor=[MASKED]
+115.016019842s 85 caf.Forwarder:OnIncomingAlert(): [DEBUG] in=257 alert=/alert/emergency/veh/113/seq=0/zor=[MASKED]
+115.016019842s 85 caf.Forwarder:AlertVehicleHandler(): [DEBUG] in=(257,0) alert=/alert/emergency/veh/113/seq=0/zor=[MASKED] decision=forward to vehicles deferred until 3.15417ms
+115.016019842s 85 ndn.AlertConsumer:doReceive(): [INFO ] Received alert: /alert/emergency/veh/113/seq=0/zor=[MASKED]
+115.016019849s 70 caf.Forwarder:OnIncomingAlert(): [DEBUG] in=257 alert=/alert/emergency/veh/113/seq=0/zor=[MASKED]
+115.016019849s 70 caf.Forwarder:AlertVehicleHandler(): [DEBUG] in=(257,0) alert=/alert/emergency/veh/113/seq=0/zor=[MASKED] decision=forward to vehicles deferred until 2.93715ms
+115.016019849s 70 ndn.AlertConsumer:doReceive(): [INFO ] Received alert: /alert/emergency/veh/113/seq=0/zor=[MASKED]
+115.016019862s 64 caf.Forwarder:OnIncomingAlert(): [DEBUG] in=257 alert=/alert/emergency/veh/113/seq=0/zor=[MASKED]
+115.016019862s 64 caf.Forwarder:AlertVehicleHandler(): [DEBUG] in=(257,0) alert=/alert/emergency/veh/113/seq=0/zor=[MASKED] decision=forward to vehicles deferred until 2.55106ms
+115.016019862s 64 ndn.AlertConsumer:doReceive(): [INFO ] Received alert: /alert/emergency/veh/113/seq=0/zor=[MASKED]
+115.016019883s 68 caf.Forwarder:OnIncomingAlert(): [DEBUG] in=257 alert=/alert/emergency/veh/113/seq=0/zor=[MASKED]
+115.016019883s 68 caf.Forwarder:AlertVehicleHandler(): [DEBUG] in=(257,0) alert=/alert/emergency/veh/113/seq=0/zor=[MASKED] decision=forward to vehicles deferred until 1.90977ms
+115.016019883s 68 ndn.AlertConsumer:doReceive(): [INFO ] Received alert: /alert/emergency/veh/113/seq=0/zor=[MASKED]
+115.016019924s 80 caf.Forwarder:OnIncomingAlert(): [DEBUG] in=257 alert=/alert/emergency/veh/113/seq=0/zor=[MASKED]
+115.016019924s 80 caf.Forwarder:AlertVehicleHandler(): [DEBUG] in=(257,0) alert=/alert/emergency/veh/113/seq=0/zor=[MASKED] decision=forward to vehicles deferred until 0.659154ms
+115.016019924s 80 ndn.AlertConsumer:doReceive(): [INFO ] Received alert: /alert/emergency/veh/113/seq=0/zor=[MASKED]
+115.016244345s 79 caf.Forwarder:OnOutgoingAlert(): [DEBUG] out=257 alert=/alert/emergency/veh/113/seq=0/zor=[MASKED]
+115.016679077s 80 caf.Forwarder:OnOutgoingAlert(): [DEBUG] out=257 alert=/alert/emergency/veh/113/seq=0/zor=[MASKED]
+115.016708402s 73 caf.Forwarder:OnOutgoingAlert(): [DEBUG] out=257 alert=/alert/emergency/veh/113/seq=0/zor=[MASKED]
+115.017118373s 73 caf.Forwarder:OnIncomingAlert(): [DEBUG] in=257 alert=/alert/emergency/veh/113/seq=0/zor=[MASKED]
+115.017118373s 73 caf.Forwarder:AlertVehicleHandler(): [DEBUG] in=(257,0) alert=/alert/emergency/veh/113/seq=0/zor=[MASKED] decision=drop because duplicate alert
+115.017118391s 78 caf.Forwarder:OnIncomingAlert(): [DEBUG] in=257 alert=/alert/emergency/veh/113/seq=0/zor=[MASKED]
+115.017118391s 78 caf.Forwarder:AlertVehicleHandler(): [DEBUG] in=(257,0) alert=/alert/emergency/veh/113/seq=0/zor=[MASKED] decision=drop because duplicate alert
+115.017118406s 89 caf.Forwarder:OnIncomingAlert(): [DEBUG] in=257 alert=/alert/emergency/veh/113/seq=0/zor=[MASKED]
+115.017118409s 86 caf.Forwarder:OnIncomingAlert(): [DEBUG] in=257 alert=/alert/emergency/veh/113/seq=0/zor=[MASKED]
+115.017118409s 86 caf.Forwarder:AlertVehicleHandler(): [DEBUG] in= (257,0) alert=/alert/emergency/veh/113/seq=0/zor=[MASKED] timer cancelled because sender farther then node
+115.017118422s 64 caf.Forwarder:OnIncomingAlert(): [DEBUG] in=257 alert=/alert/emergency/veh/113/seq=0/zor=[MASKED]
+115.017553121s 84 caf.Forwarder:OnIncomingAlert(): [DEBUG] in=257 alert=/alert/emergency/veh/113/seq=0/zor=[MASKED]
+115.017553121s 84 caf.Forwarder:AlertVehicleHandler(): [DEBUG] in=(257,0) alert=/alert/emergency/veh/113/seq=0/zor=[MASKED] decision=forward to vehicles deferred until 3.7213ms
+115.017553121s 84 ndn.AlertConsumer:doReceive(): [INFO ] Received alert: /alert/emergency/veh/113/seq=0/zor=[MASKED]
+115.017553129s 68 caf.Forwarder:OnIncomingAlert(): [DEBUG] in=257 alert=/alert/emergency/veh/113/seq=0/zor=[MASKED]
+115.017553129s 68 caf.Forwarder:AlertVehicleHandler(): [DEBUG] in= (257,0) alert=/alert/emergency/veh/113/seq=0/zor=[MASKED] timer cancelled because sender farther then node
+115.017553141s 65 caf.Forwarder:OnIncomingAlert(): [DEBUG] in=257 alert=/alert/emergency/veh/113/seq=0/zor=[MASKED]
+115.017553141s 65 caf.Forwarder:AlertVehicleHandler(): [DEBUG] in=(257,0) alert=/alert/emergency/veh/113/seq=0/zor=[MASKED] decision=forward to vehicles deferred until 3.10343ms
+115.017553141s 65 ndn.AlertConsumer:doReceive(): [INFO ] Received alert: /alert/emergency/veh/113/seq=0/zor=[MASKED]
+115.018031401s 79 caf.Forwarder:OnIncomingAlert(): [DEBUG] in=257 alert=/alert/emergency/veh/113/seq=0/zor=[MASKED]
+115.018031401s 79 caf.Forwarder:AlertVehicleHandler(): [DEBUG] in=(257,0) alert=/alert/emergency/veh/113/seq=0/zor=[MASKED] decision=drop because duplicate alert
+115.018031447s 78 caf.Forwarder:OnIncomingAlert(): [DEBUG] in=257 alert=/alert/emergency/veh/113/seq=0/zor=[MASKED]
+115.018031447s 78 caf.Forwarder:AlertVehicleHandler(): [DEBUG] in=(257,0) alert=/alert/emergency/veh/113/seq=0/zor=[MASKED] decision=drop because duplicate alert
+115.018031452s 89 caf.Forwarder:OnIncomingAlert(): [DEBUG] in=257 alert=/alert/emergency/veh/113/seq=0/zor=[MASKED]
+115.018031452s 89 caf.Forwarder:AlertVehicleHandler(): [DEBUG] in= (257,0) alert=/alert/emergency/veh/113/seq=0/zor=[MASKED] timer cancelled because sender farther then node
+115.018031456s 64 caf.Forwarder:OnIncomingAlert(): [DEBUG] in=257 alert=/alert/emergency/veh/113/seq=0/zor=[MASKED]
+115.018031465s 86 caf.Forwarder:OnIncomingAlert(): [DEBUG] in=257 alert=/alert/emergency/veh/113/seq=0/zor=[MASKED]
+115.018031465s 86 caf.Forwarder:AlertVehicleHandler(): [DEBUG] in=(257,0) alert=/alert/emergency/veh/113/seq=0/zor=[MASKED] decision=drop because duplicate alert
+115.018031472s 77 caf.Forwarder:OnIncomingAlert(): [DEBUG] in=257 alert=/alert/emergency/veh/113/seq=0/zor=[MASKED]
+115.018031472s 77 caf.Forwarder:AlertVehicleHandler(): [DEBUG] in= (257,0) alert=/alert/emergency/veh/113/seq=0/zor=[MASKED] timer cancelled because sender farther then node
+115.018031486s 88 caf.Forwarder:OnIncomingAlert(): [DEBUG] in=257 alert=/alert/emergency/veh/113/seq=0/zor=[MASKED]
+115.018031486s 88 caf.Forwarder:AlertVehicleHandler(): [DEBUG] in=(257,0) alert=/alert/emergency/veh/113/seq=0/zor=[MASKED] decision=drop because duplicate alert
+115.018031514s 82 caf.Forwarder:OnIncomingAlert(): [DEBUG] in=257 alert=/alert/emergency/veh/113/seq=0/zor=[MASKED]
+115.018031514s 82 caf.Forwarder:AlertVehicleHandler(): [DEBUG] in=(257,0) alert=/alert/emergency/veh/113/seq=0/zor=[MASKED] decision=drop because duplicate alert
+115.018570918s 64 caf.Forwarder:OnOutgoingAlert(): [DEBUG] out=257 alert=/alert/emergency/veh/113/seq=0/zor=[MASKED]
+115.018957000s 70 caf.Forwarder:OnOutgoingAlert(): [DEBUG] out=257 alert=/alert/emergency/veh/113/seq=0/zor=[MASKED]
+115.019174009s 85 caf.Forwarder:OnOutgoingAlert(): [DEBUG] out=257 alert=/alert/emergency/veh/113/seq=0/zor=[MASKED]
+115.019444956s 89 caf.Forwarder:OnIncomingAlert(): [DEBUG] in=257 alert=/alert/emergency/veh/113/seq=0/zor=[MASKED]
+115.019444956s 89 caf.Forwarder:AlertVehicleHandler(): [DEBUG] in=(257,0) alert=/alert/emergency/veh/113/seq=0/zor=[MASKED] decision=drop because duplicate alert
+115.019444995s 79 caf.Forwarder:OnIncomingAlert(): [DEBUG] in=257 alert=/alert/emergency/veh/113/seq=0/zor=[MASKED]
+115.019444995s 79 caf.Forwarder:AlertVehicleHandler(): [DEBUG] in=(257,0) alert=/alert/emergency/veh/113/seq=0/zor=[MASKED] decision=drop because duplicate alert
+115.019444999s 86 caf.Forwarder:OnIncomingAlert(): [DEBUG] in=257 alert=/alert/emergency/veh/113/seq=0/zor=[MASKED]
+115.019444999s 86 caf.Forwarder:AlertVehicleHandler(): [DEBUG] in=(257,0) alert=/alert/emergency/veh/113/seq=0/zor=[MASKED] decision=drop because duplicate alert
+115.019445001s 73 caf.Forwarder:OnIncomingAlert(): [DEBUG] in=257 alert=/alert/emergency/veh/113/seq=0/zor=[MASKED]
+115.019445001s 73 caf.Forwarder:AlertVehicleHandler(): [DEBUG] in=(257,0) alert=/alert/emergency/veh/113/seq=0/zor=[MASKED] decision=drop because duplicate alert
+115.019445001s 78 caf.Forwarder:OnIncomingAlert(): [DEBUG] in=257 alert=/alert/emergency/veh/113/seq=0/zor=[MASKED]
+115.019445001s 78 caf.Forwarder:AlertVehicleHandler(): [DEBUG] in=(257,0) alert=/alert/emergency/veh/113/seq=0/zor=[MASKED] decision=drop because duplicate alert
+115.019445029s 85 caf.Forwarder:OnIncomingAlert(): [DEBUG] in=257 alert=/alert/emergency/veh/113/seq=0/zor=[MASKED]
+115.019445029s 85 caf.Forwarder:AlertVehicleHandler(): [DEBUG] in=(257,0) alert=/alert/emergency/veh/113/seq=0/zor=[MASKED] decision=drop because duplicate alert
+115.019445047s 70 caf.Forwarder:OnIncomingAlert(): [DEBUG] in=257 alert=/alert/emergency/veh/113/seq=0/zor=[MASKED]
+115.019445047s 70 caf.Forwarder:AlertVehicleHandler(): [DEBUG] in=(257,0) alert=/alert/emergency/veh/113/seq=0/zor=[MASKED] decision=drop because duplicate alert
+115.019445050s 91 caf.Forwarder:OnIncomingAlert(): [DEBUG] in=257 alert=/alert/emergency/veh/113/seq=0/zor=[MASKED]
+115.019445050s 91 caf.Forwarder:AlertVehicleHandler(): [DEBUG] in=(257,0) alert=/alert/emergency/veh/113/seq=0/zor=[MASKED] decision=forward to vehicles deferred until 1.05921ms
+115.019445050s 91 ndn.AlertConsumer:doReceive(): [INFO ] Received alert: /alert/emergency/veh/113/seq=0/zor=[MASKED]
+115.019445083s 68 caf.Forwarder:OnIncomingAlert(): [DEBUG] in=257 alert=/alert/emergency/veh/113/seq=0/zor=[MASKED]
+115.019445083s 68 caf.Forwarder:AlertVehicleHandler(): [DEBUG] in=(257,0) alert=/alert/emergency/veh/113/seq=0/zor=[MASKED] decision=drop because duplicate alert
+115.020384067s 85 caf.Forwarder:OnIncomingAlert(): [DEBUG] in=257 alert=/alert/emergency/veh/113/seq=0/zor=[MASKED]
+115.020384067s 85 caf.Forwarder:AlertVehicleHandler(): [DEBUG] in=(257,0) alert=/alert/emergency/veh/113/seq=0/zor=[MASKED] decision=drop because duplicate alert
+115.020384083s 68 caf.Forwarder:OnIncomingAlert(): [DEBUG] in=257 alert=/alert/emergency/veh/113/seq=0/zor=[MASKED]
+115.020384083s 68 caf.Forwarder:AlertVehicleHandler(): [DEBUG] in=(257,0) alert=/alert/emergency/veh/113/seq=0/zor=[MASKED] decision=drop because duplicate alert
+115.020384101s 86 caf.Forwarder:OnIncomingAlert(): [DEBUG] in=257 alert=/alert/emergency/veh/113/seq=0/zor=[MASKED]
+115.020384101s 86 caf.Forwarder:AlertVehicleHandler(): [DEBUG] in=(257,0) alert=/alert/emergency/veh/113/seq=0/zor=[MASKED] decision=drop because duplicate alert
+115.020384117s 78 caf.Forwarder:OnIncomingAlert(): [DEBUG] in=257 alert=/alert/emergency/veh/113/seq=0/zor=[MASKED]
+115.020384117s 78 caf.Forwarder:AlertVehicleHandler(): [DEBUG] in=(257,0) alert=/alert/emergency/veh/113/seq=0/zor=[MASKED] decision=drop because duplicate alert
+115.020384133s 80 caf.Forwarder:OnIncomingAlert(): [DEBUG] in=257 alert=/alert/emergency/veh/113/seq=0/zor=[MASKED]
+115.020384133s 80 caf.Forwarder:AlertVehicleHandler(): [DEBUG] in=(257,0) alert=/alert/emergency/veh/113/seq=0/zor=[MASKED] decision=drop because duplicate alert
+115.020384139s 89 caf.Forwarder:OnIncomingAlert(): [DEBUG] in=257 alert=/alert/emergency/veh/113/seq=0/zor=[MASKED]
+115.020384139s 89 caf.Forwarder:AlertVehicleHandler(): [DEBUG] in=(257,0) alert=/alert/emergency/veh/113/seq=0/zor=[MASKED] decision=drop because duplicate alert
+115.020384163s 79 caf.Forwarder:OnIncomingAlert(): [DEBUG] in=257 alert=/alert/emergency/veh/113/seq=0/zor=[MASKED]
+115.020384163s 79 caf.Forwarder:AlertVehicleHandler(): [DEBUG] in=(257,0) alert=/alert/emergency/veh/113/seq=0/zor=[MASKED] decision=drop because duplicate alert
+115.020384170s 84 caf.Forwarder:OnIncomingAlert(): [DEBUG] in=257 alert=/alert/emergency/veh/113/seq=0/zor=[MASKED]
+115.020384170s 84 caf.Forwarder:AlertVehicleHandler(): [DEBUG] in= (257,0) alert=/alert/emergency/veh/113/seq=0/zor=[MASKED] timer cancelled because sender farther then node
+115.020384176s 64 caf.Forwarder:OnIncomingAlert(): [DEBUG] in=257 alert=/alert/emergency/veh/113/seq=0/zor=[MASKED]
+115.020384176s 64 caf.Forwarder:AlertVehicleHandler(): [DEBUG] in=(257,0) alert=/alert/emergency/veh/113/seq=0/zor=[MASKED] decision=drop because duplicate alert
+115.020384191s 65 caf.Forwarder:OnIncomingAlert(): [DEBUG] in=257 alert=/alert/emergency/veh/113/seq=0/zor=[MASKED]
+115.020384191s 65 caf.Forwarder:AlertVehicleHandler(): [DEBUG] in= (257,0) alert=/alert/emergency/veh/113/seq=0/zor=[MASKED] timer cancelled because sender farther then node
+115.020384191s 73 caf.Forwarder:OnIncomingAlert(): [DEBUG] in=257 alert=/alert/emergency/veh/113/seq=0/zor=[MASKED]
+115.020384191s 73 caf.Forwarder:AlertVehicleHandler(): [DEBUG] in=(257,0) alert=/alert/emergency/veh/113/seq=0/zor=[MASKED] decision=drop because duplicate alert
+115.020504256s 91 caf.Forwarder:OnOutgoingAlert(): [DEBUG] out=257 alert=/alert/emergency/veh/113/seq=0/zor=[MASKED]
+115.021323087s 70 caf.Forwarder:OnIncomingAlert(): [DEBUG] in=257 alert=/alert/emergency/veh/113/seq=0/zor=[MASKED]
+115.021323087s 70 caf.Forwarder:AlertVehicleHandler(): [DEBUG] in=(257,0) alert=/alert/emergency/veh/113/seq=0/zor=[MASKED] decision=drop because duplicate alert
+115.021323111s 86 caf.Forwarder:OnIncomingAlert(): [DEBUG] in=257 alert=/alert/emergency/veh/113/seq=0/zor=[MASKED]
+115.021323111s 86 caf.Forwarder:AlertVehicleHandler(): [DEBUG] in=(257,0) alert=/alert/emergency/veh/113/seq=0/zor=[MASKED] decision=drop because duplicate alert
+115.021323121s 68 caf.Forwarder:OnIncomingAlert(): [DEBUG] in=257 alert=/alert/emergency/veh/113/seq=0/zor=[MASKED]
+115.021323121s 68 caf.Forwarder:AlertVehicleHandler(): [DEBUG] in=(257,0) alert=/alert/emergency/veh/113/seq=0/zor=[MASKED] decision=drop because duplicate alert
+115.021323130s 78 caf.Forwarder:OnIncomingAlert(): [DEBUG] in=257 alert=/alert/emergency/veh/113/seq=0/zor=[MASKED]
+115.021323130s 78 caf.Forwarder:AlertVehicleHandler(): [DEBUG] in=(257,0) alert=/alert/emergency/veh/113/seq=0/zor=[MASKED] decision=drop because duplicate alert
+115.021323142s 89 caf.Forwarder:OnIncomingAlert(): [DEBUG] in=257 alert=/alert/emergency/veh/113/seq=0/zor=[MASKED]
+115.021323142s 89 caf.Forwarder:AlertVehicleHandler(): [DEBUG] in=(257,0) alert=/alert/emergency/veh/113/seq=0/zor=[MASKED] decision=drop because duplicate alert
+115.021323172s 80 caf.Forwarder:OnIncomingAlert(): [DEBUG] in=257 alert=/alert/emergency/veh/113/seq=0/zor=[MASKED]
+115.021323172s 80 caf.Forwarder:AlertVehicleHandler(): [DEBUG] in=(257,0) alert=/alert/emergency/veh/113/seq=0/zor=[MASKED] decision=drop because duplicate alert
+115.021323175s 79 caf.Forwarder:OnIncomingAlert(): [DEBUG] in=257 alert=/alert/emergency/veh/113/seq=0/zor=[MASKED]
+115.021323175s 79 caf.Forwarder:AlertVehicleHandler(): [DEBUG] in=(257,0) alert=/alert/emergency/veh/113/seq=0/zor=[MASKED] decision=drop because duplicate alert
+115.021323178s 64 caf.Forwarder:OnIncomingAlert(): [DEBUG] in=257 alert=/alert/emergency/veh/113/seq=0/zor=[MASKED]
+115.021323178s 64 caf.Forwarder:AlertVehicleHandler(): [DEBUG] in=(257,0) alert=/alert/emergency/veh/113/seq=0/zor=[MASKED] decision=drop because duplicate alert
+115.021323202s 73 caf.Forwarder:OnIncomingAlert(): [DEBUG] in=257 alert=/alert/emergency/veh/113/seq=0/zor=[MASKED]
+115.021323202s 73 caf.Forwarder:AlertVehicleHandler(): [DEBUG] in=(257,0) alert=/alert/emergency/veh/113/seq=0/zor=[MASKED] decision=drop because duplicate alert
+115.021323210s 84 caf.Forwarder:OnIncomingAlert(): [DEBUG] in=257 alert=/alert/emergency/veh/113/seq=0/zor=[MASKED]
+115.021323210s 84 caf.Forwarder:AlertVehicleHandler(): [DEBUG] in=(257,0) alert=/alert/emergency/veh/113/seq=0/zor=[MASKED] decision=drop because duplicate alert
+115.021323228s 65 caf.Forwarder:OnIncomingAlert(): [DEBUG] in=257 alert=/alert/emergency/veh/113/seq=0/zor=[MASKED]
+115.021323228s 65 caf.Forwarder:AlertVehicleHandler(): [DEBUG] in=(257,0) alert=/alert/emergency/veh/113/seq=0/zor=[MASKED] decision=drop because duplicate alert
+115.021378338s 93 caf.Forwarder:OnIncomingAlert(): [DEBUG] in=257 alert=/alert/emergency/veh/113/seq=0/zor=[MASKED]
+115.021378338s 93 caf.Forwarder:AlertVehicleHandler(): [DEBUG] in=(257,0) alert=/alert/emergency/veh/113/seq=0/zor=[MASKED] decision=forward to vehicles deferred until 2.58371ms
+115.021378338s 93 ndn.AlertConsumer:doReceive(): [INFO ] Received alert: /alert/emergency/veh/113/seq=0/zor=[MASKED]
+115.021378385s 98 caf.Forwarder:OnIncomingAlert(): [DEBUG] in=257 alert=/alert/emergency/veh/113/seq=0/zor=[MASKED]
+115.021378385s 98 caf.Forwarder:AlertVehicleHandler(): [DEBUG] in=(257,0) alert=/alert/emergency/veh/113/seq=0/zor=[MASKED] decision=forward to vehicles deferred until 1.1604ms
+115.021378385s 98 ndn.AlertConsumer:doReceive(): [INFO ] Received alert: /alert/emergency/veh/113/seq=0/zor=[MASKED]
+115.022538781s 98 caf.Forwarder:OnOutgoingAlert(): [DEBUG] out=257 alert=/alert/emergency/veh/113/seq=0/zor=[MASKED]
+115.023412829s 93 caf.Forwarder:OnIncomingAlert(): [DEBUG] in=257 alert=/alert/emergency/veh/113/seq=0/zor=[MASKED]
+115.023412829s 93 caf.Forwarder:AlertVehicleHandler(): [DEBUG] in= (257,0) alert=/alert/emergency/veh/113/seq=0/zor=[MASKED] timer cancelled because sender farther then node
+115.023412875s 96 caf.Forwarder:OnIncomingAlert(): [DEBUG] in=257 alert=/alert/emergency/veh/113/seq=0/zor=[MASKED]
+115.023412875s 96 caf.Forwarder:AlertVehicleHandler(): [DEBUG] in=(257,0) alert=/alert/emergency/veh/113/seq=0/zor=[MASKED] decision=forward to vehicles deferred until 2.214ms
+115.023412875s 96 ndn.AlertConsumer:doReceive(): [INFO ] Received alert: /alert/emergency/veh/113/seq=0/zor=[MASKED]
+115.023412910s 91 caf.Forwarder:OnIncomingAlert(): [DEBUG] in=257 alert=/alert/emergency/veh/113/seq=0/zor=[MASKED]
+115.023412910s 91 caf.Forwarder:AlertVehicleHandler(): [DEBUG] in=(257,0) alert=/alert/emergency/veh/113/seq=0/zor=[MASKED] decision=drop because duplicate alert
+115.025626876s 96 caf.Forwarder:OnOutgoingAlert(): [DEBUG] out=257 alert=/alert/emergency/veh/113/seq=0/zor=[MASKED]
+115.026500970s 98 caf.Forwarder:OnIncomingAlert(): [DEBUG] in=257 alert=/alert/emergency/veh/113/seq=0/zor=[MASKED]
+115.026500970s 98 caf.Forwarder:AlertVehicleHandler(): [DEBUG] in=(257,0) alert=/alert/emergency/veh/113/seq=0/zor=[MASKED] decision=drop because duplicate alert
+115.026500981s 101 caf.Forwarder:OnIncomingAlert(): [DEBUG] in=257 alert=/alert/emergency/veh/113/seq=0/zor=[MASKED]
+115.026500981s 101 caf.Forwarder:AlertVehicleHandler(): [DEBUG] in=(257,0) alert=/alert/emergency/veh/113/seq=0/zor=[MASKED] decision=forward to vehicles deferred until 1.8698ms
+115.026500981s 101 ndn.AlertConsumer:doReceive(): [INFO ] Received alert: /alert/emergency/veh/113/seq=0/zor=[MASKED]
+115.026501016s 93 caf.Forwarder:OnIncomingAlert(): [DEBUG] in=257 alert=/alert/emergency/veh/113/seq=0/zor=[MASKED]
+115.026501016s 93 caf.Forwarder:AlertVehicleHandler(): [DEBUG] in=(257,0) alert=/alert/emergency/veh/113/seq=0/zor=[MASKED] decision=drop because duplicate alert
+115.028370776s 101 caf.Forwarder:OnOutgoingAlert(): [DEBUG] out=257 alert=/alert/emergency/veh/113/seq=0/zor=[MASKED]
+115.029244847s 106 caf.Forwarder:OnIncomingAlert(): [DEBUG] in=257 alert=/alert/emergency/veh/113/seq=0/zor=[MASKED]
+115.029244847s 106 caf.Forwarder:AlertVehicleHandler(): [DEBUG] in=(257,0) alert=/alert/emergency/veh/113/seq=0/zor=[MASKED] decision=drop since sender is closer
+115.029244855s 71 caf.Forwarder:OnIncomingAlert(): [DEBUG] in=257 alert=/alert/emergency/veh/113/seq=0/zor=[MASKED]
+115.029244855s 71 caf.Forwarder:AlertVehicleHandler(): [DEBUG] in=(257,0) alert=/alert/emergency/veh/113/seq=0/zor=[MASKED] decision=drop since sender is closer
+115.029244881s 96 caf.Forwarder:OnIncomingAlert(): [DEBUG] in=257 alert=/alert/emergency/veh/113/seq=0/zor=[MASKED]
+115.029244881s 96 caf.Forwarder:AlertVehicleHandler(): [DEBUG] in=(257,0) alert=/alert/emergency/veh/113/seq=0/zor=[MASKED] decision=drop because duplicate alert
+116.611129044s 116 ndn.RandomAlertProducer:AlertSupplier(): [LOGIC] Send alert=/alert/emergency/veh/116/seq=0/zor=[MASKED] vehCount=38 rsuCount=9
+116.611129044s 116 caf.Forwarder:OnIncomingAlert(): [DEBUG] in=260 alert=/alert/emergency/veh/116/seq=0/zor=[MASKED]
+116.611129044s 116 caf.Forwarder:AlertVehicleHandler(): [DEBUG] in=(260,0) alert=/alert/emergency/veh/116/seq=0/zor=[MASKED] decision=forward to vehicles
+116.611129044s 116 caf.Forwarder:OnOutgoingAlert(): [DEBUG] out=257 alert=/alert/emergency/veh/116/seq=0/zor=[MASKED]
+116.612003095s 44 caf.Forwarder:OnIncomingAlert(): [DEBUG] in=257 alert=/alert/emergency/veh/116/seq=0/zor=[MASKED]
+116.612003095s 44 caf.Forwarder:AlertVehicleHandler(): [DEBUG] in=(257,0) alert=/alert/emergency/veh/116/seq=0/zor=[MASKED] decision=forward to vehicles deferred until 3.49969ms
+116.612003149s 50 caf.Forwarder:OnIncomingAlert(): [DEBUG] in=257 alert=/alert/emergency/veh/116/seq=0/zor=[MASKED]
+116.612003149s 50 caf.Forwarder:AlertVehicleHandler(): [DEBUG] in=(257,0) alert=/alert/emergency/veh/116/seq=0/zor=[MASKED] decision=forward to vehicles deferred until 1.87665ms
+116.613879802s 50 caf.Forwarder:OnOutgoingAlert(): [DEBUG] out=257 alert=/alert/emergency/veh/116/seq=0/zor=[MASKED]
+116.614753865s 44 caf.Forwarder:OnIncomingAlert(): [DEBUG] in=257 alert=/alert/emergency/veh/116/seq=0/zor=[MASKED]
+116.614753865s 44 caf.Forwarder:AlertVehicleHandler(): [DEBUG] in= (257,0) alert=/alert/emergency/veh/116/seq=0/zor=[MASKED] timer cancelled because sender closer to ZoR
+116.614753887s 61 caf.Forwarder:OnIncomingAlert(): [DEBUG] in=257 alert=/alert/emergency/veh/116/seq=0/zor=[MASKED]
+116.614753887s 61 caf.Forwarder:AlertVehicleHandler(): [DEBUG] in=(257,0) alert=/alert/emergency/veh/116/seq=0/zor=[MASKED] decision=forward to vehicles deferred until 2.48159ms
+116.614753907s 116 caf.Forwarder:OnIncomingAlert(): [DEBUG] in=257 alert=/alert/emergency/veh/116/seq=0/zor=[MASKED]
+116.614753907s 116 caf.Forwarder:AlertVehicleHandler(): [DEBUG] in=(257,0) alert=/alert/emergency/veh/116/seq=0/zor=[MASKED] decision=drop because duplicate alert
+116.617235475s 61 caf.Forwarder:OnOutgoingAlert(): [DEBUG] out=257 alert=/alert/emergency/veh/116/seq=0/zor=[MASKED]
+116.618109560s 50 caf.Forwarder:OnIncomingAlert(): [DEBUG] in=257 alert=/alert/emergency/veh/116/seq=0/zor=[MASKED]
+116.618109560s 50 caf.Forwarder:AlertVehicleHandler(): [DEBUG] in=(257,0) alert=/alert/emergency/veh/116/seq=0/zor=[MASKED] decision=drop because duplicate alert
+116.618109580s 60 caf.Forwarder:OnIncomingAlert(): [DEBUG] in=257 alert=/alert/emergency/veh/116/seq=0/zor=[MASKED]
+116.618109580s 60 caf.Forwarder:AlertVehicleHandler(): [DEBUG] in=(257,0) alert=/alert/emergency/veh/116/seq=0/zor=[MASKED] decision=forward to vehicles deferred until 1.88727ms
+116.618109601s 108 caf.Forwarder:OnIncomingAlert(): [DEBUG] in=257 alert=/alert/emergency/veh/116/seq=0/zor=[MASKED]
+116.618109601s 108 caf.Forwarder:AlertVehicleHandler(): [DEBUG] in=(257,0) alert=/alert/emergency/veh/116/seq=0/zor=[MASKED] decision=forward to vehicles deferred until 1.22541ms
+116.618109622s 44 caf.Forwarder:OnIncomingAlert(): [DEBUG] in=257 alert=/alert/emergency/veh/116/seq=0/zor=[MASKED]
+116.618109622s 44 caf.Forwarder:AlertVehicleHandler(): [DEBUG] in=(257,0) alert=/alert/emergency/veh/116/seq=0/zor=[MASKED] decision=drop because duplicate alert
+116.619335012s 108 caf.Forwarder:OnOutgoingAlert(): [DEBUG] out=257 alert=/alert/emergency/veh/116/seq=0/zor=[MASKED]
+116.619996853s 60 caf.Forwarder:OnOutgoingAlert(): [DEBUG] out=257 alert=/alert/emergency/veh/116/seq=0/zor=[MASKED]
+116.620209041s 60 caf.Forwarder:OnIncomingAlert(): [DEBUG] in=257 alert=/alert/emergency/veh/116/seq=0/zor=[MASKED]
+116.620209041s 60 caf.Forwarder:AlertVehicleHandler(): [DEBUG] in=(257,0) alert=/alert/emergency/veh/116/seq=0/zor=[MASKED] decision=drop because duplicate alert
+116.620209099s 102 caf.Forwarder:OnIncomingAlert(): [DEBUG] in=257 alert=/alert/emergency/veh/116/seq=0/zor=[MASKED]
+116.620209099s 102 caf.Forwarder:AlertVehicleHandler(): [DEBUG] in=(257,0) alert=/alert/emergency/veh/116/seq=0/zor=[MASKED] decision=forward to vehicles deferred until 2.41982ms
+116.620209139s 61 caf.Forwarder:OnIncomingAlert(): [DEBUG] in=257 alert=/alert/emergency/veh/116/seq=0/zor=[MASKED]
+116.620209139s 61 caf.Forwarder:AlertVehicleHandler(): [DEBUG] in=(257,0) alert=/alert/emergency/veh/116/seq=0/zor=[MASKED] decision=drop because duplicate alert
+116.620209142s 69 caf.Forwarder:OnIncomingAlert(): [DEBUG] in=257 alert=/alert/emergency/veh/116/seq=0/zor=[MASKED]
+116.620209142s 69 caf.Forwarder:AlertVehicleHandler(): [DEBUG] in=(257,0) alert=/alert/emergency/veh/116/seq=0/zor=[MASKED] decision=forward to vehicles deferred until 1.12717ms
+116.620209142s 69 ndn.AlertConsumer:doReceive(): [INFO ] Received alert: /alert/emergency/veh/116/seq=0/zor=[MASKED]
+116.621161070s 108 caf.Forwarder:OnIncomingAlert(): [DEBUG] in=257 alert=/alert/emergency/veh/116/seq=0/zor=[MASKED]
+116.621161070s 108 caf.Forwarder:AlertVehicleHandler(): [DEBUG] in=(257,0) alert=/alert/emergency/veh/116/seq=0/zor=[MASKED] decision=drop because duplicate alert
+116.621161146s 61 caf.Forwarder:OnIncomingAlert(): [DEBUG] in=257 alert=/alert/emergency/veh/116/seq=0/zor=[MASKED]
+116.621161146s 61 caf.Forwarder:AlertVehicleHandler(): [DEBUG] in=(257,0) alert=/alert/emergency/veh/116/seq=0/zor=[MASKED] decision=drop because duplicate alert
+116.621161150s 102 caf.Forwarder:OnIncomingAlert(): [DEBUG] in=257 alert=/alert/emergency/veh/116/seq=0/zor=[MASKED]
+116.621161189s 69 caf.Forwarder:OnIncomingAlert(): [DEBUG] in=257 alert=/alert/emergency/veh/116/seq=0/zor=[MASKED]
+116.621336314s 69 caf.Forwarder:OnOutgoingAlert(): [DEBUG] out=257 alert=/alert/emergency/veh/116/seq=0/zor=[MASKED]
+116.622210360s 102 caf.Forwarder:OnIncomingAlert(): [DEBUG] in=257 alert=/alert/emergency/veh/116/seq=0/zor=[MASKED]
+116.622210360s 102 caf.Forwarder:AlertVehicleHandler(): [DEBUG] in= (257,0) alert=/alert/emergency/veh/116/seq=0/zor=[MASKED] timer cancelled because sender closer to ZoR
+116.622210443s 108 caf.Forwarder:OnIncomingAlert(): [DEBUG] in=257 alert=/alert/emergency/veh/116/seq=0/zor=[MASKED]
+116.622210443s 108 caf.Forwarder:AlertVehicleHandler(): [DEBUG] in=(257,0) alert=/alert/emergency/veh/116/seq=0/zor=[MASKED] decision=drop because duplicate alert
+116.622210462s 60 caf.Forwarder:OnIncomingAlert(): [DEBUG] in=257 alert=/alert/emergency/veh/116/seq=0/zor=[MASKED]
+116.622210462s 60 caf.Forwarder:AlertVehicleHandler(): [DEBUG] in=(257,0) alert=/alert/emergency/veh/116/seq=0/zor=[MASKED] decision=drop because duplicate alert
+116.622210482s 97 caf.Forwarder:OnIncomingAlert(): [DEBUG] in=257 alert=/alert/emergency/veh/116/seq=0/zor=[MASKED]
+116.622210482s 97 caf.Forwarder:AlertVehicleHandler(): [DEBUG] in=(257,0) alert=/alert/emergency/veh/116/seq=0/zor=[MASKED] decision=forward to vehicles deferred until 0ms
+116.622210482s 97 caf.Forwarder:OnOutgoingAlert(): [DEBUG] out=257 alert=/alert/emergency/veh/116/seq=0/zor=[MASKED]
+116.622210482s 97 ndn.AlertConsumer:doReceive(): [INFO ] Received alert: /alert/emergency/veh/116/seq=0/zor=[MASKED]
+116.623084506s 66 caf.Forwarder:OnIncomingAlert(): [DEBUG] in=257 alert=/alert/emergency/veh/116/seq=0/zor=[MASKED]
+116.623084506s 66 caf.Forwarder:AlertVehicleHandler(): [DEBUG] in=(257,0) alert=/alert/emergency/veh/116/seq=0/zor=[MASKED] decision=forward to vehicles deferred until 4.33961ms
+116.623084506s 66 ndn.AlertConsumer:doReceive(): [INFO ] Received alert: /alert/emergency/veh/116/seq=0/zor=[MASKED]
+116.623084539s 67 caf.Forwarder:OnIncomingAlert(): [DEBUG] in=257 alert=/alert/emergency/veh/116/seq=0/zor=[MASKED]
+116.623084539s 67 caf.Forwarder:AlertVehicleHandler(): [DEBUG] in=(257,0) alert=/alert/emergency/veh/116/seq=0/zor=[MASKED] decision=forward to vehicles deferred until 3.32149ms
+116.623084539s 67 ndn.AlertConsumer:doReceive(): [INFO ] Received alert: /alert/emergency/veh/116/seq=0/zor=[MASKED]
+116.623084650s 69 caf.Forwarder:OnIncomingAlert(): [DEBUG] in=257 alert=/alert/emergency/veh/116/seq=0/zor=[MASKED]
+116.623084650s 69 caf.Forwarder:AlertVehicleHandler(): [DEBUG] in=(257,0) alert=/alert/emergency/veh/116/seq=0/zor=[MASKED] decision=drop because duplicate alert
+116.624890567s 117 ndn.RandomAlertProducer:AlertSupplier(): [LOGIC] Send alert=/alert/emergency/veh/117/seq=0/zor=[MASKED] vehCount=38 rsuCount=9
+116.624890567s 117 caf.Forwarder:OnIncomingAlert(): [DEBUG] in=260 alert=/alert/emergency/veh/117/seq=0/zor=[MASKED]
+116.624890567s 117 caf.Forwarder:AlertVehicleHandler(): [DEBUG] in=(260,0) alert=/alert/emergency/veh/117/seq=0/zor=[MASKED] decision=forward to vehicles
+116.624890567s 117 caf.Forwarder:OnOutgoingAlert(): [DEBUG] out=257 alert=/alert/emergency/veh/117/seq=0/zor=[MASKED]
+116.625764599s 57 caf.Forwarder:OnIncomingAlert(): [DEBUG] in=257 alert=/alert/emergency/veh/117/seq=0/zor=[MASKED]
+116.625764599s 57 caf.Forwarder:AlertVehicleHandler(): [DEBUG] in=(257,0) alert=/alert/emergency/veh/117/seq=0/zor=[MASKED] decision=drop since sender is closer
+116.625764727s 111 caf.Forwarder:OnIncomingAlert(): [DEBUG] in=257 alert=/alert/emergency/veh/117/seq=0/zor=[MASKED]
+116.625764727s 111 caf.Forwarder:AlertVehicleHandler(): [DEBUG] in=(257,0) alert=/alert/emergency/veh/117/seq=0/zor=[MASKED] decision=forward to vehicles deferred until 0.21824ms
+116.625982966s 111 caf.Forwarder:OnOutgoingAlert(): [DEBUG] out=257 alert=/alert/emergency/veh/117/seq=0/zor=[MASKED]
+116.626406031s 67 caf.Forwarder:OnOutgoingAlert(): [DEBUG] out=257 alert=/alert/emergency/veh/116/seq=0/zor=[MASKED]
+116.626857126s 117 caf.Forwarder:OnIncomingAlert(): [DEBUG] in=257 alert=/alert/emergency/veh/117/seq=0/zor=[MASKED]
+116.626857126s 117 caf.Forwarder:AlertVehicleHandler(): [DEBUG] in=(257,0) alert=/alert/emergency/veh/117/seq=0/zor=[MASKED] decision=drop because duplicate alert
+116.626857134s 57 caf.Forwarder:OnIncomingAlert(): [DEBUG] in=257 alert=/alert/emergency/veh/117/seq=0/zor=[MASKED]
+116.626857134s 57 caf.Forwarder:AlertVehicleHandler(): [DEBUG] in=(257,0) alert=/alert/emergency/veh/117/seq=0/zor=[MASKED] decision=drop because duplicate alert
+116.627280078s 66 caf.Forwarder:OnIncomingAlert(): [DEBUG] in=257 alert=/alert/emergency/veh/116/seq=0/zor=[MASKED]
+116.627280078s 66 caf.Forwarder:AlertVehicleHandler(): [DEBUG] in= (257,0) alert=/alert/emergency/veh/116/seq=0/zor=[MASKED] timer cancelled because sender farther then node
+116.627280088s 97 caf.Forwarder:OnIncomingAlert(): [DEBUG] in=257 alert=/alert/emergency/veh/116/seq=0/zor=[MASKED]
+116.627280088s 97 caf.Forwarder:AlertVehicleHandler(): [DEBUG] in=(257,0) alert=/alert/emergency/veh/116/seq=0/zor=[MASKED] decision=drop because duplicate alert
+116.627280199s 65 caf.Forwarder:OnIncomingAlert(): [DEBUG] in=257 alert=/alert/emergency/veh/116/seq=0/zor=[MASKED]
+116.627280199s 65 caf.Forwarder:AlertVehicleHandler(): [DEBUG] in=(257,0) alert=/alert/emergency/veh/116/seq=0/zor=[MASKED] decision=forward to vehicles deferred until 0ms
+116.627280199s 65 caf.Forwarder:OnOutgoingAlert(): [DEBUG] out=257 alert=/alert/emergency/veh/116/seq=0/zor=[MASKED]
+116.627280199s 65 ndn.AlertConsumer:doReceive(): [INFO ] Received alert: /alert/emergency/veh/116/seq=0/zor=[MASKED]
+116.628154280s 80 caf.Forwarder:OnIncomingAlert(): [DEBUG] in=257 alert=/alert/emergency/veh/116/seq=0/zor=[MASKED]
+116.628154280s 80 caf.Forwarder:AlertVehicleHandler(): [DEBUG] in=(257,0) alert=/alert/emergency/veh/116/seq=0/zor=[MASKED] decision=forward to vehicles deferred until 2.60718ms
+116.628154280s 80 ndn.AlertConsumer:doReceive(): [INFO ] Received alert: /alert/emergency/veh/116/seq=0/zor=[MASKED]
+116.628154330s 68 caf.Forwarder:OnIncomingAlert(): [DEBUG] in=257 alert=/alert/emergency/veh/116/seq=0/zor=[MASKED]
+116.628154330s 68 caf.Forwarder:AlertVehicleHandler(): [DEBUG] in=(257,0) alert=/alert/emergency/veh/116/seq=0/zor=[MASKED] decision=forward to vehicles deferred until 1.07635ms
+116.628154330s 68 ndn.AlertConsumer:doReceive(): [INFO ] Received alert: /alert/emergency/veh/116/seq=0/zor=[MASKED]
+116.628154354s 84 caf.Forwarder:OnIncomingAlert(): [DEBUG] in=257 alert=/alert/emergency/veh/116/seq=0/zor=[MASKED]
+116.628154354s 84 caf.Forwarder:AlertVehicleHandler(): [DEBUG] in=(257,0) alert=/alert/emergency/veh/116/seq=0/zor=[MASKED] decision=forward to vehicles deferred until 0.370844ms
+116.628154354s 84 ndn.AlertConsumer:doReceive(): [INFO ] Received alert: /alert/emergency/veh/116/seq=0/zor=[MASKED]
+116.628154363s 70 caf.Forwarder:OnIncomingAlert(): [DEBUG] in=257 alert=/alert/emergency/veh/116/seq=0/zor=[MASKED]
+116.628154363s 70 caf.Forwarder:AlertVehicleHandler(): [DEBUG] in=(257,0) alert=/alert/emergency/veh/116/seq=0/zor=[MASKED] decision=forward to vehicles deferred until 0.0958895ms
+116.628154363s 70 ndn.AlertConsumer:doReceive(): [INFO ] Received alert: /alert/emergency/veh/116/seq=0/zor=[MASKED]
+116.628154367s 67 caf.Forwarder:OnIncomingAlert(): [DEBUG] in=257 alert=/alert/emergency/veh/116/seq=0/zor=[MASKED]
+116.628154367s 67 caf.Forwarder:AlertVehicleHandler(): [DEBUG] in=(257,0) alert=/alert/emergency/veh/116/seq=0/zor=[MASKED] decision=drop because duplicate alert
+116.628250252s 70 caf.Forwarder:OnOutgoingAlert(): [DEBUG] out=257 alert=/alert/emergency/veh/116/seq=0/zor=[MASKED]
+116.628525197s 84 caf.Forwarder:OnOutgoingAlert(): [DEBUG] out=257 alert=/alert/emergency/veh/116/seq=0/zor=[MASKED]
+116.629124290s 68 caf.Forwarder:OnIncomingAlert(): [DEBUG] in=257 alert=/alert/emergency/veh/116/seq=0/zor=[MASKED]
+116.629124290s 68 caf.Forwarder:AlertVehicleHandler(): [DEBUG] in= (257,0) alert=/alert/emergency/veh/116/seq=0/zor=[MASKED] timer cancelled because sender farther then node
+116.629124290s 78 caf.Forwarder:OnIncomingAlert(): [DEBUG] in=257 alert=/alert/emergency/veh/116/seq=0/zor=[MASKED]
+116.629124290s 78 caf.Forwarder:AlertVehicleHandler(): [DEBUG] in=(257,0) alert=/alert/emergency/veh/116/seq=0/zor=[MASKED] decision=forward to vehicles deferred until 3.89197ms
+116.629124290s 78 ndn.AlertConsumer:doReceive(): [INFO ] Received alert: /alert/emergency/veh/116/seq=0/zor=[MASKED]
+116.629124292s 85 caf.Forwarder:OnIncomingAlert(): [DEBUG] in=257 alert=/alert/emergency/veh/116/seq=0/zor=[MASKED]
+116.629124292s 85 caf.Forwarder:AlertVehicleHandler(): [DEBUG] in=(257,0) alert=/alert/emergency/veh/116/seq=0/zor=[MASKED] decision=forward to vehicles deferred until 3.84108ms
+116.629124292s 85 ndn.AlertConsumer:doReceive(): [INFO ] Received alert: /alert/emergency/veh/116/seq=0/zor=[MASKED]
+116.629124302s 86 caf.Forwarder:OnIncomingAlert(): [DEBUG] in=257 alert=/alert/emergency/veh/116/seq=0/zor=[MASKED]
+116.629124302s 86 caf.Forwarder:AlertVehicleHandler(): [DEBUG] in=(257,0) alert=/alert/emergency/veh/116/seq=0/zor=[MASKED] decision=forward to vehicles deferred until 3.55552ms
+116.629124302s 86 ndn.AlertConsumer:doReceive(): [INFO ] Received alert: /alert/emergency/veh/116/seq=0/zor=[MASKED]
+116.629124339s 89 caf.Forwarder:OnIncomingAlert(): [DEBUG] in=257 alert=/alert/emergency/veh/116/seq=0/zor=[MASKED]
+116.629124339s 89 caf.Forwarder:AlertVehicleHandler(): [DEBUG] in=(257,0) alert=/alert/emergency/veh/116/seq=0/zor=[MASKED] decision=forward to vehicles deferred until 2.42206ms
+116.629124339s 89 ndn.AlertConsumer:doReceive(): [INFO ] Received alert: /alert/emergency/veh/116/seq=0/zor=[MASKED]
+116.629124342s 80 caf.Forwarder:OnIncomingAlert(): [DEBUG] in=257 alert=/alert/emergency/veh/116/seq=0/zor=[MASKED]
+116.629124342s 80 caf.Forwarder:AlertVehicleHandler(): [DEBUG] in= (257,0) alert=/alert/emergency/veh/116/seq=0/zor=[MASKED] timer cancelled because sender farther then node
+116.629124365s 79 caf.Forwarder:OnIncomingAlert(): [DEBUG] in=257 alert=/alert/emergency/veh/116/seq=0/zor=[MASKED]
+116.629124365s 79 caf.Forwarder:AlertVehicleHandler(): [DEBUG] in=(257,0) alert=/alert/emergency/veh/116/seq=0/zor=[MASKED] decision=forward to vehicles deferred until 1.64456ms
+116.629124365s 79 ndn.AlertConsumer:doReceive(): [INFO ] Received alert: /alert/emergency/veh/116/seq=0/zor=[MASKED]
+116.629124366s 84 caf.Forwarder:OnIncomingAlert(): [DEBUG] in=257 alert=/alert/emergency/veh/116/seq=0/zor=[MASKED]
+116.629124366s 84 caf.Forwarder:AlertVehicleHandler(): [DEBUG] in=(257,0) alert=/alert/emergency/veh/116/seq=0/zor=[MASKED] decision=drop because duplicate alert
+116.629124405s 73 caf.Forwarder:OnIncomingAlert(): [DEBUG] in=257 alert=/alert/emergency/veh/116/seq=0/zor=[MASKED]
+116.629124405s 73 caf.Forwarder:AlertVehicleHandler(): [DEBUG] in=(257,0) alert=/alert/emergency/veh/116/seq=0/zor=[MASKED] decision=forward to vehicles deferred until 0.423764ms
+116.629124405s 73 ndn.AlertConsumer:doReceive(): [INFO ] Received alert: /alert/emergency/veh/116/seq=0/zor=[MASKED]
+116.629124416s 65 caf.Forwarder:OnIncomingAlert(): [DEBUG] in=257 alert=/alert/emergency/veh/116/seq=0/zor=[MASKED]
+116.629124416s 65 caf.Forwarder:AlertVehicleHandler(): [DEBUG] in=(257,0) alert=/alert/emergency/veh/116/seq=0/zor=[MASKED] decision=drop because duplicate alert
+116.629548168s 73 caf.Forwarder:OnOutgoingAlert(): [DEBUG] out=257 alert=/alert/emergency/veh/116/seq=0/zor=[MASKED]
+116.630115436s 87 caf.Forwarder:OnIncomingAlert(): [DEBUG] in=257 alert=/alert/emergency/veh/116/seq=0/zor=[MASKED]
+116.630115436s 87 caf.Forwarder:AlertVehicleHandler(): [DEBUG] in=(257,0) alert=/alert/emergency/veh/116/seq=0/zor=[MASKED] decision=forward to vehicles deferred until 2.93703ms
+116.630115436s 87 ndn.AlertConsumer:doReceive(): [INFO ] Received alert: /alert/emergency/veh/116/seq=0/zor=[MASKED]
+116.630115453s 68 caf.Forwarder:OnIncomingAlert(): [DEBUG] in=257 alert=/alert/emergency/veh/116/seq=0/zor=[MASKED]
+116.630115453s 68 caf.Forwarder:AlertVehicleHandler(): [DEBUG] in=(257,0) alert=/alert/emergency/veh/116/seq=0/zor=[MASKED] decision=drop because duplicate alert
+116.630115454s 80 caf.Forwarder:OnIncomingAlert(): [DEBUG] in=257 alert=/alert/emergency/veh/116/seq=0/zor=[MASKED]
+116.630115454s 80 caf.Forwarder:AlertVehicleHandler(): [DEBUG] in=(257,0) alert=/alert/emergency/veh/116/seq=0/zor=[MASKED] decision=drop because duplicate alert
+116.630115480s 70 caf.Forwarder:OnIncomingAlert(): [DEBUG] in=257 alert=/alert/emergency/veh/116/seq=0/zor=[MASKED]
+116.630115480s 70 caf.Forwarder:AlertVehicleHandler(): [DEBUG] in=(257,0) alert=/alert/emergency/veh/116/seq=0/zor=[MASKED] decision=drop because duplicate alert
+116.630115480s 72 caf.Forwarder:OnIncomingAlert(): [DEBUG] in=257 alert=/alert/emergency/veh/116/seq=0/zor=[MASKED]
+116.630115480s 72 caf.Forwarder:AlertVehicleHandler(): [DEBUG] in=(257,0) alert=/alert/emergency/veh/116/seq=0/zor=[MASKED] decision=forward to vehicles deferred until 1.58821ms
+116.630115480s 72 ndn.AlertConsumer:doReceive(): [INFO ] Received alert: /alert/emergency/veh/116/seq=0/zor=[MASKED]
+116.630115521s 65 caf.Forwarder:OnIncomingAlert(): [DEBUG] in=257 alert=/alert/emergency/veh/116/seq=0/zor=[MASKED]
+116.630115521s 65 caf.Forwarder:AlertVehicleHandler(): [DEBUG] in=(257,0) alert=/alert/emergency/veh/116/seq=0/zor=[MASKED] decision=drop because duplicate alert
+116.630422209s 79 caf.Forwarder:OnIncomingAlert(): [DEBUG] in=257 alert=/alert/emergency/veh/116/seq=0/zor=[MASKED]
+116.630422209s 79 caf.Forwarder:AlertVehicleHandler(): [DEBUG] in= (257,0) alert=/alert/emergency/veh/116/seq=0/zor=[MASKED] timer cancelled because sender farther then node
+116.630422234s 77 caf.Forwarder:OnIncomingAlert(): [DEBUG] in=257 alert=/alert/emergency/veh/116/seq=0/zor=[MASKED]
+116.630422234s 77 caf.Forwarder:AlertVehicleHandler(): [DEBUG] in=(257,0) alert=/alert/emergency/veh/116/seq=0/zor=[MASKED] decision=forward to vehicles deferred until 3.05128ms
+116.630422234s 77 ndn.AlertConsumer:doReceive(): [INFO ] Received alert: /alert/emergency/veh/116/seq=0/zor=[MASKED]
+116.630422238s 89 caf.Forwarder:OnIncomingAlert(): [DEBUG] in=257 alert=/alert/emergency/veh/116/seq=0/zor=[MASKED]
+116.630422238s 89 caf.Forwarder:AlertVehicleHandler(): [DEBUG] in= (257,0) alert=/alert/emergency/veh/116/seq=0/zor=[MASKED] timer cancelled because sender farther then node
+116.630422275s 64 caf.Forwarder:OnIncomingAlert(): [DEBUG] in=257 alert=/alert/emergency/veh/116/seq=0/zor=[MASKED]
+116.630422275s 64 caf.Forwarder:AlertVehicleHandler(): [DEBUG] in=(257,0) alert=/alert/emergency/veh/116/seq=0/zor=[MASKED] decision=forward to vehicles deferred until 1.81616ms
+116.630422275s 64 ndn.AlertConsumer:doReceive(): [INFO ] Received alert: /alert/emergency/veh/116/seq=0/zor=[MASKED]
+116.630422278s 88 caf.Forwarder:OnIncomingAlert(): [DEBUG] in=257 alert=/alert/emergency/veh/116/seq=0/zor=[MASKED]
+116.630422278s 88 caf.Forwarder:AlertVehicleHandler(): [DEBUG] in=(257,0) alert=/alert/emergency/veh/116/seq=0/zor=[MASKED] decision=forward to vehicles deferred until 1.72656ms
+116.630422278s 88 ndn.AlertConsumer:doReceive(): [INFO ] Received alert: /alert/emergency/veh/116/seq=0/zor=[MASKED]
+116.630422286s 91 caf.Forwarder:OnIncomingAlert(): [DEBUG] in=257 alert=/alert/emergency/veh/116/seq=0/zor=[MASKED]
+116.630422286s 91 caf.Forwarder:AlertVehicleHandler(): [DEBUG] in=(257,0) alert=/alert/emergency/veh/116/seq=0/zor=[MASKED] decision=forward to vehicles deferred until 1.46493ms
+116.630422286s 91 ndn.AlertConsumer:doReceive(): [INFO ] Received alert: /alert/emergency/veh/116/seq=0/zor=[MASKED]
+116.630422323s 82 caf.Forwarder:OnIncomingAlert(): [DEBUG] in=257 alert=/alert/emergency/veh/116/seq=0/zor=[MASKED]
+116.630422323s 82 caf.Forwarder:AlertVehicleHandler(): [DEBUG] in=(257,0) alert=/alert/emergency/veh/116/seq=0/zor=[MASKED] decision=forward to vehicles deferred until 0.363138ms
+116.630422323s 82 ndn.AlertConsumer:doReceive(): [INFO ] Received alert: /alert/emergency/veh/116/seq=0/zor=[MASKED]
+116.630785460s 82 caf.Forwarder:OnOutgoingAlert(): [DEBUG] out=257 alert=/alert/emergency/veh/116/seq=0/zor=[MASKED]
+116.631659506s 90 caf.Forwarder:OnIncomingAlert(): [DEBUG] in=257 alert=/alert/emergency/veh/116/seq=0/zor=[MASKED]
+116.631659506s 90 caf.Forwarder:AlertVehicleHandler(): [DEBUG] in=(257,0) alert=/alert/emergency/veh/116/seq=0/zor=[MASKED] decision=forward to vehicles deferred until 3.66485ms
+116.631659506s 90 ndn.AlertConsumer:doReceive(): [INFO ] Received alert: /alert/emergency/veh/116/seq=0/zor=[MASKED]
+116.631659507s 88 caf.Forwarder:OnIncomingAlert(): [DEBUG] in=257 alert=/alert/emergency/veh/116/seq=0/zor=[MASKED]
+116.631659507s 88 caf.Forwarder:AlertVehicleHandler(): [DEBUG] in= (257,0) alert=/alert/emergency/veh/116/seq=0/zor=[MASKED] timer cancelled because sender farther then node
+116.631659534s 81 caf.Forwarder:OnIncomingAlert(): [DEBUG] in=257 alert=/alert/emergency/veh/116/seq=0/zor=[MASKED]
+116.631659534s 81 caf.Forwarder:AlertVehicleHandler(): [DEBUG] in=(257,0) alert=/alert/emergency/veh/116/seq=0/zor=[MASKED] decision=forward to vehicles deferred until 2.82407ms
+116.631659534s 94 caf.Forwarder:OnIncomingAlert(): [DEBUG] in=257 alert=/alert/emergency/veh/116/seq=0/zor=[MASKED]
+116.631659534s 94 caf.Forwarder:AlertVehicleHandler(): [DEBUG] in=(257,0) alert=/alert/emergency/veh/116/seq=0/zor=[MASKED] decision=forward to vehicles deferred until 2.80068ms
+116.631659534s 81 ndn.AlertConsumer:doReceive(): [INFO ] Received alert: /alert/emergency/veh/116/seq=0/zor=[MASKED]
+116.631659534s 94 ndn.AlertConsumer:doReceive(): [INFO ] Received alert: /alert/emergency/veh/116/seq=0/zor=[MASKED]
+116.631659550s 77 caf.Forwarder:OnIncomingAlert(): [DEBUG] in=257 alert=/alert/emergency/veh/116/seq=0/zor=[MASKED]
+116.631659550s 77 caf.Forwarder:AlertVehicleHandler(): [DEBUG] in= (257,0) alert=/alert/emergency/veh/116/seq=0/zor=[MASKED] timer cancelled because sender farther then node
+116.631659560s 83 caf.Forwarder:OnIncomingAlert(): [DEBUG] in=257 alert=/alert/emergency/veh/116/seq=0/zor=[MASKED]
+116.631659560s 83 caf.Forwarder:AlertVehicleHandler(): [DEBUG] in=(257,0) alert=/alert/emergency/veh/116/seq=0/zor=[MASKED] decision=forward to vehicles deferred until 2.03153ms
+116.631659560s 92 caf.Forwarder:OnIncomingAlert(): [DEBUG] in=257 alert=/alert/emergency/veh/116/seq=0/zor=[MASKED]
+116.631659560s 92 caf.Forwarder:AlertVehicleHandler(): [DEBUG] in=(257,0) alert=/alert/emergency/veh/116/seq=0/zor=[MASKED] decision=forward to vehicles deferred until 2.02401ms
+116.631659560s 83 ndn.AlertConsumer:doReceive(): [INFO ] Received alert: /alert/emergency/veh/116/seq=0/zor=[MASKED]
+116.631659560s 92 ndn.AlertConsumer:doReceive(): [INFO ] Received alert: /alert/emergency/veh/116/seq=0/zor=[MASKED]
+116.631659615s 73 caf.Forwarder:OnIncomingAlert(): [DEBUG] in=257 alert=/alert/emergency/veh/116/seq=0/zor=[MASKED]
+116.631659615s 73 caf.Forwarder:AlertVehicleHandler(): [DEBUG] in=(257,0) alert=/alert/emergency/veh/116/seq=0/zor=[MASKED] decision=drop because duplicate alert
+116.631659626s 79 caf.Forwarder:OnIncomingAlert(): [DEBUG] in=257 alert=/alert/emergency/veh/116/seq=0/zor=[MASKED]
+116.631659626s 79 caf.Forwarder:AlertVehicleHandler(): [DEBUG] in=(257,0) alert=/alert/emergency/veh/116/seq=0/zor=[MASKED] decision=drop because duplicate alert
+116.631703692s 72 caf.Forwarder:OnOutgoingAlert(): [DEBUG] out=257 alert=/alert/emergency/veh/116/seq=0/zor=[MASKED]
+116.631887211s 91 caf.Forwarder:OnOutgoingAlert(): [DEBUG] out=257 alert=/alert/emergency/veh/116/seq=0/zor=[MASKED]
+116.632238438s 64 caf.Forwarder:OnOutgoingAlert(): [DEBUG] out=257 alert=/alert/emergency/veh/116/seq=0/zor=[MASKED]
+116.632577743s 87 caf.Forwarder:OnIncomingAlert(): [DEBUG] in=257 alert=/alert/emergency/veh/116/seq=0/zor=[MASKED]
+116.632577743s 87 caf.Forwarder:AlertVehicleHandler(): [DEBUG] in= (257,0) alert=/alert/emergency/veh/116/seq=0/zor=[MASKED] timer cancelled because sender farther then node
+116.632577806s 84 caf.Forwarder:OnIncomingAlert(): [DEBUG] in=257 alert=/alert/emergency/veh/116/seq=0/zor=[MASKED]
+116.632577806s 84 caf.Forwarder:AlertVehicleHandler(): [DEBUG] in=(257,0) alert=/alert/emergency/veh/116/seq=0/zor=[MASKED] decision=drop because duplicate alert
+116.632577846s 83 caf.Forwarder:OnIncomingAlert(): [DEBUG] in=257 alert=/alert/emergency/veh/116/seq=0/zor=[MASKED]
+116.632577846s 83 caf.Forwarder:AlertVehicleHandler(): [DEBUG] in= (257,0) alert=/alert/emergency/veh/116/seq=0/zor=[MASKED] timer cancelled because sender farther then node
+116.632577849s 81 caf.Forwarder:OnIncomingAlert(): [DEBUG] in=257 alert=/alert/emergency/veh/116/seq=0/zor=[MASKED]
+116.632577849s 81 caf.Forwarder:AlertVehicleHandler(): [DEBUG] in= (257,0) alert=/alert/emergency/veh/116/seq=0/zor=[MASKED] timer cancelled because sender farther then node
+116.632679825s 86 caf.Forwarder:OnOutgoingAlert(): [DEBUG] out=257 alert=/alert/emergency/veh/116/seq=0/zor=[MASKED]
+116.632761243s 64 caf.Forwarder:OnIncomingAlert(): [DEBUG] in=257 alert=/alert/emergency/veh/116/seq=0/zor=[MASKED]
+116.632761243s 64 caf.Forwarder:AlertVehicleHandler(): [DEBUG] in=(257,0) alert=/alert/emergency/veh/116/seq=0/zor=[MASKED] decision=drop because duplicate alert
+116.632761294s 93 caf.Forwarder:OnIncomingAlert(): [DEBUG] in=257 alert=/alert/emergency/veh/116/seq=0/zor=[MASKED]
+116.632761294s 93 caf.Forwarder:AlertVehicleHandler(): [DEBUG] in=(257,0) alert=/alert/emergency/veh/116/seq=0/zor=[MASKED] decision=forward to vehicles deferred until 2.55245ms
+116.632761294s 93 ndn.AlertConsumer:doReceive(): [INFO ] Received alert: /alert/emergency/veh/116/seq=0/zor=[MASKED]
+116.632761329s 73 caf.Forwarder:OnIncomingAlert(): [DEBUG] in=257 alert=/alert/emergency/veh/116/seq=0/zor=[MASKED]
+116.632761329s 73 caf.Forwarder:AlertVehicleHandler(): [DEBUG] in=(257,0) alert=/alert/emergency/veh/116/seq=0/zor=[MASKED] decision=drop because duplicate alert
+116.632761329s 98 caf.Forwarder:OnIncomingAlert(): [DEBUG] in=257 alert=/alert/emergency/veh/116/seq=0/zor=[MASKED]
+116.632761329s 98 caf.Forwarder:AlertVehicleHandler(): [DEBUG] in=(257,0) alert=/alert/emergency/veh/116/seq=0/zor=[MASKED] decision=forward to vehicles deferred until 1.46793ms
+116.632761329s 98 ndn.AlertConsumer:doReceive(): [INFO ] Received alert: /alert/emergency/veh/116/seq=0/zor=[MASKED]
+116.632761330s 89 caf.Forwarder:OnIncomingAlert(): [DEBUG] in=257 alert=/alert/emergency/veh/116/seq=0/zor=[MASKED]
+116.632761330s 89 caf.Forwarder:AlertVehicleHandler(): [DEBUG] in=(257,0) alert=/alert/emergency/veh/116/seq=0/zor=[MASKED] decision=drop because duplicate alert
+116.632761339s 79 caf.Forwarder:OnIncomingAlert(): [DEBUG] in=257 alert=/alert/emergency/veh/116/seq=0/zor=[MASKED]
+116.632761339s 79 caf.Forwarder:AlertVehicleHandler(): [DEBUG] in=(257,0) alert=/alert/emergency/veh/116/seq=0/zor=[MASKED] decision=drop because duplicate alert
+116.632761361s 85 caf.Forwarder:OnIncomingAlert(): [DEBUG] in=257 alert=/alert/emergency/veh/116/seq=0/zor=[MASKED]
+116.632761361s 85 caf.Forwarder:AlertVehicleHandler(): [DEBUG] in= (257,0) alert=/alert/emergency/veh/116/seq=0/zor=[MASKED] timer cancelled because sender farther then node
+116.632761361s 86 caf.Forwarder:OnIncomingAlert(): [DEBUG] in=257 alert=/alert/emergency/veh/116/seq=0/zor=[MASKED]
+116.632761361s 86 caf.Forwarder:AlertVehicleHandler(): [DEBUG] in=(257,0) alert=/alert/emergency/veh/116/seq=0/zor=[MASKED] decision=drop because duplicate alert
+116.633016258s 78 caf.Forwarder:OnOutgoingAlert(): [DEBUG] out=257 alert=/alert/emergency/veh/116/seq=0/zor=[MASKED]
+116.633661379s 78 caf.Forwarder:OnIncomingAlert(): [DEBUG] in=257 alert=/alert/emergency/veh/116/seq=0/zor=[MASKED]
+116.633661379s 78 caf.Forwarder:AlertVehicleHandler(): [DEBUG] in=(257,0) alert=/alert/emergency/veh/116/seq=0/zor=[MASKED] decision=drop because duplicate alert
+116.633661386s 85 caf.Forwarder:OnIncomingAlert(): [DEBUG] in=257 alert=/alert/emergency/veh/116/seq=0/zor=[MASKED]
+116.633661386s 85 caf.Forwarder:AlertVehicleHandler(): [DEBUG] in=(257,0) alert=/alert/emergency/veh/116/seq=0/zor=[MASKED] decision=drop because duplicate alert
+116.633661399s 89 caf.Forwarder:OnIncomingAlert(): [DEBUG] in=257 alert=/alert/emergency/veh/116/seq=0/zor=[MASKED]
+116.633661399s 89 caf.Forwarder:AlertVehicleHandler(): [DEBUG] in=(257,0) alert=/alert/emergency/veh/116/seq=0/zor=[MASKED] decision=drop because duplicate alert
+116.633661411s 70 caf.Forwarder:OnIncomingAlert(): [DEBUG] in=257 alert=/alert/emergency/veh/116/seq=0/zor=[MASKED]
+116.633661411s 70 caf.Forwarder:AlertVehicleHandler(): [DEBUG] in=(257,0) alert=/alert/emergency/veh/116/seq=0/zor=[MASKED] decision=drop because duplicate alert
+116.633661425s 79 caf.Forwarder:OnIncomingAlert(): [DEBUG] in=257 alert=/alert/emergency/veh/116/seq=0/zor=[MASKED]
+116.633661425s 79 caf.Forwarder:AlertVehicleHandler(): [DEBUG] in=(257,0) alert=/alert/emergency/veh/116/seq=0/zor=[MASKED] decision=drop because duplicate alert
+116.633661447s 68 caf.Forwarder:OnIncomingAlert(): [DEBUG] in=257 alert=/alert/emergency/veh/116/seq=0/zor=[MASKED]
+116.633661447s 68 caf.Forwarder:AlertVehicleHandler(): [DEBUG] in=(257,0) alert=/alert/emergency/veh/116/seq=0/zor=[MASKED] decision=drop because duplicate alert
+116.633661465s 73 caf.Forwarder:OnIncomingAlert(): [DEBUG] in=257 alert=/alert/emergency/veh/116/seq=0/zor=[MASKED]
+116.633661465s 73 caf.Forwarder:AlertVehicleHandler(): [DEBUG] in=(257,0) alert=/alert/emergency/veh/116/seq=0/zor=[MASKED] decision=drop because duplicate alert
+116.633661492s 77 caf.Forwarder:OnIncomingAlert(): [DEBUG] in=257 alert=/alert/emergency/veh/116/seq=0/zor=[MASKED]
+116.633661492s 77 caf.Forwarder:AlertVehicleHandler(): [DEBUG] in=(257,0) alert=/alert/emergency/veh/116/seq=0/zor=[MASKED] decision=drop because duplicate alert
+116.633661500s 80 caf.Forwarder:OnIncomingAlert(): [DEBUG] in=257 alert=/alert/emergency/veh/116/seq=0/zor=[MASKED]
+116.633661500s 80 caf.Forwarder:AlertVehicleHandler(): [DEBUG] in=(257,0) alert=/alert/emergency/veh/116/seq=0/zor=[MASKED] decision=drop because duplicate alert
+116.633661510s 84 caf.Forwarder:OnIncomingAlert(): [DEBUG] in=257 alert=/alert/emergency/veh/116/seq=0/zor=[MASKED]
+116.633661510s 84 caf.Forwarder:AlertVehicleHandler(): [DEBUG] in=(257,0) alert=/alert/emergency/veh/116/seq=0/zor=[MASKED] decision=drop because duplicate alert
+116.633661511s 91 caf.Forwarder:OnIncomingAlert(): [DEBUG] in=257 alert=/alert/emergency/veh/116/seq=0/zor=[MASKED]
+116.633661511s 91 caf.Forwarder:AlertVehicleHandler(): [DEBUG] in=(257,0) alert=/alert/emergency/veh/116/seq=0/zor=[MASKED] decision=drop because duplicate alert
+116.633661522s 64 caf.Forwarder:OnIncomingAlert(): [DEBUG] in=257 alert=/alert/emergency/veh/116/seq=0/zor=[MASKED]
+116.633661522s 64 caf.Forwarder:AlertVehicleHandler(): [DEBUG] in=(257,0) alert=/alert/emergency/veh/116/seq=0/zor=[MASKED] decision=drop because duplicate alert
+116.633683566s 92 caf.Forwarder:OnOutgoingAlert(): [DEBUG] out=257 alert=/alert/emergency/veh/116/seq=0/zor=[MASKED]
+116.634229260s 98 caf.Forwarder:OnOutgoingAlert(): [DEBUG] out=257 alert=/alert/emergency/veh/116/seq=0/zor=[MASKED]
+116.634460214s 94 caf.Forwarder:OnOutgoingAlert(): [DEBUG] out=257 alert=/alert/emergency/veh/116/seq=0/zor=[MASKED]
+116.634548397s 86 caf.Forwarder:OnIncomingAlert(): [DEBUG] in=257 alert=/alert/emergency/veh/116/seq=0/zor=[MASKED]
+116.634548397s 86 caf.Forwarder:AlertVehicleHandler(): [DEBUG] in=(257,0) alert=/alert/emergency/veh/116/seq=0/zor=[MASKED] decision=drop because duplicate alert
+116.634548411s 85 caf.Forwarder:OnIncomingAlert(): [DEBUG] in=257 alert=/alert/emergency/veh/116/seq=0/zor=[MASKED]
+116.634548411s 85 caf.Forwarder:AlertVehicleHandler(): [DEBUG] in=(257,0) alert=/alert/emergency/veh/116/seq=0/zor=[MASKED] decision=drop because duplicate alert
+116.634548417s 70 caf.Forwarder:OnIncomingAlert(): [DEBUG] in=257 alert=/alert/emergency/veh/116/seq=0/zor=[MASKED]
+116.634548417s 70 caf.Forwarder:AlertVehicleHandler(): [DEBUG] in=(257,0) alert=/alert/emergency/veh/116/seq=0/zor=[MASKED] decision=drop because duplicate alert
+116.634548433s 89 caf.Forwarder:OnIncomingAlert(): [DEBUG] in=257 alert=/alert/emergency/veh/116/seq=0/zor=[MASKED]
+116.634548433s 89 caf.Forwarder:AlertVehicleHandler(): [DEBUG] in=(257,0) alert=/alert/emergency/veh/116/seq=0/zor=[MASKED] decision=drop because duplicate alert
+116.634548452s 68 caf.Forwarder:OnIncomingAlert(): [DEBUG] in=257 alert=/alert/emergency/veh/116/seq=0/zor=[MASKED]
+116.634548452s 68 caf.Forwarder:AlertVehicleHandler(): [DEBUG] in=(257,0) alert=/alert/emergency/veh/116/seq=0/zor=[MASKED] decision=drop because duplicate alert
+116.634548454s 79 caf.Forwarder:OnIncomingAlert(): [DEBUG] in=257 alert=/alert/emergency/veh/116/seq=0/zor=[MASKED]
+116.634548454s 79 caf.Forwarder:AlertVehicleHandler(): [DEBUG] in=(257,0) alert=/alert/emergency/veh/116/seq=0/zor=[MASKED] decision=drop because duplicate alert
+116.634548505s 80 caf.Forwarder:OnIncomingAlert(): [DEBUG] in=257 alert=/alert/emergency/veh/116/seq=0/zor=[MASKED]
+116.634548505s 80 caf.Forwarder:AlertVehicleHandler(): [DEBUG] in=(257,0) alert=/alert/emergency/veh/116/seq=0/zor=[MASKED] decision=drop because duplicate alert
+116.634548510s 84 caf.Forwarder:OnIncomingAlert(): [DEBUG] in=257 alert=/alert/emergency/veh/116/seq=0/zor=[MASKED]
+116.634548510s 84 caf.Forwarder:AlertVehicleHandler(): [DEBUG] in=(257,0) alert=/alert/emergency/veh/116/seq=0/zor=[MASKED] decision=drop because duplicate alert
+116.634548513s 77 caf.Forwarder:OnIncomingAlert(): [DEBUG] in=257 alert=/alert/emergency/veh/116/seq=0/zor=[MASKED]
+116.634548513s 77 caf.Forwarder:AlertVehicleHandler(): [DEBUG] in=(257,0) alert=/alert/emergency/veh/116/seq=0/zor=[MASKED] decision=drop because duplicate alert
+116.634557593s 94 caf.Forwarder:OnIncomingAlert(): [DEBUG] in=257 alert=/alert/emergency/veh/116/seq=0/zor=[MASKED]
+116.634557593s 94 caf.Forwarder:AlertVehicleHandler(): [DEBUG] in=(257,0) alert=/alert/emergency/veh/116/seq=0/zor=[MASKED] decision=drop because duplicate alert
+116.634557621s 90 caf.Forwarder:OnIncomingAlert(): [DEBUG] in=257 alert=/alert/emergency/veh/116/seq=0/zor=[MASKED]
+116.634557621s 90 caf.Forwarder:AlertVehicleHandler(): [DEBUG] in= (257,0) alert=/alert/emergency/veh/116/seq=0/zor=[MASKED] timer cancelled because sender farther then node
+116.634557655s 95 caf.Forwarder:OnIncomingAlert(): [DEBUG] in=257 alert=/alert/emergency/veh/116/seq=0/zor=[MASKED]
+116.634557655s 95 caf.Forwarder:AlertVehicleHandler(): [DEBUG] in=(257,0) alert=/alert/emergency/veh/116/seq=0/zor=[MASKED] decision=forward to vehicles deferred until 2.36499ms
+116.634557655s 95 ndn.AlertConsumer:doReceive(): [INFO ] Received alert: /alert/emergency/veh/116/seq=0/zor=[MASKED]
+116.634557666s 82 caf.Forwarder:OnIncomingAlert(): [DEBUG] in=257 alert=/alert/emergency/veh/116/seq=0/zor=[MASKED]
+116.634557666s 82 caf.Forwarder:AlertVehicleHandler(): [DEBUG] in=(257,0) alert=/alert/emergency/veh/116/seq=0/zor=[MASKED] decision=drop because duplicate alert
+116.634557697s 88 caf.Forwarder:OnIncomingAlert(): [DEBUG] in=257 alert=/alert/emergency/veh/116/seq=0/zor=[MASKED]
+116.634557697s 88 caf.Forwarder:AlertVehicleHandler(): [DEBUG] in=(257,0) alert=/alert/emergency/veh/116/seq=0/zor=[MASKED] decision=drop because duplicate alert
+116.634557720s 83 caf.Forwarder:OnIncomingAlert(): [DEBUG] in=257 alert=/alert/emergency/veh/116/seq=0/zor=[MASKED]
+116.634557720s 83 caf.Forwarder:AlertVehicleHandler(): [DEBUG] in=(257,0) alert=/alert/emergency/veh/116/seq=0/zor=[MASKED] decision=drop because duplicate alert
+116.634574611s 93 caf.Forwarder:OnIncomingAlert(): [DEBUG] in=257 alert=/alert/emergency/veh/116/seq=0/zor=[MASKED]
+116.634574643s 98 caf.Forwarder:OnIncomingAlert(): [DEBUG] in=257 alert=/alert/emergency/veh/116/seq=0/zor=[MASKED]
+116.634574643s 98 caf.Forwarder:AlertVehicleHandler(): [DEBUG] in=(257,0) alert=/alert/emergency/veh/116/seq=0/zor=[MASKED] decision=drop because duplicate alert
+116.635313747s 93 caf.Forwarder:OnOutgoingAlert(): [DEBUG] out=257 alert=/alert/emergency/veh/116/seq=0/zor=[MASKED]
+116.635535620s 92 caf.Forwarder:OnIncomingAlert(): [DEBUG] in=257 alert=/alert/emergency/veh/116/seq=0/zor=[MASKED]
+116.635535620s 92 caf.Forwarder:AlertVehicleHandler(): [DEBUG] in=(257,0) alert=/alert/emergency/veh/116/seq=0/zor=[MASKED] decision=drop because duplicate alert
+116.635535624s 90 caf.Forwarder:OnIncomingAlert(): [DEBUG] in=257 alert=/alert/emergency/veh/116/seq=0/zor=[MASKED]
+116.635535624s 90 caf.Forwarder:AlertVehicleHandler(): [DEBUG] in=(257,0) alert=/alert/emergency/veh/116/seq=0/zor=[MASKED] decision=drop because duplicate alert
+116.635535667s 82 caf.Forwarder:OnIncomingAlert(): [DEBUG] in=257 alert=/alert/emergency/veh/116/seq=0/zor=[MASKED]
+116.635535667s 82 caf.Forwarder:AlertVehicleHandler(): [DEBUG] in=(257,0) alert=/alert/emergency/veh/116/seq=0/zor=[MASKED] decision=drop because duplicate alert
+116.635535696s 88 caf.Forwarder:OnIncomingAlert(): [DEBUG] in=257 alert=/alert/emergency/veh/116/seq=0/zor=[MASKED]
+116.635535696s 88 caf.Forwarder:AlertVehicleHandler(): [DEBUG] in=(257,0) alert=/alert/emergency/veh/116/seq=0/zor=[MASKED] decision=drop because duplicate alert
+116.635535706s 95 caf.Forwarder:OnIncomingAlert(): [DEBUG] in=257 alert=/alert/emergency/veh/116/seq=0/zor=[MASKED]
+116.635535724s 81 caf.Forwarder:OnIncomingAlert(): [DEBUG] in=257 alert=/alert/emergency/veh/116/seq=0/zor=[MASKED]
+116.635535724s 81 caf.Forwarder:AlertVehicleHandler(): [DEBUG] in=(257,0) alert=/alert/emergency/veh/116/seq=0/zor=[MASKED] decision=drop because duplicate alert
+116.635535734s 83 caf.Forwarder:OnIncomingAlert(): [DEBUG] in=257 alert=/alert/emergency/veh/116/seq=0/zor=[MASKED]
+116.635535734s 83 caf.Forwarder:AlertVehicleHandler(): [DEBUG] in=(257,0) alert=/alert/emergency/veh/116/seq=0/zor=[MASKED] decision=drop because duplicate alert
+116.635535745s 77 caf.Forwarder:OnIncomingAlert(): [DEBUG] in=257 alert=/alert/emergency/veh/116/seq=0/zor=[MASKED]
+116.635535745s 77 caf.Forwarder:AlertVehicleHandler(): [DEBUG] in=(257,0) alert=/alert/emergency/veh/116/seq=0/zor=[MASKED] decision=drop because duplicate alert
+116.635604680s 93 caf.Forwarder:OnIncomingAlert(): [DEBUG] in=257 alert=/alert/emergency/veh/116/seq=0/zor=[MASKED]
+116.635604680s 93 caf.Forwarder:AlertVehicleHandler(): [DEBUG] in=(257,0) alert=/alert/emergency/veh/116/seq=0/zor=[MASKED] decision=drop because duplicate alert
+116.635604747s 96 caf.Forwarder:OnIncomingAlert(): [DEBUG] in=257 alert=/alert/emergency/veh/116/seq=0/zor=[MASKED]
+116.635604747s 96 caf.Forwarder:AlertVehicleHandler(): [DEBUG] in=(257,0) alert=/alert/emergency/veh/116/seq=0/zor=[MASKED] decision=forward to vehicles deferred until 1.9055ms
+116.635604747s 96 ndn.AlertConsumer:doReceive(): [INFO ] Received alert: /alert/emergency/veh/116/seq=0/zor=[MASKED]
+116.635604761s 91 caf.Forwarder:OnIncomingAlert(): [DEBUG] in=257 alert=/alert/emergency/veh/116/seq=0/zor=[MASKED]
+116.635604761s 91 caf.Forwarder:AlertVehicleHandler(): [DEBUG] in=(257,0) alert=/alert/emergency/veh/116/seq=0/zor=[MASKED] decision=drop because duplicate alert
+116.635604764s 64 caf.Forwarder:OnIncomingAlert(): [DEBUG] in=257 alert=/alert/emergency/veh/116/seq=0/zor=[MASKED]
+116.635604764s 64 caf.Forwarder:AlertVehicleHandler(): [DEBUG] in=(257,0) alert=/alert/emergency/veh/116/seq=0/zor=[MASKED] decision=drop because duplicate alert
+116.636647717s 98 caf.Forwarder:OnIncomingAlert(): [DEBUG] in=257 alert=/alert/emergency/veh/116/seq=0/zor=[MASKED]
+116.636647717s 98 caf.Forwarder:AlertVehicleHandler(): [DEBUG] in=(257,0) alert=/alert/emergency/veh/116/seq=0/zor=[MASKED] decision=drop because duplicate alert
+116.636647763s 91 caf.Forwarder:OnIncomingAlert(): [DEBUG] in=257 alert=/alert/emergency/veh/116/seq=0/zor=[MASKED]
+116.636647763s 91 caf.Forwarder:AlertVehicleHandler(): [DEBUG] in=(257,0) alert=/alert/emergency/veh/116/seq=0/zor=[MASKED] decision=drop because duplicate alert
+116.636647769s 64 caf.Forwarder:OnIncomingAlert(): [DEBUG] in=257 alert=/alert/emergency/veh/116/seq=0/zor=[MASKED]
+116.636647769s 64 caf.Forwarder:AlertVehicleHandler(): [DEBUG] in=(257,0) alert=/alert/emergency/veh/116/seq=0/zor=[MASKED] decision=drop because duplicate alert
+116.636647819s 96 caf.Forwarder:OnIncomingAlert(): [DEBUG] in=257 alert=/alert/emergency/veh/116/seq=0/zor=[MASKED]
+116.636922643s 95 caf.Forwarder:OnOutgoingAlert(): [DEBUG] out=257 alert=/alert/emergency/veh/116/seq=0/zor=[MASKED]
+116.637510244s 96 caf.Forwarder:OnOutgoingAlert(): [DEBUG] out=257 alert=/alert/emergency/veh/116/seq=0/zor=[MASKED]
+116.637796732s 92 caf.Forwarder:OnIncomingAlert(): [DEBUG] in=257 alert=/alert/emergency/veh/116/seq=0/zor=[MASKED]
+116.637796732s 92 caf.Forwarder:AlertVehicleHandler(): [DEBUG] in=(257,0) alert=/alert/emergency/veh/116/seq=0/zor=[MASKED] decision=drop because duplicate alert
+116.637796750s 100 caf.Forwarder:OnIncomingAlert(): [DEBUG] in=257 alert=/alert/emergency/veh/116/seq=0/zor=[MASKED]
+116.637796750s 100 caf.Forwarder:AlertVehicleHandler(): [DEBUG] in=(257,0) alert=/alert/emergency/veh/116/seq=0/zor=[MASKED] decision=forward to vehicles deferred until 1.82744ms
+116.637796750s 100 ndn.AlertConsumer:doReceive(): [INFO ] Received alert: /alert/emergency/veh/116/seq=0/zor=[MASKED]
+116.637796756s 94 caf.Forwarder:OnIncomingAlert(): [DEBUG] in=257 alert=/alert/emergency/veh/116/seq=0/zor=[MASKED]
+116.637796756s 94 caf.Forwarder:AlertVehicleHandler(): [DEBUG] in=(257,0) alert=/alert/emergency/veh/116/seq=0/zor=[MASKED] decision=drop because duplicate alert
+116.637796786s 90 caf.Forwarder:OnIncomingAlert(): [DEBUG] in=257 alert=/alert/emergency/veh/116/seq=0/zor=[MASKED]
+116.637796786s 90 caf.Forwarder:AlertVehicleHandler(): [DEBUG] in=(257,0) alert=/alert/emergency/veh/116/seq=0/zor=[MASKED] decision=drop because duplicate alert
+116.638384348s 98 caf.Forwarder:OnIncomingAlert(): [DEBUG] in=257 alert=/alert/emergency/veh/116/seq=0/zor=[MASKED]
+116.638384348s 98 caf.Forwarder:AlertVehicleHandler(): [DEBUG] in=(257,0) alert=/alert/emergency/veh/116/seq=0/zor=[MASKED] decision=drop because duplicate alert
+116.638384348s 101 caf.Forwarder:OnIncomingAlert(): [DEBUG] in=257 alert=/alert/emergency/veh/116/seq=0/zor=[MASKED]
+116.638384348s 101 caf.Forwarder:AlertVehicleHandler(): [DEBUG] in=(257,0) alert=/alert/emergency/veh/116/seq=0/zor=[MASKED] decision=forward to vehicles deferred until 1.89929ms
+116.638384348s 101 ndn.AlertConsumer:doReceive(): [INFO ] Received alert: /alert/emergency/veh/116/seq=0/zor=[MASKED]
+116.638384383s 93 caf.Forwarder:OnIncomingAlert(): [DEBUG] in=257 alert=/alert/emergency/veh/116/seq=0/zor=[MASKED]
+116.638384383s 93 caf.Forwarder:AlertVehicleHandler(): [DEBUG] in=(257,0) alert=/alert/emergency/veh/116/seq=0/zor=[MASKED] decision=drop because duplicate alert
+116.639624189s 100 caf.Forwarder:OnOutgoingAlert(): [DEBUG] out=257 alert=/alert/emergency/veh/116/seq=0/zor=[MASKED]
+116.640283636s 101 caf.Forwarder:OnOutgoingAlert(): [DEBUG] out=257 alert=/alert/emergency/veh/116/seq=0/zor=[MASKED]
+116.640498258s 99 caf.Forwarder:OnIncomingAlert(): [DEBUG] in=257 alert=/alert/emergency/veh/116/seq=0/zor=[MASKED]
+116.640498258s 99 caf.Forwarder:AlertVehicleHandler(): [DEBUG] in=(257,0) alert=/alert/emergency/veh/116/seq=0/zor=[MASKED] decision=forward to vehicles deferred until 2.96124ms
+116.640498258s 99 ndn.AlertConsumer:doReceive(): [INFO ] Received alert: /alert/emergency/veh/116/seq=0/zor=[MASKED]
+116.640498296s 95 caf.Forwarder:OnIncomingAlert(): [DEBUG] in=257 alert=/alert/emergency/veh/116/seq=0/zor=[MASKED]
+116.640498296s 95 caf.Forwarder:AlertVehicleHandler(): [DEBUG] in=(257,0) alert=/alert/emergency/veh/116/seq=0/zor=[MASKED] decision=drop because duplicate alert
+116.641157704s 106 caf.Forwarder:OnIncomingAlert(): [DEBUG] in=257 alert=/alert/emergency/veh/116/seq=0/zor=[MASKED]
+116.641157704s 106 caf.Forwarder:AlertVehicleHandler(): [DEBUG] in=(257,0) alert=/alert/emergency/veh/116/seq=0/zor=[MASKED] decision=forward to vehicles deferred until 2.99204ms
+116.641157704s 106 ndn.AlertConsumer:doReceive(): [INFO ] Received alert: /alert/emergency/veh/116/seq=0/zor=[MASKED]
+116.641157740s 96 caf.Forwarder:OnIncomingAlert(): [DEBUG] in=257 alert=/alert/emergency/veh/116/seq=0/zor=[MASKED]
+116.641157740s 96 caf.Forwarder:AlertVehicleHandler(): [DEBUG] in=(257,0) alert=/alert/emergency/veh/116/seq=0/zor=[MASKED] decision=drop because duplicate alert
+116.643459498s 99 caf.Forwarder:OnOutgoingAlert(): [DEBUG] out=257 alert=/alert/emergency/veh/116/seq=0/zor=[MASKED]
+116.644149743s 106 caf.Forwarder:OnOutgoingAlert(): [DEBUG] out=257 alert=/alert/emergency/veh/116/seq=0/zor=[MASKED]
+116.644333567s 100 caf.Forwarder:OnIncomingAlert(): [DEBUG] in=257 alert=/alert/emergency/veh/116/seq=0/zor=[MASKED]
+116.644333567s 100 caf.Forwarder:AlertVehicleHandler(): [DEBUG] in=(257,0) alert=/alert/emergency/veh/116/seq=0/zor=[MASKED] decision=drop because duplicate alert
+116.644333659s 103 caf.Forwarder:OnIncomingAlert(): [DEBUG] in=257 alert=/alert/emergency/veh/116/seq=0/zor=[MASKED]
+116.644333659s 103 caf.Forwarder:AlertVehicleHandler(): [DEBUG] in=(257,0) alert=/alert/emergency/veh/116/seq=0/zor=[MASKED] decision=forward to vehicles deferred until 0.178231ms
+116.644333659s 103 ndn.AlertConsumer:doReceive(): [INFO ] Received alert: /alert/emergency/veh/116/seq=0/zor=[MASKED]
+116.644511889s 103 caf.Forwarder:OnOutgoingAlert(): [DEBUG] out=257 alert=/alert/emergency/veh/116/seq=0/zor=[MASKED]
+116.645023811s 101 caf.Forwarder:OnIncomingAlert(): [DEBUG] in=257 alert=/alert/emergency/veh/116/seq=0/zor=[MASKED]
+116.645023811s 101 caf.Forwarder:AlertVehicleHandler(): [DEBUG] in=(257,0) alert=/alert/emergency/veh/116/seq=0/zor=[MASKED] decision=drop because duplicate alert
+116.645023901s 71 caf.Forwarder:OnIncomingAlert(): [DEBUG] in=257 alert=/alert/emergency/veh/116/seq=0/zor=[MASKED]
+116.645023901s 71 caf.Forwarder:AlertVehicleHandler(): [DEBUG] in=(257,0) alert=/alert/emergency/veh/116/seq=0/zor=[MASKED] decision=drop since sender is closer
+116.645023904s 105 caf.Forwarder:OnIncomingAlert(): [DEBUG] in=257 alert=/alert/emergency/veh/116/seq=0/zor=[MASKED]
+116.645023904s 105 caf.Forwarder:AlertVehicleHandler(): [DEBUG] in=(257,0) alert=/alert/emergency/veh/116/seq=0/zor=[MASKED] decision=drop since sender is closer
+116.645385920s 104 caf.Forwarder:OnIncomingAlert(): [DEBUG] in=257 alert=/alert/emergency/veh/116/seq=0/zor=[MASKED]
+116.645385920s 104 caf.Forwarder:AlertVehicleHandler(): [DEBUG] in=(257,0) alert=/alert/emergency/veh/116/seq=0/zor=[MASKED] decision=drop since sender is closer
+116.645385954s 74 caf.Forwarder:OnIncomingAlert(): [DEBUG] in=257 alert=/alert/emergency/veh/116/seq=0/zor=[MASKED]
+116.645385954s 74 caf.Forwarder:AlertVehicleHandler(): [DEBUG] in=(257,0) alert=/alert/emergency/veh/116/seq=0/zor=[MASKED] decision=drop since sender is closer
+116.645385996s 107 caf.Forwarder:OnIncomingAlert(): [DEBUG] in=257 alert=/alert/emergency/veh/116/seq=0/zor=[MASKED]
+116.645385996s 107 caf.Forwarder:AlertVehicleHandler(): [DEBUG] in=(257,0) alert=/alert/emergency/veh/116/seq=0/zor=[MASKED] decision=drop since sender is closer
+116.645386050s 99 caf.Forwarder:OnIncomingAlert(): [DEBUG] in=257 alert=/alert/emergency/veh/116/seq=0/zor=[MASKED]
+116.645386050s 99 caf.Forwarder:AlertVehicleHandler(): [DEBUG] in=(257,0) alert=/alert/emergency/veh/116/seq=0/zor=[MASKED] decision=drop because duplicate alert
+116.745219349s 114 ndn.RandomAlertProducer:AlertSupplier(): [LOGIC] Send alert=/alert/emergency/veh/114/seq=0/zor=[MASKED] vehCount=38 rsuCount=9
+116.745219349s 114 caf.Forwarder:OnIncomingAlert(): [DEBUG] in=260 alert=/alert/emergency/veh/114/seq=0/zor=[MASKED]
+116.745219349s 114 caf.Forwarder:AlertVehicleHandler(): [DEBUG] in=(260,0) alert=/alert/emergency/veh/114/seq=0/zor=[MASKED] decision=forward to vehicles
+116.745219349s 114 caf.Forwarder:OnOutgoingAlert(): [DEBUG] out=257 alert=/alert/emergency/veh/114/seq=0/zor=[MASKED]
+116.746093378s 110 caf.Forwarder:OnIncomingAlert(): [DEBUG] in=257 alert=/alert/emergency/veh/114/seq=0/zor=[MASKED]
+116.746093378s 110 caf.Forwarder:AlertVehicleHandler(): [DEBUG] in=(257,0) alert=/alert/emergency/veh/114/seq=0/zor=[MASKED] decision=forward to vehicles deferred until 4.16798ms
+116.746093414s 113 caf.Forwarder:OnIncomingAlert(): [DEBUG] in=257 alert=/alert/emergency/veh/114/seq=0/zor=[MASKED]
+116.746093414s 113 caf.Forwarder:AlertVehicleHandler(): [DEBUG] in=(257,0) alert=/alert/emergency/veh/114/seq=0/zor=[MASKED] decision=drop since sender is closer
+116.746093461s 54 caf.Forwarder:OnIncomingAlert(): [DEBUG] in=257 alert=/alert/emergency/veh/114/seq=0/zor=[MASKED]
+116.746093461s 54 caf.Forwarder:AlertVehicleHandler(): [DEBUG] in=(257,0) alert=/alert/emergency/veh/114/seq=0/zor=[MASKED] decision=drop since sender is closer
+116.750261362s 110 caf.Forwarder:OnOutgoingAlert(): [DEBUG] out=257 alert=/alert/emergency/veh/114/seq=0/zor=[MASKED]
+116.751135391s 114 caf.Forwarder:OnIncomingAlert(): [DEBUG] in=257 alert=/alert/emergency/veh/114/seq=0/zor=[MASKED]
+116.751135391s 114 caf.Forwarder:AlertVehicleHandler(): [DEBUG] in=(257,0) alert=/alert/emergency/veh/114/seq=0/zor=[MASKED] decision=drop because duplicate alert
+116.751135453s 113 caf.Forwarder:OnIncomingAlert(): [DEBUG] in=257 alert=/alert/emergency/veh/114/seq=0/zor=[MASKED]
+116.751135453s 113 caf.Forwarder:AlertVehicleHandler(): [DEBUG] in=(257,0) alert=/alert/emergency/veh/114/seq=0/zor=[MASKED] decision=drop because duplicate alert
+116.751135503s 54 caf.Forwarder:OnIncomingAlert(): [DEBUG] in=257 alert=/alert/emergency/veh/114/seq=0/zor=[MASKED]
+116.751135503s 54 caf.Forwarder:AlertVehicleHandler(): [DEBUG] in=(257,0) alert=/alert/emergency/veh/114/seq=0/zor=[MASKED] decision=drop because duplicate alert
+116.995841271s 115 ndn.RandomAlertProducer:AlertSupplier(): [LOGIC] Send alert=/alert/emergency/veh/115/seq=0/zor=[MASKED] vehCount=38 rsuCount=9
+116.995841271s 115 caf.Forwarder:OnIncomingAlert(): [DEBUG] in=260 alert=/alert/emergency/veh/115/seq=0/zor=[MASKED]
+116.995841271s 115 caf.Forwarder:AlertVehicleHandler(): [DEBUG] in=(260,0) alert=/alert/emergency/veh/115/seq=0/zor=[MASKED] decision=forward to vehicles
+116.995841271s 115 caf.Forwarder:OnOutgoingAlert(): [DEBUG] out=257 alert=/alert/emergency/veh/115/seq=0/zor=[MASKED]
+116.996715362s 109 caf.Forwarder:OnIncomingAlert(): [DEBUG] in=257 alert=/alert/emergency/veh/115/seq=0/zor=[MASKED]
+116.996715362s 109 caf.Forwarder:AlertVehicleHandler(): [DEBUG] in=(257,0) alert=/alert/emergency/veh/115/seq=0/zor=[MASKED] decision=forward to vehicles deferred until 2.30346ms
+116.996715367s 112 caf.Forwarder:OnIncomingAlert(): [DEBUG] in=257 alert=/alert/emergency/veh/115/seq=0/zor=[MASKED]
+116.996715367s 112 caf.Forwarder:AlertVehicleHandler(): [DEBUG] in=(257,0) alert=/alert/emergency/veh/115/seq=0/zor=[MASKED] decision=forward to vehicles deferred until 2.14988ms
+116.996715391s 63 caf.Forwarder:OnIncomingAlert(): [DEBUG] in=257 alert=/alert/emergency/veh/115/seq=0/zor=[MASKED]
+116.996715391s 63 caf.Forwarder:AlertVehicleHandler(): [DEBUG] in=(257,0) alert=/alert/emergency/veh/115/seq=0/zor=[MASKED] decision=forward to vehicles deferred until 1.41039ms
+116.996715395s 56 caf.Forwarder:OnIncomingAlert(): [DEBUG] in=257 alert=/alert/emergency/veh/115/seq=0/zor=[MASKED]
+116.996715395s 56 caf.Forwarder:AlertVehicleHandler(): [DEBUG] in=(257,0) alert=/alert/emergency/veh/115/seq=0/zor=[MASKED] decision=forward to vehicles deferred until 1.29392ms
+116.998009310s 56 caf.Forwarder:OnOutgoingAlert(): [DEBUG] out=257 alert=/alert/emergency/veh/115/seq=0/zor=[MASKED]
+116.998125776s 63 caf.Forwarder:OnOutgoingAlert(): [DEBUG] out=257 alert=/alert/emergency/veh/115/seq=0/zor=[MASKED]
+116.998865244s 112 caf.Forwarder:OnOutgoingAlert(): [DEBUG] out=257 alert=/alert/emergency/veh/115/seq=0/zor=[MASKED]
+116.998883321s 63 caf.Forwarder:OnIncomingAlert(): [DEBUG] in=257 alert=/alert/emergency/veh/115/seq=0/zor=[MASKED]
+116.998883321s 63 caf.Forwarder:AlertVehicleHandler(): [DEBUG] in=(257,0) alert=/alert/emergency/veh/115/seq=0/zor=[MASKED] decision=drop because duplicate alert
+116.998883343s 112 caf.Forwarder:OnIncomingAlert(): [DEBUG] in=257 alert=/alert/emergency/veh/115/seq=0/zor=[MASKED]
+116.998883343s 112 caf.Forwarder:AlertVehicleHandler(): [DEBUG] in=(257,0) alert=/alert/emergency/veh/115/seq=0/zor=[MASKED] decision=drop because duplicate alert
+116.998883353s 109 caf.Forwarder:OnIncomingAlert(): [DEBUG] in=257 alert=/alert/emergency/veh/115/seq=0/zor=[MASKED]
+116.998883353s 109 caf.Forwarder:AlertVehicleHandler(): [DEBUG] in= (257,0) alert=/alert/emergency/veh/115/seq=0/zor=[MASKED] timer cancelled because sender closer to ZoR
+116.998883410s 71 caf.Forwarder:OnIncomingAlert(): [DEBUG] in=257 alert=/alert/emergency/veh/115/seq=0/zor=[MASKED]
+116.998883410s 71 caf.Forwarder:AlertVehicleHandler(): [DEBUG] in=(257,0) alert=/alert/emergency/veh/115/seq=0/zor=[MASKED] decision=forward to vehicles deferred until 2.02782ms
+116.998883434s 115 caf.Forwarder:OnIncomingAlert(): [DEBUG] in=257 alert=/alert/emergency/veh/115/seq=0/zor=[MASKED]
+116.998883434s 115 caf.Forwarder:AlertVehicleHandler(): [DEBUG] in=(257,0) alert=/alert/emergency/veh/115/seq=0/zor=[MASKED] decision=drop because duplicate alert
+116.998883438s 105 caf.Forwarder:OnIncomingAlert(): [DEBUG] in=257 alert=/alert/emergency/veh/115/seq=0/zor=[MASKED]
+116.998883438s 105 caf.Forwarder:AlertVehicleHandler(): [DEBUG] in=(257,0) alert=/alert/emergency/veh/115/seq=0/zor=[MASKED] decision=forward to vehicles deferred until 1.18527ms
+116.999757332s 56 caf.Forwarder:OnIncomingAlert(): [DEBUG] in=257 alert=/alert/emergency/veh/115/seq=0/zor=[MASKED]
+116.999757332s 56 caf.Forwarder:AlertVehicleHandler(): [DEBUG] in=(257,0) alert=/alert/emergency/veh/115/seq=0/zor=[MASKED] decision=drop because duplicate alert
+116.999757346s 112 caf.Forwarder:OnIncomingAlert(): [DEBUG] in=257 alert=/alert/emergency/veh/115/seq=0/zor=[MASKED]
+116.999757346s 112 caf.Forwarder:AlertVehicleHandler(): [DEBUG] in=(257,0) alert=/alert/emergency/veh/115/seq=0/zor=[MASKED] decision=drop because duplicate alert
+116.999757356s 109 caf.Forwarder:OnIncomingAlert(): [DEBUG] in=257 alert=/alert/emergency/veh/115/seq=0/zor=[MASKED]
+116.999757356s 109 caf.Forwarder:AlertVehicleHandler(): [DEBUG] in=(257,0) alert=/alert/emergency/veh/115/seq=0/zor=[MASKED] decision=drop because duplicate alert
+116.999757423s 71 caf.Forwarder:OnIncomingAlert(): [DEBUG] in=257 alert=/alert/emergency/veh/115/seq=0/zor=[MASKED]
+116.999757441s 115 caf.Forwarder:OnIncomingAlert(): [DEBUG] in=257 alert=/alert/emergency/veh/115/seq=0/zor=[MASKED]
+116.999757441s 115 caf.Forwarder:AlertVehicleHandler(): [DEBUG] in=(257,0) alert=/alert/emergency/veh/115/seq=0/zor=[MASKED] decision=drop because duplicate alert
+116.999757449s 105 caf.Forwarder:OnIncomingAlert(): [DEBUG] in=257 alert=/alert/emergency/veh/115/seq=0/zor=[MASKED]
+117.000068703s 105 caf.Forwarder:OnOutgoingAlert(): [DEBUG] out=257 alert=/alert/emergency/veh/115/seq=0/zor=[MASKED]
+117.000826358s 109 caf.Forwarder:OnIncomingAlert(): [DEBUG] in=257 alert=/alert/emergency/veh/115/seq=0/zor=[MASKED]
+117.000826358s 109 caf.Forwarder:AlertVehicleHandler(): [DEBUG] in=(257,0) alert=/alert/emergency/veh/115/seq=0/zor=[MASKED] decision=drop because duplicate alert
+117.000826371s 63 caf.Forwarder:OnIncomingAlert(): [DEBUG] in=257 alert=/alert/emergency/veh/115/seq=0/zor=[MASKED]
+117.000826371s 63 caf.Forwarder:AlertVehicleHandler(): [DEBUG] in=(257,0) alert=/alert/emergency/veh/115/seq=0/zor=[MASKED] decision=drop because duplicate alert
+117.000826378s 56 caf.Forwarder:OnIncomingAlert(): [DEBUG] in=257 alert=/alert/emergency/veh/115/seq=0/zor=[MASKED]
+117.000826378s 56 caf.Forwarder:AlertVehicleHandler(): [DEBUG] in=(257,0) alert=/alert/emergency/veh/115/seq=0/zor=[MASKED] decision=drop because duplicate alert
+117.000826442s 115 caf.Forwarder:OnIncomingAlert(): [DEBUG] in=257 alert=/alert/emergency/veh/115/seq=0/zor=[MASKED]
+117.000826442s 115 caf.Forwarder:AlertVehicleHandler(): [DEBUG] in=(257,0) alert=/alert/emergency/veh/115/seq=0/zor=[MASKED] decision=drop because duplicate alert
+117.000826472s 71 caf.Forwarder:OnIncomingAlert(): [DEBUG] in=257 alert=/alert/emergency/veh/115/seq=0/zor=[MASKED]
+117.000826496s 105 caf.Forwarder:OnIncomingAlert(): [DEBUG] in=257 alert=/alert/emergency/veh/115/seq=0/zor=[MASKED]
+117.000826496s 105 caf.Forwarder:AlertVehicleHandler(): [DEBUG] in=(257,0) alert=/alert/emergency/veh/115/seq=0/zor=[MASKED] decision=drop because duplicate alert
+117.000911225s 71 caf.Forwarder:OnOutgoingAlert(): [DEBUG] out=257 alert=/alert/emergency/veh/115/seq=0/zor=[MASKED]
+117.001726530s 71 caf.Forwarder:OnIncomingAlert(): [DEBUG] in=257 alert=/alert/emergency/veh/115/seq=0/zor=[MASKED]
+117.001726530s 71 caf.Forwarder:AlertVehicleHandler(): [DEBUG] in=(257,0) alert=/alert/emergency/veh/115/seq=0/zor=[MASKED] decision=drop because duplicate alert
+117.001726624s 56 caf.Forwarder:OnIncomingAlert(): [DEBUG] in=257 alert=/alert/emergency/veh/115/seq=0/zor=[MASKED]
+117.001726624s 56 caf.Forwarder:AlertVehicleHandler(): [DEBUG] in=(257,0) alert=/alert/emergency/veh/115/seq=0/zor=[MASKED] decision=drop because duplicate alert
+117.001726624s 63 caf.Forwarder:OnIncomingAlert(): [DEBUG] in=257 alert=/alert/emergency/veh/115/seq=0/zor=[MASKED]
+117.001726624s 63 caf.Forwarder:AlertVehicleHandler(): [DEBUG] in=(257,0) alert=/alert/emergency/veh/115/seq=0/zor=[MASKED] decision=drop because duplicate alert
+117.001726646s 112 caf.Forwarder:OnIncomingAlert(): [DEBUG] in=257 alert=/alert/emergency/veh/115/seq=0/zor=[MASKED]
+117.001726646s 112 caf.Forwarder:AlertVehicleHandler(): [DEBUG] in=(257,0) alert=/alert/emergency/veh/115/seq=0/zor=[MASKED] decision=drop because duplicate alert
+117.001726651s 109 caf.Forwarder:OnIncomingAlert(): [DEBUG] in=257 alert=/alert/emergency/veh/115/seq=0/zor=[MASKED]
+117.001726651s 109 caf.Forwarder:AlertVehicleHandler(): [DEBUG] in=(257,0) alert=/alert/emergency/veh/115/seq=0/zor=[MASKED] decision=drop because duplicate alert
+117.001726660s 106 caf.Forwarder:OnIncomingAlert(): [DEBUG] in=257 alert=/alert/emergency/veh/115/seq=0/zor=[MASKED]
+117.001726660s 106 caf.Forwarder:AlertVehicleHandler(): [DEBUG] in=(257,0) alert=/alert/emergency/veh/115/seq=0/zor=[MASKED] decision=forward to vehicles deferred until 0.0836421ms
+117.001726660s 106 ndn.AlertConsumer:doReceive(): [INFO ] Received alert: /alert/emergency/veh/115/seq=0/zor=[MASKED]
+117.001810302s 106 caf.Forwarder:OnOutgoingAlert(): [DEBUG] out=257 alert=/alert/emergency/veh/115/seq=0/zor=[MASKED]
+117.002600564s 105 caf.Forwarder:OnIncomingAlert(): [DEBUG] in=257 alert=/alert/emergency/veh/115/seq=0/zor=[MASKED]
+117.002600564s 105 caf.Forwarder:AlertVehicleHandler(): [DEBUG] in=(257,0) alert=/alert/emergency/veh/115/seq=0/zor=[MASKED] decision=drop because duplicate alert
+117.002600630s 56 caf.Forwarder:OnIncomingAlert(): [DEBUG] in=257 alert=/alert/emergency/veh/115/seq=0/zor=[MASKED]
+117.002600630s 56 caf.Forwarder:AlertVehicleHandler(): [DEBUG] in=(257,0) alert=/alert/emergency/veh/115/seq=0/zor=[MASKED] decision=drop because duplicate alert
+117.002600632s 63 caf.Forwarder:OnIncomingAlert(): [DEBUG] in=257 alert=/alert/emergency/veh/115/seq=0/zor=[MASKED]
+117.002600632s 63 caf.Forwarder:AlertVehicleHandler(): [DEBUG] in=(257,0) alert=/alert/emergency/veh/115/seq=0/zor=[MASKED] decision=drop because duplicate alert
+117.002600656s 112 caf.Forwarder:OnIncomingAlert(): [DEBUG] in=257 alert=/alert/emergency/veh/115/seq=0/zor=[MASKED]
+117.002600656s 112 caf.Forwarder:AlertVehicleHandler(): [DEBUG] in=(257,0) alert=/alert/emergency/veh/115/seq=0/zor=[MASKED] decision=drop because duplicate alert
+117.002600663s 109 caf.Forwarder:OnIncomingAlert(): [DEBUG] in=257 alert=/alert/emergency/veh/115/seq=0/zor=[MASKED]
+117.002600663s 109 caf.Forwarder:AlertVehicleHandler(): [DEBUG] in=(257,0) alert=/alert/emergency/veh/115/seq=0/zor=[MASKED] decision=drop because duplicate alert
+117.002684370s 101 caf.Forwarder:OnIncomingAlert(): [DEBUG] in=257 alert=/alert/emergency/veh/115/seq=0/zor=[MASKED]
+117.002684370s 101 caf.Forwarder:AlertVehicleHandler(): [DEBUG] in=(257,0) alert=/alert/emergency/veh/115/seq=0/zor=[MASKED] decision=forward to vehicles deferred until 2.99693ms
+117.002684370s 101 ndn.AlertConsumer:doReceive(): [INFO ] Received alert: /alert/emergency/veh/115/seq=0/zor=[MASKED]
+117.002684473s 96 caf.Forwarder:OnIncomingAlert(): [DEBUG] in=257 alert=/alert/emergency/veh/115/seq=0/zor=[MASKED]
+117.002684473s 96 caf.Forwarder:AlertVehicleHandler(): [DEBUG] in=(257,0) alert=/alert/emergency/veh/115/seq=0/zor=[MASKED] decision=forward to vehicles deferred until 0ms
+117.002684473s 96 caf.Forwarder:OnOutgoingAlert(): [DEBUG] out=257 alert=/alert/emergency/veh/115/seq=0/zor=[MASKED]
+117.002684473s 96 ndn.AlertConsumer:doReceive(): [INFO ] Received alert: /alert/emergency/veh/115/seq=0/zor=[MASKED]
+117.003558577s 101 caf.Forwarder:OnIncomingAlert(): [DEBUG] in=257 alert=/alert/emergency/veh/115/seq=0/zor=[MASKED]
+117.003558577s 101 caf.Forwarder:AlertVehicleHandler(): [DEBUG] in= (257,0) alert=/alert/emergency/veh/115/seq=0/zor=[MASKED] timer cancelled because sender farther then node
+117.003558579s 98 caf.Forwarder:OnIncomingAlert(): [DEBUG] in=257 alert=/alert/emergency/veh/115/seq=0/zor=[MASKED]
+117.003558579s 98 caf.Forwarder:AlertVehicleHandler(): [DEBUG] in=(257,0) alert=/alert/emergency/veh/115/seq=0/zor=[MASKED] decision=forward to vehicles deferred until 1.83107ms
+117.003558579s 98 ndn.AlertConsumer:doReceive(): [INFO ] Received alert: /alert/emergency/veh/115/seq=0/zor=[MASKED]
+117.003558612s 93 caf.Forwarder:OnIncomingAlert(): [DEBUG] in=257 alert=/alert/emergency/veh/115/seq=0/zor=[MASKED]
+117.003558612s 93 caf.Forwarder:AlertVehicleHandler(): [DEBUG] in=(257,0) alert=/alert/emergency/veh/115/seq=0/zor=[MASKED] decision=forward to vehicles deferred until 0.842672ms
+117.003558612s 93 ndn.AlertConsumer:doReceive(): [INFO ] Received alert: /alert/emergency/veh/115/seq=0/zor=[MASKED]
+117.003558644s 106 caf.Forwarder:OnIncomingAlert(): [DEBUG] in=257 alert=/alert/emergency/veh/115/seq=0/zor=[MASKED]
+117.003558644s 106 caf.Forwarder:AlertVehicleHandler(): [DEBUG] in=(257,0) alert=/alert/emergency/veh/115/seq=0/zor=[MASKED] decision=drop because duplicate alert
+117.004401284s 93 caf.Forwarder:OnOutgoingAlert(): [DEBUG] out=257 alert=/alert/emergency/veh/115/seq=0/zor=[MASKED]
+117.005275319s 98 caf.Forwarder:OnIncomingAlert(): [DEBUG] in=257 alert=/alert/emergency/veh/115/seq=0/zor=[MASKED]
+117.005275319s 98 caf.Forwarder:AlertVehicleHandler(): [DEBUG] in= (257,0) alert=/alert/emergency/veh/115/seq=0/zor=[MASKED] timer cancelled because sender farther then node
+117.005275346s 64 caf.Forwarder:OnIncomingAlert(): [DEBUG] in=257 alert=/alert/emergency/veh/115/seq=0/zor=[MASKED]
+117.005275346s 64 caf.Forwarder:AlertVehicleHandler(): [DEBUG] in=(257,0) alert=/alert/emergency/veh/115/seq=0/zor=[MASKED] decision=forward to vehicles deferred until 3.17941ms
+117.005275346s 64 ndn.AlertConsumer:doReceive(): [INFO ] Received alert: /alert/emergency/veh/115/seq=0/zor=[MASKED]
+117.005275367s 91 caf.Forwarder:OnIncomingAlert(): [DEBUG] in=257 alert=/alert/emergency/veh/115/seq=0/zor=[MASKED]
+117.005275367s 91 caf.Forwarder:AlertVehicleHandler(): [DEBUG] in=(257,0) alert=/alert/emergency/veh/115/seq=0/zor=[MASKED] decision=forward to vehicles deferred until 2.54959ms
+117.005275367s 91 ndn.AlertConsumer:doReceive(): [INFO ] Received alert: /alert/emergency/veh/115/seq=0/zor=[MASKED]
+117.005275423s 96 caf.Forwarder:OnIncomingAlert(): [DEBUG] in=257 alert=/alert/emergency/veh/115/seq=0/zor=[MASKED]
+117.005275423s 96 caf.Forwarder:AlertVehicleHandler(): [DEBUG] in=(257,0) alert=/alert/emergency/veh/115/seq=0/zor=[MASKED] decision=drop because duplicate alert
+117.007824960s 91 caf.Forwarder:OnOutgoingAlert(): [DEBUG] out=257 alert=/alert/emergency/veh/115/seq=0/zor=[MASKED]
+117.008454751s 64 caf.Forwarder:OnOutgoingAlert(): [DEBUG] out=257 alert=/alert/emergency/veh/115/seq=0/zor=[MASKED]
+117.008699004s 64 caf.Forwarder:OnIncomingAlert(): [DEBUG] in=257 alert=/alert/emergency/veh/115/seq=0/zor=[MASKED]
+117.008699004s 64 caf.Forwarder:AlertVehicleHandler(): [DEBUG] in=(257,0) alert=/alert/emergency/veh/115/seq=0/zor=[MASKED] decision=drop because duplicate alert
+117.008699043s 93 caf.Forwarder:OnIncomingAlert(): [DEBUG] in=257 alert=/alert/emergency/veh/115/seq=0/zor=[MASKED]
+117.008699043s 93 caf.Forwarder:AlertVehicleHandler(): [DEBUG] in=(257,0) alert=/alert/emergency/veh/115/seq=0/zor=[MASKED] decision=drop because duplicate alert
+117.008699056s 73 caf.Forwarder:OnIncomingAlert(): [DEBUG] in=257 alert=/alert/emergency/veh/115/seq=0/zor=[MASKED]
+117.008699056s 73 caf.Forwarder:AlertVehicleHandler(): [DEBUG] in=(257,0) alert=/alert/emergency/veh/115/seq=0/zor=[MASKED] decision=forward to vehicles deferred until 2.132ms
+117.008699056s 73 ndn.AlertConsumer:doReceive(): [INFO ] Received alert: /alert/emergency/veh/115/seq=0/zor=[MASKED]
+117.008699069s 89 caf.Forwarder:OnIncomingAlert(): [DEBUG] in=257 alert=/alert/emergency/veh/115/seq=0/zor=[MASKED]
+117.008699069s 89 caf.Forwarder:AlertVehicleHandler(): [DEBUG] in=(257,0) alert=/alert/emergency/veh/115/seq=0/zor=[MASKED] decision=forward to vehicles deferred until 1.75063ms
+117.008699069s 89 ndn.AlertConsumer:doReceive(): [INFO ] Received alert: /alert/emergency/veh/115/seq=0/zor=[MASKED]
+117.008699070s 79 caf.Forwarder:OnIncomingAlert(): [DEBUG] in=257 alert=/alert/emergency/veh/115/seq=0/zor=[MASKED]
+117.008699070s 79 caf.Forwarder:AlertVehicleHandler(): [DEBUG] in=(257,0) alert=/alert/emergency/veh/115/seq=0/zor=[MASKED] decision=forward to vehicles deferred until 1.71117ms
+117.008699070s 79 ndn.AlertConsumer:doReceive(): [INFO ] Received alert: /alert/emergency/veh/115/seq=0/zor=[MASKED]
+117.008699076s 98 caf.Forwarder:OnIncomingAlert(): [DEBUG] in=257 alert=/alert/emergency/veh/115/seq=0/zor=[MASKED]
+117.008699076s 98 caf.Forwarder:AlertVehicleHandler(): [DEBUG] in=(257,0) alert=/alert/emergency/veh/115/seq=0/zor=[MASKED] decision=drop because duplicate alert
+117.008699099s 85 caf.Forwarder:OnIncomingAlert(): [DEBUG] in=257 alert=/alert/emergency/veh/115/seq=0/zor=[MASKED]
+117.008699099s 85 caf.Forwarder:AlertVehicleHandler(): [DEBUG] in=(257,0) alert=/alert/emergency/veh/115/seq=0/zor=[MASKED] decision=forward to vehicles deferred until 0.853514ms
+117.008699099s 85 ndn.AlertConsumer:doReceive(): [INFO ] Received alert: /alert/emergency/veh/115/seq=0/zor=[MASKED]
+117.008699100s 86 caf.Forwarder:OnIncomingAlert(): [DEBUG] in=257 alert=/alert/emergency/veh/115/seq=0/zor=[MASKED]
+117.008699100s 86 caf.Forwarder:AlertVehicleHandler(): [DEBUG] in=(257,0) alert=/alert/emergency/veh/115/seq=0/zor=[MASKED] decision=forward to vehicles deferred until 0.8159ms
+117.008699100s 86 ndn.AlertConsumer:doReceive(): [INFO ] Received alert: /alert/emergency/veh/115/seq=0/zor=[MASKED]
+117.008699118s 78 caf.Forwarder:OnIncomingAlert(): [DEBUG] in=257 alert=/alert/emergency/veh/115/seq=0/zor=[MASKED]
+117.008699118s 78 caf.Forwarder:AlertVehicleHandler(): [DEBUG] in=(257,0) alert=/alert/emergency/veh/115/seq=0/zor=[MASKED] decision=forward to vehicles deferred until 0.26497ms
+117.008699118s 78 ndn.AlertConsumer:doReceive(): [INFO ] Received alert: /alert/emergency/veh/115/seq=0/zor=[MASKED]
+117.008699122s 77 caf.Forwarder:OnIncomingAlert(): [DEBUG] in=257 alert=/alert/emergency/veh/115/seq=0/zor=[MASKED]
+117.008699122s 77 caf.Forwarder:AlertVehicleHandler(): [DEBUG] in=(257,0) alert=/alert/emergency/veh/115/seq=0/zor=[MASKED] decision=forward to vehicles deferred until 0.153677ms
+117.008699122s 77 ndn.AlertConsumer:doReceive(): [INFO ] Received alert: /alert/emergency/veh/115/seq=0/zor=[MASKED]
+117.008852799s 77 caf.Forwarder:OnOutgoingAlert(): [DEBUG] out=257 alert=/alert/emergency/veh/115/seq=0/zor=[MASKED]
+117.008964088s 78 caf.Forwarder:OnOutgoingAlert(): [DEBUG] out=257 alert=/alert/emergency/veh/115/seq=0/zor=[MASKED]
+117.009515000s 86 caf.Forwarder:OnOutgoingAlert(): [DEBUG] out=257 alert=/alert/emergency/veh/115/seq=0/zor=[MASKED]
+117.009552612s 85 caf.Forwarder:OnOutgoingAlert(): [DEBUG] out=257 alert=/alert/emergency/veh/115/seq=0/zor=[MASKED]
+117.009638048s 91 caf.Forwarder:OnIncomingAlert(): [DEBUG] in=257 alert=/alert/emergency/veh/115/seq=0/zor=[MASKED]
+117.009638048s 91 caf.Forwarder:AlertVehicleHandler(): [DEBUG] in=(257,0) alert=/alert/emergency/veh/115/seq=0/zor=[MASKED] decision=drop because duplicate alert
+117.009638066s 93 caf.Forwarder:OnIncomingAlert(): [DEBUG] in=257 alert=/alert/emergency/veh/115/seq=0/zor=[MASKED]
+117.009638066s 93 caf.Forwarder:AlertVehicleHandler(): [DEBUG] in=(257,0) alert=/alert/emergency/veh/115/seq=0/zor=[MASKED] decision=drop because duplicate alert
+117.009638092s 98 caf.Forwarder:OnIncomingAlert(): [DEBUG] in=257 alert=/alert/emergency/veh/115/seq=0/zor=[MASKED]
+117.009638092s 98 caf.Forwarder:AlertVehicleHandler(): [DEBUG] in=(257,0) alert=/alert/emergency/veh/115/seq=0/zor=[MASKED] decision=drop because duplicate alert
+117.009726848s 88 caf.Forwarder:OnIncomingAlert(): [DEBUG] in=257 alert=/alert/emergency/veh/115/seq=0/zor=[MASKED]
+117.009726848s 88 caf.Forwarder:AlertVehicleHandler(): [DEBUG] in=(257,0) alert=/alert/emergency/veh/115/seq=0/zor=[MASKED] decision=forward to vehicles deferred until 3.58374ms
+117.009726848s 88 ndn.AlertConsumer:doReceive(): [INFO ] Received alert: /alert/emergency/veh/115/seq=0/zor=[MASKED]
+117.009726893s 82 caf.Forwarder:OnIncomingAlert(): [DEBUG] in=257 alert=/alert/emergency/veh/115/seq=0/zor=[MASKED]
+117.009726893s 82 caf.Forwarder:AlertVehicleHandler(): [DEBUG] in=(257,0) alert=/alert/emergency/veh/115/seq=0/zor=[MASKED] decision=forward to vehicles deferred until 2.21501ms
+117.009726893s 82 ndn.AlertConsumer:doReceive(): [INFO ] Received alert: /alert/emergency/veh/115/seq=0/zor=[MASKED]
+117.009726927s 81 caf.Forwarder:OnIncomingAlert(): [DEBUG] in=257 alert=/alert/emergency/veh/115/seq=0/zor=[MASKED]
+117.009726927s 81 caf.Forwarder:AlertVehicleHandler(): [DEBUG] in=(257,0) alert=/alert/emergency/veh/115/seq=0/zor=[MASKED] decision=forward to vehicles deferred until 1.16258ms
+117.009726927s 81 ndn.AlertConsumer:doReceive(): [INFO ] Received alert: /alert/emergency/veh/115/seq=0/zor=[MASKED]
+117.009726932s 90 caf.Forwarder:OnIncomingAlert(): [DEBUG] in=257 alert=/alert/emergency/veh/115/seq=0/zor=[MASKED]
+117.009726932s 90 caf.Forwarder:AlertVehicleHandler(): [DEBUG] in=(257,0) alert=/alert/emergency/veh/115/seq=0/zor=[MASKED] decision=forward to vehicles deferred until 1.01204ms
+117.009726932s 90 ndn.AlertConsumer:doReceive(): [INFO ] Received alert: /alert/emergency/veh/115/seq=0/zor=[MASKED]
+117.009726947s 94 caf.Forwarder:OnIncomingAlert(): [DEBUG] in=257 alert=/alert/emergency/veh/115/seq=0/zor=[MASKED]
+117.009726947s 94 caf.Forwarder:AlertVehicleHandler(): [DEBUG] in=(257,0) alert=/alert/emergency/veh/115/seq=0/zor=[MASKED] decision=forward to vehicles deferred until 0.576192ms
+117.009726947s 94 ndn.AlertConsumer:doReceive(): [INFO ] Received alert: /alert/emergency/veh/115/seq=0/zor=[MASKED]
+117.009726961s 83 caf.Forwarder:OnIncomingAlert(): [DEBUG] in=257 alert=/alert/emergency/veh/115/seq=0/zor=[MASKED]
+117.009726961s 83 caf.Forwarder:AlertVehicleHandler(): [DEBUG] in=(257,0) alert=/alert/emergency/veh/115/seq=0/zor=[MASKED] decision=forward to vehicles deferred until 0.134746ms
+117.009726961s 83 ndn.AlertConsumer:doReceive(): [INFO ] Received alert: /alert/emergency/veh/115/seq=0/zor=[MASKED]
+117.009861706s 83 caf.Forwarder:OnOutgoingAlert(): [DEBUG] out=257 alert=/alert/emergency/veh/115/seq=0/zor=[MASKED]
+117.010303139s 94 caf.Forwarder:OnOutgoingAlert(): [DEBUG] out=257 alert=/alert/emergency/veh/115/seq=0/zor=[MASKED]
+117.010410241s 79 caf.Forwarder:OnOutgoingAlert(): [DEBUG] out=257 alert=/alert/emergency/veh/115/seq=0/zor=[MASKED]
+117.010426658s 70 caf.Forwarder:OnIncomingAlert(): [DEBUG] in=257 alert=/alert/emergency/veh/115/seq=0/zor=[MASKED]
+117.010426658s 70 caf.Forwarder:AlertVehicleHandler(): [DEBUG] in=(257,0) alert=/alert/emergency/veh/115/seq=0/zor=[MASKED] decision=forward to vehicles deferred until 3.66279ms
+117.010426658s 70 ndn.AlertConsumer:doReceive(): [INFO ] Received alert: /alert/emergency/veh/115/seq=0/zor=[MASKED]
+117.010426693s 68 caf.Forwarder:OnIncomingAlert(): [DEBUG] in=257 alert=/alert/emergency/veh/115/seq=0/zor=[MASKED]
+117.010426693s 68 caf.Forwarder:AlertVehicleHandler(): [DEBUG] in=(257,0) alert=/alert/emergency/veh/115/seq=0/zor=[MASKED] decision=forward to vehicles deferred until 2.60273ms
+117.010426693s 68 ndn.AlertConsumer:doReceive(): [INFO ] Received alert: /alert/emergency/veh/115/seq=0/zor=[MASKED]
+117.010426745s 80 caf.Forwarder:OnIncomingAlert(): [DEBUG] in=257 alert=/alert/emergency/veh/115/seq=0/zor=[MASKED]
+117.010426745s 80 caf.Forwarder:AlertVehicleHandler(): [DEBUG] in=(257,0) alert=/alert/emergency/veh/115/seq=0/zor=[MASKED] decision=forward to vehicles deferred until 1.02893ms
+117.010426745s 80 ndn.AlertConsumer:doReceive(): [INFO ] Received alert: /alert/emergency/veh/115/seq=0/zor=[MASKED]
+117.010449703s 89 caf.Forwarder:OnOutgoingAlert(): [DEBUG] out=257 alert=/alert/emergency/veh/115/seq=0/zor=[MASKED]
+117.010735741s 81 caf.Forwarder:OnIncomingAlert(): [DEBUG] in=257 alert=/alert/emergency/veh/115/seq=0/zor=[MASKED]
+117.010735741s 81 caf.Forwarder:AlertVehicleHandler(): [DEBUG] in= (257,0) alert=/alert/emergency/veh/115/seq=0/zor=[MASKED] timer cancelled because sender farther then node
+117.010735796s 82 caf.Forwarder:OnIncomingAlert(): [DEBUG] in=257 alert=/alert/emergency/veh/115/seq=0/zor=[MASKED]
+117.010735796s 82 caf.Forwarder:AlertVehicleHandler(): [DEBUG] in= (257,0) alert=/alert/emergency/veh/115/seq=0/zor=[MASKED] timer cancelled because sender farther then node
+117.010735800s 90 caf.Forwarder:OnIncomingAlert(): [DEBUG] in=257 alert=/alert/emergency/veh/115/seq=0/zor=[MASKED]
+117.010735800s 90 caf.Forwarder:AlertVehicleHandler(): [DEBUG] in= (257,0) alert=/alert/emergency/veh/115/seq=0/zor=[MASKED] timer cancelled because sender farther then node
+117.010735824s 94 caf.Forwarder:OnIncomingAlert(): [DEBUG] in=257 alert=/alert/emergency/veh/115/seq=0/zor=[MASKED]
+117.010735824s 94 caf.Forwarder:AlertVehicleHandler(): [DEBUG] in=(257,0) alert=/alert/emergency/veh/115/seq=0/zor=[MASKED] decision=drop because duplicate alert
+117.010735839s 92 caf.Forwarder:OnIncomingAlert(): [DEBUG] in=257 alert=/alert/emergency/veh/115/seq=0/zor=[MASKED]
+117.010735839s 92 caf.Forwarder:AlertVehicleHandler(): [DEBUG] in=(257,0) alert=/alert/emergency/veh/115/seq=0/zor=[MASKED] decision=forward to vehicles deferred until 1.03255ms
+117.010735839s 92 ndn.AlertConsumer:doReceive(): [INFO ] Received alert: /alert/emergency/veh/115/seq=0/zor=[MASKED]
+117.010735842s 88 caf.Forwarder:OnIncomingAlert(): [DEBUG] in=257 alert=/alert/emergency/veh/115/seq=0/zor=[MASKED]
+117.010735842s 88 caf.Forwarder:AlertVehicleHandler(): [DEBUG] in= (257,0) alert=/alert/emergency/veh/115/seq=0/zor=[MASKED] timer cancelled because sender farther then node
+117.010735866s 72 caf.Forwarder:OnIncomingAlert(): [DEBUG] in=257 alert=/alert/emergency/veh/115/seq=0/zor=[MASKED]
+117.010735866s 72 caf.Forwarder:AlertVehicleHandler(): [DEBUG] in=(257,0) alert=/alert/emergency/veh/115/seq=0/zor=[MASKED] decision=forward to vehicles deferred until 0.209546ms
+117.010735866s 72 ndn.AlertConsumer:doReceive(): [INFO ] Received alert: /alert/emergency/veh/115/seq=0/zor=[MASKED]
+117.010831058s 73 caf.Forwarder:OnOutgoingAlert(): [DEBUG] out=257 alert=/alert/emergency/veh/115/seq=0/zor=[MASKED]
+117.010945411s 72 caf.Forwarder:OnOutgoingAlert(): [DEBUG] out=257 alert=/alert/emergency/veh/115/seq=0/zor=[MASKED]
+117.011284277s 89 caf.Forwarder:OnIncomingAlert(): [DEBUG] in=257 alert=/alert/emergency/veh/115/seq=0/zor=[MASKED]
+117.011284277s 89 caf.Forwarder:AlertVehicleHandler(): [DEBUG] in=(257,0) alert=/alert/emergency/veh/115/seq=0/zor=[MASKED] decision=drop because duplicate alert
+117.011284288s 73 caf.Forwarder:OnIncomingAlert(): [DEBUG] in=257 alert=/alert/emergency/veh/115/seq=0/zor=[MASKED]
+117.011284288s 73 caf.Forwarder:AlertVehicleHandler(): [DEBUG] in=(257,0) alert=/alert/emergency/veh/115/seq=0/zor=[MASKED] decision=drop because duplicate alert
+117.011284304s 86 caf.Forwarder:OnIncomingAlert(): [DEBUG] in=257 alert=/alert/emergency/veh/115/seq=0/zor=[MASKED]
+117.011284304s 86 caf.Forwarder:AlertVehicleHandler(): [DEBUG] in=(257,0) alert=/alert/emergency/veh/115/seq=0/zor=[MASKED] decision=drop because duplicate alert
+117.011284316s 78 caf.Forwarder:OnIncomingAlert(): [DEBUG] in=257 alert=/alert/emergency/veh/115/seq=0/zor=[MASKED]
+117.011284316s 78 caf.Forwarder:AlertVehicleHandler(): [DEBUG] in=(257,0) alert=/alert/emergency/veh/115/seq=0/zor=[MASKED] decision=drop because duplicate alert
+117.011284318s 77 caf.Forwarder:OnIncomingAlert(): [DEBUG] in=257 alert=/alert/emergency/veh/115/seq=0/zor=[MASKED]
+117.011284318s 77 caf.Forwarder:AlertVehicleHandler(): [DEBUG] in=(257,0) alert=/alert/emergency/veh/115/seq=0/zor=[MASKED] decision=drop because duplicate alert
+117.011284321s 85 caf.Forwarder:OnIncomingAlert(): [DEBUG] in=257 alert=/alert/emergency/veh/115/seq=0/zor=[MASKED]
+117.011284321s 85 caf.Forwarder:AlertVehicleHandler(): [DEBUG] in=(257,0) alert=/alert/emergency/veh/115/seq=0/zor=[MASKED] decision=drop because duplicate alert
+117.011284351s 91 caf.Forwarder:OnIncomingAlert(): [DEBUG] in=257 alert=/alert/emergency/veh/115/seq=0/zor=[MASKED]
+117.011284351s 91 caf.Forwarder:AlertVehicleHandler(): [DEBUG] in=(257,0) alert=/alert/emergency/veh/115/seq=0/zor=[MASKED] decision=drop because duplicate alert
+117.011284354s 70 caf.Forwarder:OnIncomingAlert(): [DEBUG] in=257 alert=/alert/emergency/veh/115/seq=0/zor=[MASKED]
+117.011284354s 70 caf.Forwarder:AlertVehicleHandler(): [DEBUG] in= (257,0) alert=/alert/emergency/veh/115/seq=0/zor=[MASKED] timer cancelled because sender farther then node
+117.011284383s 64 caf.Forwarder:OnIncomingAlert(): [DEBUG] in=257 alert=/alert/emergency/veh/115/seq=0/zor=[MASKED]
+117.011284383s 64 caf.Forwarder:AlertVehicleHandler(): [DEBUG] in=(257,0) alert=/alert/emergency/veh/115/seq=0/zor=[MASKED] decision=drop because duplicate alert
+117.011284387s 68 caf.Forwarder:OnIncomingAlert(): [DEBUG] in=257 alert=/alert/emergency/veh/115/seq=0/zor=[MASKED]
+117.011455677s 80 caf.Forwarder:OnOutgoingAlert(): [DEBUG] out=257 alert=/alert/emergency/veh/115/seq=0/zor=[MASKED]
+117.011609850s 90 caf.Forwarder:OnIncomingAlert(): [DEBUG] in=257 alert=/alert/emergency/veh/115/seq=0/zor=[MASKED]
+117.011609850s 90 caf.Forwarder:AlertVehicleHandler(): [DEBUG] in=(257,0) alert=/alert/emergency/veh/115/seq=0/zor=[MASKED] decision=drop because duplicate alert
+117.011609855s 92 caf.Forwarder:OnIncomingAlert(): [DEBUG] in=257 alert=/alert/emergency/veh/115/seq=0/zor=[MASKED]
+117.011609889s 82 caf.Forwarder:OnIncomingAlert(): [DEBUG] in=257 alert=/alert/emergency/veh/115/seq=0/zor=[MASKED]
+117.011609889s 82 caf.Forwarder:AlertVehicleHandler(): [DEBUG] in=(257,0) alert=/alert/emergency/veh/115/seq=0/zor=[MASKED] decision=drop because duplicate alert
+117.011609934s 95 caf.Forwarder:OnIncomingAlert(): [DEBUG] in=257 alert=/alert/emergency/veh/115/seq=0/zor=[MASKED]
+117.011609934s 95 caf.Forwarder:AlertVehicleHandler(): [DEBUG] in=(257,0) alert=/alert/emergency/veh/115/seq=0/zor=[MASKED] decision=forward to vehicles deferred until 1.71178ms
+117.011609934s 95 ndn.AlertConsumer:doReceive(): [INFO ] Received alert: /alert/emergency/veh/115/seq=0/zor=[MASKED]
+117.011609936s 81 caf.Forwarder:OnIncomingAlert(): [DEBUG] in=257 alert=/alert/emergency/veh/115/seq=0/zor=[MASKED]
+117.011609936s 81 caf.Forwarder:AlertVehicleHandler(): [DEBUG] in=(257,0) alert=/alert/emergency/veh/115/seq=0/zor=[MASKED] decision=drop because duplicate alert
+117.011609942s 83 caf.Forwarder:OnIncomingAlert(): [DEBUG] in=257 alert=/alert/emergency/veh/115/seq=0/zor=[MASKED]
+117.011609942s 83 caf.Forwarder:AlertVehicleHandler(): [DEBUG] in=(257,0) alert=/alert/emergency/veh/115/seq=0/zor=[MASKED] decision=drop because duplicate alert
+117.011768387s 92 caf.Forwarder:OnOutgoingAlert(): [DEBUG] out=257 alert=/alert/emergency/veh/115/seq=0/zor=[MASKED]
+117.011819464s 87 caf.Forwarder:OnIncomingAlert(): [DEBUG] in=257 alert=/alert/emergency/veh/115/seq=0/zor=[MASKED]
+117.011819464s 87 caf.Forwarder:AlertVehicleHandler(): [DEBUG] in=(257,0) alert=/alert/emergency/veh/115/seq=0/zor=[MASKED] decision=forward to vehicles deferred until 3.45799ms
+117.011819464s 87 ndn.AlertConsumer:doReceive(): [INFO ] Received alert: /alert/emergency/veh/115/seq=0/zor=[MASKED]
+117.012158311s 86 caf.Forwarder:OnIncomingAlert(): [DEBUG] in=257 alert=/alert/emergency/veh/115/seq=0/zor=[MASKED]
+117.012158311s 86 caf.Forwarder:AlertVehicleHandler(): [DEBUG] in=(257,0) alert=/alert/emergency/veh/115/seq=0/zor=[MASKED] decision=drop because duplicate alert
+117.012158313s 79 caf.Forwarder:OnIncomingAlert(): [DEBUG] in=257 alert=/alert/emergency/veh/115/seq=0/zor=[MASKED]
+117.012158313s 79 caf.Forwarder:AlertVehicleHandler(): [DEBUG] in=(257,0) alert=/alert/emergency/veh/115/seq=0/zor=[MASKED] decision=drop because duplicate alert
+117.012158323s 85 caf.Forwarder:OnIncomingAlert(): [DEBUG] in=257 alert=/alert/emergency/veh/115/seq=0/zor=[MASKED]
+117.012158323s 85 caf.Forwarder:AlertVehicleHandler(): [DEBUG] in=(257,0) alert=/alert/emergency/veh/115/seq=0/zor=[MASKED] decision=drop because duplicate alert
+117.012158328s 78 caf.Forwarder:OnIncomingAlert(): [DEBUG] in=257 alert=/alert/emergency/veh/115/seq=0/zor=[MASKED]
+117.012158328s 78 caf.Forwarder:AlertVehicleHandler(): [DEBUG] in=(257,0) alert=/alert/emergency/veh/115/seq=0/zor=[MASKED] decision=drop because duplicate alert
+117.012158355s 73 caf.Forwarder:OnIncomingAlert(): [DEBUG] in=257 alert=/alert/emergency/veh/115/seq=0/zor=[MASKED]
+117.012158355s 73 caf.Forwarder:AlertVehicleHandler(): [DEBUG] in=(257,0) alert=/alert/emergency/veh/115/seq=0/zor=[MASKED] decision=drop because duplicate alert
+117.012158362s 70 caf.Forwarder:OnIncomingAlert(): [DEBUG] in=257 alert=/alert/emergency/veh/115/seq=0/zor=[MASKED]
+117.012158362s 70 caf.Forwarder:AlertVehicleHandler(): [DEBUG] in=(257,0) alert=/alert/emergency/veh/115/seq=0/zor=[MASKED] decision=drop because duplicate alert
+117.012158386s 91 caf.Forwarder:OnIncomingAlert(): [DEBUG] in=257 alert=/alert/emergency/veh/115/seq=0/zor=[MASKED]
+117.012158386s 91 caf.Forwarder:AlertVehicleHandler(): [DEBUG] in=(257,0) alert=/alert/emergency/veh/115/seq=0/zor=[MASKED] decision=drop because duplicate alert
+117.012158425s 64 caf.Forwarder:OnIncomingAlert(): [DEBUG] in=257 alert=/alert/emergency/veh/115/seq=0/zor=[MASKED]
+117.012158425s 64 caf.Forwarder:AlertVehicleHandler(): [DEBUG] in=(257,0) alert=/alert/emergency/veh/115/seq=0/zor=[MASKED] decision=drop because duplicate alert
+117.012329761s 65 caf.Forwarder:OnIncomingAlert(): [DEBUG] in=257 alert=/alert/emergency/veh/115/seq=0/zor=[MASKED]
+117.012329761s 65 caf.Forwarder:AlertVehicleHandler(): [DEBUG] in=(257,0) alert=/alert/emergency/veh/115/seq=0/zor=[MASKED] decision=forward to vehicles deferred until 2.51598ms
+117.012329761s 65 ndn.AlertConsumer:doReceive(): [INFO ] Received alert: /alert/emergency/veh/115/seq=0/zor=[MASKED]
+117.012642418s 94 caf.Forwarder:OnIncomingAlert(): [DEBUG] in=257 alert=/alert/emergency/veh/115/seq=0/zor=[MASKED]
+117.012642418s 94 caf.Forwarder:AlertVehicleHandler(): [DEBUG] in=(257,0) alert=/alert/emergency/veh/115/seq=0/zor=[MASKED] decision=drop because duplicate alert
+117.012642439s 90 caf.Forwarder:OnIncomingAlert(): [DEBUG] in=257 alert=/alert/emergency/veh/115/seq=0/zor=[MASKED]
+117.012642439s 90 caf.Forwarder:AlertVehicleHandler(): [DEBUG] in=(257,0) alert=/alert/emergency/veh/115/seq=0/zor=[MASKED] decision=drop because duplicate alert
+117.012642469s 95 caf.Forwarder:OnIncomingAlert(): [DEBUG] in=257 alert=/alert/emergency/veh/115/seq=0/zor=[MASKED]
+117.012642481s 82 caf.Forwarder:OnIncomingAlert(): [DEBUG] in=257 alert=/alert/emergency/veh/115/seq=0/zor=[MASKED]
+117.012642481s 82 caf.Forwarder:AlertVehicleHandler(): [DEBUG] in=(257,0) alert=/alert/emergency/veh/115/seq=0/zor=[MASKED] decision=drop because duplicate alert
+117.012642520s 83 caf.Forwarder:OnIncomingAlert(): [DEBUG] in=257 alert=/alert/emergency/veh/115/seq=0/zor=[MASKED]
+117.012642520s 83 caf.Forwarder:AlertVehicleHandler(): [DEBUG] in=(257,0) alert=/alert/emergency/veh/115/seq=0/zor=[MASKED] decision=drop because duplicate alert
+117.012642521s 81 caf.Forwarder:OnIncomingAlert(): [DEBUG] in=257 alert=/alert/emergency/veh/115/seq=0/zor=[MASKED]
+117.012642521s 81 caf.Forwarder:AlertVehicleHandler(): [DEBUG] in=(257,0) alert=/alert/emergency/veh/115/seq=0/zor=[MASKED] decision=drop because duplicate alert
+117.013029421s 68 caf.Forwarder:OnOutgoingAlert(): [DEBUG] out=257 alert=/alert/emergency/veh/115/seq=0/zor=[MASKED]
+117.013110402s 79 caf.Forwarder:OnIncomingAlert(): [DEBUG] in=257 alert=/alert/emergency/veh/115/seq=0/zor=[MASKED]
+117.013110402s 79 caf.Forwarder:AlertVehicleHandler(): [DEBUG] in=(257,0) alert=/alert/emergency/veh/115/seq=0/zor=[MASKED] decision=drop because duplicate alert
+117.013110420s 77 caf.Forwarder:OnIncomingAlert(): [DEBUG] in=257 alert=/alert/emergency/veh/115/seq=0/zor=[MASKED]
+117.013110420s 77 caf.Forwarder:AlertVehicleHandler(): [DEBUG] in=(257,0) alert=/alert/emergency/veh/115/seq=0/zor=[MASKED] decision=drop because duplicate alert
+117.013110451s 91 caf.Forwarder:OnIncomingAlert(): [DEBUG] in=257 alert=/alert/emergency/veh/115/seq=0/zor=[MASKED]
+117.013110451s 91 caf.Forwarder:AlertVehicleHandler(): [DEBUG] in=(257,0) alert=/alert/emergency/veh/115/seq=0/zor=[MASKED] decision=drop because duplicate alert
+117.013110470s 64 caf.Forwarder:OnIncomingAlert(): [DEBUG] in=257 alert=/alert/emergency/veh/115/seq=0/zor=[MASKED]
+117.013110470s 64 caf.Forwarder:AlertVehicleHandler(): [DEBUG] in=(257,0) alert=/alert/emergency/veh/115/seq=0/zor=[MASKED] decision=drop because duplicate alert
+117.013149334s 85 caf.Forwarder:OnIncomingAlert(): [DEBUG] in=257 alert=/alert/emergency/veh/115/seq=0/zor=[MASKED]
+117.013149334s 85 caf.Forwarder:AlertVehicleHandler(): [DEBUG] in=(257,0) alert=/alert/emergency/veh/115/seq=0/zor=[MASKED] decision=drop because duplicate alert
+117.013321709s 95 caf.Forwarder:OnOutgoingAlert(): [DEBUG] out=257 alert=/alert/emergency/veh/115/seq=0/zor=[MASKED]
+117.013903480s 80 caf.Forwarder:OnIncomingAlert(): [DEBUG] in=257 alert=/alert/emergency/veh/115/seq=0/zor=[MASKED]
+117.013903480s 80 caf.Forwarder:AlertVehicleHandler(): [DEBUG] in=(257,0) alert=/alert/emergency/veh/115/seq=0/zor=[MASKED] decision=drop because duplicate alert
+117.014195791s 92 caf.Forwarder:OnIncomingAlert(): [DEBUG] in=257 alert=/alert/emergency/veh/115/seq=0/zor=[MASKED]
+117.014195791s 92 caf.Forwarder:AlertVehicleHandler(): [DEBUG] in=(257,0) alert=/alert/emergency/veh/115/seq=0/zor=[MASKED] decision=drop because duplicate alert
+117.014195815s 100 caf.Forwarder:OnIncomingAlert(): [DEBUG] in=257 alert=/alert/emergency/veh/115/seq=0/zor=[MASKED]
+117.014195815s 100 caf.Forwarder:AlertVehicleHandler(): [DEBUG] in=(257,0) alert=/alert/emergency/veh/115/seq=0/zor=[MASKED] decision=forward to vehicles deferred until 1.8584ms
+117.014195815s 100 ndn.AlertConsumer:doReceive(): [INFO ] Received alert: /alert/emergency/veh/115/seq=0/zor=[MASKED]
+117.014195819s 94 caf.Forwarder:OnIncomingAlert(): [DEBUG] in=257 alert=/alert/emergency/veh/115/seq=0/zor=[MASKED]
+117.014195819s 94 caf.Forwarder:AlertVehicleHandler(): [DEBUG] in=(257,0) alert=/alert/emergency/veh/115/seq=0/zor=[MASKED] decision=drop because duplicate alert
+117.014195843s 90 caf.Forwarder:OnIncomingAlert(): [DEBUG] in=257 alert=/alert/emergency/veh/115/seq=0/zor=[MASKED]
+117.014195843s 90 caf.Forwarder:AlertVehicleHandler(): [DEBUG] in=(257,0) alert=/alert/emergency/veh/115/seq=0/zor=[MASKED] decision=drop because duplicate alert
+117.014845738s 65 caf.Forwarder:OnOutgoingAlert(): [DEBUG] out=257 alert=/alert/emergency/veh/115/seq=0/zor=[MASKED]
+117.015277451s 87 caf.Forwarder:OnOutgoingAlert(): [DEBUG] out=257 alert=/alert/emergency/veh/115/seq=0/zor=[MASKED]
+117.015719822s 80 caf.Forwarder:OnIncomingAlert(): [DEBUG] in=257 alert=/alert/emergency/veh/115/seq=0/zor=[MASKED]
+117.015719822s 80 caf.Forwarder:AlertVehicleHandler(): [DEBUG] in=(257,0) alert=/alert/emergency/veh/115/seq=0/zor=[MASKED] decision=drop because duplicate alert
+117.015719879s 68 caf.Forwarder:OnIncomingAlert(): [DEBUG] in=257 alert=/alert/emergency/veh/115/seq=0/zor=[MASKED]
+117.015719879s 68 caf.Forwarder:AlertVehicleHandler(): [DEBUG] in=(257,0) alert=/alert/emergency/veh/115/seq=0/zor=[MASKED] decision=drop because duplicate alert
+117.015719908s 70 caf.Forwarder:OnIncomingAlert(): [DEBUG] in=257 alert=/alert/emergency/veh/115/seq=0/zor=[MASKED]
+117.015719908s 70 caf.Forwarder:AlertVehicleHandler(): [DEBUG] in=(257,0) alert=/alert/emergency/veh/115/seq=0/zor=[MASKED] decision=drop because duplicate alert
+117.016054219s 100 caf.Forwarder:OnOutgoingAlert(): [DEBUG] out=257 alert=/alert/emergency/veh/115/seq=0/zor=[MASKED]
+117.016151504s 72 caf.Forwarder:OnIncomingAlert(): [DEBUG] in=257 alert=/alert/emergency/veh/115/seq=0/zor=[MASKED]
+117.016151504s 72 caf.Forwarder:AlertVehicleHandler(): [DEBUG] in=(257,0) alert=/alert/emergency/veh/115/seq=0/zor=[MASKED] decision=drop because duplicate alert
+117.016151517s 84 caf.Forwarder:OnIncomingAlert(): [DEBUG] in=257 alert=/alert/emergency/veh/115/seq=0/zor=[MASKED]
+117.016151517s 84 caf.Forwarder:AlertVehicleHandler(): [DEBUG] in=(257,0) alert=/alert/emergency/veh/115/seq=0/zor=[MASKED] decision=forward to vehicles deferred until 3.04922ms
+117.016151517s 84 ndn.AlertConsumer:doReceive(): [INFO ] Received alert: /alert/emergency/veh/115/seq=0/zor=[MASKED]
+117.016928292s 99 caf.Forwarder:OnIncomingAlert(): [DEBUG] in=257 alert=/alert/emergency/veh/115/seq=0/zor=[MASKED]
+117.016928292s 99 caf.Forwarder:AlertVehicleHandler(): [DEBUG] in=(257,0) alert=/alert/emergency/veh/115/seq=0/zor=[MASKED] decision=forward to vehicles deferred until 2.85644ms
+117.016928292s 99 ndn.AlertConsumer:doReceive(): [INFO ] Received alert: /alert/emergency/veh/115/seq=0/zor=[MASKED]
+117.016928324s 95 caf.Forwarder:OnIncomingAlert(): [DEBUG] in=257 alert=/alert/emergency/veh/115/seq=0/zor=[MASKED]
+117.016928324s 95 caf.Forwarder:AlertVehicleHandler(): [DEBUG] in=(257,0) alert=/alert/emergency/veh/115/seq=0/zor=[MASKED] decision=drop because duplicate alert
+117.019200735s 84 caf.Forwarder:OnOutgoingAlert(): [DEBUG] out=257 alert=/alert/emergency/veh/115/seq=0/zor=[MASKED]
+117.019784730s 99 caf.Forwarder:OnOutgoingAlert(): [DEBUG] out=257 alert=/alert/emergency/veh/115/seq=0/zor=[MASKED]
+117.020074801s 87 caf.Forwarder:OnIncomingAlert(): [DEBUG] in=257 alert=/alert/emergency/veh/115/seq=0/zor=[MASKED]
+117.020074801s 87 caf.Forwarder:AlertVehicleHandler(): [DEBUG] in=(257,0) alert=/alert/emergency/veh/115/seq=0/zor=[MASKED] decision=drop because duplicate alert
+117.020074826s 68 caf.Forwarder:OnIncomingAlert(): [DEBUG] in=257 alert=/alert/emergency/veh/115/seq=0/zor=[MASKED]
+117.020074826s 68 caf.Forwarder:AlertVehicleHandler(): [DEBUG] in=(257,0) alert=/alert/emergency/veh/115/seq=0/zor=[MASKED] decision=drop because duplicate alert
+117.020074841s 80 caf.Forwarder:OnIncomingAlert(): [DEBUG] in=257 alert=/alert/emergency/veh/115/seq=0/zor=[MASKED]
+117.020074841s 80 caf.Forwarder:AlertVehicleHandler(): [DEBUG] in=(257,0) alert=/alert/emergency/veh/115/seq=0/zor=[MASKED] decision=drop because duplicate alert
+117.020074847s 72 caf.Forwarder:OnIncomingAlert(): [DEBUG] in=257 alert=/alert/emergency/veh/115/seq=0/zor=[MASKED]
+117.020074847s 72 caf.Forwarder:AlertVehicleHandler(): [DEBUG] in=(257,0) alert=/alert/emergency/veh/115/seq=0/zor=[MASKED] decision=drop because duplicate alert
+117.020074849s 70 caf.Forwarder:OnIncomingAlert(): [DEBUG] in=257 alert=/alert/emergency/veh/115/seq=0/zor=[MASKED]
+117.020074849s 70 caf.Forwarder:AlertVehicleHandler(): [DEBUG] in=(257,0) alert=/alert/emergency/veh/115/seq=0/zor=[MASKED] decision=drop because duplicate alert
+117.020074865s 78 caf.Forwarder:OnIncomingAlert(): [DEBUG] in=257 alert=/alert/emergency/veh/115/seq=0/zor=[MASKED]
+117.020074865s 78 caf.Forwarder:AlertVehicleHandler(): [DEBUG] in=(257,0) alert=/alert/emergency/veh/115/seq=0/zor=[MASKED] decision=drop because duplicate alert
+117.020074883s 86 caf.Forwarder:OnIncomingAlert(): [DEBUG] in=257 alert=/alert/emergency/veh/115/seq=0/zor=[MASKED]
+117.020074883s 86 caf.Forwarder:AlertVehicleHandler(): [DEBUG] in=(257,0) alert=/alert/emergency/veh/115/seq=0/zor=[MASKED] decision=drop because duplicate alert
+117.020074890s 85 caf.Forwarder:OnIncomingAlert(): [DEBUG] in=257 alert=/alert/emergency/veh/115/seq=0/zor=[MASKED]
+117.020074890s 85 caf.Forwarder:AlertVehicleHandler(): [DEBUG] in=(257,0) alert=/alert/emergency/veh/115/seq=0/zor=[MASKED] decision=drop because duplicate alert
+117.020658803s 100 caf.Forwarder:OnIncomingAlert(): [DEBUG] in=257 alert=/alert/emergency/veh/115/seq=0/zor=[MASKED]
+117.020658803s 100 caf.Forwarder:AlertVehicleHandler(): [DEBUG] in=(257,0) alert=/alert/emergency/veh/115/seq=0/zor=[MASKED] decision=drop because duplicate alert
+117.020658889s 103 caf.Forwarder:OnIncomingAlert(): [DEBUG] in=257 alert=/alert/emergency/veh/115/seq=0/zor=[MASKED]
+117.020658889s 103 caf.Forwarder:AlertVehicleHandler(): [DEBUG] in=(257,0) alert=/alert/emergency/veh/115/seq=0/zor=[MASKED] decision=forward to vehicles deferred until 0.249926ms
+117.020658889s 103 ndn.AlertConsumer:doReceive(): [INFO ] Received alert: /alert/emergency/veh/115/seq=0/zor=[MASKED]
+117.020908815s 103 caf.Forwarder:OnOutgoingAlert(): [DEBUG] out=257 alert=/alert/emergency/veh/115/seq=0/zor=[MASKED]
+117.021782847s 104 caf.Forwarder:OnIncomingAlert(): [DEBUG] in=257 alert=/alert/emergency/veh/115/seq=0/zor=[MASKED]
+117.021782847s 104 caf.Forwarder:AlertVehicleHandler(): [DEBUG] in=(257,0) alert=/alert/emergency/veh/115/seq=0/zor=[MASKED] decision=drop since sender is closer
+117.021782914s 74 caf.Forwarder:OnIncomingAlert(): [DEBUG] in=257 alert=/alert/emergency/veh/115/seq=0/zor=[MASKED]
+117.021782914s 74 caf.Forwarder:AlertVehicleHandler(): [DEBUG] in=(257,0) alert=/alert/emergency/veh/115/seq=0/zor=[MASKED] decision=drop since sender is closer
+117.021782922s 107 caf.Forwarder:OnIncomingAlert(): [DEBUG] in=257 alert=/alert/emergency/veh/115/seq=0/zor=[MASKED]
+117.021782922s 107 caf.Forwarder:AlertVehicleHandler(): [DEBUG] in=(257,0) alert=/alert/emergency/veh/115/seq=0/zor=[MASKED] decision=drop since sender is closer
+117.021782974s 99 caf.Forwarder:OnIncomingAlert(): [DEBUG] in=257 alert=/alert/emergency/veh/115/seq=0/zor=[MASKED]
+117.021782974s 99 caf.Forwarder:AlertVehicleHandler(): [DEBUG] in=(257,0) alert=/alert/emergency/veh/115/seq=0/zor=[MASKED] decision=drop because duplicate alert
+118.984185417s 118 ndn.RandomAlertProducer:AlertSupplier(): [LOGIC] Send alert=/alert/emergency/veh/118/seq=0/zor=[MASKED] vehCount=40 rsuCount=9
+118.984185417s 118 caf.Forwarder:OnIncomingAlert(): [DEBUG] in=260 alert=/alert/emergency/veh/118/seq=0/zor=[MASKED]
+118.984185417s 118 caf.Forwarder:AlertVehicleHandler(): [DEBUG] in=(260,0) alert=/alert/emergency/veh/118/seq=0/zor=[MASKED] decision=forward to vehicles
+118.984185417s 118 caf.Forwarder:OnOutgoingAlert(): [DEBUG] out=257 alert=/alert/emergency/veh/118/seq=0/zor=[MASKED]
+118.985059522s 44 caf.Forwarder:OnIncomingAlert(): [DEBUG] in=257 alert=/alert/emergency/veh/118/seq=0/zor=[MASKED]
+118.985059522s 44 caf.Forwarder:AlertVehicleHandler(): [DEBUG] in=(257,0) alert=/alert/emergency/veh/118/seq=0/zor=[MASKED] decision=forward to vehicles deferred until 1.88105ms
+118.985059574s 50 caf.Forwarder:OnIncomingAlert(): [DEBUG] in=257 alert=/alert/emergency/veh/118/seq=0/zor=[MASKED]
+118.985059574s 50 caf.Forwarder:AlertVehicleHandler(): [DEBUG] in=(257,0) alert=/alert/emergency/veh/118/seq=0/zor=[MASKED] decision=forward to vehicles deferred until 0.300673ms
+118.985360247s 50 caf.Forwarder:OnOutgoingAlert(): [DEBUG] out=257 alert=/alert/emergency/veh/118/seq=0/zor=[MASKED]
+118.986234304s 44 caf.Forwarder:OnIncomingAlert(): [DEBUG] in=257 alert=/alert/emergency/veh/118/seq=0/zor=[MASKED]
+118.986234304s 44 caf.Forwarder:AlertVehicleHandler(): [DEBUG] in= (257,0) alert=/alert/emergency/veh/118/seq=0/zor=[MASKED] timer cancelled because sender closer to ZoR
+118.986234323s 61 caf.Forwarder:OnIncomingAlert(): [DEBUG] in=257 alert=/alert/emergency/veh/118/seq=0/zor=[MASKED]
+118.986234323s 61 caf.Forwarder:AlertVehicleHandler(): [DEBUG] in=(257,0) alert=/alert/emergency/veh/118/seq=0/zor=[MASKED] decision=forward to vehicles deferred until 2.7414ms
+118.986234365s 116 caf.Forwarder:OnIncomingAlert(): [DEBUG] in=257 alert=/alert/emergency/veh/118/seq=0/zor=[MASKED]
+118.986234365s 116 caf.Forwarder:AlertVehicleHandler(): [DEBUG] in=(257,0) alert=/alert/emergency/veh/118/seq=0/zor=[MASKED] decision=forward to vehicles deferred until 1.48451ms
+118.986234404s 118 caf.Forwarder:OnIncomingAlert(): [DEBUG] in=257 alert=/alert/emergency/veh/118/seq=0/zor=[MASKED]
+118.986234404s 118 caf.Forwarder:AlertVehicleHandler(): [DEBUG] in=(257,0) alert=/alert/emergency/veh/118/seq=0/zor=[MASKED] decision=drop because duplicate alert
+118.987718872s 116 caf.Forwarder:OnOutgoingAlert(): [DEBUG] out=257 alert=/alert/emergency/veh/118/seq=0/zor=[MASKED]
+118.988592924s 61 caf.Forwarder:OnIncomingAlert(): [DEBUG] in=257 alert=/alert/emergency/veh/118/seq=0/zor=[MASKED]
+118.988592924s 61 caf.Forwarder:AlertVehicleHandler(): [DEBUG] in= (257,0) alert=/alert/emergency/veh/118/seq=0/zor=[MASKED] timer cancelled because sender closer to ZoR
+118.988592947s 60 caf.Forwarder:OnIncomingAlert(): [DEBUG] in=257 alert=/alert/emergency/veh/118/seq=0/zor=[MASKED]
+118.988592947s 60 caf.Forwarder:AlertVehicleHandler(): [DEBUG] in=(257,0) alert=/alert/emergency/veh/118/seq=0/zor=[MASKED] decision=forward to vehicles deferred until 2.79227ms
+118.988592990s 50 caf.Forwarder:OnIncomingAlert(): [DEBUG] in=257 alert=/alert/emergency/veh/118/seq=0/zor=[MASKED]
+118.988592990s 50 caf.Forwarder:AlertVehicleHandler(): [DEBUG] in=(257,0) alert=/alert/emergency/veh/118/seq=0/zor=[MASKED] decision=drop because duplicate alert
+118.991385213s 60 caf.Forwarder:OnOutgoingAlert(): [DEBUG] out=257 alert=/alert/emergency/veh/118/seq=0/zor=[MASKED]
+118.992259287s 116 caf.Forwarder:OnIncomingAlert(): [DEBUG] in=257 alert=/alert/emergency/veh/118/seq=0/zor=[MASKED]
+118.992259287s 116 caf.Forwarder:AlertVehicleHandler(): [DEBUG] in=(257,0) alert=/alert/emergency/veh/118/seq=0/zor=[MASKED] decision=drop because duplicate alert
+118.992259321s 61 caf.Forwarder:OnIncomingAlert(): [DEBUG] in=257 alert=/alert/emergency/veh/118/seq=0/zor=[MASKED]
+118.992259321s 61 caf.Forwarder:AlertVehicleHandler(): [DEBUG] in=(257,0) alert=/alert/emergency/veh/118/seq=0/zor=[MASKED] decision=drop because duplicate alert
+118.992259363s 69 caf.Forwarder:OnIncomingAlert(): [DEBUG] in=257 alert=/alert/emergency/veh/118/seq=0/zor=[MASKED]
+118.992259363s 69 caf.Forwarder:AlertVehicleHandler(): [DEBUG] in=(257,0) alert=/alert/emergency/veh/118/seq=0/zor=[MASKED] decision=forward to vehicles deferred until 0.522084ms
+118.992781447s 69 caf.Forwarder:OnOutgoingAlert(): [DEBUG] out=257 alert=/alert/emergency/veh/118/seq=0/zor=[MASKED]
+118.993655532s 108 caf.Forwarder:OnIncomingAlert(): [DEBUG] in=257 alert=/alert/emergency/veh/118/seq=0/zor=[MASKED]
+118.993655532s 108 caf.Forwarder:AlertVehicleHandler(): [DEBUG] in=(257,0) alert=/alert/emergency/veh/118/seq=0/zor=[MASKED] decision=forward to vehicles deferred until 2.4901ms
+118.993655597s 60 caf.Forwarder:OnIncomingAlert(): [DEBUG] in=257 alert=/alert/emergency/veh/118/seq=0/zor=[MASKED]
+118.993655597s 60 caf.Forwarder:AlertVehicleHandler(): [DEBUG] in=(257,0) alert=/alert/emergency/veh/118/seq=0/zor=[MASKED] decision=drop because duplicate alert
+118.993655615s 102 caf.Forwarder:OnIncomingAlert(): [DEBUG] in=257 alert=/alert/emergency/veh/118/seq=0/zor=[MASKED]
+118.993655615s 102 caf.Forwarder:AlertVehicleHandler(): [DEBUG] in=(257,0) alert=/alert/emergency/veh/118/seq=0/zor=[MASKED] decision=forward to vehicles deferred until 0ms
+118.993655615s 102 caf.Forwarder:OnOutgoingAlert(): [DEBUG] out=257 alert=/alert/emergency/veh/118/seq=0/zor=[MASKED]
+118.993655615s 102 ndn.AlertConsumer:doReceive(): [INFO ] Received alert: /alert/emergency/veh/118/seq=0/zor=[MASKED]
+118.994529647s 66 caf.Forwarder:OnIncomingAlert(): [DEBUG] in=257 alert=/alert/emergency/veh/118/seq=0/zor=[MASKED]
+118.994529647s 66 caf.Forwarder:AlertVehicleHandler(): [DEBUG] in=(257,0) alert=/alert/emergency/veh/118/seq=0/zor=[MASKED] decision=forward to vehicles deferred until 4.07576ms
+118.994529647s 66 ndn.AlertConsumer:doReceive(): [INFO ] Received alert: /alert/emergency/veh/118/seq=0/zor=[MASKED]
+118.994529654s 67 caf.Forwarder:OnIncomingAlert(): [DEBUG] in=257 alert=/alert/emergency/veh/118/seq=0/zor=[MASKED]
+118.994529654s 67 caf.Forwarder:AlertVehicleHandler(): [DEBUG] in=(257,0) alert=/alert/emergency/veh/118/seq=0/zor=[MASKED] decision=forward to vehicles deferred until 3.87459ms
+118.994529654s 67 ndn.AlertConsumer:doReceive(): [INFO ] Received alert: /alert/emergency/veh/118/seq=0/zor=[MASKED]
+118.994529700s 108 caf.Forwarder:OnIncomingAlert(): [DEBUG] in=257 alert=/alert/emergency/veh/118/seq=0/zor=[MASKED]
+118.994529700s 108 caf.Forwarder:AlertVehicleHandler(): [DEBUG] in= (257,0) alert=/alert/emergency/veh/118/seq=0/zor=[MASKED] timer cancelled because sender closer to ZoR
+118.994529783s 69 caf.Forwarder:OnIncomingAlert(): [DEBUG] in=257 alert=/alert/emergency/veh/118/seq=0/zor=[MASKED]
+118.994529783s 69 caf.Forwarder:AlertVehicleHandler(): [DEBUG] in=(257,0) alert=/alert/emergency/veh/118/seq=0/zor=[MASKED] decision=drop because duplicate alert
+118.998404243s 67 caf.Forwarder:OnOutgoingAlert(): [DEBUG] out=257 alert=/alert/emergency/veh/118/seq=0/zor=[MASKED]
+118.998605411s 66 caf.Forwarder:OnOutgoingAlert(): [DEBUG] out=257 alert=/alert/emergency/veh/118/seq=0/zor=[MASKED]
+118.999278260s 66 caf.Forwarder:OnIncomingAlert(): [DEBUG] in=257 alert=/alert/emergency/veh/118/seq=0/zor=[MASKED]
+118.999278260s 66 caf.Forwarder:AlertVehicleHandler(): [DEBUG] in=(257,0) alert=/alert/emergency/veh/118/seq=0/zor=[MASKED] decision=drop because duplicate alert
+118.999278282s 102 caf.Forwarder:OnIncomingAlert(): [DEBUG] in=257 alert=/alert/emergency/veh/118/seq=0/zor=[MASKED]
+118.999278282s 102 caf.Forwarder:AlertVehicleHandler(): [DEBUG] in=(257,0) alert=/alert/emergency/veh/118/seq=0/zor=[MASKED] decision=drop because duplicate alert
+118.999278366s 108 caf.Forwarder:OnIncomingAlert(): [DEBUG] in=257 alert=/alert/emergency/veh/118/seq=0/zor=[MASKED]
+118.999278366s 108 caf.Forwarder:AlertVehicleHandler(): [DEBUG] in=(257,0) alert=/alert/emergency/veh/118/seq=0/zor=[MASKED] decision=drop because duplicate alert
+119.000308277s 67 caf.Forwarder:OnIncomingAlert(): [DEBUG] in=257 alert=/alert/emergency/veh/118/seq=0/zor=[MASKED]
+119.000308277s 67 caf.Forwarder:AlertVehicleHandler(): [DEBUG] in=(257,0) alert=/alert/emergency/veh/118/seq=0/zor=[MASKED] decision=drop because duplicate alert
+119.000308292s 102 caf.Forwarder:OnIncomingAlert(): [DEBUG] in=257 alert=/alert/emergency/veh/118/seq=0/zor=[MASKED]
+119.000308292s 102 caf.Forwarder:AlertVehicleHandler(): [DEBUG] in=(257,0) alert=/alert/emergency/veh/118/seq=0/zor=[MASKED] decision=drop because duplicate alert
+119.000308371s 108 caf.Forwarder:OnIncomingAlert(): [DEBUG] in=257 alert=/alert/emergency/veh/118/seq=0/zor=[MASKED]
+119.000308371s 108 caf.Forwarder:AlertVehicleHandler(): [DEBUG] in=(257,0) alert=/alert/emergency/veh/118/seq=0/zor=[MASKED] decision=drop because duplicate alert
+119.803276546s 119 ndn.RandomAlertProducer:SendAlert(): [LOGIC] Don't send alert; condition failed
+119.921681157s 120 ndn.RandomAlertProducer:AlertSupplier(): [LOGIC] Send alert=/alert/emergency/veh/120/seq=0/zor=[MASKED] vehCount=41 rsuCount=9
+119.921681157s 120 caf.Forwarder:OnIncomingAlert(): [DEBUG] in=260 alert=/alert/emergency/veh/120/seq=0/zor=[MASKED]
+119.921681157s 120 caf.Forwarder:AlertVehicleHandler(): [DEBUG] in=(260,0) alert=/alert/emergency/veh/120/seq=0/zor=[MASKED] decision=forward to vehicles
+119.921681157s 120 caf.Forwarder:OnOutgoingAlert(): [DEBUG] out=257 alert=/alert/emergency/veh/120/seq=0/zor=[MASKED]
+119.922555316s 124 caf.Forwarder:OnIncomingAlert(): [DEBUG] in=257 alert=/alert/emergency/veh/120/seq=0/zor=[MASKED]
+119.922555316s 124 caf.Forwarder:AlertVehicleHandler(): [DEBUG] in=(257,0) alert=/alert/emergency/veh/120/seq=0/zor=[MASKED] decision=drop since sender is closer
+119.922555329s 118 caf.Forwarder:OnIncomingAlert(): [DEBUG] in=257 alert=/alert/emergency/veh/120/seq=0/zor=[MASKED]
+119.922555329s 118 caf.Forwarder:AlertVehicleHandler(): [DEBUG] in=(257,0) alert=/alert/emergency/veh/120/seq=0/zor=[MASKED] decision=forward to vehicles deferred until 0ms
+119.922555329s 118 caf.Forwarder:OnOutgoingAlert(): [DEBUG] out=257 alert=/alert/emergency/veh/120/seq=0/zor=[MASKED]
+119.923429367s 44 caf.Forwarder:OnIncomingAlert(): [DEBUG] in=257 alert=/alert/emergency/veh/120/seq=0/zor=[MASKED]
+119.923429367s 44 caf.Forwarder:AlertVehicleHandler(): [DEBUG] in=(257,0) alert=/alert/emergency/veh/120/seq=0/zor=[MASKED] decision=forward to vehicles deferred until 3.91122ms
+119.923429406s 50 caf.Forwarder:OnIncomingAlert(): [DEBUG] in=257 alert=/alert/emergency/veh/120/seq=0/zor=[MASKED]
+119.923429406s 50 caf.Forwarder:AlertVehicleHandler(): [DEBUG] in=(257,0) alert=/alert/emergency/veh/120/seq=0/zor=[MASKED] decision=forward to vehicles deferred until 2.71139ms
+119.923429480s 61 caf.Forwarder:OnIncomingAlert(): [DEBUG] in=257 alert=/alert/emergency/veh/120/seq=0/zor=[MASKED]
+119.923429480s 61 caf.Forwarder:AlertVehicleHandler(): [DEBUG] in=(257,0) alert=/alert/emergency/veh/120/seq=0/zor=[MASKED] decision=forward to vehicles deferred until 0.478216ms
+119.923429501s 120 caf.Forwarder:OnIncomingAlert(): [DEBUG] in=257 alert=/alert/emergency/veh/120/seq=0/zor=[MASKED]
+119.923429501s 120 caf.Forwarder:AlertVehicleHandler(): [DEBUG] in=(257,0) alert=/alert/emergency/veh/120/seq=0/zor=[MASKED] decision=drop because duplicate alert
+119.923907695s 61 caf.Forwarder:OnOutgoingAlert(): [DEBUG] out=257 alert=/alert/emergency/veh/120/seq=0/zor=[MASKED]
+119.924781769s 50 caf.Forwarder:OnIncomingAlert(): [DEBUG] in=257 alert=/alert/emergency/veh/120/seq=0/zor=[MASKED]
+119.924781769s 50 caf.Forwarder:AlertVehicleHandler(): [DEBUG] in= (257,0) alert=/alert/emergency/veh/120/seq=0/zor=[MASKED] timer cancelled because sender closer to ZoR
+119.924781802s 60 caf.Forwarder:OnIncomingAlert(): [DEBUG] in=257 alert=/alert/emergency/veh/120/seq=0/zor=[MASKED]
+119.924781802s 60 caf.Forwarder:AlertVehicleHandler(): [DEBUG] in=(257,0) alert=/alert/emergency/veh/120/seq=0/zor=[MASKED] decision=forward to vehicles deferred until 1.82005ms
+119.924781823s 44 caf.Forwarder:OnIncomingAlert(): [DEBUG] in=257 alert=/alert/emergency/veh/120/seq=0/zor=[MASKED]
+119.924781823s 44 caf.Forwarder:AlertVehicleHandler(): [DEBUG] in= (257,0) alert=/alert/emergency/veh/120/seq=0/zor=[MASKED] timer cancelled because sender closer to ZoR
+119.924781829s 116 caf.Forwarder:OnIncomingAlert(): [DEBUG] in=257 alert=/alert/emergency/veh/120/seq=0/zor=[MASKED]
+119.924781829s 116 caf.Forwarder:AlertVehicleHandler(): [DEBUG] in=(257,0) alert=/alert/emergency/veh/120/seq=0/zor=[MASKED] decision=forward to vehicles deferred until 1.00447ms
+119.924781846s 118 caf.Forwarder:OnIncomingAlert(): [DEBUG] in=257 alert=/alert/emergency/veh/120/seq=0/zor=[MASKED]
+119.924781846s 118 caf.Forwarder:AlertVehicleHandler(): [DEBUG] in=(257,0) alert=/alert/emergency/veh/120/seq=0/zor=[MASKED] decision=drop because duplicate alert
+119.925786298s 116 caf.Forwarder:OnOutgoingAlert(): [DEBUG] out=257 alert=/alert/emergency/veh/120/seq=0/zor=[MASKED]
+119.926601853s 60 caf.Forwarder:OnOutgoingAlert(): [DEBUG] out=257 alert=/alert/emergency/veh/120/seq=0/zor=[MASKED]
+119.926660337s 60 caf.Forwarder:OnIncomingAlert(): [DEBUG] in=257 alert=/alert/emergency/veh/120/seq=0/zor=[MASKED]
+119.926660337s 60 caf.Forwarder:AlertVehicleHandler(): [DEBUG] in=(257,0) alert=/alert/emergency/veh/120/seq=0/zor=[MASKED] decision=drop because duplicate alert
+119.926660430s 69 caf.Forwarder:OnIncomingAlert(): [DEBUG] in=257 alert=/alert/emergency/veh/120/seq=0/zor=[MASKED]
+119.926660430s 69 caf.Forwarder:AlertVehicleHandler(): [DEBUG] in=(257,0) alert=/alert/emergency/veh/120/seq=0/zor=[MASKED] decision=forward to vehicles deferred until 1.04182ms
+119.926660432s 61 caf.Forwarder:OnIncomingAlert(): [DEBUG] in=257 alert=/alert/emergency/veh/120/seq=0/zor=[MASKED]
+119.926660432s 61 caf.Forwarder:AlertVehicleHandler(): [DEBUG] in=(257,0) alert=/alert/emergency/veh/120/seq=0/zor=[MASKED] decision=drop because duplicate alert
+119.927651377s 116 caf.Forwarder:OnIncomingAlert(): [DEBUG] in=257 alert=/alert/emergency/veh/120/seq=0/zor=[MASKED]
+119.927651377s 116 caf.Forwarder:AlertVehicleHandler(): [DEBUG] in=(257,0) alert=/alert/emergency/veh/120/seq=0/zor=[MASKED] decision=drop because duplicate alert
+119.927651444s 61 caf.Forwarder:OnIncomingAlert(): [DEBUG] in=257 alert=/alert/emergency/veh/120/seq=0/zor=[MASKED]
+119.927651444s 61 caf.Forwarder:AlertVehicleHandler(): [DEBUG] in=(257,0) alert=/alert/emergency/veh/120/seq=0/zor=[MASKED] decision=drop because duplicate alert
+119.927651489s 69 caf.Forwarder:OnIncomingAlert(): [DEBUG] in=257 alert=/alert/emergency/veh/120/seq=0/zor=[MASKED]
+119.927702254s 69 caf.Forwarder:OnOutgoingAlert(): [DEBUG] out=257 alert=/alert/emergency/veh/120/seq=0/zor=[MASKED]
+119.928576386s 116 caf.Forwarder:OnIncomingAlert(): [DEBUG] in=257 alert=/alert/emergency/veh/120/seq=0/zor=[MASKED]
+119.928576386s 116 caf.Forwarder:AlertVehicleHandler(): [DEBUG] in=(257,0) alert=/alert/emergency/veh/120/seq=0/zor=[MASKED] decision=drop because duplicate alert
+119.928576406s 60 caf.Forwarder:OnIncomingAlert(): [DEBUG] in=257 alert=/alert/emergency/veh/120/seq=0/zor=[MASKED]
+119.928576406s 60 caf.Forwarder:AlertVehicleHandler(): [DEBUG] in=(257,0) alert=/alert/emergency/veh/120/seq=0/zor=[MASKED] decision=drop because duplicate alert
+119.928576422s 108 caf.Forwarder:OnIncomingAlert(): [DEBUG] in=257 alert=/alert/emergency/veh/120/seq=0/zor=[MASKED]
+119.928576422s 108 caf.Forwarder:AlertVehicleHandler(): [DEBUG] in=(257,0) alert=/alert/emergency/veh/120/seq=0/zor=[MASKED] decision=forward to vehicles deferred until 0ms
+119.928576422s 108 caf.Forwarder:OnOutgoingAlert(): [DEBUG] out=257 alert=/alert/emergency/veh/120/seq=0/zor=[MASKED]
+119.928576422s 108 ndn.AlertConsumer:doReceive(): [INFO ] Received alert: /alert/emergency/veh/120/seq=0/zor=[MASKED]
+119.929450456s 67 caf.Forwarder:OnIncomingAlert(): [DEBUG] in=257 alert=/alert/emergency/veh/120/seq=0/zor=[MASKED]
+119.929450456s 67 caf.Forwarder:AlertVehicleHandler(): [DEBUG] in=(257,0) alert=/alert/emergency/veh/120/seq=0/zor=[MASKED] decision=forward to vehicles deferred until 4.01401ms
+119.929450456s 67 ndn.AlertConsumer:doReceive(): [INFO ] Received alert: /alert/emergency/veh/120/seq=0/zor=[MASKED]
+119.929450458s 66 caf.Forwarder:OnIncomingAlert(): [DEBUG] in=257 alert=/alert/emergency/veh/120/seq=0/zor=[MASKED]
+119.929450458s 66 caf.Forwarder:AlertVehicleHandler(): [DEBUG] in=(257,0) alert=/alert/emergency/veh/120/seq=0/zor=[MASKED] decision=forward to vehicles deferred until 3.95667ms
+119.929450458s 66 ndn.AlertConsumer:doReceive(): [INFO ] Received alert: /alert/emergency/veh/120/seq=0/zor=[MASKED]
+119.929450505s 102 caf.Forwarder:OnIncomingAlert(): [DEBUG] in=257 alert=/alert/emergency/veh/120/seq=0/zor=[MASKED]
+119.929450505s 102 caf.Forwarder:AlertVehicleHandler(): [DEBUG] in=(257,0) alert=/alert/emergency/veh/120/seq=0/zor=[MASKED] decision=forward to vehicles deferred until 2.52639ms
+119.929450505s 102 ndn.AlertConsumer:doReceive(): [INFO ] Received alert: /alert/emergency/veh/120/seq=0/zor=[MASKED]
+119.929450590s 69 caf.Forwarder:OnIncomingAlert(): [DEBUG] in=257 alert=/alert/emergency/veh/120/seq=0/zor=[MASKED]
+119.929450590s 69 caf.Forwarder:AlertVehicleHandler(): [DEBUG] in=(257,0) alert=/alert/emergency/veh/120/seq=0/zor=[MASKED] decision=drop because duplicate alert
+119.931976890s 102 caf.Forwarder:OnOutgoingAlert(): [DEBUG] out=257 alert=/alert/emergency/veh/120/seq=0/zor=[MASKED]
+119.932850942s 67 caf.Forwarder:OnIncomingAlert(): [DEBUG] in=257 alert=/alert/emergency/veh/120/seq=0/zor=[MASKED]
+119.932850942s 67 caf.Forwarder:AlertVehicleHandler(): [DEBUG] in= (257,0) alert=/alert/emergency/veh/120/seq=0/zor=[MASKED] timer cancelled because sender farther then node
+119.932850948s 66 caf.Forwarder:OnIncomingAlert(): [DEBUG] in=257 alert=/alert/emergency/veh/120/seq=0/zor=[MASKED]
+119.932850948s 66 caf.Forwarder:AlertVehicleHandler(): [DEBUG] in= (257,0) alert=/alert/emergency/veh/120/seq=0/zor=[MASKED] timer cancelled because sender farther then node
+119.932850973s 108 caf.Forwarder:OnIncomingAlert(): [DEBUG] in=257 alert=/alert/emergency/veh/120/seq=0/zor=[MASKED]
+119.932850973s 108 caf.Forwarder:AlertVehicleHandler(): [DEBUG] in=(257,0) alert=/alert/emergency/veh/120/seq=0/zor=[MASKED] decision=drop because duplicate alert
+119.932851057s 65 caf.Forwarder:OnIncomingAlert(): [DEBUG] in=257 alert=/alert/emergency/veh/120/seq=0/zor=[MASKED]
+119.932851057s 65 caf.Forwarder:AlertVehicleHandler(): [DEBUG] in=(257,0) alert=/alert/emergency/veh/120/seq=0/zor=[MASKED] decision=forward to vehicles deferred until 0.00831484ms
+119.932851057s 65 ndn.AlertConsumer:doReceive(): [INFO ] Received alert: /alert/emergency/veh/120/seq=0/zor=[MASKED]
+119.932859371s 65 caf.Forwarder:OnOutgoingAlert(): [DEBUG] out=257 alert=/alert/emergency/veh/120/seq=0/zor=[MASKED]
+119.933733423s 97 caf.Forwarder:OnIncomingAlert(): [DEBUG] in=257 alert=/alert/emergency/veh/120/seq=0/zor=[MASKED]
+119.933733423s 97 caf.Forwarder:AlertVehicleHandler(): [DEBUG] in=(257,0) alert=/alert/emergency/veh/120/seq=0/zor=[MASKED] decision=forward to vehicles deferred until 3.4784ms
+119.933733423s 97 ndn.AlertConsumer:doReceive(): [INFO ] Received alert: /alert/emergency/veh/120/seq=0/zor=[MASKED]
+119.933733444s 80 caf.Forwarder:OnIncomingAlert(): [DEBUG] in=257 alert=/alert/emergency/veh/120/seq=0/zor=[MASKED]
+119.933733444s 80 caf.Forwarder:AlertVehicleHandler(): [DEBUG] in=(257,0) alert=/alert/emergency/veh/120/seq=0/zor=[MASKED] decision=forward to vehicles deferred until 2.8484ms
+119.933733444s 80 ndn.AlertConsumer:doReceive(): [INFO ] Received alert: /alert/emergency/veh/120/seq=0/zor=[MASKED]
+119.933733537s 102 caf.Forwarder:OnIncomingAlert(): [DEBUG] in=257 alert=/alert/emergency/veh/120/seq=0/zor=[MASKED]
+119.933733537s 102 caf.Forwarder:AlertVehicleHandler(): [DEBUG] in=(257,0) alert=/alert/emergency/veh/120/seq=0/zor=[MASKED] decision=drop because duplicate alert
+119.936581841s 80 caf.Forwarder:OnOutgoingAlert(): [DEBUG] out=257 alert=/alert/emergency/veh/120/seq=0/zor=[MASKED]
+119.937211823s 97 caf.Forwarder:OnOutgoingAlert(): [DEBUG] out=257 alert=/alert/emergency/veh/120/seq=0/zor=[MASKED]
+119.937455868s 97 caf.Forwarder:OnIncomingAlert(): [DEBUG] in=257 alert=/alert/emergency/veh/120/seq=0/zor=[MASKED]
+119.937455868s 97 caf.Forwarder:AlertVehicleHandler(): [DEBUG] in=(257,0) alert=/alert/emergency/veh/120/seq=0/zor=[MASKED] decision=drop because duplicate alert
+119.937455914s 65 caf.Forwarder:OnIncomingAlert(): [DEBUG] in=257 alert=/alert/emergency/veh/120/seq=0/zor=[MASKED]
+119.937455914s 65 caf.Forwarder:AlertVehicleHandler(): [DEBUG] in=(257,0) alert=/alert/emergency/veh/120/seq=0/zor=[MASKED] decision=drop because duplicate alert
+119.937455950s 68 caf.Forwarder:OnIncomingAlert(): [DEBUG] in=257 alert=/alert/emergency/veh/120/seq=0/zor=[MASKED]
+119.937455950s 68 caf.Forwarder:AlertVehicleHandler(): [DEBUG] in=(257,0) alert=/alert/emergency/veh/120/seq=0/zor=[MASKED] decision=forward to vehicles deferred until 1.76748ms
+119.937455950s 68 ndn.AlertConsumer:doReceive(): [INFO ] Received alert: /alert/emergency/veh/120/seq=0/zor=[MASKED]
+119.938394895s 80 caf.Forwarder:OnIncomingAlert(): [DEBUG] in=257 alert=/alert/emergency/veh/120/seq=0/zor=[MASKED]
+119.938394895s 80 caf.Forwarder:AlertVehicleHandler(): [DEBUG] in=(257,0) alert=/alert/emergency/veh/120/seq=0/zor=[MASKED] decision=drop because duplicate alert
+119.938394920s 65 caf.Forwarder:OnIncomingAlert(): [DEBUG] in=257 alert=/alert/emergency/veh/120/seq=0/zor=[MASKED]
+119.938394920s 65 caf.Forwarder:AlertVehicleHandler(): [DEBUG] in=(257,0) alert=/alert/emergency/veh/120/seq=0/zor=[MASKED] decision=drop because duplicate alert
+119.938395002s 68 caf.Forwarder:OnIncomingAlert(): [DEBUG] in=257 alert=/alert/emergency/veh/120/seq=0/zor=[MASKED]
+119.939223426s 68 caf.Forwarder:OnOutgoingAlert(): [DEBUG] out=257 alert=/alert/emergency/veh/120/seq=0/zor=[MASKED]
+119.940097491s 70 caf.Forwarder:OnIncomingAlert(): [DEBUG] in=257 alert=/alert/emergency/veh/120/seq=0/zor=[MASKED]
+119.940097491s 70 caf.Forwarder:AlertVehicleHandler(): [DEBUG] in=(257,0) alert=/alert/emergency/veh/120/seq=0/zor=[MASKED] decision=forward to vehicles deferred until 3.07173ms
+119.940097491s 70 ndn.AlertConsumer:doReceive(): [INFO ] Received alert: /alert/emergency/veh/120/seq=0/zor=[MASKED]
+119.940097510s 78 caf.Forwarder:OnIncomingAlert(): [DEBUG] in=257 alert=/alert/emergency/veh/120/seq=0/zor=[MASKED]
+119.940097510s 78 caf.Forwarder:AlertVehicleHandler(): [DEBUG] in=(257,0) alert=/alert/emergency/veh/120/seq=0/zor=[MASKED] decision=forward to vehicles deferred until 2.50137ms
+119.940097510s 78 ndn.AlertConsumer:doReceive(): [INFO ] Received alert: /alert/emergency/veh/120/seq=0/zor=[MASKED]
+119.940097513s 89 caf.Forwarder:OnIncomingAlert(): [DEBUG] in=257 alert=/alert/emergency/veh/120/seq=0/zor=[MASKED]
+119.940097513s 89 caf.Forwarder:AlertVehicleHandler(): [DEBUG] in=(257,0) alert=/alert/emergency/veh/120/seq=0/zor=[MASKED] decision=forward to vehicles deferred until 2.40814ms
+119.940097513s 89 ndn.AlertConsumer:doReceive(): [INFO ] Received alert: /alert/emergency/veh/120/seq=0/zor=[MASKED]
+119.940097529s 86 caf.Forwarder:OnIncomingAlert(): [DEBUG] in=257 alert=/alert/emergency/veh/120/seq=0/zor=[MASKED]
+119.940097529s 86 caf.Forwarder:AlertVehicleHandler(): [DEBUG] in=(257,0) alert=/alert/emergency/veh/120/seq=0/zor=[MASKED] decision=forward to vehicles deferred until 1.93789ms
+119.940097529s 86 ndn.AlertConsumer:doReceive(): [INFO ] Received alert: /alert/emergency/veh/120/seq=0/zor=[MASKED]
+119.940097535s 80 caf.Forwarder:OnIncomingAlert(): [DEBUG] in=257 alert=/alert/emergency/veh/120/seq=0/zor=[MASKED]
+119.940097535s 80 caf.Forwarder:AlertVehicleHandler(): [DEBUG] in=(257,0) alert=/alert/emergency/veh/120/seq=0/zor=[MASKED] decision=drop because duplicate alert
+119.940097537s 85 caf.Forwarder:OnIncomingAlert(): [DEBUG] in=257 alert=/alert/emergency/veh/120/seq=0/zor=[MASKED]
+119.940097537s 85 caf.Forwarder:AlertVehicleHandler(): [DEBUG] in=(257,0) alert=/alert/emergency/veh/120/seq=0/zor=[MASKED] decision=forward to vehicles deferred until 1.69333ms
+119.940097537s 85 ndn.AlertConsumer:doReceive(): [INFO ] Received alert: /alert/emergency/veh/120/seq=0/zor=[MASKED]
+119.940097560s 97 caf.Forwarder:OnIncomingAlert(): [DEBUG] in=257 alert=/alert/emergency/veh/120/seq=0/zor=[MASKED]
+119.940097560s 97 caf.Forwarder:AlertVehicleHandler(): [DEBUG] in=(257,0) alert=/alert/emergency/veh/120/seq=0/zor=[MASKED] decision=drop because duplicate alert
+119.941790867s 85 caf.Forwarder:OnOutgoingAlert(): [DEBUG] out=257 alert=/alert/emergency/veh/120/seq=0/zor=[MASKED]
+119.942035417s 86 caf.Forwarder:OnOutgoingAlert(): [DEBUG] out=257 alert=/alert/emergency/veh/120/seq=0/zor=[MASKED]
+119.942505652s 89 caf.Forwarder:OnOutgoingAlert(): [DEBUG] out=257 alert=/alert/emergency/veh/120/seq=0/zor=[MASKED]
+119.942598881s 78 caf.Forwarder:OnOutgoingAlert(): [DEBUG] out=257 alert=/alert/emergency/veh/120/seq=0/zor=[MASKED]
+119.942664904s 89 caf.Forwarder:OnIncomingAlert(): [DEBUG] in=257 alert=/alert/emergency/veh/120/seq=0/zor=[MASKED]
+119.942664904s 89 caf.Forwarder:AlertVehicleHandler(): [DEBUG] in=(257,0) alert=/alert/emergency/veh/120/seq=0/zor=[MASKED] decision=drop because duplicate alert
+119.942664912s 86 caf.Forwarder:OnIncomingAlert(): [DEBUG] in=257 alert=/alert/emergency/veh/120/seq=0/zor=[MASKED]
+119.942664912s 86 caf.Forwarder:AlertVehicleHandler(): [DEBUG] in=(257,0) alert=/alert/emergency/veh/120/seq=0/zor=[MASKED] decision=drop because duplicate alert
+119.942664924s 70 caf.Forwarder:OnIncomingAlert(): [DEBUG] in=257 alert=/alert/emergency/veh/120/seq=0/zor=[MASKED]
+119.942664924s 70 caf.Forwarder:AlertVehicleHandler(): [DEBUG] in= (257,0) alert=/alert/emergency/veh/120/seq=0/zor=[MASKED] timer cancelled because sender farther then node
+119.942664931s 77 caf.Forwarder:OnIncomingAlert(): [DEBUG] in=257 alert=/alert/emergency/veh/120/seq=0/zor=[MASKED]
+119.942664931s 77 caf.Forwarder:AlertVehicleHandler(): [DEBUG] in=(257,0) alert=/alert/emergency/veh/120/seq=0/zor=[MASKED] decision=forward to vehicles deferred until 3.10792ms
+119.942664931s 77 ndn.AlertConsumer:doReceive(): [INFO ] Received alert: /alert/emergency/veh/120/seq=0/zor=[MASKED]
+119.942664933s 79 caf.Forwarder:OnIncomingAlert(): [DEBUG] in=257 alert=/alert/emergency/veh/120/seq=0/zor=[MASKED]
+119.942664933s 79 caf.Forwarder:AlertVehicleHandler(): [DEBUG] in=(257,0) alert=/alert/emergency/veh/120/seq=0/zor=[MASKED] decision=forward to vehicles deferred until 3.06169ms
+119.942664933s 79 ndn.AlertConsumer:doReceive(): [INFO ] Received alert: /alert/emergency/veh/120/seq=0/zor=[MASKED]
+119.942664971s 78 caf.Forwarder:OnIncomingAlert(): [DEBUG] in=257 alert=/alert/emergency/veh/120/seq=0/zor=[MASKED]
+119.942664971s 78 caf.Forwarder:AlertVehicleHandler(): [DEBUG] in=(257,0) alert=/alert/emergency/veh/120/seq=0/zor=[MASKED] decision=drop because duplicate alert
+119.942664977s 91 caf.Forwarder:OnIncomingAlert(): [DEBUG] in=257 alert=/alert/emergency/veh/120/seq=0/zor=[MASKED]
+119.942664977s 91 caf.Forwarder:AlertVehicleHandler(): [DEBUG] in=(257,0) alert=/alert/emergency/veh/120/seq=0/zor=[MASKED] decision=forward to vehicles deferred until 1.72091ms
+119.942664977s 91 ndn.AlertConsumer:doReceive(): [INFO ] Received alert: /alert/emergency/veh/120/seq=0/zor=[MASKED]
+119.942664978s 68 caf.Forwarder:OnIncomingAlert(): [DEBUG] in=257 alert=/alert/emergency/veh/120/seq=0/zor=[MASKED]
+119.942664978s 68 caf.Forwarder:AlertVehicleHandler(): [DEBUG] in=(257,0) alert=/alert/emergency/veh/120/seq=0/zor=[MASKED] decision=drop because duplicate alert
+119.942664999s 88 caf.Forwarder:OnIncomingAlert(): [DEBUG] in=257 alert=/alert/emergency/veh/120/seq=0/zor=[MASKED]
+119.942664999s 88 caf.Forwarder:AlertVehicleHandler(): [DEBUG] in=(257,0) alert=/alert/emergency/veh/120/seq=0/zor=[MASKED] decision=forward to vehicles deferred until 1.05776ms
+119.942664999s 88 ndn.AlertConsumer:doReceive(): [INFO ] Received alert: /alert/emergency/veh/120/seq=0/zor=[MASKED]
+119.942665014s 93 caf.Forwarder:OnIncomingAlert(): [DEBUG] in=257 alert=/alert/emergency/veh/120/seq=0/zor=[MASKED]
+119.942665014s 93 caf.Forwarder:AlertVehicleHandler(): [DEBUG] in=(257,0) alert=/alert/emergency/veh/120/seq=0/zor=[MASKED] decision=forward to vehicles deferred until 0.6025ms
+119.942665014s 93 ndn.AlertConsumer:doReceive(): [INFO ] Received alert: /alert/emergency/veh/120/seq=0/zor=[MASKED]
+119.942665026s 98 caf.Forwarder:OnIncomingAlert(): [DEBUG] in=257 alert=/alert/emergency/veh/120/seq=0/zor=[MASKED]
+119.942665026s 98 caf.Forwarder:AlertVehicleHandler(): [DEBUG] in=(257,0) alert=/alert/emergency/veh/120/seq=0/zor=[MASKED] decision=forward to vehicles deferred until 0.247892ms
+119.942665026s 98 ndn.AlertConsumer:doReceive(): [INFO ] Received alert: /alert/emergency/veh/120/seq=0/zor=[MASKED]
+119.942912917s 98 caf.Forwarder:OnOutgoingAlert(): [DEBUG] out=257 alert=/alert/emergency/veh/120/seq=0/zor=[MASKED]
+119.943267513s 93 caf.Forwarder:OnOutgoingAlert(): [DEBUG] out=257 alert=/alert/emergency/veh/120/seq=0/zor=[MASKED]
+119.943577924s 86 caf.Forwarder:OnIncomingAlert(): [DEBUG] in=257 alert=/alert/emergency/veh/120/seq=0/zor=[MASKED]
+119.943577924s 86 caf.Forwarder:AlertVehicleHandler(): [DEBUG] in=(257,0) alert=/alert/emergency/veh/120/seq=0/zor=[MASKED] decision=drop because duplicate alert
+119.943577928s 70 caf.Forwarder:OnIncomingAlert(): [DEBUG] in=257 alert=/alert/emergency/veh/120/seq=0/zor=[MASKED]
+119.943577928s 70 caf.Forwarder:AlertVehicleHandler(): [DEBUG] in=(257,0) alert=/alert/emergency/veh/120/seq=0/zor=[MASKED] decision=drop because duplicate alert
+119.943577941s 85 caf.Forwarder:OnIncomingAlert(): [DEBUG] in=257 alert=/alert/emergency/veh/120/seq=0/zor=[MASKED]
+119.943577941s 85 caf.Forwarder:AlertVehicleHandler(): [DEBUG] in=(257,0) alert=/alert/emergency/veh/120/seq=0/zor=[MASKED] decision=drop because duplicate alert
+119.943577971s 78 caf.Forwarder:OnIncomingAlert(): [DEBUG] in=257 alert=/alert/emergency/veh/120/seq=0/zor=[MASKED]
+119.943577971s 78 caf.Forwarder:AlertVehicleHandler(): [DEBUG] in=(257,0) alert=/alert/emergency/veh/120/seq=0/zor=[MASKED] decision=drop because duplicate alert
+119.943577991s 68 caf.Forwarder:OnIncomingAlert(): [DEBUG] in=257 alert=/alert/emergency/veh/120/seq=0/zor=[MASKED]
+119.943577991s 68 caf.Forwarder:AlertVehicleHandler(): [DEBUG] in=(257,0) alert=/alert/emergency/veh/120/seq=0/zor=[MASKED] decision=drop because duplicate alert
+119.943577994s 77 caf.Forwarder:OnIncomingAlert(): [DEBUG] in=257 alert=/alert/emergency/veh/120/seq=0/zor=[MASKED]
+119.943722757s 88 caf.Forwarder:OnOutgoingAlert(): [DEBUG] out=257 alert=/alert/emergency/veh/120/seq=0/zor=[MASKED]
+119.943786929s 93 caf.Forwarder:OnIncomingAlert(): [DEBUG] in=257 alert=/alert/emergency/veh/120/seq=0/zor=[MASKED]
+119.943786929s 93 caf.Forwarder:AlertVehicleHandler(): [DEBUG] in=(257,0) alert=/alert/emergency/veh/120/seq=0/zor=[MASKED] decision=drop because duplicate alert
+119.943786957s 73 caf.Forwarder:OnIncomingAlert(): [DEBUG] in=257 alert=/alert/emergency/veh/120/seq=0/zor=[MASKED]
+119.943786957s 73 caf.Forwarder:AlertVehicleHandler(): [DEBUG] in=(257,0) alert=/alert/emergency/veh/120/seq=0/zor=[MASKED] decision=forward to vehicles deferred until 3.8511ms
+119.943786957s 73 ndn.AlertConsumer:doReceive(): [INFO ] Received alert: /alert/emergency/veh/120/seq=0/zor=[MASKED]
+119.943787036s 96 caf.Forwarder:OnIncomingAlert(): [DEBUG] in=257 alert=/alert/emergency/veh/120/seq=0/zor=[MASKED]
+119.943787036s 96 caf.Forwarder:AlertVehicleHandler(): [DEBUG] in=(257,0) alert=/alert/emergency/veh/120/seq=0/zor=[MASKED] decision=forward to vehicles deferred until 1.43526ms
+119.943787036s 96 ndn.AlertConsumer:doReceive(): [INFO ] Received alert: /alert/emergency/veh/120/seq=0/zor=[MASKED]
+119.944385887s 91 caf.Forwarder:OnOutgoingAlert(): [DEBUG] out=257 alert=/alert/emergency/veh/120/seq=0/zor=[MASKED]
+119.944517024s 70 caf.Forwarder:OnIncomingAlert(): [DEBUG] in=257 alert=/alert/emergency/veh/120/seq=0/zor=[MASKED]
+119.944517024s 70 caf.Forwarder:AlertVehicleHandler(): [DEBUG] in=(257,0) alert=/alert/emergency/veh/120/seq=0/zor=[MASKED] decision=drop because duplicate alert
+119.944517036s 86 caf.Forwarder:OnIncomingAlert(): [DEBUG] in=257 alert=/alert/emergency/veh/120/seq=0/zor=[MASKED]
+119.944517036s 86 caf.Forwarder:AlertVehicleHandler(): [DEBUG] in=(257,0) alert=/alert/emergency/veh/120/seq=0/zor=[MASKED] decision=drop because duplicate alert
+119.944517038s 89 caf.Forwarder:OnIncomingAlert(): [DEBUG] in=257 alert=/alert/emergency/veh/120/seq=0/zor=[MASKED]
+119.944517038s 89 caf.Forwarder:AlertVehicleHandler(): [DEBUG] in=(257,0) alert=/alert/emergency/veh/120/seq=0/zor=[MASKED] decision=drop because duplicate alert
+119.944517055s 68 caf.Forwarder:OnIncomingAlert(): [DEBUG] in=257 alert=/alert/emergency/veh/120/seq=0/zor=[MASKED]
+119.944517055s 68 caf.Forwarder:AlertVehicleHandler(): [DEBUG] in=(257,0) alert=/alert/emergency/veh/120/seq=0/zor=[MASKED] decision=drop because duplicate alert
+119.944517075s 85 caf.Forwarder:OnIncomingAlert(): [DEBUG] in=257 alert=/alert/emergency/veh/120/seq=0/zor=[MASKED]
+119.944517075s 85 caf.Forwarder:AlertVehicleHandler(): [DEBUG] in=(257,0) alert=/alert/emergency/veh/120/seq=0/zor=[MASKED] decision=drop because duplicate alert
+119.944517108s 84 caf.Forwarder:OnIncomingAlert(): [DEBUG] in=257 alert=/alert/emergency/veh/120/seq=0/zor=[MASKED]
+119.944517108s 84 caf.Forwarder:AlertVehicleHandler(): [DEBUG] in=(257,0) alert=/alert/emergency/veh/120/seq=0/zor=[MASKED] decision=forward to vehicles deferred until 0.900729ms
+119.944517108s 84 ndn.AlertConsumer:doReceive(): [INFO ] Received alert: /alert/emergency/veh/120/seq=0/zor=[MASKED]
+119.944517120s 87 caf.Forwarder:OnIncomingAlert(): [DEBUG] in=257 alert=/alert/emergency/veh/120/seq=0/zor=[MASKED]
+119.944517120s 87 caf.Forwarder:AlertVehicleHandler(): [DEBUG] in=(257,0) alert=/alert/emergency/veh/120/seq=0/zor=[MASKED] decision=forward to vehicles deferred until 0.549468ms
+119.944517120s 87 ndn.AlertConsumer:doReceive(): [INFO ] Received alert: /alert/emergency/veh/120/seq=0/zor=[MASKED]
+119.944596797s 91 caf.Forwarder:OnIncomingAlert(): [DEBUG] in=257 alert=/alert/emergency/veh/120/seq=0/zor=[MASKED]
+119.944596797s 91 caf.Forwarder:AlertVehicleHandler(): [DEBUG] in=(257,0) alert=/alert/emergency/veh/120/seq=0/zor=[MASKED] decision=drop because duplicate alert
+119.944596825s 77 caf.Forwarder:OnIncomingAlert(): [DEBUG] in=257 alert=/alert/emergency/veh/120/seq=0/zor=[MASKED]
+119.944596825s 77 caf.Forwarder:AlertVehicleHandler(): [DEBUG] in= (257,0) alert=/alert/emergency/veh/120/seq=0/zor=[MASKED] timer cancelled because sender farther then node
+119.944596843s 82 caf.Forwarder:OnIncomingAlert(): [DEBUG] in=257 alert=/alert/emergency/veh/120/seq=0/zor=[MASKED]
+119.944596843s 82 caf.Forwarder:AlertVehicleHandler(): [DEBUG] in=(257,0) alert=/alert/emergency/veh/120/seq=0/zor=[MASKED] decision=forward to vehicles deferred until 2.44011ms
+119.944596843s 82 ndn.AlertConsumer:doReceive(): [INFO ] Received alert: /alert/emergency/veh/120/seq=0/zor=[MASKED]
+119.944596851s 81 caf.Forwarder:OnIncomingAlert(): [DEBUG] in=257 alert=/alert/emergency/veh/120/seq=0/zor=[MASKED]
+119.944596851s 81 caf.Forwarder:AlertVehicleHandler(): [DEBUG] in=(257,0) alert=/alert/emergency/veh/120/seq=0/zor=[MASKED] decision=forward to vehicles deferred until 2.21162ms
+119.944596851s 81 ndn.AlertConsumer:doReceive(): [INFO ] Received alert: /alert/emergency/veh/120/seq=0/zor=[MASKED]
+119.944686941s 98 caf.Forwarder:OnIncomingAlert(): [DEBUG] in=257 alert=/alert/emergency/veh/120/seq=0/zor=[MASKED]
+119.944686941s 98 caf.Forwarder:AlertVehicleHandler(): [DEBUG] in=(257,0) alert=/alert/emergency/veh/120/seq=0/zor=[MASKED] decision=drop because duplicate alert
+119.944686980s 73 caf.Forwarder:OnIncomingAlert(): [DEBUG] in=257 alert=/alert/emergency/veh/120/seq=0/zor=[MASKED]
+119.944687054s 96 caf.Forwarder:OnIncomingAlert(): [DEBUG] in=257 alert=/alert/emergency/veh/120/seq=0/zor=[MASKED]
+119.945066588s 87 caf.Forwarder:OnOutgoingAlert(): [DEBUG] out=257 alert=/alert/emergency/veh/120/seq=0/zor=[MASKED]
+119.945222294s 96 caf.Forwarder:OnOutgoingAlert(): [DEBUG] out=257 alert=/alert/emergency/veh/120/seq=0/zor=[MASKED]
+119.945417056s 89 caf.Forwarder:OnIncomingAlert(): [DEBUG] in=257 alert=/alert/emergency/veh/120/seq=0/zor=[MASKED]
+119.945417056s 89 caf.Forwarder:AlertVehicleHandler(): [DEBUG] in=(257,0) alert=/alert/emergency/veh/120/seq=0/zor=[MASKED] decision=drop because duplicate alert
+119.945417073s 70 caf.Forwarder:OnIncomingAlert(): [DEBUG] in=257 alert=/alert/emergency/veh/120/seq=0/zor=[MASKED]
+119.945417073s 70 caf.Forwarder:AlertVehicleHandler(): [DEBUG] in=(257,0) alert=/alert/emergency/veh/120/seq=0/zor=[MASKED] decision=drop because duplicate alert
+119.945417081s 85 caf.Forwarder:OnIncomingAlert(): [DEBUG] in=257 alert=/alert/emergency/veh/120/seq=0/zor=[MASKED]
+119.945417081s 85 caf.Forwarder:AlertVehicleHandler(): [DEBUG] in=(257,0) alert=/alert/emergency/veh/120/seq=0/zor=[MASKED] decision=drop because duplicate alert
+119.945417101s 78 caf.Forwarder:OnIncomingAlert(): [DEBUG] in=257 alert=/alert/emergency/veh/120/seq=0/zor=[MASKED]
+119.945417101s 78 caf.Forwarder:AlertVehicleHandler(): [DEBUG] in=(257,0) alert=/alert/emergency/veh/120/seq=0/zor=[MASKED] decision=drop because duplicate alert
+119.945417139s 68 caf.Forwarder:OnIncomingAlert(): [DEBUG] in=257 alert=/alert/emergency/veh/120/seq=0/zor=[MASKED]
+119.945417139s 68 caf.Forwarder:AlertVehicleHandler(): [DEBUG] in=(257,0) alert=/alert/emergency/veh/120/seq=0/zor=[MASKED] decision=drop because duplicate alert
+119.945417836s 84 caf.Forwarder:OnOutgoingAlert(): [DEBUG] out=257 alert=/alert/emergency/veh/120/seq=0/zor=[MASKED]
+119.945470837s 88 caf.Forwarder:OnIncomingAlert(): [DEBUG] in=257 alert=/alert/emergency/veh/120/seq=0/zor=[MASKED]
+119.945470837s 88 caf.Forwarder:AlertVehicleHandler(): [DEBUG] in=(257,0) alert=/alert/emergency/veh/120/seq=0/zor=[MASKED] decision=drop because duplicate alert
+119.945470841s 79 caf.Forwarder:OnIncomingAlert(): [DEBUG] in=257 alert=/alert/emergency/veh/120/seq=0/zor=[MASKED]
+119.945470841s 79 caf.Forwarder:AlertVehicleHandler(): [DEBUG] in= (257,0) alert=/alert/emergency/veh/120/seq=0/zor=[MASKED] timer cancelled because sender farther then node
+119.945470847s 77 caf.Forwarder:OnIncomingAlert(): [DEBUG] in=257 alert=/alert/emergency/veh/120/seq=0/zor=[MASKED]
+119.945470847s 77 caf.Forwarder:AlertVehicleHandler(): [DEBUG] in=(257,0) alert=/alert/emergency/veh/120/seq=0/zor=[MASKED] decision=drop because duplicate alert
+119.945940658s 72 caf.Forwarder:OnIncomingAlert(): [DEBUG] in=257 alert=/alert/emergency/veh/120/seq=0/zor=[MASKED]
+119.945940658s 72 caf.Forwarder:AlertVehicleHandler(): [DEBUG] in=(257,0) alert=/alert/emergency/veh/120/seq=0/zor=[MASKED] decision=forward to vehicles deferred until 2.93314ms
+119.945940658s 72 ndn.AlertConsumer:doReceive(): [INFO ] Received alert: /alert/emergency/veh/120/seq=0/zor=[MASKED]
+119.946096355s 64 caf.Forwarder:OnIncomingAlert(): [DEBUG] in=257 alert=/alert/emergency/veh/120/seq=0/zor=[MASKED]
+119.946096355s 64 caf.Forwarder:AlertVehicleHandler(): [DEBUG] in=(257,0) alert=/alert/emergency/veh/120/seq=0/zor=[MASKED] decision=forward to vehicles deferred until 3.19404ms
+119.946096355s 64 ndn.AlertConsumer:doReceive(): [INFO ] Received alert: /alert/emergency/veh/120/seq=0/zor=[MASKED]
+119.946096390s 101 caf.Forwarder:OnIncomingAlert(): [DEBUG] in=257 alert=/alert/emergency/veh/120/seq=0/zor=[MASKED]
+119.946096390s 101 caf.Forwarder:AlertVehicleHandler(): [DEBUG] in=(257,0) alert=/alert/emergency/veh/120/seq=0/zor=[MASKED] decision=forward to vehicles deferred until 2.14261ms
+119.946096390s 101 ndn.AlertConsumer:doReceive(): [INFO ] Received alert: /alert/emergency/veh/120/seq=0/zor=[MASKED]
+119.946096454s 106 caf.Forwarder:OnIncomingAlert(): [DEBUG] in=257 alert=/alert/emergency/veh/120/seq=0/zor=[MASKED]
+119.946096454s 106 caf.Forwarder:AlertVehicleHandler(): [DEBUG] in=(257,0) alert=/alert/emergency/veh/120/seq=0/zor=[MASKED] decision=forward to vehicles deferred until 0.2157ms
+119.946096454s 106 ndn.AlertConsumer:doReceive(): [INFO ] Received alert: /alert/emergency/veh/120/seq=0/zor=[MASKED]
+119.946312154s 106 caf.Forwarder:OnOutgoingAlert(): [DEBUG] out=257 alert=/alert/emergency/veh/120/seq=0/zor=[MASKED]
+119.946808466s 81 caf.Forwarder:OnOutgoingAlert(): [DEBUG] out=257 alert=/alert/emergency/veh/120/seq=0/zor=[MASKED]
+119.946892642s 87 caf.Forwarder:OnIncomingAlert(): [DEBUG] in=257 alert=/alert/emergency/veh/120/seq=0/zor=[MASKED]
+119.946892642s 87 caf.Forwarder:AlertVehicleHandler(): [DEBUG] in=(257,0) alert=/alert/emergency/veh/120/seq=0/zor=[MASKED] decision=drop because duplicate alert
+119.946892708s 72 caf.Forwarder:OnIncomingAlert(): [DEBUG] in=257 alert=/alert/emergency/veh/120/seq=0/zor=[MASKED]
+119.946892752s 78 caf.Forwarder:OnIncomingAlert(): [DEBUG] in=257 alert=/alert/emergency/veh/120/seq=0/zor=[MASKED]
+119.946892752s 78 caf.Forwarder:AlertVehicleHandler(): [DEBUG] in=(257,0) alert=/alert/emergency/veh/120/seq=0/zor=[MASKED] decision=drop because duplicate alert
+119.946892784s 86 caf.Forwarder:OnIncomingAlert(): [DEBUG] in=257 alert=/alert/emergency/veh/120/seq=0/zor=[MASKED]
+119.946892784s 86 caf.Forwarder:AlertVehicleHandler(): [DEBUG] in=(257,0) alert=/alert/emergency/veh/120/seq=0/zor=[MASKED] decision=drop because duplicate alert
+119.947036952s 82 caf.Forwarder:OnOutgoingAlert(): [DEBUG] out=257 alert=/alert/emergency/veh/120/seq=0/zor=[MASKED]
+119.947186218s 101 caf.Forwarder:OnIncomingAlert(): [DEBUG] in=257 alert=/alert/emergency/veh/120/seq=0/zor=[MASKED]
+119.947186218s 101 caf.Forwarder:AlertVehicleHandler(): [DEBUG] in= (257,0) alert=/alert/emergency/veh/120/seq=0/zor=[MASKED] timer cancelled because sender farther then node
+119.947186263s 64 caf.Forwarder:OnIncomingAlert(): [DEBUG] in=257 alert=/alert/emergency/veh/120/seq=0/zor=[MASKED]
+119.947186263s 64 caf.Forwarder:AlertVehicleHandler(): [DEBUG] in= (257,0) alert=/alert/emergency/veh/120/seq=0/zor=[MASKED] timer cancelled because sender farther then node
+119.947186314s 96 caf.Forwarder:OnIncomingAlert(): [DEBUG] in=257 alert=/alert/emergency/veh/120/seq=0/zor=[MASKED]
+119.947186314s 96 caf.Forwarder:AlertVehicleHandler(): [DEBUG] in=(257,0) alert=/alert/emergency/veh/120/seq=0/zor=[MASKED] decision=drop because duplicate alert
+119.947638060s 73 caf.Forwarder:OnOutgoingAlert(): [DEBUG] out=257 alert=/alert/emergency/veh/120/seq=0/zor=[MASKED]
+119.947682480s 82 caf.Forwarder:OnIncomingAlert(): [DEBUG] in=257 alert=/alert/emergency/veh/120/seq=0/zor=[MASKED]
+119.947682480s 82 caf.Forwarder:AlertVehicleHandler(): [DEBUG] in=(257,0) alert=/alert/emergency/veh/120/seq=0/zor=[MASKED] decision=drop because duplicate alert
+119.947682512s 90 caf.Forwarder:OnIncomingAlert(): [DEBUG] in=257 alert=/alert/emergency/veh/120/seq=0/zor=[MASKED]
+119.947682512s 90 caf.Forwarder:AlertVehicleHandler(): [DEBUG] in=(257,0) alert=/alert/emergency/veh/120/seq=0/zor=[MASKED] decision=forward to vehicles deferred until 3.67009ms
+119.947682512s 90 ndn.AlertConsumer:doReceive(): [INFO ] Received alert: /alert/emergency/veh/120/seq=0/zor=[MASKED]
+119.947682519s 94 caf.Forwarder:OnIncomingAlert(): [DEBUG] in=257 alert=/alert/emergency/veh/120/seq=0/zor=[MASKED]
+119.947682519s 94 caf.Forwarder:AlertVehicleHandler(): [DEBUG] in=(257,0) alert=/alert/emergency/veh/120/seq=0/zor=[MASKED] decision=forward to vehicles deferred until 3.45742ms
+119.947682519s 94 ndn.AlertConsumer:doReceive(): [INFO ] Received alert: /alert/emergency/veh/120/seq=0/zor=[MASKED]
+119.947682560s 88 caf.Forwarder:OnIncomingAlert(): [DEBUG] in=257 alert=/alert/emergency/veh/120/seq=0/zor=[MASKED]
+119.947682560s 88 caf.Forwarder:AlertVehicleHandler(): [DEBUG] in=(257,0) alert=/alert/emergency/veh/120/seq=0/zor=[MASKED] decision=drop because duplicate alert
+119.947682568s 92 caf.Forwarder:OnIncomingAlert(): [DEBUG] in=257 alert=/alert/emergency/veh/120/seq=0/zor=[MASKED]
+119.947682568s 92 caf.Forwarder:AlertVehicleHandler(): [DEBUG] in=(257,0) alert=/alert/emergency/veh/120/seq=0/zor=[MASKED] decision=forward to vehicles deferred until 1.97723ms
+119.947682568s 92 ndn.AlertConsumer:doReceive(): [INFO ] Received alert: /alert/emergency/veh/120/seq=0/zor=[MASKED]
+119.947682573s 83 caf.Forwarder:OnIncomingAlert(): [DEBUG] in=257 alert=/alert/emergency/veh/120/seq=0/zor=[MASKED]
+119.947682573s 83 caf.Forwarder:AlertVehicleHandler(): [DEBUG] in=(257,0) alert=/alert/emergency/veh/120/seq=0/zor=[MASKED] decision=forward to vehicles deferred until 1.8128ms
+119.947682573s 83 ndn.AlertConsumer:doReceive(): [INFO ] Received alert: /alert/emergency/veh/120/seq=0/zor=[MASKED]
+119.947682599s 91 caf.Forwarder:OnIncomingAlert(): [DEBUG] in=257 alert=/alert/emergency/veh/120/seq=0/zor=[MASKED]
+119.947682599s 91 caf.Forwarder:AlertVehicleHandler(): [DEBUG] in=(257,0) alert=/alert/emergency/veh/120/seq=0/zor=[MASKED] decision=drop because duplicate alert
+119.947682607s 77 caf.Forwarder:OnIncomingAlert(): [DEBUG] in=257 alert=/alert/emergency/veh/120/seq=0/zor=[MASKED]
+119.947682607s 77 caf.Forwarder:AlertVehicleHandler(): [DEBUG] in=(257,0) alert=/alert/emergency/veh/120/seq=0/zor=[MASKED] decision=drop because duplicate alert
+119.947682608s 95 caf.Forwarder:OnIncomingAlert(): [DEBUG] in=257 alert=/alert/emergency/veh/120/seq=0/zor=[MASKED]
+119.947682608s 95 caf.Forwarder:AlertVehicleHandler(): [DEBUG] in=(257,0) alert=/alert/emergency/veh/120/seq=0/zor=[MASKED] decision=forward to vehicles deferred until 0.744326ms
+119.947682608s 95 ndn.AlertConsumer:doReceive(): [INFO ] Received alert: /alert/emergency/veh/120/seq=0/zor=[MASKED]
+119.947682618s 79 caf.Forwarder:OnIncomingAlert(): [DEBUG] in=257 alert=/alert/emergency/veh/120/seq=0/zor=[MASKED]
+119.947682618s 79 caf.Forwarder:AlertVehicleHandler(): [DEBUG] in=(257,0) alert=/alert/emergency/veh/120/seq=0/zor=[MASKED] decision=drop because duplicate alert
+119.947682633s 98 caf.Forwarder:OnIncomingAlert(): [DEBUG] in=257 alert=/alert/emergency/veh/120/seq=0/zor=[MASKED]
+119.947682633s 98 caf.Forwarder:AlertVehicleHandler(): [DEBUG] in=(257,0) alert=/alert/emergency/veh/120/seq=0/zor=[MASKED] decision=drop because duplicate alert
+119.947682634s 93 caf.Forwarder:OnIncomingAlert(): [DEBUG] in=257 alert=/alert/emergency/veh/120/seq=0/zor=[MASKED]
+119.947682634s 93 caf.Forwarder:AlertVehicleHandler(): [DEBUG] in=(257,0) alert=/alert/emergency/veh/120/seq=0/zor=[MASKED] decision=drop because duplicate alert
+119.948426934s 95 caf.Forwarder:OnOutgoingAlert(): [DEBUG] out=257 alert=/alert/emergency/veh/120/seq=0/zor=[MASKED]
+119.948512100s 98 caf.Forwarder:OnIncomingAlert(): [DEBUG] in=257 alert=/alert/emergency/veh/120/seq=0/zor=[MASKED]
+119.948512100s 98 caf.Forwarder:AlertVehicleHandler(): [DEBUG] in=(257,0) alert=/alert/emergency/veh/120/seq=0/zor=[MASKED] decision=drop because duplicate alert
+119.948512111s 93 caf.Forwarder:OnIncomingAlert(): [DEBUG] in=257 alert=/alert/emergency/veh/120/seq=0/zor=[MASKED]
+119.948512111s 93 caf.Forwarder:AlertVehicleHandler(): [DEBUG] in=(257,0) alert=/alert/emergency/veh/120/seq=0/zor=[MASKED] decision=drop because duplicate alert
+119.948512152s 96 caf.Forwarder:OnIncomingAlert(): [DEBUG] in=257 alert=/alert/emergency/veh/120/seq=0/zor=[MASKED]
+119.948512152s 96 caf.Forwarder:AlertVehicleHandler(): [DEBUG] in=(257,0) alert=/alert/emergency/veh/120/seq=0/zor=[MASKED] decision=drop because duplicate alert
+119.948512157s 91 caf.Forwarder:OnIncomingAlert(): [DEBUG] in=257 alert=/alert/emergency/veh/120/seq=0/zor=[MASKED]
+119.948512157s 91 caf.Forwarder:AlertVehicleHandler(): [DEBUG] in=(257,0) alert=/alert/emergency/veh/120/seq=0/zor=[MASKED] decision=drop because duplicate alert
+119.948512196s 79 caf.Forwarder:OnIncomingAlert(): [DEBUG] in=257 alert=/alert/emergency/veh/120/seq=0/zor=[MASKED]
+119.948512196s 79 caf.Forwarder:AlertVehicleHandler(): [DEBUG] in=(257,0) alert=/alert/emergency/veh/120/seq=0/zor=[MASKED] decision=drop because duplicate alert
+119.948512198s 64 caf.Forwarder:OnIncomingAlert(): [DEBUG] in=257 alert=/alert/emergency/veh/120/seq=0/zor=[MASKED]
+119.948512198s 64 caf.Forwarder:AlertVehicleHandler(): [DEBUG] in=(257,0) alert=/alert/emergency/veh/120/seq=0/zor=[MASKED] decision=drop because duplicate alert
+119.948512206s 77 caf.Forwarder:OnIncomingAlert(): [DEBUG] in=257 alert=/alert/emergency/veh/120/seq=0/zor=[MASKED]
+119.948512206s 77 caf.Forwarder:AlertVehicleHandler(): [DEBUG] in=(257,0) alert=/alert/emergency/veh/120/seq=0/zor=[MASKED] decision=drop because duplicate alert
+119.948647494s 81 caf.Forwarder:OnIncomingAlert(): [DEBUG] in=257 alert=/alert/emergency/veh/120/seq=0/zor=[MASKED]
+119.948647494s 81 caf.Forwarder:AlertVehicleHandler(): [DEBUG] in=(257,0) alert=/alert/emergency/veh/120/seq=0/zor=[MASKED] decision=drop because duplicate alert
+119.948647534s 90 caf.Forwarder:OnIncomingAlert(): [DEBUG] in=257 alert=/alert/emergency/veh/120/seq=0/zor=[MASKED]
+119.948647539s 94 caf.Forwarder:OnIncomingAlert(): [DEBUG] in=257 alert=/alert/emergency/veh/120/seq=0/zor=[MASKED]
+119.948647589s 92 caf.Forwarder:OnIncomingAlert(): [DEBUG] in=257 alert=/alert/emergency/veh/120/seq=0/zor=[MASKED]
+119.948647598s 83 caf.Forwarder:OnIncomingAlert(): [DEBUG] in=257 alert=/alert/emergency/veh/120/seq=0/zor=[MASKED]
+119.948647626s 95 caf.Forwarder:OnIncomingAlert(): [DEBUG] in=257 alert=/alert/emergency/veh/120/seq=0/zor=[MASKED]
+119.948647626s 95 caf.Forwarder:AlertVehicleHandler(): [DEBUG] in=(257,0) alert=/alert/emergency/veh/120/seq=0/zor=[MASKED] decision=drop because duplicate alert
+119.948873800s 72 caf.Forwarder:OnOutgoingAlert(): [DEBUG] out=257 alert=/alert/emergency/veh/120/seq=0/zor=[MASKED]
+119.949495371s 83 caf.Forwarder:OnOutgoingAlert(): [DEBUG] out=257 alert=/alert/emergency/veh/120/seq=0/zor=[MASKED]
+119.949586677s 92 caf.Forwarder:OnIncomingAlert(): [DEBUG] in=257 alert=/alert/emergency/veh/120/seq=0/zor=[MASKED]
+119.949586677s 92 caf.Forwarder:AlertVehicleHandler(): [DEBUG] in= (257,0) alert=/alert/emergency/veh/120/seq=0/zor=[MASKED] timer cancelled because sender farther then node
+119.949586680s 100 caf.Forwarder:OnIncomingAlert(): [DEBUG] in=257 alert=/alert/emergency/veh/120/seq=0/zor=[MASKED]
+119.949586680s 100 caf.Forwarder:AlertVehicleHandler(): [DEBUG] in=(257,0) alert=/alert/emergency/veh/120/seq=0/zor=[MASKED] decision=forward to vehicles deferred until 3.41607ms
+119.949586680s 100 ndn.AlertConsumer:doReceive(): [INFO ] Received alert: /alert/emergency/veh/120/seq=0/zor=[MASKED]
+119.949586709s 83 caf.Forwarder:OnIncomingAlert(): [DEBUG] in=257 alert=/alert/emergency/veh/120/seq=0/zor=[MASKED]
+119.949586709s 83 caf.Forwarder:AlertVehicleHandler(): [DEBUG] in=(257,0) alert=/alert/emergency/veh/120/seq=0/zor=[MASKED] decision=drop because duplicate alert
+119.949586716s 94 caf.Forwarder:OnIncomingAlert(): [DEBUG] in=257 alert=/alert/emergency/veh/120/seq=0/zor=[MASKED]
+119.949586716s 94 caf.Forwarder:AlertVehicleHandler(): [DEBUG] in= (257,0) alert=/alert/emergency/veh/120/seq=0/zor=[MASKED] timer cancelled because sender farther then node
+119.949586726s 90 caf.Forwarder:OnIncomingAlert(): [DEBUG] in=257 alert=/alert/emergency/veh/120/seq=0/zor=[MASKED]
+119.949586726s 90 caf.Forwarder:AlertVehicleHandler(): [DEBUG] in= (257,0) alert=/alert/emergency/veh/120/seq=0/zor=[MASKED] timer cancelled because sender farther then node
+119.949586757s 99 caf.Forwarder:OnIncomingAlert(): [DEBUG] in=257 alert=/alert/emergency/veh/120/seq=0/zor=[MASKED]
+119.949586757s 99 caf.Forwarder:AlertVehicleHandler(): [DEBUG] in=(257,0) alert=/alert/emergency/veh/120/seq=0/zor=[MASKED] decision=forward to vehicles deferred until 1.08396ms
+119.949586757s 99 ndn.AlertConsumer:doReceive(): [INFO ] Received alert: /alert/emergency/veh/120/seq=0/zor=[MASKED]
+119.949586768s 81 caf.Forwarder:OnIncomingAlert(): [DEBUG] in=257 alert=/alert/emergency/veh/120/seq=0/zor=[MASKED]
+119.949586768s 81 caf.Forwarder:AlertVehicleHandler(): [DEBUG] in=(257,0) alert=/alert/emergency/veh/120/seq=0/zor=[MASKED] decision=drop because duplicate alert
+119.949586772s 82 caf.Forwarder:OnIncomingAlert(): [DEBUG] in=257 alert=/alert/emergency/veh/120/seq=0/zor=[MASKED]
+119.949586772s 82 caf.Forwarder:AlertVehicleHandler(): [DEBUG] in=(257,0) alert=/alert/emergency/veh/120/seq=0/zor=[MASKED] decision=drop because duplicate alert
+119.949747870s 87 caf.Forwarder:OnIncomingAlert(): [DEBUG] in=257 alert=/alert/emergency/veh/120/seq=0/zor=[MASKED]
+119.949747870s 87 caf.Forwarder:AlertVehicleHandler(): [DEBUG] in=(257,0) alert=/alert/emergency/veh/120/seq=0/zor=[MASKED] decision=drop because duplicate alert
+119.949747893s 84 caf.Forwarder:OnIncomingAlert(): [DEBUG] in=257 alert=/alert/emergency/veh/120/seq=0/zor=[MASKED]
+119.949747893s 84 caf.Forwarder:AlertVehicleHandler(): [DEBUG] in=(257,0) alert=/alert/emergency/veh/120/seq=0/zor=[MASKED] decision=drop because duplicate alert
+119.950590746s 92 caf.Forwarder:OnIncomingAlert(): [DEBUG] in=257 alert=/alert/emergency/veh/120/seq=0/zor=[MASKED]
+119.950590746s 92 caf.Forwarder:AlertVehicleHandler(): [DEBUG] in=(257,0) alert=/alert/emergency/veh/120/seq=0/zor=[MASKED] decision=drop because duplicate alert
+119.950590773s 94 caf.Forwarder:OnIncomingAlert(): [DEBUG] in=257 alert=/alert/emergency/veh/120/seq=0/zor=[MASKED]
+119.950590773s 94 caf.Forwarder:AlertVehicleHandler(): [DEBUG] in=(257,0) alert=/alert/emergency/veh/120/seq=0/zor=[MASKED] decision=drop because duplicate alert
+119.950590774s 90 caf.Forwarder:OnIncomingAlert(): [DEBUG] in=257 alert=/alert/emergency/veh/120/seq=0/zor=[MASKED]
+119.950590774s 90 caf.Forwarder:AlertVehicleHandler(): [DEBUG] in=(257,0) alert=/alert/emergency/veh/120/seq=0/zor=[MASKED] decision=drop because duplicate alert
+119.950590792s 95 caf.Forwarder:OnIncomingAlert(): [DEBUG] in=257 alert=/alert/emergency/veh/120/seq=0/zor=[MASKED]
+119.950590792s 95 caf.Forwarder:AlertVehicleHandler(): [DEBUG] in=(257,0) alert=/alert/emergency/veh/120/seq=0/zor=[MASKED] decision=drop because duplicate alert
+119.950590816s 81 caf.Forwarder:OnIncomingAlert(): [DEBUG] in=257 alert=/alert/emergency/veh/120/seq=0/zor=[MASKED]
+119.950590816s 81 caf.Forwarder:AlertVehicleHandler(): [DEBUG] in=(257,0) alert=/alert/emergency/veh/120/seq=0/zor=[MASKED] decision=drop because duplicate alert
+119.950590827s 82 caf.Forwarder:OnIncomingAlert(): [DEBUG] in=257 alert=/alert/emergency/veh/120/seq=0/zor=[MASKED]
+119.950590827s 82 caf.Forwarder:AlertVehicleHandler(): [DEBUG] in=(257,0) alert=/alert/emergency/veh/120/seq=0/zor=[MASKED] decision=drop because duplicate alert
+119.950590837s 100 caf.Forwarder:OnIncomingAlert(): [DEBUG] in=257 alert=/alert/emergency/veh/120/seq=0/zor=[MASKED]
+119.950590837s 100 caf.Forwarder:AlertVehicleHandler(): [DEBUG] in= (257,0) alert=/alert/emergency/veh/120/seq=0/zor=[MASKED] timer cancelled because sender farther then node
+119.950670721s 99 caf.Forwarder:OnOutgoingAlert(): [DEBUG] out=257 alert=/alert/emergency/veh/120/seq=0/zor=[MASKED]
+119.951544799s 100 caf.Forwarder:OnIncomingAlert(): [DEBUG] in=257 alert=/alert/emergency/veh/120/seq=0/zor=[MASKED]
+119.951544799s 100 caf.Forwarder:AlertVehicleHandler(): [DEBUG] in=(257,0) alert=/alert/emergency/veh/120/seq=0/zor=[MASKED] decision=drop because duplicate alert
+119.951544852s 95 caf.Forwarder:OnIncomingAlert(): [DEBUG] in=257 alert=/alert/emergency/veh/120/seq=0/zor=[MASKED]
+119.951544852s 95 caf.Forwarder:AlertVehicleHandler(): [DEBUG] in=(257,0) alert=/alert/emergency/veh/120/seq=0/zor=[MASKED] decision=drop because duplicate alert
+119.951544886s 103 caf.Forwarder:OnIncomingAlert(): [DEBUG] in=257 alert=/alert/emergency/veh/120/seq=0/zor=[MASKED]
+119.951544886s 103 caf.Forwarder:AlertVehicleHandler(): [DEBUG] in=(257,0) alert=/alert/emergency/veh/120/seq=0/zor=[MASKED] decision=forward to vehicles deferred until 0.046029ms
+119.951544886s 103 ndn.AlertConsumer:doReceive(): [INFO ] Received alert: /alert/emergency/veh/120/seq=0/zor=[MASKED]
+119.951590915s 103 caf.Forwarder:OnOutgoingAlert(): [DEBUG] out=257 alert=/alert/emergency/veh/120/seq=0/zor=[MASKED]
+119.952464943s 104 caf.Forwarder:OnIncomingAlert(): [DEBUG] in=257 alert=/alert/emergency/veh/120/seq=0/zor=[MASKED]
+119.952464943s 104 caf.Forwarder:AlertVehicleHandler(): [DEBUG] in=(257,0) alert=/alert/emergency/veh/120/seq=0/zor=[MASKED] decision=forward to vehicles deferred until 4.21346ms
+119.952464943s 104 ndn.AlertConsumer:doReceive(): [INFO ] Received alert: /alert/emergency/veh/120/seq=0/zor=[MASKED]
+119.952465020s 107 caf.Forwarder:OnIncomingAlert(): [DEBUG] in=257 alert=/alert/emergency/veh/120/seq=0/zor=[MASKED]
+119.952465020s 107 caf.Forwarder:AlertVehicleHandler(): [DEBUG] in=(257,0) alert=/alert/emergency/veh/120/seq=0/zor=[MASKED] decision=forward to vehicles deferred until 1.88773ms
+119.952465020s 107 ndn.AlertConsumer:doReceive(): [INFO ] Received alert: /alert/emergency/veh/120/seq=0/zor=[MASKED]
+119.952465080s 99 caf.Forwarder:OnIncomingAlert(): [DEBUG] in=257 alert=/alert/emergency/veh/120/seq=0/zor=[MASKED]
+119.952465080s 99 caf.Forwarder:AlertVehicleHandler(): [DEBUG] in=(257,0) alert=/alert/emergency/veh/120/seq=0/zor=[MASKED] decision=drop because duplicate alert
+119.954352753s 107 caf.Forwarder:OnOutgoingAlert(): [DEBUG] out=257 alert=/alert/emergency/veh/120/seq=0/zor=[MASKED]
+119.955226831s 104 caf.Forwarder:OnIncomingAlert(): [DEBUG] in=257 alert=/alert/emergency/veh/120/seq=0/zor=[MASKED]
+119.955226831s 104 caf.Forwarder:AlertVehicleHandler(): [DEBUG] in= (257,0) alert=/alert/emergency/veh/120/seq=0/zor=[MASKED] timer cancelled because sender farther then node
+119.955226858s 103 caf.Forwarder:OnIncomingAlert(): [DEBUG] in=257 alert=/alert/emergency/veh/120/seq=0/zor=[MASKED]
+119.955226858s 103 caf.Forwarder:AlertVehicleHandler(): [DEBUG] in=(257,0) alert=/alert/emergency/veh/120/seq=0/zor=[MASKED] decision=drop because duplicate alert
